dataset,model,policy,policy_key,seed,n_stream_rows,n_init_train_rows,scorer,n_alarms,n_adaptations,n_skip,n_nudge,n_rebuild,n_degraded,n_alarms_deferred,n_alarms_coalesced,n_alarms_unserved,n_reference_carried,n_nudge_attempts,n_nudge_successes,n_adaptations_with_placeholders,total_placeholder_rows,initial_placeholder_rows,total_work_units,total_estimators_fitted,total_rows_processed,total_passes,total_wall_clock_s,total_energy_kwh,initial_work_units,final_prequential_accuracy,mean_prequential_accuracy,final_prequential_balanced_accuracy,mean_prequential_balanced_accuracy,model_size_unit,initial_model_size,final_model_size,initial_n_nodes,final_n_nodes,inference_unit,initial_inference_units,final_inference_units,inference_growth,initial_predict_us_per_row,final_predict_us_per_row,run_wall_clock_s,config_json
elec2,xgb,AlwaysRebuild,always_rebuild,0,40781,3624,accuracy,74,74,0,0,74,0,0,0,0,11,0,,0,0,0,3742400,7400,37424,7400,9.059286500003509,5.209806472189831e-05,362400,0.827,0.7420367327922317,0.8366504493574008,0.7332180228413645,rounds,100,100,4628,2056,node_visits,569.399,445.83,0.782983461509416,4.123599999729777,3.2809999975143,14.31197070000053,"{""adwin_delta"": 0.002, ""buffer_size"": 1000, ""chunk_size"": 2000, ""energy_country_iso"": ""USA"", ""eval_block"": 1000, ""floor_drop"": 0.02, ""holdout_frac"": 0.2, ""init_frac"": 0.1, ""init_holdout_frac"": 0.2, ""k"": 3, ""min_buffer"": 100, ""n_ref"": 200, ""probe_rows"": 1000, ""track_energy"": true}"
elec2,xgb,MechanismSelector,mechanism_selector,0,40781,3624,accuracy,71,71,23,5,43,16,1,0,0,10,32,5,0,0,0,2051495,4460,35011,4460,5.933874999995169,3.6822710834004106e-05,362400,0.551,0.7126112650499007,0.5787992495309568,0.7065154278400612,rounds,100,100,4628,952,node_visits,569.399,341.522,0.5997938176919875,3.983300000982126,2.5461000004725065,8.66253350000261,"{""adwin_delta"": 0.002, ""buffer_size"": 1000, ""chunk_size"": 2000, ""energy_country_iso"": ""USA"", ""eval_block"": 1000, ""floor_drop"": 0.02, ""holdout_frac"": 0.2, ""init_frac"": 0.1, ""init_holdout_frac"": 0.2, ""k"": 3, ""min_buffer"": 100, ""n_ref"": 200, ""probe_rows"": 1000, ""track_energy"": true}"
elec2,xgb,FixedSchedule(k=3),fixed_schedule,0,40781,3624,accuracy,52,52,0,35,17,0,1,0,0,4,35,,0,0,0,1032595,1875,27843,1875,3.0089950999754365,2.3068706389217516e-05,362400,0.876,0.7359799906819352,0.8745294502854434,0.729698439819628,rounds,100,105,4628,1305,node_visits,569.399,379.623,0.6667082309593098,3.3557999995537102,2.7484999991429504,5.68942479999896,"{""adwin_delta"": 0.002, ""buffer_size"": 1000, ""chunk_size"": 2000, ""energy_country_iso"": ""USA"", ""eval_block"": 1000, ""floor_drop"": 0.02, ""holdout_frac"": 0.2, ""init_frac"": 0.1, ""init_holdout_frac"": 0.2, ""k"": 3, ""min_buffer"": 100, ""n_ref"": 200, ""probe_rows"": 1000, ""track_energy"": true}"
elec2,xgb,AlwaysNudge,always_nudge,0,40781,3624,accuracy,53,53,0,53,0,0,1,0,0,8,53,,0,0,0,124245,265,24849,265,1.9322681999983615,2.214602500033864e-05,362400,0.79,0.7219783722812094,0.7898767029179103,0.717456888356599,rounds,100,365,4628,10307,node_visits,569.399,1636.587,2.8742358170632545,3.7081000009493437,9.524699999019504,5.348866699998325,"{""adwin_delta"": 0.002, ""buffer_size"": 1000, ""chunk_size"": 2000, ""energy_country_iso"": ""USA"", ""eval_block"": 1000, ""floor_drop"": 0.02, ""holdout_frac"": 0.2, ""init_frac"": 0.1, ""init_holdout_frac"": 0.2, ""k"": 3, ""min_buffer"": 100, ""n_ref"": 200, ""probe_rows"": 1000, ""track_energy"": true}"
elec2,xgb,NeverAdapt,never_adapt,0,40781,3624,accuracy,79,79,79,0,0,0,1,0,0,18,0,,0,0,0,0,0,0,0,0.0,4.75036638889692e-06,362400,0.712,0.7068978200632647,0.6954935699908803,0.6694052678219897,rounds,100,100,4628,4628,node_visits,569.399,569.399,1.0,3.777900001296075,4.1674999993119854,2.4568583000000217,"{""adwin_delta"": 0.002, ""buffer_size"": 1000, ""chunk_size"": 2000, ""energy_country_iso"": ""USA"", ""eval_block"": 1000, ""floor_drop"": 0.02, ""holdout_frac"": 0.2, ""init_frac"": 0.1, ""init_holdout_frac"": 0.2, ""k"": 3, ""min_buffer"": 100, ""n_ref"": 200, ""probe_rows"": 1000, ""track_energy"": true}"
elec2,rf,AlwaysRebuild,always_rebuild,0,40781,3624,accuracy,59,59,0,0,59,0,2,0,0,8,0,,0,0,0,3468000,5900,34680,5900,10.758433899998636,6.38573380562223e-05,362400,0.877,0.7388489737868125,0.8734788739750352,0.7306569238174769,trees,100,100,66150,13782,node_visits,795.968,643.83,0.808864175444239,12.480499997764127,15.766299999086186,15.258721799997147,"{""adwin_delta"": 0.002, ""buffer_size"": 1000, ""chunk_size"": 2000, ""energy_country_iso"": ""USA"", ""eval_block"": 1000, ""floor_drop"": 0.02, ""holdout_frac"": 0.2, ""init_frac"": 0.1, ""init_holdout_frac"": 0.2, ""k"": 3, ""min_buffer"": 100, ""n_ref"": 200, ""probe_rows"": 1000, ""track_energy"": true}"
elec2,rf,MechanismSelector,mechanism_selector,0,40781,3624,accuracy,52,52,16,3,33,11,3,0,0,8,25,3,0,0,0,1737105,3425,30957,3425,6.095627799979411,4.143638861111597e-05,362400,0.52,0.6970893308158211,0.5429571212200345,0.6756311807823855,trees,100,100,66150,1698,node_visits,795.968,409.911,0.5149842707244513,13.056899999355664,11.49269999950775,10.394489400001476,"{""adwin_delta"": 0.002, ""buffer_size"": 1000, ""chunk_size"": 2000, ""energy_country_iso"": ""USA"", ""eval_block"": 1000, ""floor_drop"": 0.02, ""holdout_frac"": 0.2, ""init_frac"": 0.1, ""init_holdout_frac"": 0.2, ""k"": 3, ""min_buffer"": 100, ""n_ref"": 200, ""probe_rows"": 1000, ""track_energy"": true}"
elec2,rf,FixedSchedule(k=3),fixed_schedule,0,40781,3624,accuracy,71,71,0,48,23,0,1,0,0,13,48,,0,0,0,1282310,2540,31502,2540,4.581972899999528,3.793572277777807e-05,362400,0.74,0.7385301978862706,0.7551695184222473,0.7288083057059785,trees,100,100,66150,7216,node_visits,795.968,579.73,0.728333299831149,18.05229999808944,11.700199996994343,9.663229099998716,"{""adwin_delta"": 0.002, ""buffer_size"": 1000, ""chunk_size"": 2000, ""energy_country_iso"": ""USA"", ""eval_block"": 1000, ""floor_drop"": 0.02, ""holdout_frac"": 0.2, ""init_frac"": 0.1, ""init_holdout_frac"": 0.2, ""k"": 3, ""min_buffer"": 100, ""n_ref"": 200, ""probe_rows"": 1000, ""track_energy"": true}"
elec2,rf,AlwaysNudge,always_nudge,0,40781,3624,accuracy,74,74,0,74,0,0,0,0,0,12,74,,0,0,0,148895,370,29779,370,0.7397973000151978,2.142573361144452e-05,362400,0.793,0.7465241166229372,0.7853991989104538,0.7340060816535596,trees,100,100,66150,5410,node_visits,795.968,506.753,0.636649965827772,14.143699998385273,11.797099999967031,6.070246600000246,"{""adwin_delta"": 0.002, ""buffer_size"": 1000, ""chunk_size"": 2000, ""energy_country_iso"": ""USA"", ""eval_block"": 1000, ""floor_drop"": 0.02, ""holdout_frac"": 0.2, ""init_frac"": 0.1, ""init_holdout_frac"": 0.2, ""k"": 3, ""min_buffer"": 100, ""n_ref"": 200, ""probe_rows"": 1000, ""track_energy"": true}"
elec2,rf,NeverAdapt,never_adapt,0,40781,3624,accuracy,79,79,79,0,0,0,1,0,0,19,0,,0,0,0,0,0,0,0,0.0,1.283702722189095e-05,362400,0.715,0.7114832887864446,0.6963191662883521,0.6704092680526967,trees,100,100,66150,66150,node_visits,795.968,795.968,1.0,15.48440000260598,13.790899996820372,4.25257480000073,"{""adwin_delta"": 0.002, ""buffer_size"": 1000, ""chunk_size"": 2000, ""energy_country_iso"": ""USA"", ""eval_block"": 1000, ""floor_drop"": 0.02, ""holdout_frac"": 0.2, ""init_frac"": 0.1, ""init_holdout_frac"": 0.2, ""k"": 3, ""min_buffer"": 100, ""n_ref"": 200, ""probe_rows"": 1000, ""track_energy"": true}"
elec2,sgd,AlwaysRebuild,always_rebuild,0,40781,3624,accuracy,61,61,0,0,61,0,3,0,0,7,0,,0,0,0,2279084,0,36696,3421,0.28324380001504323,2.5912519447907953e-06,235560,0.582,0.6619258968637356,0.5756635906006564,0.6469537347064525,params,9,9,,,params_read,9.0,9.0,1.0,0.17660000230534934,0.4903999979433138,2.048381699998572,"{""adwin_delta"": 0.002, ""buffer_size"": 1000, ""chunk_size"": 2000, ""energy_country_iso"": ""USA"", ""eval_block"": 1000, ""floor_drop"": 0.02, ""holdout_frac"": 0.2, ""init_frac"": 0.1, ""init_holdout_frac"": 0.2, ""k"": 3, ""min_buffer"": 100, ""n_ref"": 200, ""probe_rows"": 1000, ""track_energy"": true}"
elec2,sgd,MechanismSelector,mechanism_selector,0,40781,3624,accuracy,52,52,15,11,26,8,1,0,0,5,29,11,0,0,0,759753,0,27789,1284,0.13885419999132864,1.8541061107835183e-06,235560,0.549,0.6239915646992472,0.5546500556423781,0.6136845213022208,params,9,9,,,params_read,9.0,9.0,1.0,0.16880000111996196,0.1998999978241045,1.8550106000002415,"{""adwin_delta"": 0.002, ""buffer_size"": 1000, ""chunk_size"": 2000, ""energy_country_iso"": ""USA"", ""eval_block"": 1000, ""floor_drop"": 0.02, ""holdout_frac"": 0.2, ""init_frac"": 0.1, ""init_holdout_frac"": 0.2, ""k"": 3, ""min_buffer"": 100, ""n_ref"": 200, ""probe_rows"": 1000, ""track_energy"": true}"
elec2,sgd,FixedSchedule(k=3),fixed_schedule,0,40781,3624,accuracy,55,55,0,37,18,0,0,0,0,8,37,,0,0,0,580910,0,26918,1060,0.10987989999557612,1.575468889224995e-06,235560,0.676,0.6265417719035825,0.6641088581862593,0.6192845274137937,params,9,9,,,params_read,9.0,9.0,1.0,0.5636000023514498,0.3853999987768475,1.8100808000017423,"{""adwin_delta"": 0.002, ""buffer_size"": 1000, ""chunk_size"": 2000, ""energy_country_iso"": ""USA"", ""eval_block"": 1000, ""floor_drop"": 0.02, ""holdout_frac"": 0.2, ""init_frac"": 0.1, ""init_holdout_frac"": 0.2, ""k"": 3, ""min_buffer"": 100, ""n_ref"": 200, ""probe_rows"": 1000, ""track_energy"": true}"
elec2,sgd,AlwaysNudge,always_nudge,0,40781,3624,accuracy,64,64,0,64,0,0,2,0,0,10,64,,0,0,0,26580,0,26580,64,0.06438369999887072,1.4746013892257653e-06,235560,0.728,0.6944655599421299,0.7179272912808192,0.6840614260225069,params,9,9,,,params_read,9.0,9.0,1.0,0.17040000238921493,0.16700000196578912,1.8165671999995538,"{""adwin_delta"": 0.002, ""buffer_size"": 1000, ""chunk_size"": 2000, ""energy_country_iso"": ""USA"", ""eval_block"": 1000, ""floor_drop"": 0.02, ""holdout_frac"": 0.2, ""init_frac"": 0.1, ""init_holdout_frac"": 0.2, ""k"": 3, ""min_buffer"": 100, ""n_ref"": 200, ""probe_rows"": 1000, ""track_energy"": true}"
elec2,sgd,NeverAdapt,never_adapt,0,40781,3624,accuracy,81,81,81,0,0,0,0,0,0,22,0,,0,0,0,0,0,0,0,0.0,1.055066111108644e-06,235560,0.625,0.6541036266888992,0.5985010706638115,0.5975892093108534,params,9,9,,,params_read,9.0,9.0,1.0,0.16700000196578912,0.22910000188858248,1.6987200000003213,"{""adwin_delta"": 0.002, ""buffer_size"": 1000, ""chunk_size"": 2000, ""energy_country_iso"": ""USA"", ""eval_block"": 1000, ""floor_drop"": 0.02, ""holdout_frac"": 0.2, ""init_frac"": 0.1, ""init_holdout_frac"": 0.2, ""k"": 3, ""min_buffer"": 100, ""n_ref"": 200, ""probe_rows"": 1000, ""track_energy"": true}"
elec2,gnb,AlwaysRebuild,always_rebuild,0,40781,3624,accuracy,77,77,0,0,77,0,1,0,0,7,0,,0,0,0,36948,0,36948,77,0.08001479999438743,1.691549722231686e-06,3624,0.741,0.6810524508962507,0.7433801639943594,0.6678119859634271,params,34,34,,,params_read,34.0,34.0,1.0,0.3715999991982244,0.2702999991015531,1.838512599999376,"{""adwin_delta"": 0.002, ""buffer_size"": 1000, ""chunk_size"": 2000, ""energy_country_iso"": ""USA"", ""eval_block"": 1000, ""floor_drop"": 0.02, ""holdout_frac"": 0.2, ""init_frac"": 0.1, ""init_holdout_frac"": 0.2, ""k"": 3, ""min_buffer"": 100, ""n_ref"": 200, ""probe_rows"": 1000, ""track_energy"": true}"
elec2,gnb,MechanismSelector,mechanism_selector,0,40781,3624,accuracy,66,66,13,13,40,14,0,0,0,10,39,13,0,0,0,36049,0,36049,79,0.06975599999350379,1.5486966670045862e-06,3624,0.683,0.672690713812805,0.6875128057819864,0.6495440700401959,params,34,34,,,params_read,34.0,34.0,1.0,0.2767000005405862,0.8804999997664709,1.8447903000014776,"{""adwin_delta"": 0.002, ""buffer_size"": 1000, ""chunk_size"": 2000, ""energy_country_iso"": ""USA"", ""eval_block"": 1000, ""floor_drop"": 0.02, ""holdout_frac"": 0.2, ""init_frac"": 0.1, ""init_holdout_frac"": 0.2, ""k"": 3, ""min_buffer"": 100, ""n_ref"": 200, ""probe_rows"": 1000, ""track_energy"": true}"
elec2,gnb,FixedSchedule(k=3),fixed_schedule,0,40781,3624,accuracy,81,81,0,54,27,0,1,0,0,15,54,,0,0,0,33970,0,33970,81,0.07857229999717674,1.7069566663308452e-06,3624,0.638,0.6892915818641033,0.6460943871504272,0.6751341647430442,params,34,34,,,params_read,34.0,34.0,1.0,0.2525000018067658,0.256800001807278,1.8473025999992387,"{""adwin_delta"": 0.002, ""buffer_size"": 1000, ""chunk_size"": 2000, ""energy_country_iso"": ""USA"", ""eval_block"": 1000, ""floor_drop"": 0.02, ""holdout_frac"": 0.2, ""init_frac"": 0.1, ""init_holdout_frac"": 0.2, ""k"": 3, ""min_buffer"": 100, ""n_ref"": 200, ""probe_rows"": 1000, ""track_energy"": true}"
elec2,gnb,AlwaysNudge,always_nudge,0,40781,3624,accuracy,73,73,0,73,0,0,0,0,0,11,73,,0,0,0,31274,0,31274,73,0.07418389997837949,1.9700641670071398e-06,3624,0.763,0.7051077707756063,0.7518209319797036,0.6799821366687192,params,34,34,,,params_read,34.0,34.0,1.0,0.4775000015797559,0.28649999876506627,1.8855896999994002,"{""adwin_delta"": 0.002, ""buffer_size"": 1000, ""chunk_size"": 2000, ""energy_country_iso"": ""USA"", ""eval_block"": 1000, ""floor_drop"": 0.02, ""holdout_frac"": 0.2, ""init_frac"": 0.1, ""init_holdout_frac"": 0.2, ""k"": 3, ""min_buffer"": 100, ""n_ref"": 200, ""probe_rows"": 1000, ""track_energy"": true}"
elec2,gnb,NeverAdapt,never_adapt,0,40781,3624,accuracy,64,64,64,0,0,0,1,0,0,11,0,,0,0,0,0,0,0,0,0.0,8.445499999954949e-07,3624,0.467,0.4804933670091464,0.5,0.5380421220500731,params,34,34,,,params_read,34.0,34.0,1.0,0.2626000023155939,0.26310000248486176,1.6484951000020374,"{""adwin_delta"": 0.002, ""buffer_size"": 1000, ""chunk_size"": 2000, ""energy_country_iso"": ""USA"", ""eval_block"": 1000, ""floor_drop"": 0.02, ""holdout_frac"": 0.2, ""init_frac"": 0.1, ""init_holdout_frac"": 0.2, ""k"": 3, ""min_buffer"": 100, ""n_ref"": 200, ""probe_rows"": 1000, ""track_energy"": true}"
insects_abrupt,xgb,AlwaysRebuild,always_rebuild,0,47564,4227,balanced_accuracy,9,9,0,0,9,0,0,0,0,0,0,,0,0,0,900000,900,9000,900,9.842903999993723,7.151898305588801e-05,422700,0.39,0.5604448742746615,0.4344803614876607,0.5608586746253009,rounds,100,100,29416,11532,node_visits,3673.036,2357.422,0.6418183758612767,17.52399999895715,12.543400000140537,15.347635599999194,"{""adwin_delta"": 0.002, ""buffer_size"": 1000, ""chunk_size"": 2000, ""energy_country_iso"": ""USA"", ""eval_block"": 1000, ""floor_drop"": 0.02, ""holdout_frac"": 0.2, ""init_frac"": 0.1, ""init_holdout_frac"": 0.2, ""k"": 3, ""min_buffer"": 100, ""n_ref"": 200, ""probe_rows"": 1000, ""track_energy"": true}"
insects_abrupt,xgb,MechanismSelector,mechanism_selector,0,47564,4227,balanced_accuracy,11,11,5,1,5,0,0,0,0,0,6,1,4,15,0,476575,530,8979,530,4.743384300003527,4.359504638955624e-05,422700,0.45,0.45650071482633925,0.35811283454987836,0.4539220111710304,rounds,100,105,29416,3502,node_visits,3673.036,1294.357,0.35239431358690737,18.09750000029453,9.104000000661472,10.29272470000069,"{""adwin_delta"": 0.002, ""buffer_size"": 1000, ""chunk_size"": 2000, ""energy_country_iso"": ""USA"", ""eval_block"": 1000, ""floor_drop"": 0.02, ""holdout_frac"": 0.2, ""init_frac"": 0.1, ""init_holdout_frac"": 0.2, ""k"": 3, ""min_buffer"": 100, ""n_ref"": 200, ""probe_rows"": 1000, ""track_energy"": true}"
insects_abrupt,xgb,FixedSchedule(k=3),fixed_schedule,0,47564,4227,balanced_accuracy,11,11,0,8,3,0,0,0,0,0,8,,3,10,0,325405,340,8841,340,5.275729800006957,4.700126194510521e-05,422700,0.489,0.4942603649819191,0.5841599322210635,0.49527412446460356,rounds,100,110,29416,15468,node_visits,3673.036,2874.613,0.7826258713500222,18.179299997427734,15.065699997649062,11.170575400003145,"{""adwin_delta"": 0.002, ""buffer_size"": 1000, ""chunk_size"": 2000, ""energy_country_iso"": ""USA"", ""eval_block"": 1000, ""floor_drop"": 0.02, ""holdout_frac"": 0.2, ""init_frac"": 0.1, ""init_holdout_frac"": 0.2, ""k"": 3, ""min_buffer"": 100, ""n_ref"": 200, ""probe_rows"": 1000, ""track_energy"": true}"
insects_abrupt,xgb,AlwaysNudge,always_nudge,0,47564,4227,balanced_accuracy,10,10,0,10,0,0,0,0,0,0,10,,2,3,0,40000,50,8000,50,2.157172700000956,3.7717322777774145e-05,422700,0.226,0.501219409637541,0.5375825512686826,0.5031137949391248,rounds,100,150,29416,40844,node_visits,3673.036,5286.679,1.4393213134856289,18.33239999905345,18.238500000734348,8.85228090000237,"{""adwin_delta"": 0.002, ""buffer_size"": 1000, ""chunk_size"": 2000, ""energy_country_iso"": ""USA"", ""eval_block"": 1000, ""floor_drop"": 0.02, ""holdout_frac"": 0.2, ""init_frac"": 0.1, ""init_holdout_frac"": 0.2, ""k"": 3, ""min_buffer"": 100, ""n_ref"": 200, ""probe_rows"": 1000, ""track_energy"": true}"
insects_abrupt,xgb,NeverAdapt,never_adapt,0,47564,4227,balanced_accuracy,9,9,9,0,0,0,0,0,0,0,0,,0,0,0,0,0,0,0,0.0,2.0925888055877855e-05,422700,0.276,0.5618324783449667,0.6358500608272507,0.5689607474919983,rounds,100,100,29416,29416,node_visits,3673.036,3673.036,1.0,18.009399998845765,18.875900001148693,5.838422500000888,"{""adwin_delta"": 0.002, ""buffer_size"": 1000, ""chunk_size"": 2000, ""energy_country_iso"": ""USA"", ""eval_block"": 1000, ""floor_drop"": 0.02, ""holdout_frac"": 0.2, ""init_frac"": 0.1, ""init_holdout_frac"": 0.2, ""k"": 3, ""min_buffer"": 100, ""n_ref"": 200, ""probe_rows"": 1000, ""track_energy"": true}"
insects_abrupt,rf,AlwaysRebuild,always_rebuild,0,47564,4227,balanced_accuracy,10,10,0,0,10,0,0,0,0,0,0,,2,3,0,986400,1000,9864,1000,4.220383799987758,3.5863166943776666e-05,422700,0.273,0.5696535194685056,0.5554549009384775,0.5708400955606064,trees,100,100,122898,22084,node_visits,1307.418,1010.821,0.7731429428078855,20.22949999809498,18.191399998613633,8.885942299999442,"{""adwin_delta"": 0.002, ""buffer_size"": 1000, ""chunk_size"": 2000, ""energy_country_iso"": ""USA"", ""eval_block"": 1000, ""floor_drop"": 0.02, ""holdout_frac"": 0.2, ""init_frac"": 0.1, ""init_holdout_frac"": 0.2, ""k"": 3, ""min_buffer"": 100, ""n_ref"": 200, ""probe_rows"": 1000, ""track_energy"": true}"
insects_abrupt,rf,MechanismSelector,mechanism_selector,0,47564,4227,balanced_accuracy,10,10,2,0,8,1,0,0,0,1,7,0,4,15,0,740800,835,12728,835,3.3320635999989463,3.0818976667008277e-05,422700,0.365,0.48862585148431587,0.46356773548835595,0.4871714719878207,trees,100,100,122898,32218,node_visits,1307.418,1010.041,0.7725463470749219,22.52049999879091,17.526100000395672,8.091660300000513,"{""adwin_delta"": 0.002, ""buffer_size"": 1000, ""chunk_size"": 2000, ""energy_country_iso"": ""USA"", ""eval_block"": 1000, ""floor_drop"": 0.02, ""holdout_frac"": 0.2, ""init_frac"": 0.1, ""init_holdout_frac"": 0.2, ""k"": 3, ""min_buffer"": 100, ""n_ref"": 200, ""probe_rows"": 1000, ""track_energy"": true}"
insects_abrupt,rf,FixedSchedule(k=3),fixed_schedule,0,47564,4227,balanced_accuracy,9,9,0,6,3,0,0,0,0,1,6,,2,6,0,236800,330,6928,330,1.042438199998287,1.947416666632836e-05,422700,0.365,0.39979816668068285,0.46356773548835595,0.3983950886365979,trees,100,100,122898,32218,node_visits,1307.418,1010.041,0.7725463470749219,24.35739999782527,18.164500001148554,5.64034779999929,"{""adwin_delta"": 0.002, ""buffer_size"": 1000, ""chunk_size"": 2000, ""energy_country_iso"": ""USA"", ""eval_block"": 1000, ""floor_drop"": 0.02, ""holdout_frac"": 0.2, ""init_frac"": 0.1, ""init_holdout_frac"": 0.2, ""k"": 3, ""min_buffer"": 100, ""n_ref"": 200, ""probe_rows"": 1000, ""track_energy"": true}"
insects_abrupt,rf,AlwaysNudge,always_nudge,0,47564,4227,balanced_accuracy,8,8,0,8,0,0,0,0,0,0,8,,4,13,0,30045,40,6009,40,0.15531460000420338,1.6967083888562785e-05,422700,0.239,0.5553990412917332,0.6327750260688216,0.5631407576107854,trees,100,100,122898,81142,node_visits,1307.418,1073.278,0.8209141988254713,21.994499998982064,20.131099998252466,5.135130000002391,"{""adwin_delta"": 0.002, ""buffer_size"": 1000, ""chunk_size"": 2000, ""energy_country_iso"": ""USA"", ""eval_block"": 1000, ""floor_drop"": 0.02, ""holdout_frac"": 0.2, ""init_frac"": 0.1, ""init_holdout_frac"": 0.2, ""k"": 3, ""min_buffer"": 100, ""n_ref"": 200, ""probe_rows"": 1000, ""track_energy"": true}"
insects_abrupt,rf,NeverAdapt,never_adapt,0,47564,4227,balanced_accuracy,9,9,9,0,0,0,0,0,0,0,0,,0,0,0,0,0,0,0,0.0,1.5182057499330736e-05,422700,0.223,0.5569127911866117,0.6585179874869657,0.5648869061435934,trees,100,100,122898,122898,node_visits,1307.418,1307.418,1.0,21.606500002235407,21.9251999988046,4.7922598000004655,"{""adwin_delta"": 0.002, ""buffer_size"": 1000, ""chunk_size"": 2000, ""energy_country_iso"": ""USA"", ""eval_block"": 1000, ""floor_drop"": 0.02, ""holdout_frac"": 0.2, ""init_frac"": 0.1, ""init_holdout_frac"": 0.2, ""k"": 3, ""min_buffer"": 100, ""n_ref"": 200, ""probe_rows"": 1000, ""track_energy"": true}"
insects_abrupt,sgd,AlwaysRebuild,always_rebuild,0,47564,4227,balanced_accuracy,10,10,0,0,10,0,0,0,0,0,0,,1,2,0,1915448,0,9544,1946,0.632579800003441,5.517601945121343e-06,942621,0.071,0.2156252628038012,0.10493243830378866,0.21217767069547352,params,204,204,,,params_read,204.0,204.0,1.0,0.23739999960525893,0.29320000248844735,2.6905194999999367,"{""adwin_delta"": 0.002, ""buffer_size"": 1000, ""chunk_size"": 2000, ""energy_country_iso"": ""USA"", ""eval_block"": 1000, ""floor_drop"": 0.02, ""holdout_frac"": 0.2, ""init_frac"": 0.1, ""init_holdout_frac"": 0.2, ""k"": 3, ""min_buffer"": 100, ""n_ref"": 200, ""probe_rows"": 1000, ""track_energy"": true}"
insects_abrupt,sgd,MechanismSelector,mechanism_selector,0,47564,4227,balanced_accuracy,11,11,7,1,3,1,1,0,0,1,3,1,0,0,0,161355,0,3679,242,0.0902659999919706,3.2136602777758043e-06,942621,0.822,0.19598856277857202,0.25,0.19229169790754533,params,204,204,,,params_read,204.0,204.0,1.0,0.2860999993572477,0.7612999979755841,2.1598546000022907,"{""adwin_delta"": 0.002, ""buffer_size"": 1000, ""chunk_size"": 2000, ""energy_country_iso"": ""USA"", ""eval_block"": 1000, ""floor_drop"": 0.02, ""holdout_frac"": 0.2, ""init_frac"": 0.1, ""init_holdout_frac"": 0.2, ""k"": 3, ""min_buffer"": 100, ""n_ref"": 200, ""probe_rows"": 1000, ""track_energy"": true}"
insects_abrupt,sgd,FixedSchedule(k=3),fixed_schedule,0,47564,4227,balanced_accuracy,9,9,0,6,3,0,0,0,0,0,6,,2,4,0,2117800,0,7800,2119,0.5039052999927662,5.1197833336655156e-06,942621,0.413,0.223130939365907,0.37315997566909975,0.22273477258467103,params,204,204,,,params_read,204.0,204.0,1.0,0.4031999997096136,0.25240000104531646,2.571012000000337,"{""adwin_delta"": 0.002, ""buffer_size"": 1000, ""chunk_size"": 2000, ""energy_country_iso"": ""USA"", ""eval_block"": 1000, ""floor_drop"": 0.02, ""holdout_frac"": 0.2, ""init_frac"": 0.1, ""init_holdout_frac"": 0.2, ""k"": 3, ""min_buffer"": 100, ""n_ref"": 200, ""probe_rows"": 1000, ""track_energy"": true}"
insects_abrupt,sgd,AlwaysNudge,always_nudge,0,47564,4227,balanced_accuracy,10,10,0,10,0,0,0,0,0,0,10,,0,0,0,7584,0,7584,10,0.0411770999962755,2.93383972222423e-06,942621,0.089,0.21160962072155412,0.3648809523809524,0.21186614642458665,params,204,204,,,params_read,204.0,204.0,1.0,0.2319999985047616,0.24760000087553635,2.10065300000133,"{""adwin_delta"": 0.002, ""buffer_size"": 1000, ""chunk_size"": 2000, ""energy_country_iso"": ""USA"", ""eval_block"": 1000, ""floor_drop"": 0.02, ""holdout_frac"": 0.2, ""init_frac"": 0.1, ""init_holdout_frac"": 0.2, ""k"": 3, ""min_buffer"": 100, ""n_ref"": 200, ""probe_rows"": 1000, ""track_energy"": true}"
insects_abrupt,sgd,NeverAdapt,never_adapt,0,47564,4227,balanced_accuracy,11,11,11,0,0,0,0,0,0,0,0,,0,0,0,0,0,0,0,0.0,2.677820000008301e-06,942621,0.074,0.19605163569085862,0.3046130952380952,0.19989601189044645,params,204,204,,,params_read,204.0,204.0,1.0,0.29769999673590064,0.2356000004510861,2.0497808000000077,"{""adwin_delta"": 0.002, ""buffer_size"": 1000, ""chunk_size"": 2000, ""energy_country_iso"": ""USA"", ""eval_block"": 1000, ""floor_drop"": 0.02, ""holdout_frac"": 0.2, ""init_frac"": 0.1, ""init_holdout_frac"": 0.2, ""k"": 3, ""min_buffer"": 100, ""n_ref"": 200, ""probe_rows"": 1000, ""track_energy"": true}"
insects_abrupt,gnb,AlwaysRebuild,always_rebuild,0,47564,4227,balanced_accuracy,10,10,0,0,10,0,0,0,0,0,0,,3,4,0,9384,0,9384,10,0.016299099999741884,8.952647215564943e-07,4227,0.299,0.5725548734336894,0.7058361574556831,0.5733682680547112,params,402,402,,,params_read,402.0,402.0,1.0,0.9528000009595416,1.1021999998774845,1.6688045999981114,"{""adwin_delta"": 0.002, ""buffer_size"": 1000, ""chunk_size"": 2000, ""energy_country_iso"": ""USA"", ""eval_block"": 1000, ""floor_drop"": 0.02, ""holdout_frac"": 0.2, ""init_frac"": 0.1, ""init_holdout_frac"": 0.2, ""k"": 3, ""min_buffer"": 100, ""n_ref"": 200, ""probe_rows"": 1000, ""track_energy"": true}"
insects_abrupt,gnb,MechanismSelector,mechanism_selector,0,47564,4227,balanced_accuracy,11,11,8,1,2,1,0,0,0,1,2,1,1,1,0,2728,0,2728,4,0.007755499995255377,8.401544444412051e-07,4227,0.233,0.4051803885291397,0.49015250260688215,0.4023382415452221,params,402,402,,,params_read,402.0,402.0,1.0,0.8322000030602794,0.9836000026552938,1.6677826000013738,"{""adwin_delta"": 0.002, ""buffer_size"": 1000, ""chunk_size"": 2000, ""energy_country_iso"": ""USA"", ""eval_block"": 1000, ""floor_drop"": 0.02, ""holdout_frac"": 0.2, ""init_frac"": 0.1, ""init_holdout_frac"": 0.2, ""k"": 3, ""min_buffer"": 100, ""n_ref"": 200, ""probe_rows"": 1000, ""track_energy"": true}"
insects_abrupt,gnb,FixedSchedule(k=3),fixed_schedule,0,47564,4227,balanced_accuracy,11,11,0,8,3,0,0,0,0,0,8,,0,0,0,9086,0,9086,11,0.016528200005268445,1.1116502777808242e-06,4227,0.21,0.41750063072912286,0.6685132082029892,0.4161156070580471,params,402,402,,,params_read,402.0,402.0,1.0,1.261600002180785,0.9647000006225426,1.6907860999999684,"{""adwin_delta"": 0.002, ""buffer_size"": 1000, ""chunk_size"": 2000, ""energy_country_iso"": ""USA"", ""eval_block"": 1000, ""floor_drop"": 0.02, ""holdout_frac"": 0.2, ""init_frac"": 0.1, ""init_holdout_frac"": 0.2, ""k"": 3, ""min_buffer"": 100, ""n_ref"": 200, ""probe_rows"": 1000, ""track_energy"": true}"
insects_abrupt,gnb,AlwaysNudge,always_nudge,0,47564,4227,balanced_accuracy,7,7,0,7,0,0,0,0,0,0,7,,0,0,0,5600,0,5600,7,0.00938030000179424,8.626261107720106e-07,4227,0.661,0.4888571188293667,0.6478775634341327,0.48718297247645137,params,402,402,,,params_read,402.0,402.0,1.0,0.9188000003632624,0.9724999981699511,1.6573612000029243,"{""adwin_delta"": 0.002, ""buffer_size"": 1000, ""chunk_size"": 2000, ""energy_country_iso"": ""USA"", ""eval_block"": 1000, ""floor_drop"": 0.02, ""holdout_frac"": 0.2, ""init_frac"": 0.1, ""init_holdout_frac"": 0.2, ""k"": 3, ""min_buffer"": 100, ""n_ref"": 200, ""probe_rows"": 1000, ""track_energy"": true}"
insects_abrupt,gnb,NeverAdapt,never_adapt,0,47564,4227,balanced_accuracy,8,8,8,0,0,0,0,0,0,0,0,,0,0,0,0,0,0,0,0.0,7.491252777710046e-07,4227,0.701,0.4918425700109326,0.6579531630170317,0.49116669023416265,params,402,402,,,params_read,402.0,402.0,1.0,0.9219999992637895,0.9577999990142416,1.6457597999979043,"{""adwin_delta"": 0.002, ""buffer_size"": 1000, ""chunk_size"": 2000, ""energy_country_iso"": ""USA"", ""eval_block"": 1000, ""floor_drop"": 0.02, ""holdout_frac"": 0.2, ""init_frac"": 0.1, ""init_holdout_frac"": 0.2, ""k"": 3, ""min_buffer"": 100, ""n_ref"": 200, ""probe_rows"": 1000, ""track_energy"": true}"
insects_gradual,xgb,AlwaysRebuild,always_rebuild,0,21735,1932,balanced_accuracy,7,7,0,0,7,0,0,0,0,1,0,,5,11,1,588800,700,5888,700,4.9977264999943145,3.2014566665998585e-05,193200,0.608,0.5131354957441914,0.5353198653198653,0.5092618247809012,rounds,100,100,8232,6928,node_visits,1833.129,1732.201,0.9449422271973222,12.568400001327973,10.715200001868652,8.10787590000109,"{""adwin_delta"": 0.002, ""buffer_size"": 1000, ""chunk_size"": 2000, ""energy_country_iso"": ""USA"", ""eval_block"": 1000, ""floor_drop"": 0.02, ""holdout_frac"": 0.2, ""init_frac"": 0.1, ""init_holdout_frac"": 0.2, ""k"": 3, ""min_buffer"": 100, ""n_ref"": 200, ""probe_rows"": 1000, ""track_energy"": true}"
insects_gradual,xgb,MechanismSelector,mechanism_selector,0,21735,1932,balanced_accuracy,5,5,0,1,4,0,0,0,0,0,5,1,3,13,1,405855,425,7755,425,4.3357883999960904,3.342919777810911e-05,193200,0.521,0.3899240855762595,0.2540978411566647,0.3967950636678477,rounds,100,100,8232,13408,node_visits,1833.129,2566.164,1.399881841376139,11.024599996744655,13.347899999644142,7.616294100000232,"{""adwin_delta"": 0.002, ""buffer_size"": 1000, ""chunk_size"": 2000, ""energy_country_iso"": ""USA"", ""eval_block"": 1000, ""floor_drop"": 0.02, ""holdout_frac"": 0.2, ""init_frac"": 0.1, ""init_holdout_frac"": 0.2, ""k"": 3, ""min_buffer"": 100, ""n_ref"": 200, ""probe_rows"": 1000, ""track_energy"": true}"
insects_gradual,xgb,FixedSchedule(k=3),fixed_schedule,0,21735,1932,balanced_accuracy,7,7,0,5,2,0,0,0,0,0,5,,5,13,1,216350,225,5270,225,2.3342864000005648,2.033272500065306e-05,193200,0.393,0.4339084426040948,0.4698039215686274,0.43522763811490917,rounds,100,105,8232,15346,node_visits,1833.129,2889.309,1.5761623977363297,11.685999998007901,15.737899997475324,5.5825597000002745,"{""adwin_delta"": 0.002, ""buffer_size"": 1000, ""chunk_size"": 2000, ""energy_country_iso"": ""USA"", ""eval_block"": 1000, ""floor_drop"": 0.02, ""holdout_frac"": 0.2, ""init_frac"": 0.1, ""init_holdout_frac"": 0.2, ""k"": 3, ""min_buffer"": 100, ""n_ref"": 200, ""probe_rows"": 1000, ""track_energy"": true}"
insects_gradual,xgb,AlwaysNudge,always_nudge,0,21735,1932,balanced_accuracy,6,6,0,6,0,0,1,0,0,1,6,,4,12,1,19855,30,3971,30,0.5774231000068539,1.2071619722885327e-05,193200,0.0,0.28428801472279736,0.0,0.295254943738491,rounds,100,130,8232,9994,node_visits,1833.129,2230.317,1.2166721490958903,11.816900001576869,14.202800000930438,3.7769286000002467,"{""adwin_delta"": 0.002, ""buffer_size"": 1000, ""chunk_size"": 2000, ""energy_country_iso"": ""USA"", ""eval_block"": 1000, ""floor_drop"": 0.02, ""holdout_frac"": 0.2, ""init_frac"": 0.1, ""init_holdout_frac"": 0.2, ""k"": 3, ""min_buffer"": 100, ""n_ref"": 200, ""probe_rows"": 1000, ""track_energy"": true}"
insects_gradual,xgb,NeverAdapt,never_adapt,0,21735,1932,balanced_accuracy,7,7,7,0,0,0,1,0,0,1,0,,0,0,1,0,0,0,0,0.0,7.548980000326378e-06,193200,0.034,0.2782608695652174,0.2335115864527629,0.3060491100450692,rounds,100,100,8232,8232,node_visits,1833.129,1833.129,1.0,11.65949999995064,11.657999999442836,3.017498400000477,"{""adwin_delta"": 0.002, ""buffer_size"": 1000, ""chunk_size"": 2000, ""energy_country_iso"": ""USA"", ""eval_block"": 1000, ""floor_drop"": 0.02, ""holdout_frac"": 0.2, ""init_frac"": 0.1, ""init_holdout_frac"": 0.2, ""k"": 3, ""min_buffer"": 100, ""n_ref"": 200, ""probe_rows"": 1000, ""track_energy"": true}"
insects_gradual,rf,AlwaysRebuild,always_rebuild,0,21735,1932,balanced_accuracy,7,7,0,0,7,0,0,0,0,1,0,,5,11,1,544000,700,5440,700,2.359864000001835,1.7548854999997494e-05,193200,0.71,0.4912813434552565,0.57770449593979,0.4880587026859846,trees,100,100,26588,10928,node_visits,876.428,843.227,0.9621178237117025,15.22359999944456,15.464299998711795,5.380640700001095,"{""adwin_delta"": 0.002, ""buffer_size"": 1000, ""chunk_size"": 2000, ""energy_country_iso"": ""USA"", ""eval_block"": 1000, ""floor_drop"": 0.02, ""holdout_frac"": 0.2, ""init_frac"": 0.1, ""init_holdout_frac"": 0.2, ""k"": 3, ""min_buffer"": 100, ""n_ref"": 200, ""probe_rows"": 1000, ""track_energy"": true}"
insects_gradual,rf,MechanismSelector,mechanism_selector,0,21735,1932,balanced_accuracy,7,7,1,0,6,1,0,0,0,1,5,0,5,23,1,454460,625,7748,625,2.0541081999945163,1.6434324445101765e-05,193200,0.54,0.47927306188175756,0.23773420479302831,0.4748304881809411,trees,100,100,26588,9006,node_visits,876.428,787.831,0.8989112625338306,15.705999998317566,14.298400001280243,5.095787199999904,"{""adwin_delta"": 0.002, ""buffer_size"": 1000, ""chunk_size"": 2000, ""energy_country_iso"": ""USA"", ""eval_block"": 1000, ""floor_drop"": 0.02, ""holdout_frac"": 0.2, ""init_frac"": 0.1, ""init_holdout_frac"": 0.2, ""k"": 3, ""min_buffer"": 100, ""n_ref"": 200, ""probe_rows"": 1000, ""track_energy"": true}"
insects_gradual,rf,FixedSchedule(k=3),fixed_schedule,0,21735,1932,balanced_accuracy,6,6,0,4,2,0,0,0,0,0,4,,4,10,1,212350,220,4470,220,0.9165996000010637,1.06549847218875e-05,193200,0.529,0.2832758224062572,0.20996632996632994,0.2955949499637433,trees,100,100,26588,37760,node_visits,876.428,1041.743,1.1886235948646096,15.600900002027629,18.23760000115726,3.8642001999978675,"{""adwin_delta"": 0.002, ""buffer_size"": 1000, ""chunk_size"": 2000, ""energy_country_iso"": ""USA"", ""eval_block"": 1000, ""floor_drop"": 0.02, ""holdout_frac"": 0.2, ""init_frac"": 0.1, ""init_holdout_frac"": 0.2, ""k"": 3, ""min_buffer"": 100, ""n_ref"": 200, ""probe_rows"": 1000, ""track_energy"": true}"
insects_gradual,rf,AlwaysNudge,always_nudge,0,21735,1932,balanced_accuracy,7,7,0,7,0,0,1,0,0,1,7,,5,15,1,21390,35,4278,35,0.10265799999979208,7.326962222536137e-06,193200,0.031,0.2558086036346906,0.21836007130124777,0.28466988547330635,trees,100,100,26588,21240,node_visits,876.428,786.76,0.8976892568471112,16.56159999765805,14.714299999468494,3.1540733000001637,"{""adwin_delta"": 0.002, ""buffer_size"": 1000, ""chunk_size"": 2000, ""energy_country_iso"": ""USA"", ""eval_block"": 1000, ""floor_drop"": 0.02, ""holdout_frac"": 0.2, ""init_frac"": 0.1, ""init_holdout_frac"": 0.2, ""k"": 3, ""min_buffer"": 100, ""n_ref"": 200, ""probe_rows"": 1000, ""track_energy"": true}"
insects_gradual,rf,NeverAdapt,never_adapt,0,21735,1932,balanced_accuracy,7,7,7,0,0,0,1,0,0,1,0,,0,0,1,0,0,0,0,0.0,6.713969444774396e-06,193200,0.029,0.2571428571428571,0.19875222816399285,0.28592881705743456,trees,100,100,26588,26588,node_visits,876.428,876.428,1.0,16.286599999148166,16.630099999019876,2.9143091999976605,"{""adwin_delta"": 0.002, ""buffer_size"": 1000, ""chunk_size"": 2000, ""energy_country_iso"": ""USA"", ""eval_block"": 1000, ""floor_drop"": 0.02, ""holdout_frac"": 0.2, ""init_frac"": 0.1, ""init_holdout_frac"": 0.2, ""k"": 3, ""min_buffer"": 100, ""n_ref"": 200, ""probe_rows"": 1000, ""track_energy"": true}"
insects_gradual,sgd,AlwaysRebuild,always_rebuild,0,21735,1932,balanced_accuracy,6,6,0,0,6,0,0,0,0,0,0,,4,8,1,3454000,0,5208,4246,0.6822773999992933,4.468362222887981e-06,1932000,0.227,0.2124223602484472,0.10294117647058824,0.2174099809374528,params,204,204,,,params_read,204.0,204.0,1.0,0.23440000222763047,0.2328000009583775,2.4669079999985115,"{""adwin_delta"": 0.002, ""buffer_size"": 1000, ""chunk_size"": 2000, ""energy_country_iso"": ""USA"", ""eval_block"": 1000, ""floor_drop"": 0.02, ""holdout_frac"": 0.2, ""init_frac"": 0.1, ""init_holdout_frac"": 0.2, ""k"": 3, ""min_buffer"": 100, ""n_ref"": 200, ""probe_rows"": 1000, ""track_energy"": true}"
insects_gradual,sgd,MechanismSelector,mechanism_selector,0,21735,1932,balanced_accuracy,6,6,5,1,0,0,0,0,0,0,1,1,0,0,1,800,0,800,1,0.0037592000007862225,1.768326666990495e-06,1932000,0.807,0.18219461697722567,0.3924915824915825,0.19240939575787033,params,204,204,,,params_read,204.0,204.0,1.0,0.8615000006102491,0.2327999973203987,1.7909354999974312,"{""adwin_delta"": 0.002, ""buffer_size"": 1000, ""chunk_size"": 2000, ""energy_country_iso"": ""USA"", ""eval_block"": 1000, ""floor_drop"": 0.02, ""holdout_frac"": 0.2, ""init_frac"": 0.1, ""init_holdout_frac"": 0.2, ""k"": 3, ""min_buffer"": 100, ""n_ref"": 200, ""probe_rows"": 1000, ""track_energy"": true}"
insects_gradual,sgd,FixedSchedule(k=3),fixed_schedule,0,21735,1932,balanced_accuracy,7,7,0,5,2,0,1,0,0,1,5,,1,3,1,1095677,0,4677,1098,0.33137310000529396,2.8940794451032476e-06,1932000,0.593,0.2631239935587762,0.3936007130124777,0.27504557835349003,params,204,204,,,params_read,204.0,204.0,1.0,0.2373000024817884,0.2342000007047318,2.1212803999987955,"{""adwin_delta"": 0.002, ""buffer_size"": 1000, ""chunk_size"": 2000, ""energy_country_iso"": ""USA"", ""eval_block"": 1000, ""floor_drop"": 0.02, ""holdout_frac"": 0.2, ""init_frac"": 0.1, ""init_holdout_frac"": 0.2, ""k"": 3, ""min_buffer"": 100, ""n_ref"": 200, ""probe_rows"": 1000, ""track_energy"": true}"
insects_gradual,sgd,AlwaysNudge,always_nudge,0,21735,1932,balanced_accuracy,5,5,0,5,0,0,0,0,0,0,5,,0,0,1,3916,0,3916,5,0.026152700007514795,1.5340594441150742e-06,1932000,0.112,0.21440073613986657,0.28675381263616556,0.23366675937173764,params,204,204,,,params_read,204.0,204.0,1.0,0.40270000317832455,0.2308999974047765,1.8055896000005305,"{""adwin_delta"": 0.002, ""buffer_size"": 1000, ""chunk_size"": 2000, ""energy_country_iso"": ""USA"", ""eval_block"": 1000, ""floor_drop"": 0.02, ""holdout_frac"": 0.2, ""init_frac"": 0.1, ""init_holdout_frac"": 0.2, ""k"": 3, ""min_buffer"": 100, ""n_ref"": 200, ""probe_rows"": 1000, ""track_energy"": true}"
insects_gradual,sgd,NeverAdapt,never_adapt,0,21735,1932,balanced_accuracy,6,6,6,0,0,0,0,0,0,0,0,,0,0,1,0,0,0,0,0.0,1.3600625003244113e-06,1932000,0.058,0.18762364849321372,0.411764705882353,0.21857606230898155,params,204,204,,,params_read,204.0,204.0,1.0,0.23049999799695797,0.23689999943599105,1.817510900000343,"{""adwin_delta"": 0.002, ""buffer_size"": 1000, ""chunk_size"": 2000, ""energy_country_iso"": ""USA"", ""eval_block"": 1000, ""floor_drop"": 0.02, ""holdout_frac"": 0.2, ""init_frac"": 0.1, ""init_holdout_frac"": 0.2, ""k"": 3, ""min_buffer"": 100, ""n_ref"": 200, ""probe_rows"": 1000, ""track_energy"": true}"
insects_gradual,gnb,AlwaysRebuild,always_rebuild,0,21735,1932,balanced_accuracy,7,7,0,0,7,0,0,0,0,1,0,,4,10,1,5640,0,5640,7,0.01379829999859794,5.335666663349787e-07,1932,0.778,0.5756153669197147,0.40573776985541693,0.5482800326411313,params,402,402,,,params_read,402.0,402.0,1.0,0.820700002805097,0.9656999973230995,1.5867403000011109,"{""adwin_delta"": 0.002, ""buffer_size"": 1000, ""chunk_size"": 2000, ""energy_country_iso"": ""USA"", ""eval_block"": 1000, ""floor_drop"": 0.02, ""holdout_frac"": 0.2, ""init_frac"": 0.1, ""init_holdout_frac"": 0.2, ""k"": 3, ""min_buffer"": 100, ""n_ref"": 200, ""probe_rows"": 1000, ""track_energy"": true}"
insects_gradual,gnb,MechanismSelector,mechanism_selector,0,21735,1932,balanced_accuracy,7,7,1,2,4,1,0,0,0,1,5,2,2,4,1,6724,0,6724,9,0.013099800005875295,6.137597225605019e-07,1932,0.741,0.565631469979296,0.3027450980392157,0.5383971044467268,params,402,402,,,params_read,402.0,402.0,1.0,0.8801000003586523,0.8194000001822133,1.5897476999998617,"{""adwin_delta"": 0.002, ""buffer_size"": 1000, ""chunk_size"": 2000, ""energy_country_iso"": ""USA"", ""eval_block"": 1000, ""floor_drop"": 0.02, ""holdout_frac"": 0.2, ""init_frac"": 0.1, ""init_holdout_frac"": 0.2, ""k"": 3, ""min_buffer"": 100, ""n_ref"": 200, ""probe_rows"": 1000, ""track_energy"": true}"
insects_gradual,gnb,FixedSchedule(k=3),fixed_schedule,0,21735,1932,balanced_accuracy,7,7,0,5,2,0,0,0,0,0,5,,1,3,1,4886,0,4886,7,0.010235200003080536,6.353886114432095e-07,1932,0.734,0.5222452265930527,0.39880174291938997,0.498109841843976,params,402,402,,,params_read,402.0,402.0,1.0,1.0241999989375472,0.9648999985074624,1.6044193999987328,"{""adwin_delta"": 0.002, ""buffer_size"": 1000, ""chunk_size"": 2000, ""energy_country_iso"": ""USA"", ""eval_block"": 1000, ""floor_drop"": 0.02, ""holdout_frac"": 0.2, ""init_frac"": 0.1, ""init_holdout_frac"": 0.2, ""k"": 3, ""min_buffer"": 100, ""n_ref"": 200, ""probe_rows"": 1000, ""track_energy"": true}"
insects_gradual,gnb,AlwaysNudge,always_nudge,0,21735,1932,balanced_accuracy,6,6,0,6,0,0,0,0,0,0,6,,0,0,1,4281,0,4281,6,0.007679700000153389,4.968791663407335e-07,1932,0.094,0.4595813204508857,0.07225589225589225,0.44364042375877794,params,402,402,,,params_read,402.0,402.0,1.0,0.95099999816739,0.8696000004420057,1.6081177000014577,"{""adwin_delta"": 0.002, ""buffer_size"": 1000, ""chunk_size"": 2000, ""energy_country_iso"": ""USA"", ""eval_block"": 1000, ""floor_drop"": 0.02, ""holdout_frac"": 0.2, ""init_frac"": 0.1, ""init_holdout_frac"": 0.2, ""k"": 3, ""min_buffer"": 100, ""n_ref"": 200, ""probe_rows"": 1000, ""track_energy"": true}"
insects_gradual,gnb,NeverAdapt,never_adapt,0,21735,1932,balanced_accuracy,5,5,5,0,0,0,0,0,0,0,0,,0,0,1,0,0,0,0,0.0,3.90393055225575e-07,1932,0.027,0.34156889809063723,0.09438898791839968,0.3418107321216655,params,402,402,,,params_read,402.0,402.0,1.0,0.8215999987442046,0.8264999996754341,1.5416947000012442,"{""adwin_delta"": 0.002, ""buffer_size"": 1000, ""chunk_size"": 2000, ""energy_country_iso"": ""USA"", ""eval_block"": 1000, ""floor_drop"": 0.02, ""holdout_frac"": 0.2, ""init_frac"": 0.1, ""init_holdout_frac"": 0.2, ""k"": 3, ""min_buffer"": 100, ""n_ref"": 200, ""probe_rows"": 1000, ""track_energy"": true}"
insects_incremental,xgb,AlwaysRebuild,always_rebuild,0,51317,4560,balanced_accuracy,5,5,0,0,5,0,0,0,0,0,0,,0,0,0,500000,500,5000,500,6.979237600004126,5.7301165555220235e-05,456000,0.675,0.60085351832726,0.6740714145264342,0.6008576287377034,rounds,100,100,36642,13844,node_visits,3853.825,2714.438,0.7043490558081906,18.057100001897197,14.881399998557754,13.286272599998483,"{""adwin_delta"": 0.002, ""buffer_size"": 1000, ""chunk_size"": 2000, ""energy_country_iso"": ""USA"", ""eval_block"": 1000, ""floor_drop"": 0.02, ""holdout_frac"": 0.2, ""init_frac"": 0.1, ""init_holdout_frac"": 0.2, ""k"": 3, ""min_buffer"": 100, ""n_ref"": 200, ""probe_rows"": 1000, ""track_energy"": true}"
insects_incremental,xgb,MechanismSelector,mechanism_selector,0,51317,4560,balanced_accuracy,4,4,0,1,3,0,0,0,0,0,4,1,0,0,0,316000,320,6200,320,5.015167999998084,4.901190555522507e-05,456000,0.527,0.5773330475281095,0.5254741512452059,0.5773367887668904,rounds,100,105,36642,17106,node_visits,3853.825,3093.348,0.8026695555714128,18.404300000838703,15.945799998007715,11.408328299999994,"{""adwin_delta"": 0.002, ""buffer_size"": 1000, ""chunk_size"": 2000, ""energy_country_iso"": ""USA"", ""eval_block"": 1000, ""floor_drop"": 0.02, ""holdout_frac"": 0.2, ""init_frac"": 0.1, ""init_holdout_frac"": 0.2, ""k"": 3, ""min_buffer"": 100, ""n_ref"": 200, ""probe_rows"": 1000, ""track_energy"": true}"
insects_incremental,xgb,FixedSchedule(k=3),fixed_schedule,0,51317,4560,balanced_accuracy,5,5,0,4,1,0,0,0,0,0,4,,0,0,0,116000,120,4200,120,2.4460167000033834,3.883634499968002e-05,456000,0.607,0.5753454021084631,0.6060469060465119,0.5753476579238944,rounds,100,110,36642,18768,node_visits,3853.825,3270.751,0.8487025228182391,20.160699998086784,17.542800000228453,8.954206399997929,"{""adwin_delta"": 0.002, ""buffer_size"": 1000, ""chunk_size"": 2000, ""energy_country_iso"": ""USA"", ""eval_block"": 1000, ""floor_drop"": 0.02, ""holdout_frac"": 0.2, ""init_frac"": 0.1, ""init_holdout_frac"": 0.2, ""k"": 3, ""min_buffer"": 100, ""n_ref"": 200, ""probe_rows"": 1000, ""track_energy"": true}"
insects_incremental,xgb,AlwaysNudge,always_nudge,0,51317,4560,balanced_accuracy,5,5,0,5,0,0,0,0,0,0,5,,0,0,0,20000,25,4000,25,1.082734800002072,3.261154222222258e-05,456000,0.557,0.531539255997038,0.5557194120909005,0.5315446396888341,rounds,100,125,36642,44310,node_visits,3853.825,4752.615,1.2332202422268785,18.492800001695286,17.786500000511296,8.055043200001819,"{""adwin_delta"": 0.002, ""buffer_size"": 1000, ""chunk_size"": 2000, ""energy_country_iso"": ""USA"", ""eval_block"": 1000, ""floor_drop"": 0.02, ""holdout_frac"": 0.2, ""init_frac"": 0.1, ""init_holdout_frac"": 0.2, ""k"": 3, ""min_buffer"": 100, ""n_ref"": 200, ""probe_rows"": 1000, ""track_energy"": true}"
insects_incremental,xgb,NeverAdapt,never_adapt,0,51317,4560,balanced_accuracy,3,3,3,0,0,0,0,0,0,0,0,,0,0,0,0,0,0,0,0.0,2.3318216388212933e-05,456000,0.12,0.22012198686595086,0.1199112905812767,0.22011747061026066,rounds,100,100,36642,36642,node_visits,3853.825,3853.825,1.0,16.722899999876972,18.569199997727992,6.491970200000651,"{""adwin_delta"": 0.002, ""buffer_size"": 1000, ""chunk_size"": 2000, ""energy_country_iso"": ""USA"", ""eval_block"": 1000, ""floor_drop"": 0.02, ""holdout_frac"": 0.2, ""init_frac"": 0.1, ""init_holdout_frac"": 0.2, ""k"": 3, ""min_buffer"": 100, ""n_ref"": 200, ""probe_rows"": 1000, ""track_energy"": true}"
insects_incremental,rf,AlwaysRebuild,always_rebuild,0,51317,4560,balanced_accuracy,7,7,0,0,7,0,0,0,0,0,0,,0,0,0,700000,700,7000,700,3.083124600005249,3.122979250000463e-05,456000,0.699,0.623204785938383,0.69813246970367,0.6232072125214653,trees,100,100,190346,37744,node_visits,1245.109,1014.614,0.8148796611381013,26.684899999963818,18.4384999993199,8.107246999999916,"{""adwin_delta"": 0.002, ""buffer_size"": 1000, ""chunk_size"": 2000, ""energy_country_iso"": ""USA"", ""eval_block"": 1000, ""floor_drop"": 0.02, ""holdout_frac"": 0.2, ""init_frac"": 0.1, ""init_holdout_frac"": 0.2, ""k"": 3, ""min_buffer"": 100, ""n_ref"": 200, ""probe_rows"": 1000, ""track_energy"": true}"
insects_incremental,rf,MechanismSelector,mechanism_selector,0,51317,4560,balanced_accuracy,7,7,0,0,7,0,0,0,0,0,7,0,0,0,0,728000,735,12600,735,3.1223178999898664,2.9923824722549684e-05,456000,0.699,0.623204785938383,0.69813246970367,0.6232072125214653,trees,100,100,190346,37744,node_visits,1245.109,1014.614,0.8148796611381013,29.7478999964369,18.99060000141617,8.24837209999896,"{""adwin_delta"": 0.002, ""buffer_size"": 1000, ""chunk_size"": 2000, ""energy_country_iso"": ""USA"", ""eval_block"": 1000, ""floor_drop"": 0.02, ""holdout_frac"": 0.2, ""init_frac"": 0.1, ""init_holdout_frac"": 0.2, ""k"": 3, ""min_buffer"": 100, ""n_ref"": 200, ""probe_rows"": 1000, ""track_energy"": true}"
insects_incremental,rf,FixedSchedule(k=3),fixed_schedule,0,51317,4560,balanced_accuracy,4,4,0,3,1,0,0,0,0,0,3,,0,0,0,112000,115,3400,115,0.48740250000628293,1.7360846111449326e-05,456000,0.59,0.4053627452890855,0.5885190044155896,0.40536016258685065,trees,100,100,190346,39598,node_visits,1245.109,994.611,0.7988144009881866,25.364699999045115,22.219499998755055,5.4134362999975565,"{""adwin_delta"": 0.002, ""buffer_size"": 1000, ""chunk_size"": 2000, ""energy_country_iso"": ""USA"", ""eval_block"": 1000, ""floor_drop"": 0.02, ""holdout_frac"": 0.2, ""init_frac"": 0.1, ""init_holdout_frac"": 0.2, ""k"": 3, ""min_buffer"": 100, ""n_ref"": 200, ""probe_rows"": 1000, ""track_energy"": true}"
insects_incremental,rf,AlwaysNudge,always_nudge,0,51317,4560,balanced_accuracy,4,4,0,4,0,0,0,0,0,0,4,,0,0,0,16000,20,3200,20,0.07746789999873727,1.6523546666666444e-05,456000,0.167,0.23730927372995303,0.16678944979422836,0.23730420706486424,trees,100,100,190346,158806,node_visits,1245.109,1182.602,0.9497979694950404,25.12620000197785,38.061899998865556,5.196291199998086,"{""adwin_delta"": 0.002, ""buffer_size"": 1000, ""chunk_size"": 2000, ""energy_country_iso"": ""USA"", ""eval_block"": 1000, ""floor_drop"": 0.02, ""holdout_frac"": 0.2, ""init_frac"": 0.1, ""init_holdout_frac"": 0.2, ""k"": 3, ""min_buffer"": 100, ""n_ref"": 200, ""probe_rows"": 1000, ""track_energy"": true}"
insects_incremental,rf,NeverAdapt,never_adapt,0,51317,4560,balanced_accuracy,4,4,4,0,0,0,0,0,0,0,0,,0,0,0,0,0,0,0,0.0,1.5690222500327638e-05,456000,0.119,0.21265857318237621,0.1187738801111042,0.21265430515905356,trees,100,100,190346,190346,node_visits,1245.109,1245.109,1.0,26.008699998783413,28.987000001507113,4.9653072000000975,"{""adwin_delta"": 0.002, ""buffer_size"": 1000, ""chunk_size"": 2000, ""energy_country_iso"": ""USA"", ""eval_block"": 1000, ""floor_drop"": 0.02, ""holdout_frac"": 0.2, ""init_frac"": 0.1, ""init_holdout_frac"": 0.2, ""k"": 3, ""min_buffer"": 100, ""n_ref"": 200, ""probe_rows"": 1000, ""track_energy"": true}"
insects_incremental,sgd,AlwaysRebuild,always_rebuild,0,51317,4560,balanced_accuracy,0,0,0,0,0,0,0,0,0,0,0,,0,0,0,0,0,0,0,0.0,2.607693055215018e-06,902880,0.235,0.23561392910731335,0.234109997910836,0.2356354756202942,params,204,204,,,params_read,204.0,204.0,1.0,0.23629999850527383,0.24170000324374996,2.051547399998526,"{""adwin_delta"": 0.002, ""buffer_size"": 1000, ""chunk_size"": 2000, ""energy_country_iso"": ""USA"", ""eval_block"": 1000, ""floor_drop"": 0.02, ""holdout_frac"": 0.2, ""init_frac"": 0.1, ""init_holdout_frac"": 0.2, ""k"": 3, ""min_buffer"": 100, ""n_ref"": 200, ""probe_rows"": 1000, ""track_energy"": true}"
insects_incremental,sgd,MechanismSelector,mechanism_selector,0,51317,4560,balanced_accuracy,0,0,0,0,0,0,0,0,0,0,0,0,0,0,0,0,0,0,0,0.0,2.586962221559837e-06,902880,0.235,0.23561392910731335,0.234109997910836,0.2356354756202942,params,204,204,,,params_read,204.0,204.0,1.0,0.2362000013818033,0.5221999999776017,2.0584715000004508,"{""adwin_delta"": 0.002, ""buffer_size"": 1000, ""chunk_size"": 2000, ""energy_country_iso"": ""USA"", ""eval_block"": 1000, ""floor_drop"": 0.02, ""holdout_frac"": 0.2, ""init_frac"": 0.1, ""init_holdout_frac"": 0.2, ""k"": 3, ""min_buffer"": 100, ""n_ref"": 200, ""probe_rows"": 1000, ""track_energy"": true}"
insects_incremental,sgd,FixedSchedule(k=3),fixed_schedule,0,51317,4560,balanced_accuracy,0,0,0,0,0,0,0,0,0,0,0,,0,0,0,0,0,0,0,0.0,2.638997778118196e-06,902880,0.235,0.23561392910731335,0.234109997910836,0.2356354756202942,params,204,204,,,params_read,204.0,204.0,1.0,0.23460000011255033,0.2314000012120232,2.0525730999979714,"{""adwin_delta"": 0.002, ""buffer_size"": 1000, ""chunk_size"": 2000, ""energy_country_iso"": ""USA"", ""eval_block"": 1000, ""floor_drop"": 0.02, ""holdout_frac"": 0.2, ""init_frac"": 0.1, ""init_holdout_frac"": 0.2, ""k"": 3, ""min_buffer"": 100, ""n_ref"": 200, ""probe_rows"": 1000, ""track_energy"": true}"
insects_incremental,sgd,AlwaysNudge,always_nudge,0,51317,4560,balanced_accuracy,0,0,0,0,0,0,0,0,0,0,0,,0,0,0,0,0,0,0,0.0,2.737063610777132e-06,902880,0.235,0.23561392910731335,0.234109997910836,0.2356354756202942,params,204,204,,,params_read,204.0,204.0,1.0,0.23460000011255033,0.2609000002848916,2.046569099999033,"{""adwin_delta"": 0.002, ""buffer_size"": 1000, ""chunk_size"": 2000, ""energy_country_iso"": ""USA"", ""eval_block"": 1000, ""floor_drop"": 0.02, ""holdout_frac"": 0.2, ""init_frac"": 0.1, ""init_holdout_frac"": 0.2, ""k"": 3, ""min_buffer"": 100, ""n_ref"": 200, ""probe_rows"": 1000, ""track_energy"": true}"
insects_incremental,sgd,NeverAdapt,never_adapt,0,51317,4560,balanced_accuracy,0,0,0,0,0,0,0,0,0,0,0,,0,0,0,0,0,0,0,0.0,2.8577133333350326e-06,902880,0.235,0.23561392910731335,0.234109997910836,0.2356354756202942,params,204,204,,,params_read,204.0,204.0,1.0,0.32439999995403923,0.22570000146515667,2.0636954000001424,"{""adwin_delta"": 0.002, ""buffer_size"": 1000, ""chunk_size"": 2000, ""energy_country_iso"": ""USA"", ""eval_block"": 1000, ""floor_drop"": 0.02, ""holdout_frac"": 0.2, ""init_frac"": 0.1, ""init_holdout_frac"": 0.2, ""k"": 3, ""min_buffer"": 100, ""n_ref"": 200, ""probe_rows"": 1000, ""track_energy"": true}"
insects_incremental,gnb,AlwaysRebuild,always_rebuild,0,51317,4560,balanced_accuracy,5,5,0,0,5,0,0,0,0,0,0,,0,0,0,5000,0,5000,5,0.007247300003655255,7.810208333346385e-07,4560,0.536,0.5484537287838338,0.5364206991179561,0.5484522243959282,params,402,402,,,params_read,402.0,402.0,1.0,0.985999999102205,0.8808999991742894,1.6351934999984223,"{""adwin_delta"": 0.002, ""buffer_size"": 1000, ""chunk_size"": 2000, ""energy_country_iso"": ""USA"", ""eval_block"": 1000, ""floor_drop"": 0.02, ""holdout_frac"": 0.2, ""init_frac"": 0.1, ""init_holdout_frac"": 0.2, ""k"": 3, ""min_buffer"": 100, ""n_ref"": 200, ""probe_rows"": 1000, ""track_energy"": true}"
insects_incremental,gnb,MechanismSelector,mechanism_selector,0,51317,4560,balanced_accuracy,5,5,0,2,3,0,0,0,0,0,5,2,0,0,0,7000,0,7000,8,0.011648999996396014,7.987388888857916e-07,4560,0.591,0.5420425979694838,0.5905913768903314,0.5420423276041598,params,402,402,,,params_read,402.0,402.0,1.0,1.2094999983673915,0.858300001709722,1.6318628000008175,"{""adwin_delta"": 0.002, ""buffer_size"": 1000, ""chunk_size"": 2000, ""energy_country_iso"": ""USA"", ""eval_block"": 1000, ""floor_drop"": 0.02, ""holdout_frac"": 0.2, ""init_frac"": 0.1, ""init_holdout_frac"": 0.2, ""k"": 3, ""min_buffer"": 100, ""n_ref"": 200, ""probe_rows"": 1000, ""track_energy"": true}"
insects_incremental,gnb,FixedSchedule(k=3),fixed_schedule,0,51317,4560,balanced_accuracy,5,5,0,4,1,0,0,0,0,0,4,,0,0,0,4200,0,4200,5,0.006803199994465103,8.036819447737195e-07,4560,0.513,0.527563965157745,0.511386289302512,0.5275651911379691,params,402,402,,,params_read,402.0,402.0,1.0,0.9557000012136996,0.8386999979848042,1.6267182000010507,"{""adwin_delta"": 0.002, ""buffer_size"": 1000, ""chunk_size"": 2000, ""energy_country_iso"": ""USA"", ""eval_block"": 1000, ""floor_drop"": 0.02, ""holdout_frac"": 0.2, ""init_frac"": 0.1, ""init_holdout_frac"": 0.2, ""k"": 3, ""min_buffer"": 100, ""n_ref"": 200, ""probe_rows"": 1000, ""track_energy"": true}"
insects_incremental,gnb,AlwaysNudge,always_nudge,0,51317,4560,balanced_accuracy,4,4,0,4,0,0,0,0,0,0,4,,0,0,0,3200,0,3200,4,0.005567400003201328,7.087063882255816e-07,4560,0.265,0.33104039597014634,0.26400113990488927,0.3310340357140152,params,402,402,,,params_read,402.0,402.0,1.0,0.8744999977352563,0.9432000006199814,1.6263523000015994,"{""adwin_delta"": 0.002, ""buffer_size"": 1000, ""chunk_size"": 2000, ""energy_country_iso"": ""USA"", ""eval_block"": 1000, ""floor_drop"": 0.02, ""holdout_frac"": 0.2, ""init_frac"": 0.1, ""init_holdout_frac"": 0.2, ""k"": 3, ""min_buffer"": 100, ""n_ref"": 200, ""probe_rows"": 1000, ""track_energy"": true}"
insects_incremental,gnb,NeverAdapt,never_adapt,0,51317,4560,balanced_accuracy,5,5,5,0,0,0,0,0,0,0,0,,0,0,0,0,0,0,0,0.0,7.579899999986914e-07,4560,0.143,0.20591616813141844,0.14298921897357636,0.2059100817198126,params,402,402,,,params_read,402.0,402.0,1.0,0.855400001455564,0.910699996893527,1.684465199999977,"{""adwin_delta"": 0.002, ""buffer_size"": 1000, ""chunk_size"": 2000, ""energy_country_iso"": ""USA"", ""eval_block"": 1000, ""floor_drop"": 0.02, ""holdout_frac"": 0.2, ""init_frac"": 0.1, ""init_holdout_frac"": 0.2, ""k"": 3, ""min_buffer"": 100, ""n_ref"": 200, ""probe_rows"": 1000, ""track_energy"": true}"
covtype,xgb,AlwaysRebuild,always_rebuild,0,90000,8000,balanced_accuracy,92,92,0,0,92,0,1,0,0,1,0,,88,416,0,6721600,9200,67216,9200,22.48479270001917,0.00013014365638889006,800000,0.915,0.9015111111111112,0.5977840019770987,0.6467111621569704,rounds,100,100,34130,3760,node_visits,3970.127,1288.145,0.3244593938682566,18.960500001412584,10.238200000458164,28.924208799999178,"{""adwin_delta"": 0.002, ""buffer_size"": 1000, ""chunk_size"": 2000, ""energy_country_iso"": ""USA"", ""eval_block"": 1000, ""floor_drop"": 0.02, ""holdout_frac"": 0.2, ""init_frac"": 0.1, ""init_holdout_frac"": 0.2, ""k"": 3, ""min_buffer"": 100, ""n_ref"": 200, ""probe_rows"": 1000, ""track_energy"": true}"
covtype,xgb,MechanismSelector,mechanism_selector,0,90000,8000,balanced_accuracy,89,89,5,24,60,3,1,0,0,3,81,24,84,658,0,4595395,6405,94023,6405,19.93667010001809,0.00013319997416632473,800000,0.88,0.8892111111111111,0.5789191860944065,0.5214320845210272,rounds,100,110,34130,1682,node_visits,3970.127,1086.155,0.2735819282355451,15.9879999991972,9.091500000067754,28.47251850000248,"{""adwin_delta"": 0.002, ""buffer_size"": 1000, ""chunk_size"": 2000, ""energy_country_iso"": ""USA"", ""eval_block"": 1000, ""floor_drop"": 0.02, ""holdout_frac"": 0.2, ""init_frac"": 0.1, ""init_holdout_frac"": 0.2, ""k"": 3, ""min_buffer"": 100, ""n_ref"": 200, ""probe_rows"": 1000, ""track_energy"": true}"
covtype,xgb,FixedSchedule(k=3),fixed_schedule,0,90000,8000,balanced_accuracy,8,8,0,6,2,0,0,0,0,0,6,,5,15,0,139410,230,4018,230,1.1779152000053728,2.2749234444119637e-05,800000,0.0,0.03451111111111111,0.0,0.43837109055241674,rounds,100,110,34130,3754,node_visits,3970.127,1521.7,0.38328748677309316,19.923200001358055,11.46139999764273,6.13604530000157,"{""adwin_delta"": 0.002, ""buffer_size"": 1000, ""chunk_size"": 2000, ""energy_country_iso"": ""USA"", ""eval_block"": 1000, ""floor_drop"": 0.02, ""holdout_frac"": 0.2, ""init_frac"": 0.1, ""init_holdout_frac"": 0.2, ""k"": 3, ""min_buffer"": 100, ""n_ref"": 200, ""probe_rows"": 1000, ""track_energy"": true}"
covtype,xgb,AlwaysNudge,always_nudge,0,90000,8000,balanced_accuracy,138,138,0,138,0,0,4,0,0,14,138,,136,654,0,268195,690,53639,690,31.759680200008006,0.00032453845750034227,800000,0.867,0.8424888888888888,0.5735236813785294,0.7734124275051334,rounds,100,790,34130,58316,node_visits,3970.127,12631.322,3.181591420123336,18.488800000341143,56.47870000029798,61.46622229999775,"{""adwin_delta"": 0.002, ""buffer_size"": 1000, ""chunk_size"": 2000, ""energy_country_iso"": ""USA"", ""eval_block"": 1000, ""floor_drop"": 0.02, ""holdout_frac"": 0.2, ""init_frac"": 0.1, ""init_holdout_frac"": 0.2, ""k"": 3, ""min_buffer"": 100, ""n_ref"": 200, ""probe_rows"": 1000, ""track_energy"": true}"
covtype,xgb,NeverAdapt,never_adapt,0,90000,8000,balanced_accuracy,114,114,114,0,0,0,0,0,0,10,0,,0,0,0,0,0,0,0,0.0,3.422454611078713e-05,800000,0.795,0.8261666666666667,0.7639165120423873,0.8035559438997134,rounds,100,100,34130,34130,node_visits,3970.127,3970.127,1.0,21.74159999776748,18.520499997976003,8.61256350000258,"{""adwin_delta"": 0.002, ""buffer_size"": 1000, ""chunk_size"": 2000, ""energy_country_iso"": ""USA"", ""eval_block"": 1000, ""floor_drop"": 0.02, ""holdout_frac"": 0.2, ""init_frac"": 0.1, ""init_holdout_frac"": 0.2, ""k"": 3, ""min_buffer"": 100, ""n_ref"": 200, ""probe_rows"": 1000, ""track_energy"": true}"
covtype,rf,AlwaysRebuild,always_rebuild,0,90000,8000,balanced_accuracy,95,95,0,0,95,0,3,0,0,9,0,,93,438,0,6795200,9500,67952,9500,19.094799699982104,0.00011177681666600341,800000,0.918,0.8983111111111111,0.6482327065983051,0.6283355384857207,trees,100,100,285840,11294,node_visits,1536.801,677.484,0.4408404211085235,17.996400001720758,13.107499999023275,26.215866200000164,"{""adwin_delta"": 0.002, ""buffer_size"": 1000, ""chunk_size"": 2000, ""energy_country_iso"": ""USA"", ""eval_block"": 1000, ""floor_drop"": 0.02, ""holdout_frac"": 0.2, ""init_frac"": 0.1, ""init_holdout_frac"": 0.2, ""k"": 3, ""min_buffer"": 100, ""n_ref"": 200, ""probe_rows"": 1000, ""track_energy"": true}"
covtype,rf,MechanismSelector,mechanism_selector,0,90000,8000,balanced_accuracy,125,125,19,0,106,33,10,0,0,26,73,0,105,835,0,6116960,10965,102088,10965,21.919218599992746,0.00014250299555589285,800000,0.919,0.8662888888888889,0.6500542002230774,0.618907818057927,trees,100,100,285840,11294,node_visits,1536.801,677.484,0.4408404211085235,19.29290000043693,13.259200000902638,31.413095100000646,"{""adwin_delta"": 0.002, ""buffer_size"": 1000, ""chunk_size"": 2000, ""energy_country_iso"": ""USA"", ""eval_block"": 1000, ""floor_drop"": 0.02, ""holdout_frac"": 0.2, ""init_frac"": 0.1, ""init_holdout_frac"": 0.2, ""k"": 3, ""min_buffer"": 100, ""n_ref"": 200, ""probe_rows"": 1000, ""track_energy"": true}"
covtype,rf,FixedSchedule(k=3),fixed_schedule,0,90000,8000,balanced_accuracy,162,162,0,108,54,0,9,0,0,35,108,,160,768,0,1909910,5940,60046,5940,10.59838850000233,8.878534555588866e-05,800000,0.921,0.8685,0.6312292662898149,0.8151123870953414,trees,100,100,285840,4592,node_visits,1536.801,572.852,0.37275613433359295,19.526900003256742,12.983100001292769,20.968944599997485,"{""adwin_delta"": 0.002, ""buffer_size"": 1000, ""chunk_size"": 2000, ""energy_country_iso"": ""USA"", ""eval_block"": 1000, ""floor_drop"": 0.02, ""holdout_frac"": 0.2, ""init_frac"": 0.1, ""init_holdout_frac"": 0.2, ""k"": 3, ""min_buffer"": 100, ""n_ref"": 200, ""probe_rows"": 1000, ""track_energy"": true}"
covtype,rf,AlwaysNudge,always_nudge,0,90000,8000,balanced_accuracy,270,270,0,270,0,0,17,0,0,77,270,,268,1310,0,323250,1350,64650,1350,3.171201999994082,0.00010247658472221922,800000,0.81,0.8327333333333333,0.36023697723590636,0.7738612902138241,trees,100,100,285840,1802,node_visits,1536.801,366.859,0.23871600812336796,26.655900001060218,12.425599998096004,20.21732570000313,"{""adwin_delta"": 0.002, ""buffer_size"": 1000, ""chunk_size"": 2000, ""energy_country_iso"": ""USA"", ""eval_block"": 1000, ""floor_drop"": 0.02, ""holdout_frac"": 0.2, ""init_frac"": 0.1, ""init_holdout_frac"": 0.2, ""k"": 3, ""min_buffer"": 100, ""n_ref"": 200, ""probe_rows"": 1000, ""track_energy"": true}"
covtype,rf,NeverAdapt,never_adapt,0,90000,8000,balanced_accuracy,152,152,152,0,0,0,0,0,0,21,0,,0,0,0,0,0,0,0,0.0,4.682586833366333e-05,800000,0.87,0.8227444444444444,0.8121805357780314,0.8144417570711582,trees,100,100,285840,285840,node_visits,1536.801,1536.801,1.0,19.773699998040684,22.204699998837896,10.661607299996831,"{""adwin_delta"": 0.002, ""buffer_size"": 1000, ""chunk_size"": 2000, ""energy_country_iso"": ""USA"", ""eval_block"": 1000, ""floor_drop"": 0.02, ""holdout_frac"": 0.2, ""init_frac"": 0.1, ""init_holdout_frac"": 0.2, ""k"": 3, ""min_buffer"": 100, ""n_ref"": 200, ""probe_rows"": 1000, ""track_energy"": true}"
covtype,sgd,AlwaysRebuild,always_rebuild,0,90000,8000,balanced_accuracy,264,264,0,0,264,0,48,0,0,152,0,,261,1271,0,64090208,0,65488,261269,34.272929100028705,0.00021577696944477211,1832000,0.682,0.6561555555555556,0.4623390174918307,0.34750212217165555,params,385,385,,,params_read,385.0,385.0,1.0,0.6653999989794102,0.2855000020645093,39.046721999999136,"{""adwin_delta"": 0.002, ""buffer_size"": 1000, ""chunk_size"": 2000, ""energy_country_iso"": ""USA"", ""eval_block"": 1000, ""floor_drop"": 0.02, ""holdout_frac"": 0.2, ""init_frac"": 0.1, ""init_holdout_frac"": 0.2, ""k"": 3, ""min_buffer"": 100, ""n_ref"": 200, ""probe_rows"": 1000, ""track_energy"": true}"
covtype,sgd,MechanismSelector,mechanism_selector,0,90000,8000,balanced_accuracy,251,251,75,11,165,145,37,0,0,119,31,11,164,800,0,31659946,0,45502,164122,17.208483900012652,0.00010952299583333081,1832000,0.834,0.7355888888888888,0.5624616708313882,0.29756746523436,params,385,385,,,params_read,385.0,385.0,1.0,0.29889999859733507,0.3039999974134844,21.76118150000184,"{""adwin_delta"": 0.002, ""buffer_size"": 1000, ""chunk_size"": 2000, ""energy_country_iso"": ""USA"", ""eval_block"": 1000, ""floor_drop"": 0.02, ""holdout_frac"": 0.2, ""init_frac"": 0.1, ""init_holdout_frac"": 0.2, ""k"": 3, ""min_buffer"": 100, ""n_ref"": 200, ""probe_rows"": 1000, ""track_energy"": true}"
covtype,sgd,FixedSchedule(k=3),fixed_schedule,0,90000,8000,balanced_accuracy,251,251,0,168,83,0,39,0,0,145,168,,83,406,0,25354427,0,63743,83168,13.59249380001711,8.790500194444458e-05,1832000,0.812,0.7446333333333334,0.4718904174790162,0.30594266485024807,params,385,385,,,params_read,385.0,385.0,1.0,0.6083999978727661,0.3071999999519903,18.333913499998744,"{""adwin_delta"": 0.002, ""buffer_size"": 1000, ""chunk_size"": 2000, ""energy_country_iso"": ""USA"", ""eval_block"": 1000, ""floor_drop"": 0.02, ""holdout_frac"": 0.2, ""init_frac"": 0.1, ""init_holdout_frac"": 0.2, ""k"": 3, ""min_buffer"": 100, ""n_ref"": 200, ""probe_rows"": 1000, ""track_energy"": true}"
covtype,sgd,AlwaysNudge,always_nudge,0,90000,8000,balanced_accuracy,308,308,0,308,0,0,40,0,0,170,308,,0,0,0,59950,0,59950,308,1.29172439998365,1.9281008333664952e-05,1832000,0.816,0.7258666666666667,0.4497189957071332,0.29889068375000827,params,385,385,,,params_read,385.0,385.0,1.0,0.35600000046542846,0.2722999997786246,5.616731300000538,"{""adwin_delta"": 0.002, ""buffer_size"": 1000, ""chunk_size"": 2000, ""energy_country_iso"": ""USA"", ""eval_block"": 1000, ""floor_drop"": 0.02, ""holdout_frac"": 0.2, ""init_frac"": 0.1, ""init_holdout_frac"": 0.2, ""k"": 3, ""min_buffer"": 100, ""n_ref"": 200, ""probe_rows"": 1000, ""track_energy"": true}"
covtype,sgd,NeverAdapt,never_adapt,0,90000,8000,balanced_accuracy,479,479,479,0,0,0,144,0,0,332,0,,0,0,0,0,0,0,0,0.0,1.5951742778439067e-05,1832000,0.544,0.6453888888888889,0.4750737816064449,0.30025673637527345,params,385,385,,,params_read,385.0,385.0,1.0,0.34950000190292485,0.3141000015602913,4.525675900000351,"{""adwin_delta"": 0.002, ""buffer_size"": 1000, ""chunk_size"": 2000, ""energy_country_iso"": ""USA"", ""eval_block"": 1000, ""floor_drop"": 0.02, ""holdout_frac"": 0.2, ""init_frac"": 0.1, ""init_holdout_frac"": 0.2, ""k"": 3, ""min_buffer"": 100, ""n_ref"": 200, ""probe_rows"": 1000, ""track_energy"": true}"
covtype,gnb,AlwaysRebuild,always_rebuild,0,90000,8000,balanced_accuracy,238,238,0,0,238,0,23,0,0,124,0,,235,1144,0,69548,0,69548,238,0.45318740001675906,1.1577821667008846e-05,8000,0.857,0.7775555555555556,0.8769216888501838,0.5429672256970727,params,763,763,,,params_read,763.0,763.0,1.0,1.688699998339871,1.3866000008420087,3.9054152999997314,"{""adwin_delta"": 0.002, ""buffer_size"": 1000, ""chunk_size"": 2000, ""energy_country_iso"": ""USA"", ""eval_block"": 1000, ""floor_drop"": 0.02, ""holdout_frac"": 0.2, ""init_frac"": 0.1, ""init_holdout_frac"": 0.2, ""k"": 3, ""min_buffer"": 100, ""n_ref"": 200, ""probe_rows"": 1000, ""track_energy"": true}"
covtype,gnb,MechanismSelector,mechanism_selector,0,90000,8000,balanced_accuracy,241,241,65,13,163,122,26,0,0,106,54,13,163,797,0,66495,0,66495,217,0.35474949998388183,1.0154751388886046e-05,8000,0.871,0.7829777777777778,0.5905804065866674,0.5172651993956088,params,763,763,,,params_read,763.0,763.0,1.0,1.508299999841256,1.5426999998453539,3.699897200000123,"{""adwin_delta"": 0.002, ""buffer_size"": 1000, ""chunk_size"": 2000, ""energy_country_iso"": ""USA"", ""eval_block"": 1000, ""floor_drop"": 0.02, ""holdout_frac"": 0.2, ""init_frac"": 0.1, ""init_holdout_frac"": 0.2, ""k"": 3, ""min_buffer"": 100, ""n_ref"": 200, ""probe_rows"": 1000, ""track_energy"": true}"
covtype,gnb,FixedSchedule(k=3),fixed_schedule,0,90000,8000,balanced_accuracy,236,236,0,158,78,0,17,0,0,118,158,,77,373,0,57927,0,57927,236,0.28998310001770733,9.53510277744591e-06,8000,0.849,0.7781222222222223,0.8286357627324757,0.5805021465081446,params,763,763,,,params_read,763.0,763.0,1.0,1.377900000079535,1.5860000021348242,3.566750399997545,"{""adwin_delta"": 0.002, ""buffer_size"": 1000, ""chunk_size"": 2000, ""energy_country_iso"": ""USA"", ""eval_block"": 1000, ""floor_drop"": 0.02, ""holdout_frac"": 0.2, ""init_frac"": 0.1, ""init_holdout_frac"": 0.2, ""k"": 3, ""min_buffer"": 100, ""n_ref"": 200, ""probe_rows"": 1000, ""track_energy"": true}"
covtype,gnb,AlwaysNudge,always_nudge,0,90000,8000,balanced_accuracy,274,274,0,274,0,0,27,0,0,104,274,,0,0,0,61645,0,61645,274,0.2702779000028386,1.126399999999815e-05,8000,0.73,0.7266555555555556,0.32533340655920767,0.6374305774630642,params,763,763,,,params_read,763.0,763.0,1.0,1.5596999983245041,1.3972000015201047,3.829025699997146,"{""adwin_delta"": 0.002, ""buffer_size"": 1000, ""chunk_size"": 2000, ""energy_country_iso"": ""USA"", ""eval_block"": 1000, ""floor_drop"": 0.02, ""holdout_frac"": 0.2, ""init_frac"": 0.1, ""init_holdout_frac"": 0.2, ""k"": 3, ""min_buffer"": 100, ""n_ref"": 200, ""probe_rows"": 1000, ""track_energy"": true}"
covtype,gnb,NeverAdapt,never_adapt,0,90000,8000,balanced_accuracy,321,321,321,0,0,0,54,0,0,160,0,,0,0,0,0,0,0,0,0.0,8.174544167329815e-06,8000,0.441,0.45614444444444446,0.5074229461122944,0.6509634266193369,params,763,763,,,params_read,763.0,763.0,1.0,1.4881000024615787,1.4082000016060192,3.249177099998633,"{""adwin_delta"": 0.002, ""buffer_size"": 1000, ""chunk_size"": 2000, ""energy_country_iso"": ""USA"", ""eval_block"": 1000, ""floor_drop"": 0.02, ""holdout_frac"": 0.2, ""init_frac"": 0.1, ""init_holdout_frac"": 0.2, ""k"": 3, ""min_buffer"": 100, ""n_ref"": 200, ""probe_rows"": 1000, ""track_energy"": true}"
elec2,xgb,AlwaysRebuild,always_rebuild,1,40781,3624,accuracy,74,74,0,0,74,0,0,0,0,11,0,,0,0,0,3742400,7400,37424,7400,8.932277800005977,5.1844338889222166e-05,362400,0.827,0.7420367327922317,0.8366504493574008,0.7332180228413645,rounds,100,100,4628,2056,node_visits,569.399,445.83,0.782983461509416,3.5112000005028676,3.213200001482619,13.72821649999969,"{""adwin_delta"": 0.002, ""buffer_size"": 1000, ""chunk_size"": 2000, ""energy_country_iso"": ""USA"", ""eval_block"": 1000, ""floor_drop"": 0.02, ""holdout_frac"": 0.2, ""init_frac"": 0.1, ""init_holdout_frac"": 0.2, ""k"": 3, ""min_buffer"": 100, ""n_ref"": 200, ""probe_rows"": 1000, ""track_energy"": true}"
elec2,xgb,MechanismSelector,mechanism_selector,1,40781,3624,accuracy,71,71,23,5,43,16,1,0,0,10,32,5,0,0,0,2051495,4460,35011,4460,5.796566500015615,3.507888666699913e-05,362400,0.551,0.7126112650499007,0.5787992495309568,0.7065154278400612,rounds,100,100,4628,952,node_visits,569.399,341.522,0.5997938176919875,4.0386999971815385,2.950900001451373,8.517637599998125,"{""adwin_delta"": 0.002, ""buffer_size"": 1000, ""chunk_size"": 2000, ""energy_country_iso"": ""USA"", ""eval_block"": 1000, ""floor_drop"": 0.02, ""holdout_frac"": 0.2, ""init_frac"": 0.1, ""init_holdout_frac"": 0.2, ""k"": 3, ""min_buffer"": 100, ""n_ref"": 200, ""probe_rows"": 1000, ""track_energy"": true}"
elec2,xgb,FixedSchedule(k=3),fixed_schedule,1,40781,3624,accuracy,52,52,0,35,17,0,1,0,0,4,35,,0,0,0,1032595,1875,27843,1875,2.9509057000141183,2.0782623611115707e-05,362400,0.876,0.7359799906819352,0.8745294502854434,0.729698439819628,rounds,100,105,4628,1305,node_visits,569.399,379.623,0.6667082309593098,3.798600002482999,2.7436999989731703,5.530339900000399,"{""adwin_delta"": 0.002, ""buffer_size"": 1000, ""chunk_size"": 2000, ""energy_country_iso"": ""USA"", ""eval_block"": 1000, ""floor_drop"": 0.02, ""holdout_frac"": 0.2, ""init_frac"": 0.1, ""init_holdout_frac"": 0.2, ""k"": 3, ""min_buffer"": 100, ""n_ref"": 200, ""probe_rows"": 1000, ""track_energy"": true}"
elec2,xgb,AlwaysNudge,always_nudge,1,40781,3624,accuracy,53,53,0,53,0,0,1,0,0,8,53,,0,0,0,124245,265,24849,265,1.8963990999982343,2.14049816669943e-05,362400,0.79,0.7219783722812094,0.7898767029179103,0.717456888356599,rounds,100,365,4628,10307,node_visits,569.399,1636.587,2.8742358170632545,4.4785999998566695,9.804600002098596,5.261996000001091,"{""adwin_delta"": 0.002, ""buffer_size"": 1000, ""chunk_size"": 2000, ""energy_country_iso"": ""USA"", ""eval_block"": 1000, ""floor_drop"": 0.02, ""holdout_frac"": 0.2, ""init_frac"": 0.1, ""init_holdout_frac"": 0.2, ""k"": 3, ""min_buffer"": 100, ""n_ref"": 200, ""probe_rows"": 1000, ""track_energy"": true}"
elec2,xgb,NeverAdapt,never_adapt,1,40781,3624,accuracy,79,79,79,0,0,0,1,0,0,18,0,,0,0,0,0,0,0,0,0.0,4.953327777446548e-06,362400,0.712,0.7068978200632647,0.6954935699908803,0.6694052678219897,rounds,100,100,4628,4628,node_visits,569.399,569.399,1.0,3.795299999183044,3.770999999687774,2.418587200001639,"{""adwin_delta"": 0.002, ""buffer_size"": 1000, ""chunk_size"": 2000, ""energy_country_iso"": ""USA"", ""eval_block"": 1000, ""floor_drop"": 0.02, ""holdout_frac"": 0.2, ""init_frac"": 0.1, ""init_holdout_frac"": 0.2, ""k"": 3, ""min_buffer"": 100, ""n_ref"": 200, ""probe_rows"": 1000, ""track_energy"": true}"
elec2,rf,AlwaysRebuild,always_rebuild,1,40781,3624,accuracy,60,60,0,0,60,0,0,0,0,4,0,,0,0,0,3500000,6000,35000,6000,11.60688900000605,7.162995249934166e-05,362400,0.85,0.7484612932493073,0.852393024012599,0.7387086654535883,trees,100,100,69258,11618,node_visits,867.911,646.329,0.7446950205723859,14.021200000570389,12.366400002065348,16.23838810000234,"{""adwin_delta"": 0.002, ""buffer_size"": 1000, ""chunk_size"": 2000, ""energy_country_iso"": ""USA"", ""eval_block"": 1000, ""floor_drop"": 0.02, ""holdout_frac"": 0.2, ""init_frac"": 0.1, ""init_holdout_frac"": 0.2, ""k"": 3, ""min_buffer"": 100, ""n_ref"": 200, ""probe_rows"": 1000, ""track_energy"": true}"
elec2,rf,MechanismSelector,mechanism_selector,1,40781,3624,accuracy,69,69,19,0,50,14,3,0,0,10,36,0,0,0,0,2283545,5180,37797,5180,9.494605399995635,6.483180888888302e-05,362400,0.511,0.7143522718913219,0.5349120770074445,0.7028054992953514,trees,100,100,69258,1740,node_visits,867.911,412.089,0.4748055964263617,14.036000000487547,25.577699998393655,14.769329800001287,"{""adwin_delta"": 0.002, ""buffer_size"": 1000, ""chunk_size"": 2000, ""energy_country_iso"": ""USA"", ""eval_block"": 1000, ""floor_drop"": 0.02, ""holdout_frac"": 0.2, ""init_frac"": 0.1, ""init_holdout_frac"": 0.2, ""k"": 3, ""min_buffer"": 100, ""n_ref"": 200, ""probe_rows"": 1000, ""track_energy"": true}"
elec2,rf,FixedSchedule(k=3),fixed_schedule,1,40781,3624,accuracy,64,64,0,43,21,0,1,0,0,8,43,,0,0,0,1254785,2315,30253,2315,4.826227000019571,5.056464027810384e-05,362400,0.859,0.7303891518108924,0.8546046578897678,0.7240680391962083,trees,100,100,69258,3666,node_visits,867.911,504.736,0.5815527168108251,17.636299999139737,11.611699999775738,10.102031600003102,"{""adwin_delta"": 0.002, ""buffer_size"": 1000, ""chunk_size"": 2000, ""energy_country_iso"": ""USA"", ""eval_block"": 1000, ""floor_drop"": 0.02, ""holdout_frac"": 0.2, ""init_frac"": 0.1, ""init_holdout_frac"": 0.2, ""k"": 3, ""min_buffer"": 100, ""n_ref"": 200, ""probe_rows"": 1000, ""track_energy"": true}"
elec2,rf,AlwaysNudge,always_nudge,1,40781,3624,accuracy,72,72,0,72,0,0,0,0,0,11,72,,0,0,0,151715,360,30343,360,0.7068397000184632,2.1809788611111313e-05,362400,0.771,0.7399279076040313,0.7711250205896887,0.730232185477783,trees,100,100,69258,6926,node_visits,867.911,527.102,0.6073226402246313,12.824599998566555,12.11680000051274,5.960345300001791,"{""adwin_delta"": 0.002, ""buffer_size"": 1000, ""chunk_size"": 2000, ""energy_country_iso"": ""USA"", ""eval_block"": 1000, ""floor_drop"": 0.02, ""holdout_frac"": 0.2, ""init_frac"": 0.1, ""init_holdout_frac"": 0.2, ""k"": 3, ""min_buffer"": 100, ""n_ref"": 200, ""probe_rows"": 1000, ""track_energy"": true}"
elec2,rf,NeverAdapt,never_adapt,1,40781,3624,accuracy,80,80,80,0,0,0,1,0,0,18,0,,0,0,0,0,0,0,0,0.0,1.5517279444449426e-05,362400,0.725,0.7146465265687453,0.7068932268963606,0.6729923532630542,trees,100,100,69258,69258,node_visits,867.911,867.911,1.0,16.073599999799626,13.173000003007473,4.464563300000009,"{""adwin_delta"": 0.002, ""buffer_size"": 1000, ""chunk_size"": 2000, ""energy_country_iso"": ""USA"", ""eval_block"": 1000, ""floor_drop"": 0.02, ""holdout_frac"": 0.2, ""init_frac"": 0.1, ""init_holdout_frac"": 0.2, ""k"": 3, ""min_buffer"": 100, ""n_ref"": 200, ""probe_rows"": 1000, ""track_energy"": true}"
elec2,sgd,AlwaysRebuild,always_rebuild,1,40781,3624,accuracy,54,54,0,0,54,0,1,0,0,5,0,,0,0,0,2014852,0,32892,3087,0.22925989999930607,2.451089444116505e-06,366024,0.609,0.653490596110934,0.5829613797702794,0.6392430853990105,params,9,9,,,params_read,9.0,9.0,1.0,0.34139999843318947,0.2917000019806437,1.9556470999996236,"{""adwin_delta"": 0.002, ""buffer_size"": 1000, ""chunk_size"": 2000, ""energy_country_iso"": ""USA"", ""eval_block"": 1000, ""floor_drop"": 0.02, ""holdout_frac"": 0.2, ""init_frac"": 0.1, ""init_holdout_frac"": 0.2, ""k"": 3, ""min_buffer"": 100, ""n_ref"": 200, ""probe_rows"": 1000, ""track_energy"": true}"
elec2,sgd,MechanismSelector,mechanism_selector,1,40781,3624,accuracy,70,70,23,7,40,15,0,0,0,12,32,7,0,0,0,1089705,0,33481,2174,0.18120910001016455,2.287203611429315e-06,366024,0.585,0.6092052671587259,0.5559396732165313,0.6010395139216617,params,9,9,,,params_read,9.0,9.0,1.0,0.2913000025728252,0.16490000052726828,1.9481976000024588,"{""adwin_delta"": 0.002, ""buffer_size"": 1000, ""chunk_size"": 2000, ""energy_country_iso"": ""USA"", ""eval_block"": 1000, ""floor_drop"": 0.02, ""holdout_frac"": 0.2, ""init_frac"": 0.1, ""init_holdout_frac"": 0.2, ""k"": 3, ""min_buffer"": 100, ""n_ref"": 200, ""probe_rows"": 1000, ""track_energy"": true}"
elec2,sgd,FixedSchedule(k=3),fixed_schedule,1,40781,3624,accuracy,63,63,0,42,21,0,0,0,0,9,42,,0,0,0,788525,0,29733,1333,0.13045199997577583,1.8548319441068336e-06,366024,0.626,0.6346337755327236,0.6263523910152624,0.6141128767202432,params,9,9,,,params_read,9.0,9.0,1.0,0.23829999918234535,0.1649999976507388,1.894040799998038,"{""adwin_delta"": 0.002, ""buffer_size"": 1000, ""chunk_size"": 2000, ""energy_country_iso"": ""USA"", ""eval_block"": 1000, ""floor_drop"": 0.02, ""holdout_frac"": 0.2, ""init_frac"": 0.1, ""init_holdout_frac"": 0.2, ""k"": 3, ""min_buffer"": 100, ""n_ref"": 200, ""probe_rows"": 1000, ""track_energy"": true}"
elec2,sgd,AlwaysNudge,always_nudge,1,40781,3624,accuracy,70,70,0,70,0,0,0,0,0,11,70,,0,0,0,29833,0,29833,70,0.0850292999894009,2.1151427784512215e-06,366024,0.776,0.6961330031141953,0.762690278854691,0.6833116099837946,params,9,9,,,params_read,9.0,9.0,1.0,0.2195999986724928,0.23940000028233044,1.8647304000005533,"{""adwin_delta"": 0.002, ""buffer_size"": 1000, ""chunk_size"": 2000, ""energy_country_iso"": ""USA"", ""eval_block"": 1000, ""floor_drop"": 0.02, ""holdout_frac"": 0.2, ""init_frac"": 0.1, ""init_holdout_frac"": 0.2, ""k"": 3, ""min_buffer"": 100, ""n_ref"": 200, ""probe_rows"": 1000, ""track_energy"": true}"
elec2,sgd,NeverAdapt,never_adapt,1,40781,3624,accuracy,79,79,79,0,0,0,1,0,0,22,0,,0,0,0,0,0,0,0,0.0,1.0804655555571261e-06,366024,0.585,0.6275961844976827,0.5556745182012848,0.5655280472552308,params,9,9,,,params_read,9.0,9.0,1.0,0.24539999867556617,0.1646999990043696,1.6776414000014483,"{""adwin_delta"": 0.002, ""buffer_size"": 1000, ""chunk_size"": 2000, ""energy_country_iso"": ""USA"", ""eval_block"": 1000, ""floor_drop"": 0.02, ""holdout_frac"": 0.2, ""init_frac"": 0.1, ""init_holdout_frac"": 0.2, ""k"": 3, ""min_buffer"": 100, ""n_ref"": 200, ""probe_rows"": 1000, ""track_energy"": true}"
elec2,gnb,AlwaysRebuild,always_rebuild,1,40781,3624,accuracy,77,77,0,0,77,0,1,0,0,7,0,,0,0,0,36948,0,36948,77,0.07015679998585256,1.6101605558882254e-06,3624,0.741,0.6810524508962507,0.7433801639943594,0.6678119859634271,params,34,34,,,params_read,34.0,34.0,1.0,0.25649999952293,0.5047000013291836,1.8789804999978514,"{""adwin_delta"": 0.002, ""buffer_size"": 1000, ""chunk_size"": 2000, ""energy_country_iso"": ""USA"", ""eval_block"": 1000, ""floor_drop"": 0.02, ""holdout_frac"": 0.2, ""init_frac"": 0.1, ""init_holdout_frac"": 0.2, ""k"": 3, ""min_buffer"": 100, ""n_ref"": 200, ""probe_rows"": 1000, ""track_energy"": true}"
elec2,gnb,MechanismSelector,mechanism_selector,1,40781,3624,accuracy,66,66,13,13,40,14,0,0,0,10,39,13,0,0,0,36049,0,36049,79,0.07379790000413777,1.5248138885583793e-06,3624,0.683,0.672690713812805,0.6875128057819864,0.6495440700401959,params,34,34,,,params_read,34.0,34.0,1.0,0.2746999998635147,0.2581999979156535,1.796881399997801,"{""adwin_delta"": 0.002, ""buffer_size"": 1000, ""chunk_size"": 2000, ""energy_country_iso"": ""USA"", ""eval_block"": 1000, ""floor_drop"": 0.02, ""holdout_frac"": 0.2, ""init_frac"": 0.1, ""init_holdout_frac"": 0.2, ""k"": 3, ""min_buffer"": 100, ""n_ref"": 200, ""probe_rows"": 1000, ""track_energy"": true}"
elec2,gnb,FixedSchedule(k=3),fixed_schedule,1,40781,3624,accuracy,81,81,0,54,27,0,1,0,0,15,54,,0,0,0,33970,0,33970,81,0.0661337999990792,1.5670899999927913e-06,3624,0.638,0.6892915818641033,0.6460943871504272,0.6751341647430442,params,34,34,,,params_read,34.0,34.0,1.0,0.2601000014692545,0.2950999987660907,1.8200969999998051,"{""adwin_delta"": 0.002, ""buffer_size"": 1000, ""chunk_size"": 2000, ""energy_country_iso"": ""USA"", ""eval_block"": 1000, ""floor_drop"": 0.02, ""holdout_frac"": 0.2, ""init_frac"": 0.1, ""init_holdout_frac"": 0.2, ""k"": 3, ""min_buffer"": 100, ""n_ref"": 200, ""probe_rows"": 1000, ""track_energy"": true}"
elec2,gnb,AlwaysNudge,always_nudge,1,40781,3624,accuracy,73,73,0,73,0,0,0,0,0,11,73,,0,0,0,31274,0,31274,73,0.06514430000970606,1.6533030558809529e-06,3624,0.763,0.7051077707756063,0.7518209319797036,0.6799821366687192,params,34,34,,,params_read,34.0,34.0,1.0,0.2537000000302214,0.28329999986453913,1.8195747999998275,"{""adwin_delta"": 0.002, ""buffer_size"": 1000, ""chunk_size"": 2000, ""energy_country_iso"": ""USA"", ""eval_block"": 1000, ""floor_drop"": 0.02, ""holdout_frac"": 0.2, ""init_frac"": 0.1, ""init_holdout_frac"": 0.2, ""k"": 3, ""min_buffer"": 100, ""n_ref"": 200, ""probe_rows"": 1000, ""track_energy"": true}"
elec2,gnb,NeverAdapt,never_adapt,1,40781,3624,accuracy,64,64,64,0,0,0,1,0,0,11,0,,0,0,0,0,0,0,0,0.0,8.57405278448196e-07,3624,0.467,0.4804933670091464,0.5,0.5380421220500731,params,34,34,,,params_read,34.0,34.0,1.0,0.2535999992687721,0.26219999926979654,1.6704121999973722,"{""adwin_delta"": 0.002, ""buffer_size"": 1000, ""chunk_size"": 2000, ""energy_country_iso"": ""USA"", ""eval_block"": 1000, ""floor_drop"": 0.02, ""holdout_frac"": 0.2, ""init_frac"": 0.1, ""init_holdout_frac"": 0.2, ""k"": 3, ""min_buffer"": 100, ""n_ref"": 200, ""probe_rows"": 1000, ""track_energy"": true}"
insects_abrupt,xgb,AlwaysRebuild,always_rebuild,1,47564,4227,balanced_accuracy,9,9,0,0,9,0,0,0,0,0,0,,0,0,0,900000,900,9000,900,9.60416460000124,6.824818861110348e-05,422700,0.39,0.5604448742746615,0.4344803614876607,0.5608586746253009,rounds,100,100,29416,11532,node_visits,3673.036,2357.422,0.6418183758612767,18.116600000212202,13.76670000172453,15.30329139999958,"{""adwin_delta"": 0.002, ""buffer_size"": 1000, ""chunk_size"": 2000, ""energy_country_iso"": ""USA"", ""eval_block"": 1000, ""floor_drop"": 0.02, ""holdout_frac"": 0.2, ""init_frac"": 0.1, ""init_holdout_frac"": 0.2, ""k"": 3, ""min_buffer"": 100, ""n_ref"": 200, ""probe_rows"": 1000, ""track_energy"": true}"
insects_abrupt,xgb,MechanismSelector,mechanism_selector,1,47564,4227,balanced_accuracy,11,11,5,1,5,0,0,0,0,0,6,1,4,15,0,476575,530,8979,530,4.971842899994954,5.2893356388888375e-05,422700,0.45,0.45650071482633925,0.35811283454987836,0.4539220111710304,rounds,100,105,29416,3502,node_visits,3673.036,1294.357,0.35239431358690737,17.024699998728465,8.948099999543047,10.882696000000578,"{""adwin_delta"": 0.002, ""buffer_size"": 1000, ""chunk_size"": 2000, ""energy_country_iso"": ""USA"", ""eval_block"": 1000, ""floor_drop"": 0.02, ""holdout_frac"": 0.2, ""init_frac"": 0.1, ""init_holdout_frac"": 0.2, ""k"": 3, ""min_buffer"": 100, ""n_ref"": 200, ""probe_rows"": 1000, ""track_energy"": true}"
insects_abrupt,xgb,FixedSchedule(k=3),fixed_schedule,1,47564,4227,balanced_accuracy,11,11,0,8,3,0,0,0,0,0,8,,3,10,0,325405,340,8841,340,5.3512509999927715,5.202313472255928e-05,422700,0.489,0.4942603649819191,0.5841599322210635,0.49527412446460356,rounds,100,110,29416,15468,node_visits,3673.036,2874.613,0.7826258713500222,16.838300001836615,16.322999999829335,11.18669840000075,"{""adwin_delta"": 0.002, ""buffer_size"": 1000, ""chunk_size"": 2000, ""energy_country_iso"": ""USA"", ""eval_block"": 1000, ""floor_drop"": 0.02, ""holdout_frac"": 0.2, ""init_frac"": 0.1, ""init_holdout_frac"": 0.2, ""k"": 3, ""min_buffer"": 100, ""n_ref"": 200, ""probe_rows"": 1000, ""track_energy"": true}"
insects_abrupt,xgb,AlwaysNudge,always_nudge,1,47564,4227,balanced_accuracy,10,10,0,10,0,0,0,0,0,0,10,,2,3,0,40000,50,8000,50,2.1536937999953807,4.0525755555882686e-05,422700,0.226,0.501219409637541,0.5375825512686826,0.5031137949391248,rounds,100,150,29416,40844,node_visits,3673.036,5286.679,1.4393213134856289,18.684300001041265,18.503499999496853,8.997300799997902,"{""adwin_delta"": 0.002, ""buffer_size"": 1000, ""chunk_size"": 2000, ""energy_country_iso"": ""USA"", ""eval_block"": 1000, ""floor_drop"": 0.02, ""holdout_frac"": 0.2, ""init_frac"": 0.1, ""init_holdout_frac"": 0.2, ""k"": 3, ""min_buffer"": 100, ""n_ref"": 200, ""probe_rows"": 1000, ""track_energy"": true}"
insects_abrupt,xgb,NeverAdapt,never_adapt,1,47564,4227,balanced_accuracy,9,9,9,0,0,0,0,0,0,0,0,,0,0,0,0,0,0,0,0.0,2.3495787221892055e-05,422700,0.276,0.5618324783449667,0.6358500608272507,0.5689607474919983,rounds,100,100,29416,29416,node_visits,3673.036,3673.036,1.0,18.182899999374058,17.311099996732082,6.017718200000672,"{""adwin_delta"": 0.002, ""buffer_size"": 1000, ""chunk_size"": 2000, ""energy_country_iso"": ""USA"", ""eval_block"": 1000, ""floor_drop"": 0.02, ""holdout_frac"": 0.2, ""init_frac"": 0.1, ""init_holdout_frac"": 0.2, ""k"": 3, ""min_buffer"": 100, ""n_ref"": 200, ""probe_rows"": 1000, ""track_energy"": true}"
insects_abrupt,rf,AlwaysRebuild,always_rebuild,1,47564,4227,balanced_accuracy,10,10,0,0,10,0,0,0,0,1,0,,1,2,0,919200,1000,9192,1000,4.1192145999957575,4.116939111044419e-05,422700,0.25,0.535678244050122,0.5386578901633646,0.5359048630497546,trees,100,100,122862,21882,node_visits,1296.761,1014.286,0.7821688036577288,24.473800000123447,20.155700000032084,8.904586899996502,"{""adwin_delta"": 0.002, ""buffer_size"": 1000, ""chunk_size"": 2000, ""energy_country_iso"": ""USA"", ""eval_block"": 1000, ""floor_drop"": 0.02, ""holdout_frac"": 0.2, ""init_frac"": 0.1, ""init_holdout_frac"": 0.2, ""k"": 3, ""min_buffer"": 100, ""n_ref"": 200, ""probe_rows"": 1000, ""track_energy"": true}"
insects_abrupt,rf,MechanismSelector,mechanism_selector,1,47564,4227,balanced_accuracy,9,9,6,0,3,1,0,0,0,1,2,0,1,4,0,224000,310,3760,310,1.3352141000032134,2.8850003611120073e-05,422700,0.683,0.5087461105037423,0.2992483489746263,0.511681988399448,trees,100,100,122862,34392,node_visits,1296.761,983.271,0.7582515205192013,21.394799998233793,26.86119999998482,6.545393600001262,"{""adwin_delta"": 0.002, ""buffer_size"": 1000, ""chunk_size"": 2000, ""energy_country_iso"": ""USA"", ""eval_block"": 1000, ""floor_drop"": 0.02, ""holdout_frac"": 0.2, ""init_frac"": 0.1, ""init_holdout_frac"": 0.2, ""k"": 3, ""min_buffer"": 100, ""n_ref"": 200, ""probe_rows"": 1000, ""track_energy"": true}"
insects_abrupt,rf,FixedSchedule(k=3),fixed_schedule,1,47564,4227,balanced_accuracy,10,10,0,7,3,0,0,0,0,1,7,,3,8,0,240800,335,7728,335,1.2350063999911072,2.7940618332666902e-05,422700,0.344,0.3983054410898999,0.46000173792144594,0.3971204943484528,trees,100,100,122862,31280,node_visits,1296.761,1004.885,0.7749192025361651,25.021199999173405,16.983800000161864,6.46594819999882,"{""adwin_delta"": 0.002, ""buffer_size"": 1000, ""chunk_size"": 2000, ""energy_country_iso"": ""USA"", ""eval_block"": 1000, ""floor_drop"": 0.02, ""holdout_frac"": 0.2, ""init_frac"": 0.1, ""init_holdout_frac"": 0.2, ""k"": 3, ""min_buffer"": 100, ""n_ref"": 200, ""probe_rows"": 1000, ""track_energy"": true}"
insects_abrupt,rf,AlwaysNudge,always_nudge,1,47564,4227,balanced_accuracy,9,9,0,9,0,0,0,0,0,0,9,,4,13,0,34045,45,6809,45,0.1679582000033406,1.8256130555211298e-05,422700,0.24,0.5533386594903709,0.633079162321863,0.5610987487796958,trees,100,100,122862,76114,node_visits,1296.761,1043.142,0.8044211693596585,21.04469999903813,35.65059999891673,5.260669999999664,"{""adwin_delta"": 0.002, ""buffer_size"": 1000, ""chunk_size"": 2000, ""energy_country_iso"": ""USA"", ""eval_block"": 1000, ""floor_drop"": 0.02, ""holdout_frac"": 0.2, ""init_frac"": 0.1, ""init_holdout_frac"": 0.2, ""k"": 3, ""min_buffer"": 100, ""n_ref"": 200, ""probe_rows"": 1000, ""track_energy"": true}"
insects_abrupt,rf,NeverAdapt,never_adapt,1,47564,4227,balanced_accuracy,8,8,8,0,0,0,0,0,0,0,0,,0,0,0,0,0,0,0,0.0,1.8797919444435738e-05,422700,0.207,0.5555251871163065,0.6558774330900243,0.5635582622047781,trees,100,100,122862,122862,node_visits,1296.761,1296.761,1.0,21.61609999893699,24.50229999885778,5.089392300000327,"{""adwin_delta"": 0.002, ""buffer_size"": 1000, ""chunk_size"": 2000, ""energy_country_iso"": ""USA"", ""eval_block"": 1000, ""floor_drop"": 0.02, ""holdout_frac"": 0.2, ""init_frac"": 0.1, ""init_holdout_frac"": 0.2, ""k"": 3, ""min_buffer"": 100, ""n_ref"": 200, ""probe_rows"": 1000, ""track_energy"": true}"
insects_abrupt,sgd,AlwaysRebuild,always_rebuild,1,47564,4227,balanced_accuracy,8,8,0,0,8,0,0,0,0,0,0,,2,2,0,2706000,0,8000,2706,0.6001008000021102,6.409123055552329e-06,727044,0.19,0.1530569338154907,0.20980948036148764,0.1526365053061479,params,204,204,,,params_read,204.0,204.0,1.0,0.23999999757506885,0.41119999877992086,2.694810900000448,"{""adwin_delta"": 0.002, ""buffer_size"": 1000, ""chunk_size"": 2000, ""energy_country_iso"": ""USA"", ""eval_block"": 1000, ""floor_drop"": 0.02, ""holdout_frac"": 0.2, ""init_frac"": 0.1, ""init_holdout_frac"": 0.2, ""k"": 3, ""min_buffer"": 100, ""n_ref"": 200, ""probe_rows"": 1000, ""track_energy"": true}"
insects_abrupt,sgd,MechanismSelector,mechanism_selector,1,47564,4227,balanced_accuracy,11,11,10,0,1,0,0,0,0,0,1,0,0,0,0,106800,0,1800,107,0.05980930000077933,2.7398155552239553e-06,727044,0.07,0.18368934488268437,0.25,0.18697801279633997,params,204,204,,,params_read,204.0,204.0,1.0,0.23519999740528874,0.8799000024737325,2.0935272999995505,"{""adwin_delta"": 0.002, ""buffer_size"": 1000, ""chunk_size"": 2000, ""energy_country_iso"": ""USA"", ""eval_block"": 1000, ""floor_drop"": 0.02, ""holdout_frac"": 0.2, ""init_frac"": 0.1, ""init_holdout_frac"": 0.2, ""k"": 3, ""min_buffer"": 100, ""n_ref"": 200, ""probe_rows"": 1000, ""track_energy"": true}"
insects_abrupt,sgd,FixedSchedule(k=3),fixed_schedule,1,47564,4227,balanced_accuracy,9,9,0,6,3,0,0,0,0,0,6,,0,0,0,355800,0,7800,357,0.1886060999968322,3.6644522222094424e-06,727044,0.19,0.19100580270793036,0.20980948036148764,0.18929539331090417,params,204,204,,,params_read,204.0,204.0,1.0,0.4092999988642987,0.2387000022281427,2.254003099998954,"{""adwin_delta"": 0.002, ""buffer_size"": 1000, ""chunk_size"": 2000, ""energy_country_iso"": ""USA"", ""eval_block"": 1000, ""floor_drop"": 0.02, ""holdout_frac"": 0.2, ""init_frac"": 0.1, ""init_holdout_frac"": 0.2, ""k"": 3, ""min_buffer"": 100, ""n_ref"": 200, ""probe_rows"": 1000, ""track_energy"": true}"
insects_abrupt,sgd,AlwaysNudge,always_nudge,1,47564,4227,balanced_accuracy,9,9,0,9,0,0,0,0,0,0,9,,0,0,0,7200,0,7200,9,0.051226599996880395,4.540339166000976e-06,727044,0.042,0.1713060297704146,0.06831769204031977,0.16955381252177829,params,204,204,,,params_read,204.0,204.0,1.0,0.23799999689799733,0.8000999987416435,2.1935276000003796,"{""adwin_delta"": 0.002, ""buffer_size"": 1000, ""chunk_size"": 2000, ""energy_country_iso"": ""USA"", ""eval_block"": 1000, ""floor_drop"": 0.02, ""holdout_frac"": 0.2, ""init_frac"": 0.1, ""init_holdout_frac"": 0.2, ""k"": 3, ""min_buffer"": 100, ""n_ref"": 200, ""probe_rows"": 1000, ""track_energy"": true}"
insects_abrupt,sgd,NeverAdapt,never_adapt,1,47564,4227,balanced_accuracy,10,10,10,0,0,0,0,0,0,0,0,,0,0,0,0,0,0,0,0.0,3.2037588888927732e-06,727044,0.077,0.24367168446724413,0.325,0.24758425685777388,params,204,204,,,params_read,204.0,204.0,1.0,0.3529999994498212,0.6888999996590428,2.1463618999987375,"{""adwin_delta"": 0.002, ""buffer_size"": 1000, ""chunk_size"": 2000, ""energy_country_iso"": ""USA"", ""eval_block"": 1000, ""floor_drop"": 0.02, ""holdout_frac"": 0.2, ""init_frac"": 0.1, ""init_holdout_frac"": 0.2, ""k"": 3, ""min_buffer"": 100, ""n_ref"": 200, ""probe_rows"": 1000, ""track_energy"": true}"
insects_abrupt,gnb,AlwaysRebuild,always_rebuild,1,47564,4227,balanced_accuracy,10,10,0,0,10,0,0,0,0,0,0,,3,4,0,9384,0,9384,10,0.01950800000122399,1.0809841663313979e-06,4227,0.299,0.5725548734336894,0.7058361574556831,0.5733682680547112,params,402,402,,,params_read,402.0,402.0,1.0,1.1112000029243063,1.2630999990506098,1.73427029999948,"{""adwin_delta"": 0.002, ""buffer_size"": 1000, ""chunk_size"": 2000, ""energy_country_iso"": ""USA"", ""eval_block"": 1000, ""floor_drop"": 0.02, ""holdout_frac"": 0.2, ""init_frac"": 0.1, ""init_holdout_frac"": 0.2, ""k"": 3, ""min_buffer"": 100, ""n_ref"": 200, ""probe_rows"": 1000, ""track_energy"": true}"
insects_abrupt,gnb,MechanismSelector,mechanism_selector,1,47564,4227,balanced_accuracy,11,11,8,1,2,1,0,0,0,1,2,1,1,1,0,2728,0,2728,4,0.009795800000574673,2.4818474996710993e-06,4227,0.233,0.4051803885291397,0.49015250260688215,0.4023382415452221,params,402,402,,,params_read,402.0,402.0,1.0,0.8553000006941147,1.2126999972679187,1.8899875999995857,"{""adwin_delta"": 0.002, ""buffer_size"": 1000, ""chunk_size"": 2000, ""energy_country_iso"": ""USA"", ""eval_block"": 1000, ""floor_drop"": 0.02, ""holdout_frac"": 0.2, ""init_frac"": 0.1, ""init_holdout_frac"": 0.2, ""k"": 3, ""min_buffer"": 100, ""n_ref"": 200, ""probe_rows"": 1000, ""track_energy"": true}"
insects_abrupt,gnb,FixedSchedule(k=3),fixed_schedule,1,47564,4227,balanced_accuracy,11,11,0,8,3,0,0,0,0,0,8,,0,0,0,9086,0,9086,11,0.018181599996751174,1.4218980562246438e-06,4227,0.21,0.41750063072912286,0.6685132082029892,0.4161156070580471,params,402,402,,,params_read,402.0,402.0,1.0,1.2454999996407423,1.0679999977583066,1.8153268999994907,"{""adwin_delta"": 0.002, ""buffer_size"": 1000, ""chunk_size"": 2000, ""energy_country_iso"": ""USA"", ""eval_block"": 1000, ""floor_drop"": 0.02, ""holdout_frac"": 0.2, ""init_frac"": 0.1, ""init_holdout_frac"": 0.2, ""k"": 3, ""min_buffer"": 100, ""n_ref"": 200, ""probe_rows"": 1000, ""track_energy"": true}"
insects_abrupt,gnb,AlwaysNudge,always_nudge,1,47564,4227,balanced_accuracy,7,7,0,7,0,0,0,0,0,0,7,,0,0,0,5600,0,5600,7,0.009040000004461035,1.133150555550637e-06,4227,0.661,0.4888571188293667,0.6478775634341327,0.48718297247645137,params,402,402,,,params_read,402.0,402.0,1.0,0.8589999997639097,1.6366999989259057,1.7231843000008666,"{""adwin_delta"": 0.002, ""buffer_size"": 1000, ""chunk_size"": 2000, ""energy_country_iso"": ""USA"", ""eval_block"": 1000, ""floor_drop"": 0.02, ""holdout_frac"": 0.2, ""init_frac"": 0.1, ""init_holdout_frac"": 0.2, ""k"": 3, ""min_buffer"": 100, ""n_ref"": 200, ""probe_rows"": 1000, ""track_energy"": true}"
insects_abrupt,gnb,NeverAdapt,never_adapt,1,47564,4227,balanced_accuracy,8,8,8,0,0,0,0,0,0,0,0,,0,0,0,0,0,0,0,0.0,7.806411117848359e-07,4227,0.701,0.4918425700109326,0.6579531630170317,0.49116669023416265,params,402,402,,,params_read,402.0,402.0,1.0,1.0055000020656735,0.9660000032454263,1.6648488999999245,"{""adwin_delta"": 0.002, ""buffer_size"": 1000, ""chunk_size"": 2000, ""energy_country_iso"": ""USA"", ""eval_block"": 1000, ""floor_drop"": 0.02, ""holdout_frac"": 0.2, ""init_frac"": 0.1, ""init_holdout_frac"": 0.2, ""k"": 3, ""min_buffer"": 100, ""n_ref"": 200, ""probe_rows"": 1000, ""track_energy"": true}"
insects_gradual,xgb,AlwaysRebuild,always_rebuild,1,21735,1932,balanced_accuracy,7,7,0,0,7,0,0,0,0,1,0,,5,11,1,588800,700,5888,700,5.0201504999968165,3.4423924166665875e-05,193200,0.608,0.5131354957441914,0.5353198653198653,0.5092618247809012,rounds,100,100,8232,6928,node_visits,1833.129,1732.201,0.9449422271973222,11.950899999646936,10.402899999462534,8.049535699999979,"{""adwin_delta"": 0.002, ""buffer_size"": 1000, ""chunk_size"": 2000, ""energy_country_iso"": ""USA"", ""eval_block"": 1000, ""floor_drop"": 0.02, ""holdout_frac"": 0.2, ""init_frac"": 0.1, ""init_holdout_frac"": 0.2, ""k"": 3, ""min_buffer"": 100, ""n_ref"": 200, ""probe_rows"": 1000, ""track_energy"": true}"
insects_gradual,xgb,MechanismSelector,mechanism_selector,1,21735,1932,balanced_accuracy,5,5,0,1,4,0,0,0,0,0,5,1,3,13,1,405855,425,7755,425,4.036386899995705,2.9986062221890598e-05,193200,0.521,0.3899240855762595,0.2540978411566647,0.3967950636678477,rounds,100,100,8232,13408,node_visits,1833.129,2566.164,1.399881841376139,11.793900001066504,14.54609999927925,7.333743700000923,"{""adwin_delta"": 0.002, ""buffer_size"": 1000, ""chunk_size"": 2000, ""energy_country_iso"": ""USA"", ""eval_block"": 1000, ""floor_drop"": 0.02, ""holdout_frac"": 0.2, ""init_frac"": 0.1, ""init_holdout_frac"": 0.2, ""k"": 3, ""min_buffer"": 100, ""n_ref"": 200, ""probe_rows"": 1000, ""track_energy"": true}"
insects_gradual,xgb,FixedSchedule(k=3),fixed_schedule,1,21735,1932,balanced_accuracy,7,7,0,5,2,0,0,0,0,0,5,,5,13,1,216350,225,5270,225,2.548223900008452,2.599848833366069e-05,193200,0.393,0.4339084426040948,0.4698039215686274,0.43522763811490917,rounds,100,105,8232,15346,node_visits,1833.129,2889.309,1.5761623977363297,12.193399998068344,15.437199999723816,6.007736600000499,"{""adwin_delta"": 0.002, ""buffer_size"": 1000, ""chunk_size"": 2000, ""energy_country_iso"": ""USA"", ""eval_block"": 1000, ""floor_drop"": 0.02, ""holdout_frac"": 0.2, ""init_frac"": 0.1, ""init_holdout_frac"": 0.2, ""k"": 3, ""min_buffer"": 100, ""n_ref"": 200, ""probe_rows"": 1000, ""track_energy"": true}"
insects_gradual,xgb,AlwaysNudge,always_nudge,1,21735,1932,balanced_accuracy,6,6,0,6,0,0,1,0,0,1,6,,4,12,1,19855,30,3971,30,0.5921084000001429,1.3151461388559947e-05,193200,0.0,0.28428801472279736,0.0,0.295254943738491,rounds,100,130,8232,9994,node_visits,1833.129,2230.317,1.2166721490958903,12.378399998851819,13.868900001398288,3.890593000000081,"{""adwin_delta"": 0.002, ""buffer_size"": 1000, ""chunk_size"": 2000, ""energy_country_iso"": ""USA"", ""eval_block"": 1000, ""floor_drop"": 0.02, ""holdout_frac"": 0.2, ""init_frac"": 0.1, ""init_holdout_frac"": 0.2, ""k"": 3, ""min_buffer"": 100, ""n_ref"": 200, ""probe_rows"": 1000, ""track_energy"": true}"
insects_gradual,xgb,NeverAdapt,never_adapt,1,21735,1932,balanced_accuracy,7,7,7,0,0,0,1,0,0,1,0,,0,0,1,0,0,0,0,0.0,9.540492778447628e-06,193200,0.034,0.2782608695652174,0.2335115864527629,0.3060491100450692,rounds,100,100,8232,8232,node_visits,1833.129,1833.129,1.0,12.917900003230898,12.115900000935653,3.1492152000028,"{""adwin_delta"": 0.002, ""buffer_size"": 1000, ""chunk_size"": 2000, ""energy_country_iso"": ""USA"", ""eval_block"": 1000, ""floor_drop"": 0.02, ""holdout_frac"": 0.2, ""init_frac"": 0.1, ""init_holdout_frac"": 0.2, ""k"": 3, ""min_buffer"": 100, ""n_ref"": 200, ""probe_rows"": 1000, ""track_energy"": true}"
insects_gradual,rf,AlwaysRebuild,always_rebuild,1,21735,1932,balanced_accuracy,7,7,0,0,7,0,0,0,0,1,0,,5,11,1,544000,700,5440,700,3.2754464999961783,3.390978916600908e-05,193200,0.719,0.4913733609385783,0.5903980986333928,0.48852625358262736,trees,100,100,26480,10764,node_visits,867.122,840.709,0.9695394650349086,18.455199999152683,27.344299996912014,6.669759899999917,"{""adwin_delta"": 0.002, ""buffer_size"": 1000, ""chunk_size"": 2000, ""energy_country_iso"": ""USA"", ""eval_block"": 1000, ""floor_drop"": 0.02, ""holdout_frac"": 0.2, ""init_frac"": 0.1, ""init_holdout_frac"": 0.2, ""k"": 3, ""min_buffer"": 100, ""n_ref"": 200, ""probe_rows"": 1000, ""track_energy"": true}"
insects_gradual,rf,MechanismSelector,mechanism_selector,1,21735,1932,balanced_accuracy,7,7,1,0,6,1,0,0,0,1,5,0,5,23,1,454460,625,7748,625,2.1755030999920564,2.2023135278456245e-05,193200,0.537,0.4792270531400966,0.2460566448801743,0.4753041818985728,trees,100,100,26480,8850,node_visits,867.122,772.011,0.8903141657113993,16.848699997353833,16.23200000176439,5.481801900001301,"{""adwin_delta"": 0.002, ""buffer_size"": 1000, ""chunk_size"": 2000, ""energy_country_iso"": ""USA"", ""eval_block"": 1000, ""floor_drop"": 0.02, ""holdout_frac"": 0.2, ""init_frac"": 0.1, ""init_holdout_frac"": 0.2, ""k"": 3, ""min_buffer"": 100, ""n_ref"": 200, ""probe_rows"": 1000, ""track_energy"": true}"
insects_gradual,rf,FixedSchedule(k=3),fixed_schedule,1,21735,1932,balanced_accuracy,6,6,0,4,2,0,0,0,0,0,4,,4,10,1,212350,220,4470,220,0.897726799998054,1.2178512500668654e-05,193200,0.521,0.28240165631469977,0.20232323232323232,0.2945837691089848,trees,100,100,26480,37724,node_visits,867.122,1039.175,1.1984184463085932,17.458299997088034,20.958400000381516,3.85454369999934,"{""adwin_delta"": 0.002, ""buffer_size"": 1000, ""chunk_size"": 2000, ""energy_country_iso"": ""USA"", ""eval_block"": 1000, ""floor_drop"": 0.02, ""holdout_frac"": 0.2, ""init_frac"": 0.1, ""init_holdout_frac"": 0.2, ""k"": 3, ""min_buffer"": 100, ""n_ref"": 200, ""probe_rows"": 1000, ""track_energy"": true}"
insects_gradual,rf,AlwaysNudge,always_nudge,1,21735,1932,balanced_accuracy,7,7,0,7,0,0,1,0,0,1,7,,5,15,1,21390,35,4278,35,0.11402999999700114,1.0194362221551616e-05,193200,0.032,0.25152979066022546,0.21390374331550802,0.28065303816659865,trees,100,100,26480,21394,node_visits,867.122,795.081,0.9169194184901318,15.793700000358513,17.072200000257,3.3566732999970554,"{""adwin_delta"": 0.002, ""buffer_size"": 1000, ""chunk_size"": 2000, ""energy_country_iso"": ""USA"", ""eval_block"": 1000, ""floor_drop"": 0.02, ""holdout_frac"": 0.2, ""init_frac"": 0.1, ""init_holdout_frac"": 0.2, ""k"": 3, ""min_buffer"": 100, ""n_ref"": 200, ""probe_rows"": 1000, ""track_energy"": true}"
insects_gradual,rf,NeverAdapt,never_adapt,1,21735,1932,balanced_accuracy,7,7,7,0,0,0,1,0,0,1,0,,0,0,1,0,0,0,0,0.0,7.370448333338293e-06,193200,0.031,0.2513457556935818,0.20409982174688057,0.2803665066005338,trees,100,100,26480,26480,node_visits,867.122,867.122,1.0,15.809800002898555,16.338000001269393,3.1228246000027866,"{""adwin_delta"": 0.002, ""buffer_size"": 1000, ""chunk_size"": 2000, ""energy_country_iso"": ""USA"", ""eval_block"": 1000, ""floor_drop"": 0.02, ""holdout_frac"": 0.2, ""init_frac"": 0.1, ""init_holdout_frac"": 0.2, ""k"": 3, ""min_buffer"": 100, ""n_ref"": 200, ""probe_rows"": 1000, ""track_energy"": true}"
insects_gradual,sgd,AlwaysRebuild,always_rebuild,1,21735,1932,balanced_accuracy,5,5,0,0,5,0,0,0,0,0,0,,3,7,1,2783000,0,4568,3215,0.7287523000013607,6.314945278123474e-06,1932000,0.191,0.18090637221072003,0.1503030303030303,0.18420731811079336,params,204,204,,,params_read,204.0,204.0,1.0,0.2948000001197215,0.26810000053956173,2.540135499999451,"{""adwin_delta"": 0.002, ""buffer_size"": 1000, ""chunk_size"": 2000, ""energy_country_iso"": ""USA"", ""eval_block"": 1000, ""floor_drop"": 0.02, ""holdout_frac"": 0.2, ""init_frac"": 0.1, ""init_holdout_frac"": 0.2, ""k"": 3, ""min_buffer"": 100, ""n_ref"": 200, ""probe_rows"": 1000, ""track_energy"": true}"
insects_gradual,sgd,MechanismSelector,mechanism_selector,1,21735,1932,balanced_accuracy,6,6,3,2,1,0,0,0,0,0,3,2,0,0,1,98932,0,2932,100,0.05766550000043935,1.7566683326556678e-06,1932000,0.053,0.17943409247757075,0.01962962962962963,0.1868865530228029,params,204,204,,,params_read,204.0,204.0,1.0,0.2634999982547015,0.9148999997705687,1.898885300000984,"{""adwin_delta"": 0.002, ""buffer_size"": 1000, ""chunk_size"": 2000, ""energy_country_iso"": ""USA"", ""eval_block"": 1000, ""floor_drop"": 0.02, ""holdout_frac"": 0.2, ""init_frac"": 0.1, ""init_holdout_frac"": 0.2, ""k"": 3, ""min_buffer"": 100, ""n_ref"": 200, ""probe_rows"": 1000, ""track_energy"": true}"
insects_gradual,sgd,FixedSchedule(k=3),fixed_schedule,1,21735,1932,balanced_accuracy,5,5,0,4,1,0,0,0,0,0,4,,1,3,1,1003116,0,4116,1004,0.2964880000035919,3.768208888892602e-06,1932000,0.244,0.18601334253508167,0.358750247573777,0.1895488860529626,params,204,204,,,params_read,204.0,204.0,1.0,0.7962000017869286,0.23660000078962184,2.116164999999455,"{""adwin_delta"": 0.002, ""buffer_size"": 1000, ""chunk_size"": 2000, ""energy_country_iso"": ""USA"", ""eval_block"": 1000, ""floor_drop"": 0.02, ""holdout_frac"": 0.2, ""init_frac"": 0.1, ""init_holdout_frac"": 0.2, ""k"": 3, ""min_buffer"": 100, ""n_ref"": 200, ""probe_rows"": 1000, ""track_energy"": true}"
insects_gradual,sgd,AlwaysNudge,always_nudge,1,21735,1932,balanced_accuracy,5,5,0,5,0,0,0,0,0,0,5,,0,0,1,3916,0,3916,5,0.01898869999422459,1.8105197222312743e-06,1932000,0.386,0.18297676558546125,0.3731689443454149,0.18679119333581232,params,204,204,,,params_read,204.0,204.0,1.0,0.25610000011511147,0.2418000003672205,1.9101138999976683,"{""adwin_delta"": 0.002, ""buffer_size"": 1000, ""chunk_size"": 2000, ""energy_country_iso"": ""USA"", ""eval_block"": 1000, ""floor_drop"": 0.02, ""holdout_frac"": 0.2, ""init_frac"": 0.1, ""init_holdout_frac"": 0.2, ""k"": 3, ""min_buffer"": 100, ""n_ref"": 200, ""probe_rows"": 1000, ""track_energy"": true}"
insects_gradual,sgd,NeverAdapt,never_adapt,1,21735,1932,balanced_accuracy,6,6,6,0,0,0,0,0,0,0,0,,0,0,1,0,0,0,0,0.0,2.0213563892186877e-06,1932000,0.068,0.1521048999309869,0.42424242424242425,0.18851483781918565,params,204,204,,,params_read,204.0,204.0,1.0,0.22850000095786527,0.5664000018441584,1.8106919999991078,"{""adwin_delta"": 0.002, ""buffer_size"": 1000, ""chunk_size"": 2000, ""energy_country_iso"": ""USA"", ""eval_block"": 1000, ""floor_drop"": 0.02, ""holdout_frac"": 0.2, ""init_frac"": 0.1, ""init_holdout_frac"": 0.2, ""k"": 3, ""min_buffer"": 100, ""n_ref"": 200, ""probe_rows"": 1000, ""track_energy"": true}"
insects_gradual,gnb,AlwaysRebuild,always_rebuild,1,21735,1932,balanced_accuracy,7,7,0,0,7,0,0,0,0,1,0,,4,10,1,5640,0,5640,7,0.01756399999067071,1.0651961107840328e-06,1932,0.778,0.5756153669197147,0.40573776985541693,0.5482800326411313,params,402,402,,,params_read,402.0,402.0,1.0,1.0595000021567103,1.0158000004594214,1.6811047000010149,"{""adwin_delta"": 0.002, ""buffer_size"": 1000, ""chunk_size"": 2000, ""energy_country_iso"": ""USA"", ""eval_block"": 1000, ""floor_drop"": 0.02, ""holdout_frac"": 0.2, ""init_frac"": 0.1, ""init_holdout_frac"": 0.2, ""k"": 3, ""min_buffer"": 100, ""n_ref"": 200, ""probe_rows"": 1000, ""track_energy"": true}"
insects_gradual,gnb,MechanismSelector,mechanism_selector,1,21735,1932,balanced_accuracy,7,7,1,2,4,1,0,0,0,1,5,2,2,4,1,6724,0,6724,9,0.015931899994029664,9.869425000079456e-07,1932,0.741,0.565631469979296,0.3027450980392157,0.5383971044467268,params,402,402,,,params_read,402.0,402.0,1.0,1.2370000004011672,1.0986000015691388,1.8511985000004643,"{""adwin_delta"": 0.002, ""buffer_size"": 1000, ""chunk_size"": 2000, ""energy_country_iso"": ""USA"", ""eval_block"": 1000, ""floor_drop"": 0.02, ""holdout_frac"": 0.2, ""init_frac"": 0.1, ""init_holdout_frac"": 0.2, ""k"": 3, ""min_buffer"": 100, ""n_ref"": 200, ""probe_rows"": 1000, ""track_energy"": true}"
insects_gradual,gnb,FixedSchedule(k=3),fixed_schedule,1,21735,1932,balanced_accuracy,7,7,0,5,2,0,0,0,0,0,5,,1,3,1,4886,0,4886,7,0.010290999998687766,8.287888895556145e-07,1932,0.734,0.5222452265930527,0.39880174291938997,0.498109841843976,params,402,402,,,params_read,402.0,402.0,1.0,1.6973000019788742,0.9238999991794117,1.6833030000016151,"{""adwin_delta"": 0.002, ""buffer_size"": 1000, ""chunk_size"": 2000, ""energy_country_iso"": ""USA"", ""eval_block"": 1000, ""floor_drop"": 0.02, ""holdout_frac"": 0.2, ""init_frac"": 0.1, ""init_holdout_frac"": 0.2, ""k"": 3, ""min_buffer"": 100, ""n_ref"": 200, ""probe_rows"": 1000, ""track_energy"": true}"
insects_gradual,gnb,AlwaysNudge,always_nudge,1,21735,1932,balanced_accuracy,6,6,0,6,0,0,0,0,0,0,6,,0,0,1,4281,0,4281,6,0.008663799999339972,7.609208339995544e-07,1932,0.094,0.4595813204508857,0.07225589225589225,0.44364042375877794,params,402,402,,,params_read,402.0,402.0,1.0,1.4685000023746397,0.8044999995036051,1.5980288999999175,"{""adwin_delta"": 0.002, ""buffer_size"": 1000, ""chunk_size"": 2000, ""energy_country_iso"": ""USA"", ""eval_block"": 1000, ""floor_drop"": 0.02, ""holdout_frac"": 0.2, ""init_frac"": 0.1, ""init_holdout_frac"": 0.2, ""k"": 3, ""min_buffer"": 100, ""n_ref"": 200, ""probe_rows"": 1000, ""track_energy"": true}"
insects_gradual,gnb,NeverAdapt,never_adapt,1,21735,1932,balanced_accuracy,5,5,5,0,0,0,0,0,0,0,0,,0,0,1,0,0,0,0,0.0,4.239563895552058e-07,1932,0.027,0.34156889809063723,0.09438898791839968,0.3418107321216655,params,402,402,,,params_read,402.0,402.0,1.0,0.8011999998416286,0.9473999998590443,1.6335722000003443,"{""adwin_delta"": 0.002, ""buffer_size"": 1000, ""chunk_size"": 2000, ""energy_country_iso"": ""USA"", ""eval_block"": 1000, ""floor_drop"": 0.02, ""holdout_frac"": 0.2, ""init_frac"": 0.1, ""init_holdout_frac"": 0.2, ""k"": 3, ""min_buffer"": 100, ""n_ref"": 200, ""probe_rows"": 1000, ""track_energy"": true}"
insects_incremental,xgb,AlwaysRebuild,always_rebuild,1,51317,4560,balanced_accuracy,5,5,0,0,5,0,0,0,0,0,0,,0,0,0,500000,500,5000,500,7.432344100005139,7.377684583332632e-05,456000,0.675,0.60085351832726,0.6740714145264342,0.6008576287377034,rounds,100,100,36642,13844,node_visits,3853.825,2714.438,0.7043490558081906,17.617499997868435,18.723199998930795,14.136781099998188,"{""adwin_delta"": 0.002, ""buffer_size"": 1000, ""chunk_size"": 2000, ""energy_country_iso"": ""USA"", ""eval_block"": 1000, ""floor_drop"": 0.02, ""holdout_frac"": 0.2, ""init_frac"": 0.1, ""init_holdout_frac"": 0.2, ""k"": 3, ""min_buffer"": 100, ""n_ref"": 200, ""probe_rows"": 1000, ""track_energy"": true}"
insects_incremental,xgb,MechanismSelector,mechanism_selector,1,51317,4560,balanced_accuracy,4,4,0,1,3,0,0,0,0,0,4,1,0,0,0,316000,320,6200,320,5.396779399990919,5.7932536944442305e-05,456000,0.527,0.5773330475281095,0.5254741512452059,0.5773367887668904,rounds,100,105,36642,17106,node_visits,3853.825,3093.348,0.8026695555714128,16.884199998457916,18.30060000065714,11.95872210000016,"{""adwin_delta"": 0.002, ""buffer_size"": 1000, ""chunk_size"": 2000, ""energy_country_iso"": ""USA"", ""eval_block"": 1000, ""floor_drop"": 0.02, ""holdout_frac"": 0.2, ""init_frac"": 0.1, ""init_holdout_frac"": 0.2, ""k"": 3, ""min_buffer"": 100, ""n_ref"": 200, ""probe_rows"": 1000, ""track_energy"": true}"
insects_incremental,xgb,FixedSchedule(k=3),fixed_schedule,1,51317,4560,balanced_accuracy,5,5,0,4,1,0,0,0,0,0,4,,0,0,0,116000,120,4200,120,2.305691300000035,3.860500750033528e-05,456000,0.607,0.5753454021084631,0.6060469060465119,0.5753476579238944,rounds,100,110,36642,18768,node_visits,3853.825,3270.751,0.8487025228182391,17.532900001242524,12.471599999116734,9.01652340000146,"{""adwin_delta"": 0.002, ""buffer_size"": 1000, ""chunk_size"": 2000, ""energy_country_iso"": ""USA"", ""eval_block"": 1000, ""floor_drop"": 0.02, ""holdout_frac"": 0.2, ""init_frac"": 0.1, ""init_holdout_frac"": 0.2, ""k"": 3, ""min_buffer"": 100, ""n_ref"": 200, ""probe_rows"": 1000, ""track_energy"": true}"
insects_incremental,xgb,AlwaysNudge,always_nudge,1,51317,4560,balanced_accuracy,5,5,0,5,0,0,0,0,0,0,5,,0,0,0,20000,25,4000,25,1.2010666000096535,3.871255777811908e-05,456000,0.557,0.531539255997038,0.5557194120909005,0.5315446396888341,rounds,100,125,36642,44310,node_visits,3853.825,4752.615,1.2332202422268785,17.476500001066597,16.225600000325358,8.490431199999875,"{""adwin_delta"": 0.002, ""buffer_size"": 1000, ""chunk_size"": 2000, ""energy_country_iso"": ""USA"", ""eval_block"": 1000, ""floor_drop"": 0.02, ""holdout_frac"": 0.2, ""init_frac"": 0.1, ""init_holdout_frac"": 0.2, ""k"": 3, ""min_buffer"": 100, ""n_ref"": 200, ""probe_rows"": 1000, ""track_energy"": true}"
insects_incremental,xgb,NeverAdapt,never_adapt,1,51317,4560,balanced_accuracy,3,3,3,0,0,0,0,0,0,0,0,,0,0,0,0,0,0,0,0.0,2.6235284444784816e-05,456000,0.12,0.22012198686595086,0.1199112905812767,0.22011747061026066,rounds,100,100,36642,36642,node_visits,3853.825,3853.825,1.0,17.46880000064266,17.066199998225784,6.546469900000375,"{""adwin_delta"": 0.002, ""buffer_size"": 1000, ""chunk_size"": 2000, ""energy_country_iso"": ""USA"", ""eval_block"": 1000, ""floor_drop"": 0.02, ""holdout_frac"": 0.2, ""init_frac"": 0.1, ""init_holdout_frac"": 0.2, ""k"": 3, ""min_buffer"": 100, ""n_ref"": 200, ""probe_rows"": 1000, ""track_energy"": true}"
insects_incremental,rf,AlwaysRebuild,always_rebuild,1,51317,4560,balanced_accuracy,7,7,0,0,7,0,0,0,0,0,0,,0,0,0,700000,700,7000,700,3.2094616000031237,3.73050200000084e-05,456000,0.691,0.6301420581873454,0.6901056124638553,0.6301428596345535,trees,100,100,189994,36572,node_visits,1241.693,1008.487,0.8121870703950171,31.821500000660308,20.873800000117626,8.536512600003334,"{""adwin_delta"": 0.002, ""buffer_size"": 1000, ""chunk_size"": 2000, ""energy_country_iso"": ""USA"", ""eval_block"": 1000, ""floor_drop"": 0.02, ""holdout_frac"": 0.2, ""init_frac"": 0.1, ""init_holdout_frac"": 0.2, ""k"": 3, ""min_buffer"": 100, ""n_ref"": 200, ""probe_rows"": 1000, ""track_energy"": true}"
insects_incremental,rf,MechanismSelector,mechanism_selector,1,51317,4560,balanced_accuracy,6,6,0,1,5,0,0,0,0,0,6,1,0,0,0,524000,530,9800,530,2.397890699994605,3.3882832221888827e-05,456000,0.625,0.6247637235224195,0.6246241454910652,0.624764110160884,trees,100,100,189994,36278,node_visits,1241.693,973.99,0.7844048408100875,26.549499998509418,20.60189999974682,7.7368454999996175,"{""adwin_delta"": 0.002, ""buffer_size"": 1000, ""chunk_size"": 2000, ""energy_country_iso"": ""USA"", ""eval_block"": 1000, ""floor_drop"": 0.02, ""holdout_frac"": 0.2, ""init_frac"": 0.1, ""init_holdout_frac"": 0.2, ""k"": 3, ""min_buffer"": 100, ""n_ref"": 200, ""probe_rows"": 1000, ""track_energy"": true}"
insects_incremental,rf,FixedSchedule(k=3),fixed_schedule,1,51317,4560,balanced_accuracy,4,4,0,3,1,0,0,0,0,0,3,,0,0,0,112000,115,3400,115,0.5195167000019865,1.904230777744221e-05,456000,0.59,0.4048366038544732,0.5887819495874087,0.40483380825931,trees,100,100,189994,39306,node_visits,1241.693,991.593,0.7985814529034149,29.339100001379848,18.63020000018878,5.489259800000582,"{""adwin_delta"": 0.002, ""buffer_size"": 1000, ""chunk_size"": 2000, ""energy_country_iso"": ""USA"", ""eval_block"": 1000, ""floor_drop"": 0.02, ""holdout_frac"": 0.2, ""init_frac"": 0.1, ""init_holdout_frac"": 0.2, ""k"": 3, ""min_buffer"": 100, ""n_ref"": 200, ""probe_rows"": 1000, ""track_energy"": true}"
insects_incremental,rf,AlwaysNudge,always_nudge,1,51317,4560,balanced_accuracy,4,4,0,4,0,0,0,0,0,0,4,,0,0,0,16000,20,3200,20,0.08659540000007837,1.744874944445652e-05,456000,0.177,0.23442523919948555,0.17687499219132743,0.23442008531260003,trees,100,100,189994,158384,node_visits,1241.693,1186.621,0.955647652036373,28.352799999993294,22.851000001537614,5.231131800002913,"{""adwin_delta"": 0.002, ""buffer_size"": 1000, ""chunk_size"": 2000, ""energy_country_iso"": ""USA"", ""eval_block"": 1000, ""floor_drop"": 0.02, ""holdout_frac"": 0.2, ""init_frac"": 0.1, ""init_holdout_frac"": 0.2, ""k"": 3, ""min_buffer"": 100, ""n_ref"": 200, ""probe_rows"": 1000, ""track_energy"": true}"
insects_incremental,rf,NeverAdapt,never_adapt,1,51317,4560,balanced_accuracy,4,4,4,0,0,0,0,0,0,0,0,,0,0,0,0,0,0,0,0.0,1.811554694511665e-05,456000,0.117,0.2122298653467662,0.11687062410485786,0.212224931538348,trees,100,100,189994,189994,node_visits,1241.693,1241.693,1.0,29.693299999053124,30.455500000243774,5.141257900002529,"{""adwin_delta"": 0.002, ""buffer_size"": 1000, ""chunk_size"": 2000, ""energy_country_iso"": ""USA"", ""eval_block"": 1000, ""floor_drop"": 0.02, ""holdout_frac"": 0.2, ""init_frac"": 0.1, ""init_holdout_frac"": 0.2, ""k"": 3, ""min_buffer"": 100, ""n_ref"": 200, ""probe_rows"": 1000, ""track_energy"": true}"
insects_incremental,sgd,AlwaysRebuild,always_rebuild,1,51317,4560,balanced_accuracy,0,0,0,0,0,0,0,0,0,0,0,,0,0,0,0,0,0,0,0.0,2.738736111434543e-06,811680,0.157,0.16889140051055207,0.15933425195928974,0.16885669882323706,params,204,204,,,params_read,204.0,204.0,1.0,0.2426999999443069,0.3088999983447138,2.044297699998424,"{""adwin_delta"": 0.002, ""buffer_size"": 1000, ""chunk_size"": 2000, ""energy_country_iso"": ""USA"", ""eval_block"": 1000, ""floor_drop"": 0.02, ""holdout_frac"": 0.2, ""init_frac"": 0.1, ""init_holdout_frac"": 0.2, ""k"": 3, ""min_buffer"": 100, ""n_ref"": 200, ""probe_rows"": 1000, ""track_energy"": true}"
insects_incremental,sgd,MechanismSelector,mechanism_selector,1,51317,4560,balanced_accuracy,0,0,0,0,0,0,0,0,0,0,0,0,0,0,0,0,0,0,0,0.0,2.9866288892217337e-06,811680,0.157,0.16889140051055207,0.15933425195928974,0.16885669882323706,params,204,204,,,params_read,204.0,204.0,1.0,0.5416999993030913,0.23829999918234535,2.034126799997466,"{""adwin_delta"": 0.002, ""buffer_size"": 1000, ""chunk_size"": 2000, ""energy_country_iso"": ""USA"", ""eval_block"": 1000, ""floor_drop"": 0.02, ""holdout_frac"": 0.2, ""init_frac"": 0.1, ""init_holdout_frac"": 0.2, ""k"": 3, ""min_buffer"": 100, ""n_ref"": 200, ""probe_rows"": 1000, ""track_energy"": true}"
insects_incremental,sgd,FixedSchedule(k=3),fixed_schedule,1,51317,4560,balanced_accuracy,0,0,0,0,0,0,0,0,0,0,0,,0,0,0,0,0,0,0,0.0,3.0403711104424245e-06,811680,0.157,0.16889140051055207,0.15933425195928974,0.16885669882323706,params,204,204,,,params_read,204.0,204.0,1.0,0.3120000001217704,0.25409999943803996,2.0861237999997684,"{""adwin_delta"": 0.002, ""buffer_size"": 1000, ""chunk_size"": 2000, ""energy_country_iso"": ""USA"", ""eval_block"": 1000, ""floor_drop"": 0.02, ""holdout_frac"": 0.2, ""init_frac"": 0.1, ""init_holdout_frac"": 0.2, ""k"": 3, ""min_buffer"": 100, ""n_ref"": 200, ""probe_rows"": 1000, ""track_energy"": true}"
insects_incremental,sgd,AlwaysNudge,always_nudge,1,51317,4560,balanced_accuracy,0,0,0,0,0,0,0,0,0,0,0,,0,0,0,0,0,0,0,0.0,3.0440538888881672e-06,811680,0.157,0.16889140051055207,0.15933425195928974,0.16885669882323706,params,204,204,,,params_read,204.0,204.0,1.0,0.262100002146326,0.2585000002000015,2.0851653000027,"{""adwin_delta"": 0.002, ""buffer_size"": 1000, ""chunk_size"": 2000, ""energy_country_iso"": ""USA"", ""eval_block"": 1000, ""floor_drop"": 0.02, ""holdout_frac"": 0.2, ""init_frac"": 0.1, ""init_holdout_frac"": 0.2, ""k"": 3, ""min_buffer"": 100, ""n_ref"": 200, ""probe_rows"": 1000, ""track_energy"": true}"
insects_incremental,sgd,NeverAdapt,never_adapt,1,51317,4560,balanced_accuracy,0,0,0,0,0,0,0,0,0,0,0,,0,0,0,0,0,0,0,0.0,3.5719547222149885e-06,811680,0.157,0.16889140051055207,0.15933425195928974,0.16885669882323706,params,204,204,,,params_read,204.0,204.0,1.0,0.4298999992897734,0.2342000007047318,2.1051174999993236,"{""adwin_delta"": 0.002, ""buffer_size"": 1000, ""chunk_size"": 2000, ""energy_country_iso"": ""USA"", ""eval_block"": 1000, ""floor_drop"": 0.02, ""holdout_frac"": 0.2, ""init_frac"": 0.1, ""init_holdout_frac"": 0.2, ""k"": 3, ""min_buffer"": 100, ""n_ref"": 200, ""probe_rows"": 1000, ""track_energy"": true}"
insects_incremental,gnb,AlwaysRebuild,always_rebuild,1,51317,4560,balanced_accuracy,5,5,0,0,5,0,0,0,0,0,0,,0,0,0,5000,0,5000,5,0.006839099998614984,8.013291669900879e-07,4560,0.536,0.5484537287838338,0.5364206991179561,0.5484522243959282,params,402,402,,,params_read,402.0,402.0,1.0,1.2720000013359822,1.1329999979352579,1.6446662000016659,"{""adwin_delta"": 0.002, ""buffer_size"": 1000, ""chunk_size"": 2000, ""energy_country_iso"": ""USA"", ""eval_block"": 1000, ""floor_drop"": 0.02, ""holdout_frac"": 0.2, ""init_frac"": 0.1, ""init_holdout_frac"": 0.2, ""k"": 3, ""min_buffer"": 100, ""n_ref"": 200, ""probe_rows"": 1000, ""track_energy"": true}"
insects_incremental,gnb,MechanismSelector,mechanism_selector,1,51317,4560,balanced_accuracy,5,5,0,2,3,0,0,0,0,0,5,2,0,0,0,7000,0,7000,8,0.013073899997834815,1.0934119447724306e-06,4560,0.591,0.5420425979694838,0.5905913768903314,0.5420423276041598,params,402,402,,,params_read,402.0,402.0,1.0,1.1315999981889036,2.099500001349952,1.6684120000027178,"{""adwin_delta"": 0.002, ""buffer_size"": 1000, ""chunk_size"": 2000, ""energy_country_iso"": ""USA"", ""eval_block"": 1000, ""floor_drop"": 0.02, ""holdout_frac"": 0.2, ""init_frac"": 0.1, ""init_holdout_frac"": 0.2, ""k"": 3, ""min_buffer"": 100, ""n_ref"": 200, ""probe_rows"": 1000, ""track_energy"": true}"
insects_incremental,gnb,FixedSchedule(k=3),fixed_schedule,1,51317,4560,balanced_accuracy,5,5,0,4,1,0,0,0,0,0,4,,0,0,0,4200,0,4200,5,0.007404699994367547,8.970491666690997e-07,4560,0.513,0.527563965157745,0.511386289302512,0.5275651911379691,params,402,402,,,params_read,402.0,402.0,1.0,0.9453999991819728,0.9540999999444466,1.6578890000018873,"{""adwin_delta"": 0.002, ""buffer_size"": 1000, ""chunk_size"": 2000, ""energy_country_iso"": ""USA"", ""eval_block"": 1000, ""floor_drop"": 0.02, ""holdout_frac"": 0.2, ""init_frac"": 0.1, ""init_holdout_frac"": 0.2, ""k"": 3, ""min_buffer"": 100, ""n_ref"": 200, ""probe_rows"": 1000, ""track_energy"": true}"
insects_incremental,gnb,AlwaysNudge,always_nudge,1,51317,4560,balanced_accuracy,4,4,0,4,0,0,0,0,0,0,4,,0,0,0,3200,0,3200,4,0.006979499990848126,8.92863333337225e-07,4560,0.265,0.33104039597014634,0.26400113990488927,0.3310340357140152,params,402,402,,,params_read,402.0,402.0,1.0,1.0025000010500662,1.0164999985136092,1.7181483000022126,"{""adwin_delta"": 0.002, ""buffer_size"": 1000, ""chunk_size"": 2000, ""energy_country_iso"": ""USA"", ""eval_block"": 1000, ""floor_drop"": 0.02, ""holdout_frac"": 0.2, ""init_frac"": 0.1, ""init_holdout_frac"": 0.2, ""k"": 3, ""min_buffer"": 100, ""n_ref"": 200, ""probe_rows"": 1000, ""track_energy"": true}"
insects_incremental,gnb,NeverAdapt,never_adapt,1,51317,4560,balanced_accuracy,5,5,5,0,0,0,0,0,0,0,0,,0,0,0,0,0,0,0,0.0,1.0502055548852917e-06,4560,0.143,0.20591616813141844,0.14298921897357636,0.2059100817198126,params,402,402,,,params_read,402.0,402.0,1.0,1.220999998622574,1.3011999981245026,1.634101899999223,"{""adwin_delta"": 0.002, ""buffer_size"": 1000, ""chunk_size"": 2000, ""energy_country_iso"": ""USA"", ""eval_block"": 1000, ""floor_drop"": 0.02, ""holdout_frac"": 0.2, ""init_frac"": 0.1, ""init_holdout_frac"": 0.2, ""k"": 3, ""min_buffer"": 100, ""n_ref"": 200, ""probe_rows"": 1000, ""track_energy"": true}"
covtype,xgb,AlwaysRebuild,always_rebuild,1,90000,8000,balanced_accuracy,92,92,0,0,92,0,1,0,0,1,0,,88,416,0,6721600,9200,67216,9200,22.13598290002119,0.0001292076988885572,800000,0.915,0.9015111111111112,0.5977840019770987,0.6467111621569704,rounds,100,100,34130,3760,node_visits,3970.127,1288.145,0.3244593938682566,16.427399998065084,10.835600001882995,28.424134600001707,"{""adwin_delta"": 0.002, ""buffer_size"": 1000, ""chunk_size"": 2000, ""energy_country_iso"": ""USA"", ""eval_block"": 1000, ""floor_drop"": 0.02, ""holdout_frac"": 0.2, ""init_frac"": 0.1, ""init_holdout_frac"": 0.2, ""k"": 3, ""min_buffer"": 100, ""n_ref"": 200, ""probe_rows"": 1000, ""track_energy"": true}"
covtype,xgb,MechanismSelector,mechanism_selector,1,90000,8000,balanced_accuracy,89,89,5,24,60,3,1,0,0,3,81,24,84,658,0,4595395,6405,94023,6405,19.713101899968024,0.0001338462702774444,800000,0.88,0.8892111111111111,0.5789191860944065,0.5214320845210272,rounds,100,110,34130,1682,node_visits,3970.127,1086.155,0.2735819282355451,16.021100000216393,8.629399999335874,27.977806599999894,"{""adwin_delta"": 0.002, ""buffer_size"": 1000, ""chunk_size"": 2000, ""energy_country_iso"": ""USA"", ""eval_block"": 1000, ""floor_drop"": 0.02, ""holdout_frac"": 0.2, ""init_frac"": 0.1, ""init_holdout_frac"": 0.2, ""k"": 3, ""min_buffer"": 100, ""n_ref"": 200, ""probe_rows"": 1000, ""track_energy"": true}"
covtype,xgb,FixedSchedule(k=3),fixed_schedule,1,90000,8000,balanced_accuracy,8,8,0,6,2,0,0,0,0,0,6,,5,15,0,139410,230,4018,230,1.1989665000000969,2.267002972187915e-05,800000,0.0,0.03451111111111111,0.0,0.43837109055241674,rounds,100,110,34130,3754,node_visits,3970.127,1521.7,0.38328748677309316,17.22670000162907,10.919899999862537,6.127008799998293,"{""adwin_delta"": 0.002, ""buffer_size"": 1000, ""chunk_size"": 2000, ""energy_country_iso"": ""USA"", ""eval_block"": 1000, ""floor_drop"": 0.02, ""holdout_frac"": 0.2, ""init_frac"": 0.1, ""init_holdout_frac"": 0.2, ""k"": 3, ""min_buffer"": 100, ""n_ref"": 200, ""probe_rows"": 1000, ""track_energy"": true}"
covtype,xgb,AlwaysNudge,always_nudge,1,90000,8000,balanced_accuracy,138,138,0,138,0,0,4,0,0,14,138,,136,654,0,268195,690,53639,690,33.2144824999923,0.0003631484144444465,800000,0.867,0.8424888888888888,0.5735236813785294,0.7734124275051334,rounds,100,790,34130,58316,node_visits,3970.127,12631.322,3.181591420123336,19.006499998795334,55.066599998099264,64.2118287000012,"{""adwin_delta"": 0.002, ""buffer_size"": 1000, ""chunk_size"": 2000, ""energy_country_iso"": ""USA"", ""eval_block"": 1000, ""floor_drop"": 0.02, ""holdout_frac"": 0.2, ""init_frac"": 0.1, ""init_holdout_frac"": 0.2, ""k"": 3, ""min_buffer"": 100, ""n_ref"": 200, ""probe_rows"": 1000, ""track_energy"": true}"
covtype,xgb,NeverAdapt,never_adapt,1,90000,8000,balanced_accuracy,114,114,114,0,0,0,0,0,0,10,0,,0,0,0,0,0,0,0,0.0,3.293952055554892e-05,800000,0.795,0.8261666666666667,0.7639165120423873,0.8035559438997134,rounds,100,100,34130,34130,node_visits,3970.127,3970.127,1.0,16.249700001935707,15.590300001349533,8.507152800000767,"{""adwin_delta"": 0.002, ""buffer_size"": 1000, ""chunk_size"": 2000, ""energy_country_iso"": ""USA"", ""eval_block"": 1000, ""floor_drop"": 0.02, ""holdout_frac"": 0.2, ""init_frac"": 0.1, ""init_holdout_frac"": 0.2, ""k"": 3, ""min_buffer"": 100, ""n_ref"": 200, ""probe_rows"": 1000, ""track_energy"": true}"
covtype,rf,AlwaysRebuild,always_rebuild,1,90000,8000,balanced_accuracy,85,85,0,0,85,0,1,0,0,3,0,,83,389,0,6555200,8500,65552,8500,19.025936400008504,0.0001225363277781052,800000,0.918,0.9033,0.5962348170726126,0.6349372269385581,trees,100,100,286594,8148,node_visits,1541.04,606.01,0.39324741732855734,20.276799998100614,12.323300001298776,26.251807599997846,"{""adwin_delta"": 0.002, ""buffer_size"": 1000, ""chunk_size"": 2000, ""energy_country_iso"": ""USA"", ""eval_block"": 1000, ""floor_drop"": 0.02, ""holdout_frac"": 0.2, ""init_frac"": 0.1, ""init_holdout_frac"": 0.2, ""k"": 3, ""min_buffer"": 100, ""n_ref"": 200, ""probe_rows"": 1000, ""track_energy"": true}"
covtype,rf,MechanismSelector,mechanism_selector,1,90000,8000,balanced_accuracy,98,98,17,1,80,3,1,0,0,3,78,1,80,727,0,6207980,8390,107828,8390,19.720584600014263,0.00013877125111045528,800000,0.925,0.8994111111111112,0.6033743398229765,0.6218030767980772,trees,100,100,286594,9464,node_visits,1541.04,660.78,0.42878835072418625,18.20669999870006,13.998000002175104,28.657437400001072,"{""adwin_delta"": 0.002, ""buffer_size"": 1000, ""chunk_size"": 2000, ""energy_country_iso"": ""USA"", ""eval_block"": 1000, ""floor_drop"": 0.02, ""holdout_frac"": 0.2, ""init_frac"": 0.1, ""init_holdout_frac"": 0.2, ""k"": 3, ""min_buffer"": 100, ""n_ref"": 200, ""probe_rows"": 1000, ""track_energy"": true}"
covtype,rf,FixedSchedule(k=3),fixed_schedule,1,90000,8000,balanced_accuracy,133,133,0,89,44,0,5,0,0,17,89,,132,632,0,1991685,4845,59453,4845,9.80698680002024,9.321980083265674e-05,800000,0.765,0.8873444444444445,0.47324967277187396,0.8034991696228426,trees,100,100,286594,2658,node_visits,1541.04,476.901,0.309466983335929,34.78650000033667,11.936300001252675,19.787517799999478,"{""adwin_delta"": 0.002, ""buffer_size"": 1000, ""chunk_size"": 2000, ""energy_country_iso"": ""USA"", ""eval_block"": 1000, ""floor_drop"": 0.02, ""holdout_frac"": 0.2, ""init_frac"": 0.1, ""init_holdout_frac"": 0.2, ""k"": 3, ""min_buffer"": 100, ""n_ref"": 200, ""probe_rows"": 1000, ""track_energy"": true}"
covtype,rf,AlwaysNudge,always_nudge,1,90000,8000,balanced_accuracy,276,276,0,276,0,0,21,0,0,105,276,,275,1349,0,311790,1380,62358,1380,3.341675900013797,0.00010613525777843887,800000,0.831,0.8186444444444444,0.4181266075367731,0.7579805049602056,trees,100,100,286594,2188,node_visits,1541.04,433.82,0.2815111872501687,19.74039999913657,21.638899997924455,20.768778300000122,"{""adwin_delta"": 0.002, ""buffer_size"": 1000, ""chunk_size"": 2000, ""energy_country_iso"": ""USA"", ""eval_block"": 1000, ""floor_drop"": 0.02, ""holdout_frac"": 0.2, ""init_frac"": 0.1, ""init_holdout_frac"": 0.2, ""k"": 3, ""min_buffer"": 100, ""n_ref"": 200, ""probe_rows"": 1000, ""track_energy"": true}"
covtype,rf,NeverAdapt,never_adapt,1,90000,8000,balanced_accuracy,160,160,160,0,0,0,3,0,0,22,0,,0,0,0,0,0,0,0,0.0,4.4259289166993475e-05,800000,0.857,0.8235555555555556,0.794087860588396,0.8067156972370498,trees,100,100,286594,286594,node_visits,1541.04,1541.04,1.0,18.76560000164318,22.70710000084364,10.412550199998805,"{""adwin_delta"": 0.002, ""buffer_size"": 1000, ""chunk_size"": 2000, ""energy_country_iso"": ""USA"", ""eval_block"": 1000, ""floor_drop"": 0.02, ""holdout_frac"": 0.2, ""init_frac"": 0.1, ""init_holdout_frac"": 0.2, ""k"": 3, ""min_buffer"": 100, ""n_ref"": 200, ""probe_rows"": 1000, ""track_energy"": true}"
covtype,sgd,AlwaysRebuild,always_rebuild,1,90000,8000,balanced_accuracy,202,202,0,0,202,0,26,0,0,135,0,,200,966,0,48485200,0,49752,200148,23.99372499999663,0.0001227516352781101,1656000,0.727,0.4158777777777778,0.4713641065070342,0.23922985530295884,params,385,385,,,params_read,385.0,385.0,1.0,0.2934000003733672,0.2767000005405862,27.996962299999723,"{""adwin_delta"": 0.002, ""buffer_size"": 1000, ""chunk_size"": 2000, ""energy_country_iso"": ""USA"", ""eval_block"": 1000, ""floor_drop"": 0.02, ""holdout_frac"": 0.2, ""init_frac"": 0.1, ""init_holdout_frac"": 0.2, ""k"": 3, ""min_buffer"": 100, ""n_ref"": 200, ""probe_rows"": 1000, ""track_energy"": true}"
covtype,sgd,MechanismSelector,mechanism_selector,1,90000,8000,balanced_accuracy,11,11,4,1,6,3,0,0,0,2,4,1,4,10,0,1070547,0,5443,4176,0.4848829999973532,1.1887154444444457e-05,1656000,0.0,0.01961111111111111,0.0,0.2890808471793332,params,385,385,,,params_read,385.0,385.0,1.0,0.2784000025712885,0.8639000006951392,3.833627299998625,"{""adwin_delta"": 0.002, ""buffer_size"": 1000, ""chunk_size"": 2000, ""energy_country_iso"": ""USA"", ""eval_block"": 1000, ""floor_drop"": 0.02, ""holdout_frac"": 0.2, ""init_frac"": 0.1, ""init_holdout_frac"": 0.2, ""k"": 3, ""min_buffer"": 100, ""n_ref"": 200, ""probe_rows"": 1000, ""track_energy"": true}"
covtype,sgd,FixedSchedule(k=3),fixed_schedule,1,90000,8000,balanced_accuracy,256,256,0,171,85,0,37,0,0,135,171,,85,410,0,24183620,0,63764,85171,13.21413290000055,8.18208605562143e-05,1656000,0.76,0.7359,0.5328761292802812,0.33473064007465325,params,385,385,,,params_read,385.0,385.0,1.0,0.2749999985098839,0.2793000021483749,17.98592220000137,"{""adwin_delta"": 0.002, ""buffer_size"": 1000, ""chunk_size"": 2000, ""energy_country_iso"": ""USA"", ""eval_block"": 1000, ""floor_drop"": 0.02, ""holdout_frac"": 0.2, ""init_frac"": 0.1, ""init_holdout_frac"": 0.2, ""k"": 3, ""min_buffer"": 100, ""n_ref"": 200, ""probe_rows"": 1000, ""track_energy"": true}"
covtype,sgd,AlwaysNudge,always_nudge,1,90000,8000,balanced_accuracy,272,272,0,272,0,0,39,0,0,148,272,,0,0,0,56797,0,56797,272,1.3378092999882938,2.1052789722553323e-05,1656000,0.748,0.7494666666666666,0.4507732521572212,0.47783710542175967,params,385,385,,,params_read,385.0,385.0,1.0,0.2796000007947441,0.27010000121663325,5.792545700001938,"{""adwin_delta"": 0.002, ""buffer_size"": 1000, ""chunk_size"": 2000, ""energy_country_iso"": ""USA"", ""eval_block"": 1000, ""floor_drop"": 0.02, ""holdout_frac"": 0.2, ""init_frac"": 0.1, ""init_holdout_frac"": 0.2, ""k"": 3, ""min_buffer"": 100, ""n_ref"": 200, ""probe_rows"": 1000, ""track_energy"": true}"
covtype,sgd,NeverAdapt,never_adapt,1,90000,8000,balanced_accuracy,544,543,543,0,0,0,155,1,0,433,0,,0,0,0,0,0,0,0,0.0,1.5672331111111546e-05,1656000,0.282,0.5454222222222223,0.3302176377594452,0.5146640147782962,params,385,385,,,params_read,385.0,385.0,1.0,0.3010000000358559,0.6119999998190906,4.578521600000386,"{""adwin_delta"": 0.002, ""buffer_size"": 1000, ""chunk_size"": 2000, ""energy_country_iso"": ""USA"", ""eval_block"": 1000, ""floor_drop"": 0.02, ""holdout_frac"": 0.2, ""init_frac"": 0.1, ""init_holdout_frac"": 0.2, ""k"": 3, ""min_buffer"": 100, ""n_ref"": 200, ""probe_rows"": 1000, ""track_energy"": true}"
covtype,gnb,AlwaysRebuild,always_rebuild,1,90000,8000,balanced_accuracy,238,238,0,0,238,0,23,0,0,124,0,,235,1144,0,69548,0,69548,238,0.551582200005214,1.8146558333680178e-05,8000,0.857,0.7775555555555556,0.8769216888501838,0.5429672256970727,params,763,763,,,params_read,763.0,763.0,1.0,1.5681000004406087,1.8568999985291157,4.527763899997808,"{""adwin_delta"": 0.002, ""buffer_size"": 1000, ""chunk_size"": 2000, ""energy_country_iso"": ""USA"", ""eval_block"": 1000, ""floor_drop"": 0.02, ""holdout_frac"": 0.2, ""init_frac"": 0.1, ""init_holdout_frac"": 0.2, ""k"": 3, ""min_buffer"": 100, ""n_ref"": 200, ""probe_rows"": 1000, ""track_energy"": true}"
covtype,gnb,MechanismSelector,mechanism_selector,1,90000,8000,balanced_accuracy,241,241,65,13,163,122,26,0,0,106,54,13,163,797,0,66495,0,66495,217,0.350476300023729,1.0700620555878831e-05,8000,0.871,0.7829777777777778,0.5905804065866674,0.5172651993956088,params,763,763,,,params_read,763.0,763.0,1.0,1.5195999985735398,1.62570000247797,3.7996022999977868,"{""adwin_delta"": 0.002, ""buffer_size"": 1000, ""chunk_size"": 2000, ""energy_country_iso"": ""USA"", ""eval_block"": 1000, ""floor_drop"": 0.02, ""holdout_frac"": 0.2, ""init_frac"": 0.1, ""init_holdout_frac"": 0.2, ""k"": 3, ""min_buffer"": 100, ""n_ref"": 200, ""probe_rows"": 1000, ""track_energy"": true}"
covtype,gnb,FixedSchedule(k=3),fixed_schedule,1,90000,8000,balanced_accuracy,236,236,0,158,78,0,17,0,0,118,158,,77,373,0,57927,0,57927,236,0.3238977000110026,1.117514888821771e-05,8000,0.849,0.7781222222222223,0.8286357627324757,0.5805021465081446,params,763,763,,,params_read,763.0,763.0,1.0,1.7095000002882443,1.522599999589147,3.828450300003169,"{""adwin_delta"": 0.002, ""buffer_size"": 1000, ""chunk_size"": 2000, ""energy_country_iso"": ""USA"", ""eval_block"": 1000, ""floor_drop"": 0.02, ""holdout_frac"": 0.2, ""init_frac"": 0.1, ""init_holdout_frac"": 0.2, ""k"": 3, ""min_buffer"": 100, ""n_ref"": 200, ""probe_rows"": 1000, ""track_energy"": true}"
covtype,gnb,AlwaysNudge,always_nudge,1,90000,8000,balanced_accuracy,274,274,0,274,0,0,27,0,0,104,274,,0,0,0,61645,0,61645,274,0.28074190002371324,1.216609194377991e-05,8000,0.73,0.7266555555555556,0.32533340655920767,0.6374305774630642,params,763,763,,,params_read,763.0,763.0,1.0,1.6586999990977347,1.5072999995027203,3.9536007000024256,"{""adwin_delta"": 0.002, ""buffer_size"": 1000, ""chunk_size"": 2000, ""energy_country_iso"": ""USA"", ""eval_block"": 1000, ""floor_drop"": 0.02, ""holdout_frac"": 0.2, ""init_frac"": 0.1, ""init_holdout_frac"": 0.2, ""k"": 3, ""min_buffer"": 100, ""n_ref"": 200, ""probe_rows"": 1000, ""track_energy"": true}"
covtype,gnb,NeverAdapt,never_adapt,1,90000,8000,balanced_accuracy,321,321,321,0,0,0,54,0,0,160,0,,0,0,0,0,0,0,0,0.0,1.067826749933694e-05,8000,0.441,0.45614444444444446,0.5074229461122944,0.6509634266193369,params,763,763,,,params_read,763.0,763.0,1.0,1.4150999995763414,1.4014000007591676,3.5901395000000775,"{""adwin_delta"": 0.002, ""buffer_size"": 1000, ""chunk_size"": 2000, ""energy_country_iso"": ""USA"", ""eval_block"": 1000, ""floor_drop"": 0.02, ""holdout_frac"": 0.2, ""init_frac"": 0.1, ""init_holdout_frac"": 0.2, ""k"": 3, ""min_buffer"": 100, ""n_ref"": 200, ""probe_rows"": 1000, ""track_energy"": true}"
elec2,xgb,AlwaysRebuild,always_rebuild,2,40781,3624,accuracy,74,74,0,0,74,0,0,0,0,11,0,,0,0,0,3742400,7400,37424,7400,9.38487310000346,5.3815496944768504e-05,362400,0.827,0.7420367327922317,0.8366504493574008,0.7332180228413645,rounds,100,100,4628,2056,node_visits,569.399,445.83,0.782983461509416,3.7947000018903054,2.9790999979013577,11.936580800000229,"{""adwin_delta"": 0.002, ""buffer_size"": 1000, ""chunk_size"": 2000, ""energy_country_iso"": ""USA"", ""eval_block"": 1000, ""floor_drop"": 0.02, ""holdout_frac"": 0.2, ""init_frac"": 0.1, ""init_holdout_frac"": 0.2, ""k"": 3, ""min_buffer"": 100, ""n_ref"": 200, ""probe_rows"": 1000, ""track_energy"": true}"
elec2,xgb,MechanismSelector,mechanism_selector,2,40781,3624,accuracy,71,71,23,5,43,16,1,0,0,10,32,5,0,0,0,2051495,4460,35011,4460,6.175842699998611,3.9144614444446796e-05,362400,0.551,0.7126112650499007,0.5787992495309568,0.7065154278400612,rounds,100,100,4628,952,node_visits,569.399,341.522,0.5997938176919875,3.420099998038495,3.1875999993644655,8.939905200000794,"{""adwin_delta"": 0.002, ""buffer_size"": 1000, ""chunk_size"": 2000, ""energy_country_iso"": ""USA"", ""eval_block"": 1000, ""floor_drop"": 0.02, ""holdout_frac"": 0.2, ""init_frac"": 0.1, ""init_holdout_frac"": 0.2, ""k"": 3, ""min_buffer"": 100, ""n_ref"": 200, ""probe_rows"": 1000, ""track_energy"": true}"
elec2,xgb,FixedSchedule(k=3),fixed_schedule,2,40781,3624,accuracy,52,52,0,35,17,0,1,0,0,4,35,,0,0,0,1032595,1875,27843,1875,3.157945599999948,2.454254000032837e-05,362400,0.876,0.7359799906819352,0.8745294502854434,0.729698439819628,rounds,100,105,4628,1305,node_visits,569.399,379.623,0.6667082309593098,4.0186000005633105,3.0340999983309302,5.919109099999332,"{""adwin_delta"": 0.002, ""buffer_size"": 1000, ""chunk_size"": 2000, ""energy_country_iso"": ""USA"", ""eval_block"": 1000, ""floor_drop"": 0.02, ""holdout_frac"": 0.2, ""init_frac"": 0.1, ""init_holdout_frac"": 0.2, ""k"": 3, ""min_buffer"": 100, ""n_ref"": 200, ""probe_rows"": 1000, ""track_energy"": true}"
elec2,xgb,AlwaysNudge,always_nudge,2,40781,3624,accuracy,53,53,0,53,0,0,1,0,0,8,53,,0,0,0,124245,265,24849,265,2.0565439999991213,2.412362055489113e-05,362400,0.79,0.7219783722812094,0.7898767029179103,0.717456888356599,rounds,100,365,4628,10307,node_visits,569.399,1636.587,2.8742358170632545,3.7372000006143935,8.89140000072075,5.569585900000675,"{""adwin_delta"": 0.002, ""buffer_size"": 1000, ""chunk_size"": 2000, ""energy_country_iso"": ""USA"", ""eval_block"": 1000, ""floor_drop"": 0.02, ""holdout_frac"": 0.2, ""init_frac"": 0.1, ""init_holdout_frac"": 0.2, ""k"": 3, ""min_buffer"": 100, ""n_ref"": 200, ""probe_rows"": 1000, ""track_energy"": true}"
elec2,xgb,NeverAdapt,never_adapt,2,40781,3624,accuracy,79,79,79,0,0,0,1,0,0,18,0,,0,0,0,0,0,0,0,0.0,5.372283054896367e-06,362400,0.712,0.7068978200632647,0.6954935699908803,0.6694052678219897,rounds,100,100,4628,4628,node_visits,569.399,569.399,1.0,4.322699998738244,4.091899998456938,2.5511760000008508,"{""adwin_delta"": 0.002, ""buffer_size"": 1000, ""chunk_size"": 2000, ""energy_country_iso"": ""USA"", ""eval_block"": 1000, ""floor_drop"": 0.02, ""holdout_frac"": 0.2, ""init_frac"": 0.1, ""init_holdout_frac"": 0.2, ""k"": 3, ""min_buffer"": 100, ""n_ref"": 200, ""probe_rows"": 1000, ""track_energy"": true}"
elec2,rf,AlwaysRebuild,always_rebuild,2,40781,3624,accuracy,67,67,0,0,67,0,0,0,0,6,0,,0,0,0,3618400,6700,36184,6700,13.403044099977706,9.100288833367047e-05,362400,0.821,0.7323998921066183,0.8285029588889201,0.7222434657510706,trees,100,100,66682,12164,node_visits,816.718,713.307,0.8733822445446286,14.976999998907559,13.537599999835948,18.28026200000022,"{""adwin_delta"": 0.002, ""buffer_size"": 1000, ""chunk_size"": 2000, ""energy_country_iso"": ""USA"", ""eval_block"": 1000, ""floor_drop"": 0.02, ""holdout_frac"": 0.2, ""init_frac"": 0.1, ""init_holdout_frac"": 0.2, ""k"": 3, ""min_buffer"": 100, ""n_ref"": 200, ""probe_rows"": 1000, ""track_energy"": true}"
elec2,rf,MechanismSelector,mechanism_selector,2,40781,3624,accuracy,64,64,23,1,40,11,2,0,0,7,30,1,0,0,0,1845435,4150,31343,4150,7.493364000012662,5.634754861110978e-05,362400,0.831,0.7156273754934896,0.832845876638638,0.705301616186746,trees,100,100,66682,11962,node_visits,816.718,646.573,0.7916722785588172,13.091800003167009,11.750999998184852,12.620434000000387,"{""adwin_delta"": 0.002, ""buffer_size"": 1000, ""chunk_size"": 2000, ""energy_country_iso"": ""USA"", ""eval_block"": 1000, ""floor_drop"": 0.02, ""holdout_frac"": 0.2, ""init_frac"": 0.1, ""init_holdout_frac"": 0.2, ""k"": 3, ""min_buffer"": 100, ""n_ref"": 200, ""probe_rows"": 1000, ""track_energy"": true}"
elec2,rf,FixedSchedule(k=3),fixed_schedule,2,40781,3624,accuracy,70,70,0,47,23,0,0,0,0,9,47,,0,0,0,1211490,2535,31626,2535,4.623197999990225,3.9897111110780015e-05,362400,0.87,0.7435325274024668,0.869828975015166,0.7313125054471111,trees,100,100,66682,15216,node_visits,816.718,742.119,0.908660027084012,14.161800001602387,12.89859999815235,9.64872269999978,"{""adwin_delta"": 0.002, ""buffer_size"": 1000, ""chunk_size"": 2000, ""energy_country_iso"": ""USA"", ""eval_block"": 1000, ""floor_drop"": 0.02, ""holdout_frac"": 0.2, ""init_frac"": 0.1, ""init_holdout_frac"": 0.2, ""k"": 3, ""min_buffer"": 100, ""n_ref"": 200, ""probe_rows"": 1000, ""track_energy"": true}"
elec2,rf,AlwaysNudge,always_nudge,2,40781,3624,accuracy,68,68,0,68,0,0,0,0,0,11,68,,0,0,0,145775,340,29155,340,0.6753328999839141,2.030793472155903e-05,362400,0.805,0.7367646698217307,0.8103117178429238,0.7240820555282566,trees,100,100,66682,6550,node_visits,816.718,524.83,0.6426085870520792,12.888499997643521,10.766100000182632,5.724611800000275,"{""adwin_delta"": 0.002, ""buffer_size"": 1000, ""chunk_size"": 2000, ""energy_country_iso"": ""USA"", ""eval_block"": 1000, ""floor_drop"": 0.02, ""holdout_frac"": 0.2, ""init_frac"": 0.1, ""init_holdout_frac"": 0.2, ""k"": 3, ""min_buffer"": 100, ""n_ref"": 200, ""probe_rows"": 1000, ""track_energy"": true}"
elec2,rf,NeverAdapt,never_adapt,2,40781,3624,accuracy,80,80,80,0,0,0,0,0,0,15,0,,0,0,0,0,0,0,0,0.0,1.3883458888554277e-05,362400,0.717,0.7103062700767514,0.6987256489267248,0.6682810356620096,trees,100,100,66682,66682,node_visits,816.718,816.718,1.0,13.799899999867193,13.245199999801116,4.349168100001407,"{""adwin_delta"": 0.002, ""buffer_size"": 1000, ""chunk_size"": 2000, ""energy_country_iso"": ""USA"", ""eval_block"": 1000, ""floor_drop"": 0.02, ""holdout_frac"": 0.2, ""init_frac"": 0.1, ""init_holdout_frac"": 0.2, ""k"": 3, ""min_buffer"": 100, ""n_ref"": 200, ""probe_rows"": 1000, ""track_energy"": true}"
elec2,sgd,AlwaysRebuild,always_rebuild,2,40781,3624,accuracy,63,63,0,0,63,0,0,0,0,6,0,,0,0,0,2283120,0,35904,3643,0.27975339999466087,2.5237866666682273e-06,344280,0.63,0.6393418503714965,0.6041195447368738,0.6210123154577691,params,9,9,,,params_read,9.0,9.0,1.0,0.19919999976991676,0.2865000024030451,2.0540196000001743,"{""adwin_delta"": 0.002, ""buffer_size"": 1000, ""chunk_size"": 2000, ""energy_country_iso"": ""USA"", ""eval_block"": 1000, ""floor_drop"": 0.02, ""holdout_frac"": 0.2, ""init_frac"": 0.1, ""init_holdout_frac"": 0.2, ""k"": 3, ""min_buffer"": 100, ""n_ref"": 200, ""probe_rows"": 1000, ""track_energy"": true}"
elec2,sgd,MechanismSelector,mechanism_selector,2,40781,3624,accuracy,60,60,20,6,34,13,0,0,0,8,27,6,0,0,0,933325,0,28501,1856,0.16115379999610013,2.543393333993779e-06,344280,0.634,0.6087393639194723,0.6084021999831265,0.5886650910206749,params,9,9,,,params_read,9.0,9.0,1.0,0.31999999919207767,0.16479999976581894,1.921156600001268,"{""adwin_delta"": 0.002, ""buffer_size"": 1000, ""chunk_size"": 2000, ""energy_country_iso"": ""USA"", ""eval_block"": 1000, ""floor_drop"": 0.02, ""holdout_frac"": 0.2, ""init_frac"": 0.1, ""init_holdout_frac"": 0.2, ""k"": 3, ""min_buffer"": 100, ""n_ref"": 200, ""probe_rows"": 1000, ""track_energy"": true}"
elec2,sgd,FixedSchedule(k=3),fixed_schedule,2,40781,3624,accuracy,60,60,0,40,20,0,0,0,0,9,40,,0,0,0,658294,0,28710,1085,0.12709020000329474,2.2904780555504694e-06,344280,0.595,0.6345602118633678,0.569297861484627,0.6201046154852907,params,9,9,,,params_read,9.0,9.0,1.0,0.17069999739760533,0.2840999986801762,1.924961799999437,"{""adwin_delta"": 0.002, ""buffer_size"": 1000, ""chunk_size"": 2000, ""energy_country_iso"": ""USA"", ""eval_block"": 1000, ""floor_drop"": 0.02, ""holdout_frac"": 0.2, ""init_frac"": 0.1, ""init_holdout_frac"": 0.2, ""k"": 3, ""min_buffer"": 100, ""n_ref"": 200, ""probe_rows"": 1000, ""track_energy"": true}"
elec2,sgd,AlwaysNudge,always_nudge,2,40781,3624,accuracy,62,62,0,62,0,0,0,0,0,11,62,,0,0,0,26098,0,26098,62,0.06324550000135787,1.4411211110999705e-06,344280,0.726,0.6931659351168437,0.7165814287034322,0.6846912754252972,params,9,9,,,params_read,9.0,9.0,1.0,0.7493999983125832,0.1635999979043845,1.7967338000016753,"{""adwin_delta"": 0.002, ""buffer_size"": 1000, ""chunk_size"": 2000, ""energy_country_iso"": ""USA"", ""eval_block"": 1000, ""floor_drop"": 0.02, ""holdout_frac"": 0.2, ""init_frac"": 0.1, ""init_holdout_frac"": 0.2, ""k"": 3, ""min_buffer"": 100, ""n_ref"": 200, ""probe_rows"": 1000, ""track_energy"": true}"
elec2,sgd,NeverAdapt,never_adapt,2,40781,3624,accuracy,84,84,84,0,0,0,0,0,0,21,0,,0,0,0,0,0,0,0,0.0,1.1918972225508154e-06,344280,0.641,0.6671979598342366,0.6156316916488223,0.6133936959225297,params,9,9,,,params_read,9.0,9.0,1.0,0.3450999975029845,0.16529999993508682,1.7312033000016527,"{""adwin_delta"": 0.002, ""buffer_size"": 1000, ""chunk_size"": 2000, ""energy_country_iso"": ""USA"", ""eval_block"": 1000, ""floor_drop"": 0.02, ""holdout_frac"": 0.2, ""init_frac"": 0.1, ""init_holdout_frac"": 0.2, ""k"": 3, ""min_buffer"": 100, ""n_ref"": 200, ""probe_rows"": 1000, ""track_energy"": true}"
elec2,gnb,AlwaysRebuild,always_rebuild,2,40781,3624,accuracy,77,77,0,0,77,0,1,0,0,7,0,,0,0,0,36948,0,36948,77,0.08937939997122157,2.382325000669633e-06,3624,0.741,0.6810524508962507,0.7433801639943594,0.6678119859634271,params,34,34,,,params_read,34.0,34.0,1.0,0.32329999885405414,0.2946999993582722,1.9066812999990361,"{""adwin_delta"": 0.002, ""buffer_size"": 1000, ""chunk_size"": 2000, ""energy_country_iso"": ""USA"", ""eval_block"": 1000, ""floor_drop"": 0.02, ""holdout_frac"": 0.2, ""init_frac"": 0.1, ""init_holdout_frac"": 0.2, ""k"": 3, ""min_buffer"": 100, ""n_ref"": 200, ""probe_rows"": 1000, ""track_energy"": true}"
elec2,gnb,MechanismSelector,mechanism_selector,2,40781,3624,accuracy,66,66,13,13,40,14,0,0,0,10,39,13,0,0,0,36049,0,36049,79,0.08610270001736353,2.3055824993384555e-06,3624,0.683,0.672690713812805,0.6875128057819864,0.6495440700401959,params,34,34,,,params_read,34.0,34.0,1.0,0.4436999988683965,0.47810000251047313,1.9917977000004612,"{""adwin_delta"": 0.002, ""buffer_size"": 1000, ""chunk_size"": 2000, ""energy_country_iso"": ""USA"", ""eval_block"": 1000, ""floor_drop"": 0.02, ""holdout_frac"": 0.2, ""init_frac"": 0.1, ""init_holdout_frac"": 0.2, ""k"": 3, ""min_buffer"": 100, ""n_ref"": 200, ""probe_rows"": 1000, ""track_energy"": true}"
elec2,gnb,FixedSchedule(k=3),fixed_schedule,2,40781,3624,accuracy,81,81,0,54,27,0,1,0,0,15,54,,0,0,0,33970,0,33970,81,0.08140259999709087,2.4191850000022763e-06,3624,0.638,0.6892915818641033,0.6460943871504272,0.6751341647430442,params,34,34,,,params_read,34.0,34.0,1.0,0.7198999992397148,0.3158999970764853,1.976890399997501,"{""adwin_delta"": 0.002, ""buffer_size"": 1000, ""chunk_size"": 2000, ""energy_country_iso"": ""USA"", ""eval_block"": 1000, ""floor_drop"": 0.02, ""holdout_frac"": 0.2, ""init_frac"": 0.1, ""init_holdout_frac"": 0.2, ""k"": 3, ""min_buffer"": 100, ""n_ref"": 200, ""probe_rows"": 1000, ""track_energy"": true}"
elec2,gnb,AlwaysNudge,always_nudge,2,40781,3624,accuracy,73,73,0,73,0,0,0,0,0,11,73,,0,0,0,31274,0,31274,73,0.07147240002086619,2.222177499998215e-06,3624,0.763,0.7051077707756063,0.7518209319797036,0.6799821366687192,params,34,34,,,params_read,34.0,34.0,1.0,0.4977999997208826,0.3056999994441867,1.9233387999993283,"{""adwin_delta"": 0.002, ""buffer_size"": 1000, ""chunk_size"": 2000, ""energy_country_iso"": ""USA"", ""eval_block"": 1000, ""floor_drop"": 0.02, ""holdout_frac"": 0.2, ""init_frac"": 0.1, ""init_holdout_frac"": 0.2, ""k"": 3, ""min_buffer"": 100, ""n_ref"": 200, ""probe_rows"": 1000, ""track_energy"": true}"
elec2,gnb,NeverAdapt,never_adapt,2,40781,3624,accuracy,64,64,64,0,0,0,1,0,0,11,0,,0,0,0,0,0,0,0,0.0,1.4671900003279968e-06,3624,0.467,0.4804933670091464,0.5,0.5380421220500731,params,34,34,,,params_read,34.0,34.0,1.0,0.35909999860450625,0.4023000001325272,1.7335450999999011,"{""adwin_delta"": 0.002, ""buffer_size"": 1000, ""chunk_size"": 2000, ""energy_country_iso"": ""USA"", ""eval_block"": 1000, ""floor_drop"": 0.02, ""holdout_frac"": 0.2, ""init_frac"": 0.1, ""init_holdout_frac"": 0.2, ""k"": 3, ""min_buffer"": 100, ""n_ref"": 200, ""probe_rows"": 1000, ""track_energy"": true}"
insects_abrupt,xgb,AlwaysRebuild,always_rebuild,2,47564,4227,balanced_accuracy,9,9,0,0,9,0,0,0,0,0,0,,0,0,0,900000,900,9000,900,9.745030600002792,7.220230333399139e-05,422700,0.39,0.5604448742746615,0.4344803614876607,0.5608586746253009,rounds,100,100,29416,11532,node_visits,3673.036,2357.422,0.6418183758612767,18.650199999683537,15.262200002325699,15.460800100001507,"{""adwin_delta"": 0.002, ""buffer_size"": 1000, ""chunk_size"": 2000, ""energy_country_iso"": ""USA"", ""eval_block"": 1000, ""floor_drop"": 0.02, ""holdout_frac"": 0.2, ""init_frac"": 0.1, ""init_holdout_frac"": 0.2, ""k"": 3, ""min_buffer"": 100, ""n_ref"": 200, ""probe_rows"": 1000, ""track_energy"": true}"
insects_abrupt,xgb,MechanismSelector,mechanism_selector,2,47564,4227,balanced_accuracy,11,11,5,1,5,0,0,0,0,0,6,1,4,15,0,476575,530,8979,530,4.908070199999202,4.983483638888384e-05,422700,0.45,0.45650071482633925,0.35811283454987836,0.4539220111710304,rounds,100,105,29416,3502,node_visits,3673.036,1294.357,0.35239431358690737,16.64159999927506,9.104199998546392,10.663460499999928,"{""adwin_delta"": 0.002, ""buffer_size"": 1000, ""chunk_size"": 2000, ""energy_country_iso"": ""USA"", ""eval_block"": 1000, ""floor_drop"": 0.02, ""holdout_frac"": 0.2, ""init_frac"": 0.1, ""init_holdout_frac"": 0.2, ""k"": 3, ""min_buffer"": 100, ""n_ref"": 200, ""probe_rows"": 1000, ""track_energy"": true}"
insects_abrupt,xgb,FixedSchedule(k=3),fixed_schedule,2,47564,4227,balanced_accuracy,11,11,0,8,3,0,0,0,0,0,8,,3,10,0,325405,340,8841,340,6.185016899999027,7.263387694443128e-05,422700,0.489,0.4942603649819191,0.5841599322210635,0.49527412446460356,rounds,100,110,29416,15468,node_visits,3673.036,2874.613,0.7826258713500222,17.65040000100271,16.58839999799966,12.942243800000142,"{""adwin_delta"": 0.002, ""buffer_size"": 1000, ""chunk_size"": 2000, ""energy_country_iso"": ""USA"", ""eval_block"": 1000, ""floor_drop"": 0.02, ""holdout_frac"": 0.2, ""init_frac"": 0.1, ""init_holdout_frac"": 0.2, ""k"": 3, ""min_buffer"": 100, ""n_ref"": 200, ""probe_rows"": 1000, ""track_energy"": true}"
insects_abrupt,xgb,AlwaysNudge,always_nudge,2,47564,4227,balanced_accuracy,10,10,0,10,0,0,0,0,0,0,10,,2,3,0,40000,50,8000,50,2.776667299993278,5.7608761667006574e-05,422700,0.226,0.501219409637541,0.5375825512686826,0.5031137949391248,rounds,100,150,29416,40844,node_visits,3673.036,5286.679,1.4393213134856289,24.568000000726897,22.194899996975437,10.223412899998948,"{""adwin_delta"": 0.002, ""buffer_size"": 1000, ""chunk_size"": 2000, ""energy_country_iso"": ""USA"", ""eval_block"": 1000, ""floor_drop"": 0.02, ""holdout_frac"": 0.2, ""init_frac"": 0.1, ""init_holdout_frac"": 0.2, ""k"": 3, ""min_buffer"": 100, ""n_ref"": 200, ""probe_rows"": 1000, ""track_energy"": true}"
insects_abrupt,xgb,NeverAdapt,never_adapt,2,47564,4227,balanced_accuracy,9,9,9,0,0,0,0,0,0,0,0,,0,0,0,0,0,0,0,0.0,3.3018879167335186e-05,422700,0.276,0.5618324783449667,0.6358500608272507,0.5689607474919983,rounds,100,100,29416,29416,node_visits,3673.036,3673.036,1.0,16.786899999715388,18.004699999437435,6.889639699998952,"{""adwin_delta"": 0.002, ""buffer_size"": 1000, ""chunk_size"": 2000, ""energy_country_iso"": ""USA"", ""eval_block"": 1000, ""floor_drop"": 0.02, ""holdout_frac"": 0.2, ""init_frac"": 0.1, ""init_holdout_frac"": 0.2, ""k"": 3, ""min_buffer"": 100, ""n_ref"": 200, ""probe_rows"": 1000, ""track_energy"": true}"
insects_abrupt,rf,AlwaysRebuild,always_rebuild,2,47564,4227,balanced_accuracy,10,10,0,0,10,0,0,0,0,0,0,,1,2,0,986400,1000,9864,1000,4.385353199995734,4.041738194477683e-05,422700,0.183,0.5773063661592801,0.5609174052832812,0.5789109582182336,trees,100,100,122592,20586,node_visits,1316.299,990.645,0.7525987636547623,22.115799998573493,21.43409999916912,9.267953999999008,"{""adwin_delta"": 0.002, ""buffer_size"": 1000, ""chunk_size"": 2000, ""energy_country_iso"": ""USA"", ""eval_block"": 1000, ""floor_drop"": 0.02, ""holdout_frac"": 0.2, ""init_frac"": 0.1, ""init_holdout_frac"": 0.2, ""k"": 3, ""min_buffer"": 100, ""n_ref"": 200, ""probe_rows"": 1000, ""track_energy"": true}"
insects_abrupt,rf,MechanismSelector,mechanism_selector,2,47564,4227,balanced_accuracy,8,8,4,0,4,1,0,0,0,1,3,0,2,5,0,331200,415,5592,415,1.5802913999941666,2.3963740555559022e-05,422700,0.366,0.5215288873938273,0.4643117831074035,0.5253601818240597,trees,100,100,122592,32078,node_visits,1316.299,998.828,0.7588154363104431,22.743900000932626,29.258399998070672,6.380858500000613,"{""adwin_delta"": 0.002, ""buffer_size"": 1000, ""chunk_size"": 2000, ""energy_country_iso"": ""USA"", ""eval_block"": 1000, ""floor_drop"": 0.02, ""holdout_frac"": 0.2, ""init_frac"": 0.1, ""init_holdout_frac"": 0.2, ""k"": 3, ""min_buffer"": 100, ""n_ref"": 200, ""probe_rows"": 1000, ""track_energy"": true}"
insects_abrupt,rf,FixedSchedule(k=3),fixed_schedule,2,47564,4227,balanced_accuracy,10,10,0,7,3,0,0,0,0,1,7,,3,8,0,240640,335,7696,335,1.1095530000020517,2.1926629722231106e-05,422700,0.349,0.4052644857455218,0.5129192735488356,0.404139180652574,trees,100,100,122592,32354,node_visits,1316.299,1007.1,0.7650997227833494,22.4887000003946,19.57829999810201,5.873689500000182,"{""adwin_delta"": 0.002, ""buffer_size"": 1000, ""chunk_size"": 2000, ""energy_country_iso"": ""USA"", ""eval_block"": 1000, ""floor_drop"": 0.02, ""holdout_frac"": 0.2, ""init_frac"": 0.1, ""init_holdout_frac"": 0.2, ""k"": 3, ""min_buffer"": 100, ""n_ref"": 200, ""probe_rows"": 1000, ""track_energy"": true}"
insects_abrupt,rf,AlwaysNudge,always_nudge,2,47564,4227,balanced_accuracy,8,8,0,8,0,0,0,0,0,0,8,,4,13,0,30045,40,6009,40,0.15061739999509882,1.6496124722901236e-05,422700,0.238,0.5539693886132369,0.6504507733750434,0.5617842860846207,trees,100,100,122592,80672,node_visits,1316.299,1068.073,0.8114212652292527,29.947400002129143,18.908800000644987,5.037856399998418,"{""adwin_delta"": 0.002, ""buffer_size"": 1000, ""chunk_size"": 2000, ""energy_country_iso"": ""USA"", ""eval_block"": 1000, ""floor_drop"": 0.02, ""holdout_frac"": 0.2, ""init_frac"": 0.1, ""init_holdout_frac"": 0.2, ""k"": 3, ""min_buffer"": 100, ""n_ref"": 200, ""probe_rows"": 1000, ""track_energy"": true}"
insects_abrupt,rf,NeverAdapt,never_adapt,2,47564,4227,balanced_accuracy,8,8,8,0,0,0,0,0,0,0,0,,0,0,0,0,0,0,0,0.0,1.5579211388557626e-05,422700,0.211,0.5554621142040198,0.6455063868613139,0.5635314297651829,trees,100,100,122592,122592,node_visits,1316.299,1316.299,1.0,23.001100002147723,21.223299998382572,4.832809000003181,"{""adwin_delta"": 0.002, ""buffer_size"": 1000, ""chunk_size"": 2000, ""energy_country_iso"": ""USA"", ""eval_block"": 1000, ""floor_drop"": 0.02, ""holdout_frac"": 0.2, ""init_frac"": 0.1, ""init_holdout_frac"": 0.2, ""k"": 3, ""min_buffer"": 100, ""n_ref"": 200, ""probe_rows"": 1000, ""track_energy"": true}"
insects_abrupt,sgd,AlwaysRebuild,always_rebuild,2,47564,4227,balanced_accuracy,9,9,0,0,9,0,0,0,0,0,0,,4,6,0,4502000,0,9000,4502,0.8699027999937243,7.126710555884177e-06,959529,0.096,0.2658313009839374,0.3654761904761905,0.26352729700836874,params,204,204,,,params_read,204.0,204.0,1.0,0.24080000002868474,0.2396000018052291,2.9006577000000107,"{""adwin_delta"": 0.002, ""buffer_size"": 1000, ""chunk_size"": 2000, ""energy_country_iso"": ""USA"", ""eval_block"": 1000, ""floor_drop"": 0.02, ""holdout_frac"": 0.2, ""init_frac"": 0.1, ""init_holdout_frac"": 0.2, ""k"": 3, ""min_buffer"": 100, ""n_ref"": 200, ""probe_rows"": 1000, ""track_energy"": true}"
insects_abrupt,sgd,MechanismSelector,mechanism_selector,2,47564,4227,balanced_accuracy,10,10,7,1,2,0,0,0,0,0,3,1,0,0,0,250400,0,4400,251,0.13921430000118562,3.3789527771130267e-06,959529,0.05,0.18318476158439156,0.02501520681265207,0.185875502602589,params,204,204,,,params_read,204.0,204.0,1.0,0.26190000062342733,0.30649999825982377,2.160242999998445,"{""adwin_delta"": 0.002, ""buffer_size"": 1000, ""chunk_size"": 2000, ""energy_country_iso"": ""USA"", ""eval_block"": 1000, ""floor_drop"": 0.02, ""holdout_frac"": 0.2, ""init_frac"": 0.1, ""init_holdout_frac"": 0.2, ""k"": 3, ""min_buffer"": 100, ""n_ref"": 200, ""probe_rows"": 1000, ""track_energy"": true}"
insects_abrupt,sgd,FixedSchedule(k=3),fixed_schedule,2,47564,4227,balanced_accuracy,8,8,0,6,2,0,0,0,0,0,6,,0,0,0,195800,0,6800,197,0.11826959999962128,6.086257500333584e-06,959529,0.378,0.19491632326969976,0.18362226277372262,0.19220940009102794,params,204,204,,,params_read,204.0,204.0,1.0,0.31400000079884194,0.24399999892921187,2.3762180999983684,"{""adwin_delta"": 0.002, ""buffer_size"": 1000, ""chunk_size"": 2000, ""energy_country_iso"": ""USA"", ""eval_block"": 1000, ""floor_drop"": 0.02, ""holdout_frac"": 0.2, ""init_frac"": 0.1, ""init_holdout_frac"": 0.2, ""k"": 3, ""min_buffer"": 100, ""n_ref"": 200, ""probe_rows"": 1000, ""track_energy"": true}"
insects_abrupt,sgd,AlwaysNudge,always_nudge,2,47564,4227,balanced_accuracy,8,8,0,8,0,0,0,0,0,0,8,,0,0,0,6400,0,6400,8,0.0348243000007642,3.328916111113822e-06,959529,0.081,0.2164241863594315,0.30614681091414664,0.21266123609106038,params,204,204,,,params_read,204.0,204.0,1.0,0.243499998759944,0.24529999791411683,2.086886400000367,"{""adwin_delta"": 0.002, ""buffer_size"": 1000, ""chunk_size"": 2000, ""energy_country_iso"": ""USA"", ""eval_block"": 1000, ""floor_drop"": 0.02, ""holdout_frac"": 0.2, ""init_frac"": 0.1, ""init_holdout_frac"": 0.2, ""k"": 3, ""min_buffer"": 100, ""n_ref"": 200, ""probe_rows"": 1000, ""track_energy"": true}"
insects_abrupt,sgd,NeverAdapt,never_adapt,2,47564,4227,balanced_accuracy,11,11,11,0,0,0,0,0,0,0,0,,0,0,0,0,0,0,0,0.0,2.599325555557488e-06,959529,0.082,0.2048818434109831,0.3336309523809524,0.20876716308208784,params,204,204,,,params_read,204.0,204.0,1.0,0.29600000198115595,0.5273999995552003,2.029509300002246,"{""adwin_delta"": 0.002, ""buffer_size"": 1000, ""chunk_size"": 2000, ""energy_country_iso"": ""USA"", ""eval_block"": 1000, ""floor_drop"": 0.02, ""holdout_frac"": 0.2, ""init_frac"": 0.1, ""init_holdout_frac"": 0.2, ""k"": 3, ""min_buffer"": 100, ""n_ref"": 200, ""probe_rows"": 1000, ""track_energy"": true}"
insects_abrupt,gnb,AlwaysRebuild,always_rebuild,2,47564,4227,balanced_accuracy,10,10,0,0,10,0,0,0,0,0,0,,3,4,0,9384,0,9384,10,0.017493800001830095,9.883733333290154e-07,4227,0.299,0.5725548734336894,0.7058361574556831,0.5733682680547112,params,402,402,,,params_read,402.0,402.0,1.0,0.8712000017112587,0.891700001375284,1.746208900000056,"{""adwin_delta"": 0.002, ""buffer_size"": 1000, ""chunk_size"": 2000, ""energy_country_iso"": ""USA"", ""eval_block"": 1000, ""floor_drop"": 0.02, ""holdout_frac"": 0.2, ""init_frac"": 0.1, ""init_holdout_frac"": 0.2, ""k"": 3, ""min_buffer"": 100, ""n_ref"": 200, ""probe_rows"": 1000, ""track_energy"": true}"
insects_abrupt,gnb,MechanismSelector,mechanism_selector,2,47564,4227,balanced_accuracy,11,11,8,1,2,1,0,0,0,1,2,1,1,1,0,2728,0,2728,4,0.0071935999985726085,1.3117016660073776e-06,4227,0.233,0.4051803885291397,0.49015250260688215,0.4023382415452221,params,402,402,,,params_read,402.0,402.0,1.0,0.8564000017940998,0.9253000025637448,1.7086209999979474,"{""adwin_delta"": 0.002, ""buffer_size"": 1000, ""chunk_size"": 2000, ""energy_country_iso"": ""USA"", ""eval_block"": 1000, ""floor_drop"": 0.02, ""holdout_frac"": 0.2, ""init_frac"": 0.1, ""init_holdout_frac"": 0.2, ""k"": 3, ""min_buffer"": 100, ""n_ref"": 200, ""probe_rows"": 1000, ""track_energy"": true}"
insects_abrupt,gnb,FixedSchedule(k=3),fixed_schedule,2,47564,4227,balanced_accuracy,11,11,0,8,3,0,0,0,0,0,8,,0,0,0,9086,0,9086,11,0.017494200001237914,1.0679186114431529e-06,4227,0.21,0.41750063072912286,0.6685132082029892,0.4161156070580471,params,402,402,,,params_read,402.0,402.0,1.0,1.1272000010649208,1.2380999978631735,1.7115486999973655,"{""adwin_delta"": 0.002, ""buffer_size"": 1000, ""chunk_size"": 2000, ""energy_country_iso"": ""USA"", ""eval_block"": 1000, ""floor_drop"": 0.02, ""holdout_frac"": 0.2, ""init_frac"": 0.1, ""init_holdout_frac"": 0.2, ""k"": 3, ""min_buffer"": 100, ""n_ref"": 200, ""probe_rows"": 1000, ""track_energy"": true}"
insects_abrupt,gnb,AlwaysNudge,always_nudge,2,47564,4227,balanced_accuracy,7,7,0,7,0,0,0,0,0,0,7,,0,0,0,5600,0,5600,7,0.01030190000165021,9.60701944777347e-07,4227,0.661,0.4888571188293667,0.6478775634341327,0.48718297247645137,params,402,402,,,params_read,402.0,402.0,1.0,1.1790999997174367,1.0490999993635342,1.6645559999997204,"{""adwin_delta"": 0.002, ""buffer_size"": 1000, ""chunk_size"": 2000, ""energy_country_iso"": ""USA"", ""eval_block"": 1000, ""floor_drop"": 0.02, ""holdout_frac"": 0.2, ""init_frac"": 0.1, ""init_holdout_frac"": 0.2, ""k"": 3, ""min_buffer"": 100, ""n_ref"": 200, ""probe_rows"": 1000, ""track_energy"": true}"
insects_abrupt,gnb,NeverAdapt,never_adapt,2,47564,4227,balanced_accuracy,8,8,8,0,0,0,0,0,0,0,0,,0,0,0,0,0,0,0,0.0,1.0505472222224608e-06,4227,0.701,0.4918425700109326,0.6579531630170317,0.49116669023416265,params,402,402,,,params_read,402.0,402.0,1.0,1.0731000002124347,2.285700000356883,1.6603566000012506,"{""adwin_delta"": 0.002, ""buffer_size"": 1000, ""chunk_size"": 2000, ""energy_country_iso"": ""USA"", ""eval_block"": 1000, ""floor_drop"": 0.02, ""holdout_frac"": 0.2, ""init_frac"": 0.1, ""init_holdout_frac"": 0.2, ""k"": 3, ""min_buffer"": 100, ""n_ref"": 200, ""probe_rows"": 1000, ""track_energy"": true}"
insects_gradual,xgb,AlwaysRebuild,always_rebuild,2,21735,1932,balanced_accuracy,7,7,0,0,7,0,0,0,0,1,0,,5,11,1,588800,700,5888,700,5.7135788000014145,4.932625916732859e-05,193200,0.608,0.5131354957441914,0.5353198653198653,0.5092618247809012,rounds,100,100,8232,6928,node_visits,1833.129,1732.201,0.9449422271973222,11.878400000568945,10.90209999892977,9.285351499998796,"{""adwin_delta"": 0.002, ""buffer_size"": 1000, ""chunk_size"": 2000, ""energy_country_iso"": ""USA"", ""eval_block"": 1000, ""floor_drop"": 0.02, ""holdout_frac"": 0.2, ""init_frac"": 0.1, ""init_holdout_frac"": 0.2, ""k"": 3, ""min_buffer"": 100, ""n_ref"": 200, ""probe_rows"": 1000, ""track_energy"": true}"
insects_gradual,xgb,MechanismSelector,mechanism_selector,2,21735,1932,balanced_accuracy,5,5,0,1,4,0,0,0,0,0,5,1,3,13,1,405855,425,7755,425,4.08908010000232,3.770535388922233e-05,193200,0.521,0.3899240855762595,0.2540978411566647,0.3967950636678477,rounds,100,100,8232,13408,node_visits,1833.129,2566.164,1.399881841376139,11.387800001102732,15.185199998086318,7.482808299999306,"{""adwin_delta"": 0.002, ""buffer_size"": 1000, ""chunk_size"": 2000, ""energy_country_iso"": ""USA"", ""eval_block"": 1000, ""floor_drop"": 0.02, ""holdout_frac"": 0.2, ""init_frac"": 0.1, ""init_holdout_frac"": 0.2, ""k"": 3, ""min_buffer"": 100, ""n_ref"": 200, ""probe_rows"": 1000, ""track_energy"": true}"
insects_gradual,xgb,FixedSchedule(k=3),fixed_schedule,2,21735,1932,balanced_accuracy,7,7,0,5,2,0,0,0,0,0,5,,5,13,1,216350,225,5270,225,2.492026600000827,2.5947949167329377e-05,193200,0.393,0.4339084426040948,0.4698039215686274,0.43522763811490917,rounds,100,105,8232,15346,node_visits,1833.129,2889.309,1.5761623977363297,11.949399999139132,16.098399999464164,6.18822320000254,"{""adwin_delta"": 0.002, ""buffer_size"": 1000, ""chunk_size"": 2000, ""energy_country_iso"": ""USA"", ""eval_block"": 1000, ""floor_drop"": 0.02, ""holdout_frac"": 0.2, ""init_frac"": 0.1, ""init_holdout_frac"": 0.2, ""k"": 3, ""min_buffer"": 100, ""n_ref"": 200, ""probe_rows"": 1000, ""track_energy"": true}"
insects_gradual,xgb,AlwaysNudge,always_nudge,2,21735,1932,balanced_accuracy,6,6,0,6,0,0,1,0,0,1,6,,4,12,1,19855,30,3971,30,1.3020828000044276,3.326826500000195e-05,193200,0.0,0.28428801472279736,0.0,0.295254943738491,rounds,100,130,8232,9994,node_visits,1833.129,2230.317,1.2166721490958903,12.05389999813633,22.802800001954893,6.239853799997945,"{""adwin_delta"": 0.002, ""buffer_size"": 1000, ""chunk_size"": 2000, ""energy_country_iso"": ""USA"", ""eval_block"": 1000, ""floor_drop"": 0.02, ""holdout_frac"": 0.2, ""init_frac"": 0.1, ""init_holdout_frac"": 0.2, ""k"": 3, ""min_buffer"": 100, ""n_ref"": 200, ""probe_rows"": 1000, ""track_energy"": true}"
insects_gradual,xgb,NeverAdapt,never_adapt,2,21735,1932,balanced_accuracy,7,7,7,0,0,0,1,0,0,1,0,,0,0,1,0,0,0,0,0.0,1.4902598055556281e-05,193200,0.034,0.2782608695652174,0.2335115864527629,0.3060491100450692,rounds,100,100,8232,8232,node_visits,1833.129,1833.129,1.0,12.64660000015283,11.808800001745112,4.38085990000036,"{""adwin_delta"": 0.002, ""buffer_size"": 1000, ""chunk_size"": 2000, ""energy_country_iso"": ""USA"", ""eval_block"": 1000, ""floor_drop"": 0.02, ""holdout_frac"": 0.2, ""init_frac"": 0.1, ""init_holdout_frac"": 0.2, ""k"": 3, ""min_buffer"": 100, ""n_ref"": 200, ""probe_rows"": 1000, ""track_energy"": true}"
insects_gradual,rf,AlwaysRebuild,always_rebuild,2,21735,1932,balanced_accuracy,7,7,0,0,7,0,0,0,0,1,0,,5,11,1,553600,700,5536,700,2.922309599998698,3.1146812222567e-05,193200,0.727,0.4875086266390614,0.5840007922360864,0.48384578375250986,trees,100,100,26580,12624,node_visits,864.884,919.828,1.0635275944519726,15.814200000022538,15.14119999774266,6.206457000000228,"{""adwin_delta"": 0.002, ""buffer_size"": 1000, ""chunk_size"": 2000, ""energy_country_iso"": ""USA"", ""eval_block"": 1000, ""floor_drop"": 0.02, ""holdout_frac"": 0.2, ""init_frac"": 0.1, ""init_holdout_frac"": 0.2, ""k"": 3, ""min_buffer"": 100, ""n_ref"": 200, ""probe_rows"": 1000, ""track_energy"": true}"
insects_gradual,rf,MechanismSelector,mechanism_selector,2,21735,1932,balanced_accuracy,7,7,1,1,5,1,0,0,0,1,5,1,5,23,1,354460,525,6748,525,1.976635899995017,2.7133664444781218e-05,193200,0.542,0.4174833218311479,0.229041394335512,0.41844631789154324,trees,100,100,26580,8810,node_visits,864.884,792.136,0.9158869860004347,16.96559999982128,21.574099999270402,5.555636699999013,"{""adwin_delta"": 0.002, ""buffer_size"": 1000, ""chunk_size"": 2000, ""energy_country_iso"": ""USA"", ""eval_block"": 1000, ""floor_drop"": 0.02, ""holdout_frac"": 0.2, ""init_frac"": 0.1, ""init_holdout_frac"": 0.2, ""k"": 3, ""min_buffer"": 100, ""n_ref"": 200, ""probe_rows"": 1000, ""track_energy"": true}"
insects_gradual,rf,FixedSchedule(k=3),fixed_schedule,2,21735,1932,balanced_accuracy,6,6,0,4,2,0,0,0,0,0,4,,4,10,1,212350,220,4470,220,0.9562167999974918,1.435398722256145e-05,193200,0.515,0.2803312629399586,0.1954208754208754,0.29247528950020735,trees,100,100,26580,37716,node_visits,864.884,1045.662,1.2090199379338733,15.493099999730475,17.873799999506446,4.265171199996985,"{""adwin_delta"": 0.002, ""buffer_size"": 1000, ""chunk_size"": 2000, ""energy_country_iso"": ""USA"", ""eval_block"": 1000, ""floor_drop"": 0.02, ""holdout_frac"": 0.2, ""init_frac"": 0.1, ""init_holdout_frac"": 0.2, ""k"": 3, ""min_buffer"": 100, ""n_ref"": 200, ""probe_rows"": 1000, ""track_energy"": true}"
insects_gradual,rf,AlwaysNudge,always_nudge,2,21735,1932,balanced_accuracy,7,7,0,7,0,0,1,0,0,1,7,,5,15,1,21260,35,4252,35,0.11174299999402137,9.190507222552498e-06,193200,0.031,0.2522659305268001,0.21836007130124777,0.28113246947562587,trees,100,100,26580,21234,node_visits,864.884,776.734,0.8980788175061627,15.808200001629302,14.759599998797057,3.220189899999241,"{""adwin_delta"": 0.002, ""buffer_size"": 1000, ""chunk_size"": 2000, ""energy_country_iso"": ""USA"", ""eval_block"": 1000, ""floor_drop"": 0.02, ""holdout_frac"": 0.2, ""init_frac"": 0.1, ""init_holdout_frac"": 0.2, ""k"": 3, ""min_buffer"": 100, ""n_ref"": 200, ""probe_rows"": 1000, ""track_energy"": true}"
insects_gradual,rf,NeverAdapt,never_adapt,2,21735,1932,balanced_accuracy,7,7,7,0,0,0,1,0,0,1,0,,0,0,1,0,0,0,0,0.0,7.781546388883855e-06,193200,0.031,0.2519898780768346,0.208853238265003,0.28062807892168967,trees,100,100,26580,26580,node_visits,864.884,864.884,1.0,21.538999997574138,14.709200000652345,2.994967999999062,"{""adwin_delta"": 0.002, ""buffer_size"": 1000, ""chunk_size"": 2000, ""energy_country_iso"": ""USA"", ""eval_block"": 1000, ""floor_drop"": 0.02, ""holdout_frac"": 0.2, ""init_frac"": 0.1, ""init_holdout_frac"": 0.2, ""k"": 3, ""min_buffer"": 100, ""n_ref"": 200, ""probe_rows"": 1000, ""track_energy"": true}"
insects_gradual,sgd,AlwaysRebuild,always_rebuild,2,21735,1932,balanced_accuracy,7,7,0,0,7,0,1,0,0,1,0,,5,12,1,3493000,0,5284,5209,0.8458305000021937,5.873194166335616e-06,1932000,0.472,0.2129744651483782,0.4846563675975441,0.21995173968446458,params,204,204,,,params_read,204.0,204.0,1.0,0.24760000087553635,0.24080000002868474,2.642236199997569,"{""adwin_delta"": 0.002, ""buffer_size"": 1000, ""chunk_size"": 2000, ""energy_country_iso"": ""USA"", ""eval_block"": 1000, ""floor_drop"": 0.02, ""holdout_frac"": 0.2, ""init_frac"": 0.1, ""init_holdout_frac"": 0.2, ""k"": 3, ""min_buffer"": 100, ""n_ref"": 200, ""probe_rows"": 1000, ""track_energy"": true}"
insects_gradual,sgd,MechanismSelector,mechanism_selector,2,21735,1932,balanced_accuracy,6,6,3,1,2,1,1,0,0,1,2,1,2,6,1,805363,0,2167,2002,0.23851769999964745,3.0180777774356563e-06,1932000,0.039,0.217437313089487,0.30183798772034065,0.24320579607839443,params,204,204,,,params_read,204.0,204.0,1.0,0.3508000008878298,0.2358999990974553,2.055639099999098,"{""adwin_delta"": 0.002, ""buffer_size"": 1000, ""chunk_size"": 2000, ""energy_country_iso"": ""USA"", ""eval_block"": 1000, ""floor_drop"": 0.02, ""holdout_frac"": 0.2, ""init_frac"": 0.1, ""init_holdout_frac"": 0.2, ""k"": 3, ""min_buffer"": 100, ""n_ref"": 200, ""probe_rows"": 1000, ""track_energy"": true}"
insects_gradual,sgd,FixedSchedule(k=3),fixed_schedule,2,21735,1932,balanced_accuracy,6,6,0,4,2,0,1,0,0,1,4,,1,3,1,1097396,0,4396,1099,0.33522699999957695,3.979742777774614e-06,1932000,0.623,0.29330572808833677,0.5137472766884531,0.30501170199741995,params,204,204,,,params_read,204.0,204.0,1.0,0.26590000197757035,0.252800000453135,2.165392899998551,"{""adwin_delta"": 0.002, ""buffer_size"": 1000, ""chunk_size"": 2000, ""energy_country_iso"": ""USA"", ""eval_block"": 1000, ""floor_drop"": 0.02, ""holdout_frac"": 0.2, ""init_frac"": 0.1, ""init_holdout_frac"": 0.2, ""k"": 3, ""min_buffer"": 100, ""n_ref"": 200, ""probe_rows"": 1000, ""track_energy"": true}"
insects_gradual,sgd,AlwaysNudge,always_nudge,2,21735,1932,balanced_accuracy,6,6,0,6,0,0,0,0,0,0,6,,0,0,1,4300,0,4300,6,0.048277199995936826,2.4697369444459425e-06,1932000,0.13,0.17234874626178975,0.35382253911665673,0.17911355505837281,params,204,204,,,params_read,204.0,204.0,1.0,0.44749999869964086,0.23670000155107118,1.9052644000003056,"{""adwin_delta"": 0.002, ""buffer_size"": 1000, ""chunk_size"": 2000, ""energy_country_iso"": ""USA"", ""eval_block"": 1000, ""floor_drop"": 0.02, ""holdout_frac"": 0.2, ""init_frac"": 0.1, ""init_holdout_frac"": 0.2, ""k"": 3, ""min_buffer"": 100, ""n_ref"": 200, ""probe_rows"": 1000, ""track_energy"": true}"
insects_gradual,sgd,NeverAdapt,never_adapt,2,21735,1932,balanced_accuracy,6,6,6,0,0,0,0,0,0,0,0,,0,0,1,0,0,0,0,0.0,1.4953102777714272e-06,1932000,0.062,0.1712905452035887,0.39393939393939387,0.2079090012816721,params,204,204,,,params_read,204.0,204.0,1.0,0.23440000222763047,0.23820000205887482,1.7994359000003897,"{""adwin_delta"": 0.002, ""buffer_size"": 1000, ""chunk_size"": 2000, ""energy_country_iso"": ""USA"", ""eval_block"": 1000, ""floor_drop"": 0.02, ""holdout_frac"": 0.2, ""init_frac"": 0.1, ""init_holdout_frac"": 0.2, ""k"": 3, ""min_buffer"": 100, ""n_ref"": 200, ""probe_rows"": 1000, ""track_energy"": true}"
insects_gradual,gnb,AlwaysRebuild,always_rebuild,2,21735,1932,balanced_accuracy,7,7,0,0,7,0,0,0,0,1,0,,4,10,1,5640,0,5640,7,0.013807100000121864,6.571722218913046e-07,1932,0.778,0.5756153669197147,0.40573776985541693,0.5482800326411313,params,402,402,,,params_read,402.0,402.0,1.0,1.083499999367632,0.8984999985841569,1.6601008999969054,"{""adwin_delta"": 0.002, ""buffer_size"": 1000, ""chunk_size"": 2000, ""energy_country_iso"": ""USA"", ""eval_block"": 1000, ""floor_drop"": 0.02, ""holdout_frac"": 0.2, ""init_frac"": 0.1, ""init_holdout_frac"": 0.2, ""k"": 3, ""min_buffer"": 100, ""n_ref"": 200, ""probe_rows"": 1000, ""track_energy"": true}"
insects_gradual,gnb,MechanismSelector,mechanism_selector,2,21735,1932,balanced_accuracy,7,7,1,2,4,1,0,0,0,1,5,2,2,4,1,6724,0,6724,9,0.014438000005611684,9.380280548942469e-07,1932,0.741,0.565631469979296,0.3027450980392157,0.5383971044467268,params,402,402,,,params_read,402.0,402.0,1.0,1.0564000003796536,1.1319000004732516,1.6656794999980775,"{""adwin_delta"": 0.002, ""buffer_size"": 1000, ""chunk_size"": 2000, ""energy_country_iso"": ""USA"", ""eval_block"": 1000, ""floor_drop"": 0.02, ""holdout_frac"": 0.2, ""init_frac"": 0.1, ""init_holdout_frac"": 0.2, ""k"": 3, ""min_buffer"": 100, ""n_ref"": 200, ""probe_rows"": 1000, ""track_energy"": true}"
insects_gradual,gnb,FixedSchedule(k=3),fixed_schedule,2,21735,1932,balanced_accuracy,7,7,0,5,2,0,0,0,0,0,5,,1,3,1,4886,0,4886,7,0.009280099995521596,6.751661111090811e-07,1932,0.734,0.5222452265930527,0.39880174291938997,0.498109841843976,params,402,402,,,params_read,402.0,402.0,1.0,1.4157000005070586,0.9660999967309181,1.6744068000007246,"{""adwin_delta"": 0.002, ""buffer_size"": 1000, ""chunk_size"": 2000, ""energy_country_iso"": ""USA"", ""eval_block"": 1000, ""floor_drop"": 0.02, ""holdout_frac"": 0.2, ""init_frac"": 0.1, ""init_holdout_frac"": 0.2, ""k"": 3, ""min_buffer"": 100, ""n_ref"": 200, ""probe_rows"": 1000, ""track_energy"": true}"
insects_gradual,gnb,AlwaysNudge,always_nudge,2,21735,1932,balanced_accuracy,6,6,0,6,0,0,0,0,0,0,6,,0,0,1,4281,0,4281,6,0.00781259999712347,6.277613888877962e-07,1932,0.094,0.4595813204508857,0.07225589225589225,0.44364042375877794,params,402,402,,,params_read,402.0,402.0,1.0,1.2320999994699378,0.9462000016355887,1.6443994000001112,"{""adwin_delta"": 0.002, ""buffer_size"": 1000, ""chunk_size"": 2000, ""energy_country_iso"": ""USA"", ""eval_block"": 1000, ""floor_drop"": 0.02, ""holdout_frac"": 0.2, ""init_frac"": 0.1, ""init_holdout_frac"": 0.2, ""k"": 3, ""min_buffer"": 100, ""n_ref"": 200, ""probe_rows"": 1000, ""track_energy"": true}"
insects_gradual,gnb,NeverAdapt,never_adapt,2,21735,1932,balanced_accuracy,5,5,5,0,0,0,0,0,0,0,0,,0,0,1,0,0,0,0,0.0,5.513838888913989e-07,1932,0.027,0.34156889809063723,0.09438898791839968,0.3418107321216655,params,402,402,,,params_read,402.0,402.0,1.0,1.1517999992065597,1.078199999028584,1.609741500000382,"{""adwin_delta"": 0.002, ""buffer_size"": 1000, ""chunk_size"": 2000, ""energy_country_iso"": ""USA"", ""eval_block"": 1000, ""floor_drop"": 0.02, ""holdout_frac"": 0.2, ""init_frac"": 0.1, ""init_holdout_frac"": 0.2, ""k"": 3, ""min_buffer"": 100, ""n_ref"": 200, ""probe_rows"": 1000, ""track_energy"": true}"
insects_incremental,xgb,AlwaysRebuild,always_rebuild,2,51317,4560,balanced_accuracy,5,5,0,0,5,0,0,0,0,0,0,,0,0,0,500000,500,5000,500,7.045155699997849,6.227029944444608e-05,456000,0.675,0.60085351832726,0.6740714145264342,0.6008576287377034,rounds,100,100,36642,13844,node_visits,3853.825,2714.438,0.7043490558081906,18.7368000006245,15.048799999931362,13.460663300000306,"{""adwin_delta"": 0.002, ""buffer_size"": 1000, ""chunk_size"": 2000, ""energy_country_iso"": ""USA"", ""eval_block"": 1000, ""floor_drop"": 0.02, ""holdout_frac"": 0.2, ""init_frac"": 0.1, ""init_holdout_frac"": 0.2, ""k"": 3, ""min_buffer"": 100, ""n_ref"": 200, ""probe_rows"": 1000, ""track_energy"": true}"
insects_incremental,xgb,MechanismSelector,mechanism_selector,2,51317,4560,balanced_accuracy,4,4,0,1,3,0,0,0,0,0,4,1,0,0,0,316000,320,6200,320,5.3134895999974106,5.601321777777993e-05,456000,0.527,0.5773330475281095,0.5254741512452059,0.5773367887668904,rounds,100,105,36642,17106,node_visits,3853.825,3093.348,0.8026695555714128,13.751099999353755,16.08000000123866,11.918083500000648,"{""adwin_delta"": 0.002, ""buffer_size"": 1000, ""chunk_size"": 2000, ""energy_country_iso"": ""USA"", ""eval_block"": 1000, ""floor_drop"": 0.02, ""holdout_frac"": 0.2, ""init_frac"": 0.1, ""init_holdout_frac"": 0.2, ""k"": 3, ""min_buffer"": 100, ""n_ref"": 200, ""probe_rows"": 1000, ""track_energy"": true}"
insects_incremental,xgb,FixedSchedule(k=3),fixed_schedule,2,51317,4560,balanced_accuracy,5,5,0,4,1,0,0,0,0,0,4,,0,0,0,116000,120,4200,120,2.565093099998194,4.567831555555589e-05,456000,0.607,0.5753454021084631,0.6060469060465119,0.5753476579238944,rounds,100,110,36642,18768,node_visits,3853.825,3270.751,0.8487025228182391,16.068100001575658,16.290700001263758,9.334636399998999,"{""adwin_delta"": 0.002, ""buffer_size"": 1000, ""chunk_size"": 2000, ""energy_country_iso"": ""USA"", ""eval_block"": 1000, ""floor_drop"": 0.02, ""holdout_frac"": 0.2, ""init_frac"": 0.1, ""init_holdout_frac"": 0.2, ""k"": 3, ""min_buffer"": 100, ""n_ref"": 200, ""probe_rows"": 1000, ""track_energy"": true}"
insects_incremental,xgb,AlwaysNudge,always_nudge,2,51317,4560,balanced_accuracy,5,5,0,5,0,0,0,0,0,0,5,,0,0,0,20000,25,4000,25,1.0886905999977898,3.690447166599375e-05,456000,0.557,0.531539255997038,0.5557194120909005,0.5315446396888341,rounds,100,125,36642,44310,node_visits,3853.825,4752.615,1.2332202422268785,17.48779999979888,15.262900000379886,8.415562399997725,"{""adwin_delta"": 0.002, ""buffer_size"": 1000, ""chunk_size"": 2000, ""energy_country_iso"": ""USA"", ""eval_block"": 1000, ""floor_drop"": 0.02, ""holdout_frac"": 0.2, ""init_frac"": 0.1, ""init_holdout_frac"": 0.2, ""k"": 3, ""min_buffer"": 100, ""n_ref"": 200, ""probe_rows"": 1000, ""track_energy"": true}"
insects_incremental,xgb,NeverAdapt,never_adapt,2,51317,4560,balanced_accuracy,3,3,3,0,0,0,0,0,0,0,0,,0,0,0,0,0,0,0,0.0,2.8229430833669305e-05,456000,0.12,0.22012198686595086,0.1199112905812767,0.22011747061026066,rounds,100,100,36642,36642,node_visits,3853.825,3853.825,1.0,17.518999997264473,16.850199997861637,6.801378399999521,"{""adwin_delta"": 0.002, ""buffer_size"": 1000, ""chunk_size"": 2000, ""energy_country_iso"": ""USA"", ""eval_block"": 1000, ""floor_drop"": 0.02, ""holdout_frac"": 0.2, ""init_frac"": 0.1, ""init_holdout_frac"": 0.2, ""k"": 3, ""min_buffer"": 100, ""n_ref"": 200, ""probe_rows"": 1000, ""track_energy"": true}"
insects_incremental,rf,AlwaysRebuild,always_rebuild,2,51317,4560,balanced_accuracy,7,7,0,0,7,0,0,0,0,0,0,,0,0,0,700000,700,7000,700,2.962804100006906,3.109340500000633e-05,456000,0.695,0.6335522341524251,0.694097205659942,0.6335528598088696,trees,100,100,189968,37936,node_visits,1250.151,1003.172,0.8024406651676477,29.318400000192923,18.488800000341143,8.55813389999821,"{""adwin_delta"": 0.002, ""buffer_size"": 1000, ""chunk_size"": 2000, ""energy_country_iso"": ""USA"", ""eval_block"": 1000, ""floor_drop"": 0.02, ""holdout_frac"": 0.2, ""init_frac"": 0.1, ""init_holdout_frac"": 0.2, ""k"": 3, ""min_buffer"": 100, ""n_ref"": 200, ""probe_rows"": 1000, ""track_energy"": true}"
insects_incremental,rf,MechanismSelector,mechanism_selector,2,51317,4560,balanced_accuracy,6,6,1,0,5,0,0,0,0,0,5,0,0,0,0,520000,525,9000,525,2.185128799996164,2.6060118055554246e-05,456000,0.709,0.6103045774304812,0.7080682501748535,0.6103068863102876,trees,100,100,189968,38132,node_visits,1250.151,1011.644,0.8092174465324589,25.307200001407182,19.14540000143461,7.084685800000443,"{""adwin_delta"": 0.002, ""buffer_size"": 1000, ""chunk_size"": 2000, ""energy_country_iso"": ""USA"", ""eval_block"": 1000, ""floor_drop"": 0.02, ""holdout_frac"": 0.2, ""init_frac"": 0.1, ""init_holdout_frac"": 0.2, ""k"": 3, ""min_buffer"": 100, ""n_ref"": 200, ""probe_rows"": 1000, ""track_energy"": true}"
insects_incremental,rf,FixedSchedule(k=3),fixed_schedule,2,51317,4560,balanced_accuracy,4,4,0,3,1,0,0,0,0,0,3,,0,0,0,112000,115,3400,115,0.5068611999959103,2.1297216667337757e-05,456000,0.589,0.406025293762301,0.587847969627804,0.4060223040828242,trees,100,100,189968,36902,node_visits,1250.151,995.559,0.7963510007991034,30.47050000168383,19.166599999152822,5.642678200001683,"{""adwin_delta"": 0.002, ""buffer_size"": 1000, ""chunk_size"": 2000, ""energy_country_iso"": ""USA"", ""eval_block"": 1000, ""floor_drop"": 0.02, ""holdout_frac"": 0.2, ""init_frac"": 0.1, ""init_holdout_frac"": 0.2, ""k"": 3, ""min_buffer"": 100, ""n_ref"": 200, ""probe_rows"": 1000, ""track_energy"": true}"
insects_incremental,rf,AlwaysNudge,always_nudge,2,51317,4560,balanced_accuracy,4,4,0,4,0,0,0,0,0,0,4,,0,0,0,16000,20,3200,20,0.08223049999651266,1.9173201388891157e-05,456000,0.18,0.23584776974491883,0.18018057580979874,0.23584132609840747,trees,100,100,189968,158044,node_visits,1250.151,1189.95,0.9518450171219317,25.94889999818406,29.600699999718927,5.335067899999558,"{""adwin_delta"": 0.002, ""buffer_size"": 1000, ""chunk_size"": 2000, ""energy_country_iso"": ""USA"", ""eval_block"": 1000, ""floor_drop"": 0.02, ""holdout_frac"": 0.2, ""init_frac"": 0.1, ""init_holdout_frac"": 0.2, ""k"": 3, ""min_buffer"": 100, ""n_ref"": 200, ""probe_rows"": 1000, ""track_energy"": true}"
insects_incremental,rf,NeverAdapt,never_adapt,2,51317,4560,balanced_accuracy,4,4,4,0,0,0,0,0,0,0,0,,0,0,0,0,0,0,0,0.0,1.8890779721558804e-05,456000,0.115,0.2092094237776955,0.11486874592264805,0.20920446890828048,trees,100,100,189968,189968,node_visits,1250.151,1250.151,1.0,24.943299998994917,30.305899999802932,5.260613899998134,"{""adwin_delta"": 0.002, ""buffer_size"": 1000, ""chunk_size"": 2000, ""energy_country_iso"": ""USA"", ""eval_block"": 1000, ""floor_drop"": 0.02, ""holdout_frac"": 0.2, ""init_frac"": 0.1, ""init_holdout_frac"": 0.2, ""k"": 3, ""min_buffer"": 100, ""n_ref"": 200, ""probe_rows"": 1000, ""track_energy"": true}"
insects_incremental,sgd,AlwaysRebuild,always_rebuild,2,51317,4560,balanced_accuracy,0,0,0,0,0,0,0,0,0,0,0,,0,0,0,0,0,0,0,0.0,2.8240049996629308e-06,1026000,0.157,0.16164234074478243,0.15947264833464825,0.16160554782145775,params,204,204,,,params_read,204.0,204.0,1.0,0.2509000005375128,0.24390000180574134,2.079019900000276,"{""adwin_delta"": 0.002, ""buffer_size"": 1000, ""chunk_size"": 2000, ""energy_country_iso"": ""USA"", ""eval_block"": 1000, ""floor_drop"": 0.02, ""holdout_frac"": 0.2, ""init_frac"": 0.1, ""init_holdout_frac"": 0.2, ""k"": 3, ""min_buffer"": 100, ""n_ref"": 200, ""probe_rows"": 1000, ""track_energy"": true}"
insects_incremental,sgd,MechanismSelector,mechanism_selector,2,51317,4560,balanced_accuracy,0,0,0,0,0,0,0,0,0,0,0,0,0,0,0,0,0,0,0,0.0,2.7800491663426302e-06,1026000,0.157,0.16164234074478243,0.15947264833464825,0.16160554782145775,params,204,204,,,params_read,204.0,204.0,1.0,0.681800000165822,0.23850000070524402,2.0735807999990357,"{""adwin_delta"": 0.002, ""buffer_size"": 1000, ""chunk_size"": 2000, ""energy_country_iso"": ""USA"", ""eval_block"": 1000, ""floor_drop"": 0.02, ""holdout_frac"": 0.2, ""init_frac"": 0.1, ""init_holdout_frac"": 0.2, ""k"": 3, ""min_buffer"": 100, ""n_ref"": 200, ""probe_rows"": 1000, ""track_energy"": true}"
insects_incremental,sgd,FixedSchedule(k=3),fixed_schedule,2,51317,4560,balanced_accuracy,0,0,0,0,0,0,0,0,0,0,0,,0,0,0,0,0,0,0,0.0,2.5371808340005114e-06,1026000,0.157,0.16164234074478243,0.15947264833464825,0.16160554782145775,params,204,204,,,params_read,204.0,204.0,1.0,0.34779999987222254,0.2413000001979526,2.0403601999969396,"{""adwin_delta"": 0.002, ""buffer_size"": 1000, ""chunk_size"": 2000, ""energy_country_iso"": ""USA"", ""eval_block"": 1000, ""floor_drop"": 0.02, ""holdout_frac"": 0.2, ""init_frac"": 0.1, ""init_holdout_frac"": 0.2, ""k"": 3, ""min_buffer"": 100, ""n_ref"": 200, ""probe_rows"": 1000, ""track_energy"": true}"
insects_incremental,sgd,AlwaysNudge,always_nudge,2,51317,4560,balanced_accuracy,0,0,0,0,0,0,0,0,0,0,0,,0,0,0,0,0,0,0,0.0,2.995401389222479e-06,1026000,0.157,0.16164234074478243,0.15947264833464825,0.16160554782145775,params,204,204,,,params_read,204.0,204.0,1.0,0.28839999868068844,0.23240000155055895,2.049857299996802,"{""adwin_delta"": 0.002, ""buffer_size"": 1000, ""chunk_size"": 2000, ""energy_country_iso"": ""USA"", ""eval_block"": 1000, ""floor_drop"": 0.02, ""holdout_frac"": 0.2, ""init_frac"": 0.1, ""init_holdout_frac"": 0.2, ""k"": 3, ""min_buffer"": 100, ""n_ref"": 200, ""probe_rows"": 1000, ""track_energy"": true}"
insects_incremental,sgd,NeverAdapt,never_adapt,2,51317,4560,balanced_accuracy,0,0,0,0,0,0,0,0,0,0,0,,0,0,0,0,0,0,0,0.0,3.175091944446284e-06,1026000,0.157,0.16164234074478243,0.15947264833464825,0.16160554782145775,params,204,204,,,params_read,204.0,204.0,1.0,0.2398000033281278,0.2586999980849214,2.094007800002146,"{""adwin_delta"": 0.002, ""buffer_size"": 1000, ""chunk_size"": 2000, ""energy_country_iso"": ""USA"", ""eval_block"": 1000, ""floor_drop"": 0.02, ""holdout_frac"": 0.2, ""init_frac"": 0.1, ""init_holdout_frac"": 0.2, ""k"": 3, ""min_buffer"": 100, ""n_ref"": 200, ""probe_rows"": 1000, ""track_energy"": true}"
insects_incremental,gnb,AlwaysRebuild,always_rebuild,2,51317,4560,balanced_accuracy,5,5,0,0,5,0,0,0,0,0,0,,0,0,0,5000,0,5000,5,0.009356599999591708,8.98341111779466e-07,4560,0.536,0.5484537287838338,0.5364206991179561,0.5484522243959282,params,402,402,,,params_read,402.0,402.0,1.0,1.719500000035623,0.9204000016325153,1.693693399996846,"{""adwin_delta"": 0.002, ""buffer_size"": 1000, ""chunk_size"": 2000, ""energy_country_iso"": ""USA"", ""eval_block"": 1000, ""floor_drop"": 0.02, ""holdout_frac"": 0.2, ""init_frac"": 0.1, ""init_holdout_frac"": 0.2, ""k"": 3, ""min_buffer"": 100, ""n_ref"": 200, ""probe_rows"": 1000, ""track_energy"": true}"
insects_incremental,gnb,MechanismSelector,mechanism_selector,2,51317,4560,balanced_accuracy,5,5,0,2,3,0,0,0,0,0,5,2,0,0,0,7000,0,7000,8,0.014454500000283588,1.0258036111199234e-06,4560,0.591,0.5420425979694838,0.5905913768903314,0.5420423276041598,params,402,402,,,params_read,402.0,402.0,1.0,1.066499997250503,1.4074999999138527,1.6924082000005,"{""adwin_delta"": 0.002, ""buffer_size"": 1000, ""chunk_size"": 2000, ""energy_country_iso"": ""USA"", ""eval_block"": 1000, ""floor_drop"": 0.02, ""holdout_frac"": 0.2, ""init_frac"": 0.1, ""init_holdout_frac"": 0.2, ""k"": 3, ""min_buffer"": 100, ""n_ref"": 200, ""probe_rows"": 1000, ""track_energy"": true}"
insects_incremental,gnb,FixedSchedule(k=3),fixed_schedule,2,51317,4560,balanced_accuracy,5,5,0,4,1,0,0,0,0,0,4,,0,0,0,4200,0,4200,5,0.00840059999973164,8.492763888907884e-07,4560,0.513,0.527563965157745,0.511386289302512,0.5275651911379691,params,402,402,,,params_read,402.0,402.0,1.0,0.9138000023085624,1.474599997891346,1.6748908000008669,"{""adwin_delta"": 0.002, ""buffer_size"": 1000, ""chunk_size"": 2000, ""energy_country_iso"": ""USA"", ""eval_block"": 1000, ""floor_drop"": 0.02, ""holdout_frac"": 0.2, ""init_frac"": 0.1, ""init_holdout_frac"": 0.2, ""k"": 3, ""min_buffer"": 100, ""n_ref"": 200, ""probe_rows"": 1000, ""track_energy"": true}"
insects_incremental,gnb,AlwaysNudge,always_nudge,2,51317,4560,balanced_accuracy,4,4,0,4,0,0,0,0,0,0,4,,0,0,0,3200,0,3200,4,0.005484200002683792,7.937286104499432e-07,4560,0.265,0.33104039597014634,0.26400113990488927,0.3310340357140152,params,402,402,,,params_read,402.0,402.0,1.0,0.9592999995220453,0.9161999987554736,1.64298190000045,"{""adwin_delta"": 0.002, ""buffer_size"": 1000, ""chunk_size"": 2000, ""energy_country_iso"": ""USA"", ""eval_block"": 1000, ""floor_drop"": 0.02, ""holdout_frac"": 0.2, ""init_frac"": 0.1, ""init_holdout_frac"": 0.2, ""k"": 3, ""min_buffer"": 100, ""n_ref"": 200, ""probe_rows"": 1000, ""track_energy"": true}"
insects_incremental,gnb,NeverAdapt,never_adapt,2,51317,4560,balanced_accuracy,5,5,5,0,0,0,0,0,0,0,0,,0,0,0,0,0,0,0,0.0,7.797527774488482e-07,4560,0.143,0.20591616813141844,0.14298921897357636,0.2059100817198126,params,402,402,,,params_read,402.0,402.0,1.0,1.3668999999936204,0.909399997908622,1.6570453000022098,"{""adwin_delta"": 0.002, ""buffer_size"": 1000, ""chunk_size"": 2000, ""energy_country_iso"": ""USA"", ""eval_block"": 1000, ""floor_drop"": 0.02, ""holdout_frac"": 0.2, ""init_frac"": 0.1, ""init_holdout_frac"": 0.2, ""k"": 3, ""min_buffer"": 100, ""n_ref"": 200, ""probe_rows"": 1000, ""track_energy"": true}"
covtype,xgb,AlwaysRebuild,always_rebuild,2,90000,8000,balanced_accuracy,92,92,0,0,92,0,1,0,0,1,0,,88,416,0,6721600,9200,67216,9200,22.959055099996476,0.00014540906638822916,800000,0.915,0.9015111111111112,0.5977840019770987,0.6467111621569704,rounds,100,100,34130,3760,node_visits,3970.127,1288.145,0.3244593938682566,16.19169999685255,10.334599999623606,29.449723200003064,"{""adwin_delta"": 0.002, ""buffer_size"": 1000, ""chunk_size"": 2000, ""energy_country_iso"": ""USA"", ""eval_block"": 1000, ""floor_drop"": 0.02, ""holdout_frac"": 0.2, ""init_frac"": 0.1, ""init_holdout_frac"": 0.2, ""k"": 3, ""min_buffer"": 100, ""n_ref"": 200, ""probe_rows"": 1000, ""track_energy"": true}"
covtype,xgb,MechanismSelector,mechanism_selector,2,90000,8000,balanced_accuracy,89,89,5,24,60,3,1,0,0,3,81,24,84,658,0,4595395,6405,94023,6405,20.922077199986234,0.00015683168583332724,800000,0.88,0.8892111111111111,0.5789191860944065,0.5214320845210272,rounds,100,110,34130,1682,node_visits,3970.127,1086.155,0.2735819282355451,19.792800001596333,8.738700002140831,30.529828599999746,"{""adwin_delta"": 0.002, ""buffer_size"": 1000, ""chunk_size"": 2000, ""energy_country_iso"": ""USA"", ""eval_block"": 1000, ""floor_drop"": 0.02, ""holdout_frac"": 0.2, ""init_frac"": 0.1, ""init_holdout_frac"": 0.2, ""k"": 3, ""min_buffer"": 100, ""n_ref"": 200, ""probe_rows"": 1000, ""track_energy"": true}"
covtype,xgb,FixedSchedule(k=3),fixed_schedule,2,90000,8000,balanced_accuracy,8,8,0,6,2,0,0,0,0,0,6,,5,15,0,139410,230,4018,230,1.3099493000045186,2.7782625832991115e-05,800000,0.0,0.03451111111111111,0.0,0.43837109055241674,rounds,100,110,34130,3754,node_visits,3970.127,1521.7,0.38328748677309316,16.57790000172099,10.459199998877011,6.549675899997965,"{""adwin_delta"": 0.002, ""buffer_size"": 1000, ""chunk_size"": 2000, ""energy_country_iso"": ""USA"", ""eval_block"": 1000, ""floor_drop"": 0.02, ""holdout_frac"": 0.2, ""init_frac"": 0.1, ""init_holdout_frac"": 0.2, ""k"": 3, ""min_buffer"": 100, ""n_ref"": 200, ""probe_rows"": 1000, ""track_energy"": true}"
covtype,xgb,AlwaysNudge,always_nudge,2,90000,8000,balanced_accuracy,138,138,0,138,0,0,4,0,0,14,138,,136,654,0,268195,690,53639,690,34.73777499999778,0.0004091764752777815,800000,0.867,0.8424888888888888,0.5735236813785294,0.7734124275051334,rounds,100,790,34130,58316,node_visits,3970.127,12631.322,3.181591420123336,16.201700000237906,59.29920000198763,67.03572730000087,"{""adwin_delta"": 0.002, ""buffer_size"": 1000, ""chunk_size"": 2000, ""energy_country_iso"": ""USA"", ""eval_block"": 1000, ""floor_drop"": 0.02, ""holdout_frac"": 0.2, ""init_frac"": 0.1, ""init_holdout_frac"": 0.2, ""k"": 3, ""min_buffer"": 100, ""n_ref"": 200, ""probe_rows"": 1000, ""track_energy"": true}"
covtype,xgb,NeverAdapt,never_adapt,2,90000,8000,balanced_accuracy,114,114,114,0,0,0,0,0,0,10,0,,0,0,0,0,0,0,0,0.0,3.794030749999835e-05,800000,0.795,0.8261666666666667,0.7639165120423873,0.8035559438997134,rounds,100,100,34130,34130,node_visits,3970.127,3970.127,1.0,15.141300002142088,17.783500003133668,8.935787700000219,"{""adwin_delta"": 0.002, ""buffer_size"": 1000, ""chunk_size"": 2000, ""energy_country_iso"": ""USA"", ""eval_block"": 1000, ""floor_drop"": 0.02, ""holdout_frac"": 0.2, ""init_frac"": 0.1, ""init_holdout_frac"": 0.2, ""k"": 3, ""min_buffer"": 100, ""n_ref"": 200, ""probe_rows"": 1000, ""track_energy"": true}"
covtype,rf,AlwaysRebuild,always_rebuild,2,90000,8000,balanced_accuracy,92,92,0,0,92,0,1,0,0,2,0,,90,417,0,7038400,9200,70384,9200,18.92624309999519,0.0001162315063885512,800000,0.928,0.9063444444444444,0.6790964319385112,0.6485568573512148,trees,100,100,288292,10780,node_visits,1583.629,696.887,0.4400569830433769,23.725800001557218,13.83219999843277,26.205814799999644,"{""adwin_delta"": 0.002, ""buffer_size"": 1000, ""chunk_size"": 2000, ""energy_country_iso"": ""USA"", ""eval_block"": 1000, ""floor_drop"": 0.02, ""holdout_frac"": 0.2, ""init_frac"": 0.1, ""init_holdout_frac"": 0.2, ""k"": 3, ""min_buffer"": 100, ""n_ref"": 200, ""probe_rows"": 1000, ""track_energy"": true}"
covtype,rf,MechanismSelector,mechanism_selector,2,90000,8000,balanced_accuracy,109,109,36,2,71,5,1,0,0,3,68,2,71,633,0,4994310,7440,87166,7440,15.23648999998477,0.00010574753777710701,800000,0.921,0.8755222222222222,0.653697187472622,0.6257232181272706,trees,100,100,288292,11654,node_visits,1583.629,692.456,0.43725897921798607,18.78270000088378,14.116099999228027,23.68539729999975,"{""adwin_delta"": 0.002, ""buffer_size"": 1000, ""chunk_size"": 2000, ""energy_country_iso"": ""USA"", ""eval_block"": 1000, ""floor_drop"": 0.02, ""holdout_frac"": 0.2, ""init_frac"": 0.1, ""init_holdout_frac"": 0.2, ""k"": 3, ""min_buffer"": 100, ""n_ref"": 200, ""probe_rows"": 1000, ""track_energy"": true}"
covtype,rf,FixedSchedule(k=3),fixed_schedule,2,90000,8000,balanced_accuracy,133,133,0,89,44,0,1,0,0,17,89,,131,627,0,1731035,4845,58243,4845,8.467487600017193,7.381496999966293e-05,800000,0.894,0.8799222222222223,0.555348627080236,0.8182004511749792,trees,100,100,288292,4120,node_visits,1583.629,571.501,0.3608806102944566,18.555899998318637,12.149300000601215,17.45556520000173,"{""adwin_delta"": 0.002, ""buffer_size"": 1000, ""chunk_size"": 2000, ""energy_country_iso"": ""USA"", ""eval_block"": 1000, ""floor_drop"": 0.02, ""holdout_frac"": 0.2, ""init_frac"": 0.1, ""init_holdout_frac"": 0.2, ""k"": 3, ""min_buffer"": 100, ""n_ref"": 200, ""probe_rows"": 1000, ""track_energy"": true}"
covtype,rf,AlwaysNudge,always_nudge,2,90000,8000,balanced_accuracy,277,277,0,277,0,0,26,0,0,98,277,,275,1346,0,317525,1385,63505,1385,2.704337100018165,7.630618249933251e-05,800000,0.796,0.8175777777777777,0.3333333333333333,0.7667323535458817,trees,100,100,288292,2252,node_visits,1583.629,431.049,0.2721906456625889,18.562799999926938,12.65390000116895,18.110384900002828,"{""adwin_delta"": 0.002, ""buffer_size"": 1000, ""chunk_size"": 2000, ""energy_country_iso"": ""USA"", ""eval_block"": 1000, ""floor_drop"": 0.02, ""holdout_frac"": 0.2, ""init_frac"": 0.1, ""init_holdout_frac"": 0.2, ""k"": 3, ""min_buffer"": 100, ""n_ref"": 200, ""probe_rows"": 1000, ""track_energy"": true}"
covtype,rf,NeverAdapt,never_adapt,2,90000,8000,balanced_accuracy,158,158,158,0,0,0,3,0,0,25,0,,0,0,0,0,0,0,0,0.0,3.659561694511675e-05,800000,0.861,0.8236555555555556,0.7761004475931571,0.8148844665988328,trees,100,100,288292,288292,node_visits,1583.629,1583.629,1.0,19.321699997817632,19.08720000210451,9.622568599999795,"{""adwin_delta"": 0.002, ""buffer_size"": 1000, ""chunk_size"": 2000, ""energy_country_iso"": ""USA"", ""eval_block"": 1000, ""floor_drop"": 0.02, ""holdout_frac"": 0.2, ""init_frac"": 0.1, ""init_holdout_frac"": 0.2, ""k"": 3, ""min_buffer"": 100, ""n_ref"": 200, ""probe_rows"": 1000, ""track_energy"": true}"
covtype,sgd,AlwaysRebuild,always_rebuild,2,90000,8000,balanced_accuracy,283,283,0,0,283,0,60,0,0,194,0,,279,1362,0,66138016,0,67836,280264,32.84872050000922,0.00015905205583333727,1792000,0.0,0.6028333333333333,0.0,0.25149356538683837,params,385,385,,,params_read,385.0,385.0,1.0,0.3056999994441867,0.28390000079525635,37.16410440000254,"{""adwin_delta"": 0.002, ""buffer_size"": 1000, ""chunk_size"": 2000, ""energy_country_iso"": ""USA"", ""eval_block"": 1000, ""floor_drop"": 0.02, ""holdout_frac"": 0.2, ""init_frac"": 0.1, ""init_holdout_frac"": 0.2, ""k"": 3, ""min_buffer"": 100, ""n_ref"": 200, ""probe_rows"": 1000, ""track_energy"": true}"
covtype,sgd,MechanismSelector,mechanism_selector,2,90000,8000,balanced_accuracy,295,295,75,7,213,197,60,0,0,174,23,7,213,1044,0,35117130,0,44238,213023,19.039551300011226,0.00010217913138888104,1792000,0.796,0.5850888888888889,0.3333333333333333,0.4602333201139156,params,385,385,,,params_read,385.0,385.0,1.0,0.45649999810848385,0.27120000231661834,23.356368000000657,"{""adwin_delta"": 0.002, ""buffer_size"": 1000, ""chunk_size"": 2000, ""energy_country_iso"": ""USA"", ""eval_block"": 1000, ""floor_drop"": 0.02, ""holdout_frac"": 0.2, ""init_frac"": 0.1, ""init_holdout_frac"": 0.2, ""k"": 3, ""min_buffer"": 100, ""n_ref"": 200, ""probe_rows"": 1000, ""track_energy"": true}"
covtype,sgd,FixedSchedule(k=3),fixed_schedule,2,90000,8000,balanced_accuracy,264,264,0,176,88,0,42,0,0,131,176,,87,419,0,25251225,0,65437,87274,13.976930499986338,8.578943444444472e-05,1792000,0.785,0.7582777777777778,0.43673742116776965,0.3606999755630375,params,385,385,,,params_read,385.0,385.0,1.0,0.43870000081369653,0.2786999975796789,18.555873600002087,"{""adwin_delta"": 0.002, ""buffer_size"": 1000, ""chunk_size"": 2000, ""energy_country_iso"": ""USA"", ""eval_block"": 1000, ""floor_drop"": 0.02, ""holdout_frac"": 0.2, ""init_frac"": 0.1, ""init_holdout_frac"": 0.2, ""k"": 3, ""min_buffer"": 100, ""n_ref"": 200, ""probe_rows"": 1000, ""track_energy"": true}"
covtype,sgd,AlwaysNudge,always_nudge,2,90000,8000,balanced_accuracy,283,283,0,283,0,0,47,0,0,150,283,,0,0,0,57976,0,57976,283,1.2801388000225415,2.332438916699593e-05,1792000,0.843,0.7015333333333333,0.514329388289352,0.3283127157961598,params,385,385,,,params_read,385.0,385.0,1.0,0.30110000079730526,0.4153000008955132,6.041154599999572,"{""adwin_delta"": 0.002, ""buffer_size"": 1000, ""chunk_size"": 2000, ""energy_country_iso"": ""USA"", ""eval_block"": 1000, ""floor_drop"": 0.02, ""holdout_frac"": 0.2, ""init_frac"": 0.1, ""init_holdout_frac"": 0.2, ""k"": 3, ""min_buffer"": 100, ""n_ref"": 200, ""probe_rows"": 1000, ""track_energy"": true}"
covtype,sgd,NeverAdapt,never_adapt,2,90000,8000,balanced_accuracy,335,335,335,0,0,0,64,0,0,186,0,,0,0,0,0,0,0,0,0.0,1.324595000000374e-05,1792000,0.156,0.17763333333333334,0.28415300546448086,0.3572470297740223,params,385,385,,,params_read,385.0,385.0,1.0,0.40779999835649505,0.784100000601029,4.221130199999607,"{""adwin_delta"": 0.002, ""buffer_size"": 1000, ""chunk_size"": 2000, ""energy_country_iso"": ""USA"", ""eval_block"": 1000, ""floor_drop"": 0.02, ""holdout_frac"": 0.2, ""init_frac"": 0.1, ""init_holdout_frac"": 0.2, ""k"": 3, ""min_buffer"": 100, ""n_ref"": 200, ""probe_rows"": 1000, ""track_energy"": true}"
covtype,gnb,AlwaysRebuild,always_rebuild,2,90000,8000,balanced_accuracy,238,238,0,0,238,0,23,0,0,124,0,,235,1144,0,69548,0,69548,238,0.44915499998023733,1.152608194377281e-05,8000,0.857,0.7775555555555556,0.8769216888501838,0.5429672256970727,params,763,763,,,params_read,763.0,763.0,1.0,1.4861000017845072,1.5765999996801838,4.000337000001309,"{""adwin_delta"": 0.002, ""buffer_size"": 1000, ""chunk_size"": 2000, ""energy_country_iso"": ""USA"", ""eval_block"": 1000, ""floor_drop"": 0.02, ""holdout_frac"": 0.2, ""init_frac"": 0.1, ""init_holdout_frac"": 0.2, ""k"": 3, ""min_buffer"": 100, ""n_ref"": 200, ""probe_rows"": 1000, ""track_energy"": true}"
covtype,gnb,MechanismSelector,mechanism_selector,2,90000,8000,balanced_accuracy,241,241,65,13,163,122,26,0,0,106,54,13,163,797,0,66495,0,66495,217,0.3486295999973663,1.0682889166664943e-05,8000,0.871,0.7829777777777778,0.5905804065866674,0.5172651993956088,params,763,763,,,params_read,763.0,763.0,1.0,1.6691000018909108,1.3400000025285408,3.7430746000027284,"{""adwin_delta"": 0.002, ""buffer_size"": 1000, ""chunk_size"": 2000, ""energy_country_iso"": ""USA"", ""eval_block"": 1000, ""floor_drop"": 0.02, ""holdout_frac"": 0.2, ""init_frac"": 0.1, ""init_holdout_frac"": 0.2, ""k"": 3, ""min_buffer"": 100, ""n_ref"": 200, ""probe_rows"": 1000, ""track_energy"": true}"
covtype,gnb,FixedSchedule(k=3),fixed_schedule,2,90000,8000,balanced_accuracy,236,236,0,158,78,0,17,0,0,118,158,,77,373,0,57927,0,57927,236,0.36112489996958175,1.3099101944769949e-05,8000,0.849,0.7781222222222223,0.8286357627324757,0.5805021465081446,params,763,763,,,params_read,763.0,763.0,1.0,1.4711000003444497,2.99299999824143,3.981589899998653,"{""adwin_delta"": 0.002, ""buffer_size"": 1000, ""chunk_size"": 2000, ""energy_country_iso"": ""USA"", ""eval_block"": 1000, ""floor_drop"": 0.02, ""holdout_frac"": 0.2, ""init_frac"": 0.1, ""init_holdout_frac"": 0.2, ""k"": 3, ""min_buffer"": 100, ""n_ref"": 200, ""probe_rows"": 1000, ""track_energy"": true}"
covtype,gnb,AlwaysNudge,always_nudge,2,90000,8000,balanced_accuracy,274,274,0,274,0,0,27,0,0,104,274,,0,0,0,61645,0,61645,274,0.3422097000220674,1.665402638822542e-05,8000,0.73,0.7266555555555556,0.32533340655920767,0.6374305774630642,params,763,763,,,params_read,763.0,763.0,1.0,1.9535999999789055,2.028899998549605,4.550408899998729,"{""adwin_delta"": 0.002, ""buffer_size"": 1000, ""chunk_size"": 2000, ""energy_country_iso"": ""USA"", ""eval_block"": 1000, ""floor_drop"": 0.02, ""holdout_frac"": 0.2, ""init_frac"": 0.1, ""init_holdout_frac"": 0.2, ""k"": 3, ""min_buffer"": 100, ""n_ref"": 200, ""probe_rows"": 1000, ""track_energy"": true}"
covtype,gnb,NeverAdapt,never_adapt,2,90000,8000,balanced_accuracy,321,321,321,0,0,0,54,0,0,160,0,,0,0,0,0,0,0,0,0.0,1.1612645278434262e-05,8000,0.441,0.45614444444444446,0.5074229461122944,0.6509634266193369,params,763,763,,,params_read,763.0,763.0,1.0,2.584400001069298,1.5829000003577676,3.5967199000006076,"{""adwin_delta"": 0.002, ""buffer_size"": 1000, ""chunk_size"": 2000, ""energy_country_iso"": ""USA"", ""eval_block"": 1000, ""floor_drop"": 0.02, ""holdout_frac"": 0.2, ""init_frac"": 0.1, ""init_holdout_frac"": 0.2, ""k"": 3, ""min_buffer"": 100, ""n_ref"": 200, ""probe_rows"": 1000, ""track_energy"": true}"
elec2,xgb,AlwaysRebuild,always_rebuild,3,40781,3624,accuracy,74,74,0,0,74,0,0,0,0,11,0,,0,0,0,3742400,7400,37424,7400,19.77344030000677,0.00010121251388855696,362400,0.827,0.7420367327922317,0.8366504493574008,0.7332180228413645,rounds,100,100,4628,2056,node_visits,569.399,445.83,0.782983461509416,4.279599997971673,6.264700001338497,23.540707599997404,"{""adwin_delta"": 0.002, ""buffer_size"": 1000, ""chunk_size"": 2000, ""energy_country_iso"": ""USA"", ""eval_block"": 1000, ""floor_drop"": 0.02, ""holdout_frac"": 0.2, ""init_frac"": 0.1, ""init_holdout_frac"": 0.2, ""k"": 3, ""min_buffer"": 100, ""n_ref"": 200, ""probe_rows"": 1000, ""track_energy"": true}"
elec2,xgb,MechanismSelector,mechanism_selector,3,40781,3624,accuracy,71,71,23,5,43,16,1,0,0,10,32,5,0,0,0,2051495,4460,35011,4460,13.463762299994414,7.698188388855574e-05,362400,0.551,0.7126112650499007,0.5787992495309568,0.7065154278400612,rounds,100,100,4628,952,node_visits,569.399,341.522,0.5997938176919875,11.108499998954358,5.186000002140645,22.81453379999948,"{""adwin_delta"": 0.002, ""buffer_size"": 1000, ""chunk_size"": 2000, ""energy_country_iso"": ""USA"", ""eval_block"": 1000, ""floor_drop"": 0.02, ""holdout_frac"": 0.2, ""init_frac"": 0.1, ""init_holdout_frac"": 0.2, ""k"": 3, ""min_buffer"": 100, ""n_ref"": 200, ""probe_rows"": 1000, ""track_energy"": true}"
elec2,xgb,FixedSchedule(k=3),fixed_schedule,3,40781,3624,accuracy,52,52,0,35,17,0,1,0,0,4,35,,0,0,0,1032595,1875,27843,1875,7.444565200006764,4.389857138822636e-05,362400,0.876,0.7359799906819352,0.8745294502854434,0.729698439819628,rounds,100,105,4628,1305,node_visits,569.399,379.623,0.6667082309593098,6.582300000445684,4.960399997798959,11.60607919999893,"{""adwin_delta"": 0.002, ""buffer_size"": 1000, ""chunk_size"": 2000, ""energy_country_iso"": ""USA"", ""eval_block"": 1000, ""floor_drop"": 0.02, ""holdout_frac"": 0.2, ""init_frac"": 0.1, ""init_holdout_frac"": 0.2, ""k"": 3, ""min_buffer"": 100, ""n_ref"": 200, ""probe_rows"": 1000, ""track_energy"": true}"
elec2,xgb,AlwaysNudge,always_nudge,3,40781,3624,accuracy,53,53,0,53,0,0,1,0,0,8,53,,0,0,0,124245,265,24849,265,7.527734600003896,6.30125619437707e-05,362400,0.79,0.7219783722812094,0.7898767029179103,0.717456888356599,rounds,100,365,4628,10307,node_visits,569.399,1636.587,2.8742358170632545,6.797099998948397,18.843799996830057,15.811613800000487,"{""adwin_delta"": 0.002, ""buffer_size"": 1000, ""chunk_size"": 2000, ""energy_country_iso"": ""USA"", ""eval_block"": 1000, ""floor_drop"": 0.02, ""holdout_frac"": 0.2, ""init_frac"": 0.1, ""init_holdout_frac"": 0.2, ""k"": 3, ""min_buffer"": 100, ""n_ref"": 200, ""probe_rows"": 1000, ""track_energy"": true}"
elec2,xgb,NeverAdapt,never_adapt,3,40781,3624,accuracy,79,79,79,0,0,0,1,0,0,18,0,,0,0,0,0,0,0,0,0.0,1.1645231666336442e-05,362400,0.712,0.7068978200632647,0.6954935699908803,0.6694052678219897,rounds,100,100,4628,4628,node_visits,569.399,569.399,1.0,10.611599998810561,6.7403000030026305,4.957125099997938,"{""adwin_delta"": 0.002, ""buffer_size"": 1000, ""chunk_size"": 2000, ""energy_country_iso"": ""USA"", ""eval_block"": 1000, ""floor_drop"": 0.02, ""holdout_frac"": 0.2, ""init_frac"": 0.1, ""init_holdout_frac"": 0.2, ""k"": 3, ""min_buffer"": 100, ""n_ref"": 200, ""probe_rows"": 1000, ""track_energy"": true}"
elec2,rf,AlwaysRebuild,always_rebuild,3,40781,3624,accuracy,69,69,0,0,69,0,0,0,0,4,0,,0,0,0,3675200,6900,36752,6900,25.40702170000077,0.00014057848333266744,362400,0.853,0.729530909001741,0.8586542981226222,0.7223775248680584,trees,100,100,69324,11748,node_visits,813.361,699.236,0.8596871499862915,46.06760000024224,22.739399999409216,34.30543419999958,"{""adwin_delta"": 0.002, ""buffer_size"": 1000, ""chunk_size"": 2000, ""energy_country_iso"": ""USA"", ""eval_block"": 1000, ""floor_drop"": 0.02, ""holdout_frac"": 0.2, ""init_frac"": 0.1, ""init_holdout_frac"": 0.2, ""k"": 3, ""min_buffer"": 100, ""n_ref"": 200, ""probe_rows"": 1000, ""track_energy"": true}"
elec2,rf,MechanismSelector,mechanism_selector,3,40781,3624,accuracy,64,64,16,0,48,11,0,0,0,8,37,0,0,0,0,2589635,4985,43383,4985,17.419588399978238,9.939122138922547e-05,362400,0.853,0.7306588852651971,0.8586542981226222,0.7220245803132879,trees,100,100,69324,11748,node_visits,813.361,699.236,0.8596871499862915,23.57730000221636,22.63459999812767,26.09030899999925,"{""adwin_delta"": 0.002, ""buffer_size"": 1000, ""chunk_size"": 2000, ""energy_country_iso"": ""USA"", ""eval_block"": 1000, ""floor_drop"": 0.02, ""holdout_frac"": 0.2, ""init_frac"": 0.1, ""init_holdout_frac"": 0.2, ""k"": 3, ""min_buffer"": 100, ""n_ref"": 200, ""probe_rows"": 1000, ""track_energy"": true}"
elec2,rf,FixedSchedule(k=3),fixed_schedule,3,40781,3624,accuracy,69,69,0,46,23,0,0,0,0,10,46,,0,0,0,1353675,2530,31639,2530,8.580004999996163,6.299239305521642e-05,362400,0.869,0.7524582526176405,0.8704818188027046,0.7440316758296042,trees,100,100,69324,13294,node_visits,813.361,684.6,0.8416926801260449,22.780200000852346,23.576900002808543,17.480169899998145,"{""adwin_delta"": 0.002, ""buffer_size"": 1000, ""chunk_size"": 2000, ""energy_country_iso"": ""USA"", ""eval_block"": 1000, ""floor_drop"": 0.02, ""holdout_frac"": 0.2, ""init_frac"": 0.1, ""init_holdout_frac"": 0.2, ""k"": 3, ""min_buffer"": 100, ""n_ref"": 200, ""probe_rows"": 1000, ""track_energy"": true}"
elec2,rf,AlwaysNudge,always_nudge,3,40781,3624,accuracy,78,78,0,78,0,0,0,0,0,14,78,,0,0,0,148245,390,29649,390,1.4800046000054863,3.7699119166676424e-05,362400,0.791,0.7478237414482234,0.7820646737187187,0.7356409077139741,trees,100,100,69324,5220,node_visits,813.361,499.798,0.6144848351470011,22.99689999927068,20.951499998773215,11.078010299999733,"{""adwin_delta"": 0.002, ""buffer_size"": 1000, ""chunk_size"": 2000, ""energy_country_iso"": ""USA"", ""eval_block"": 1000, ""floor_drop"": 0.02, ""holdout_frac"": 0.2, ""init_frac"": 0.1, ""init_holdout_frac"": 0.2, ""k"": 3, ""min_buffer"": 100, ""n_ref"": 200, ""probe_rows"": 1000, ""track_energy"": true}"
elec2,rf,NeverAdapt,never_adapt,3,40781,3624,accuracy,80,80,80,0,0,0,0,0,0,18,0,,0,0,0,0,0,0,0,0.0,2.5641688056222638e-05,362400,0.712,0.7083936146734999,0.6929745973460394,0.665517254974324,trees,100,100,69324,69324,node_visits,813.361,813.361,1.0,32.67580000101589,23.425900002621347,7.829230899998947,"{""adwin_delta"": 0.002, ""buffer_size"": 1000, ""chunk_size"": 2000, ""energy_country_iso"": ""USA"", ""eval_block"": 1000, ""floor_drop"": 0.02, ""holdout_frac"": 0.2, ""init_frac"": 0.1, ""init_holdout_frac"": 0.2, ""k"": 3, ""min_buffer"": 100, ""n_ref"": 200, ""probe_rows"": 1000, ""track_energy"": true}"
elec2,sgd,AlwaysRebuild,always_rebuild,3,40781,3624,accuracy,46,46,0,0,46,0,0,0,0,4,0,,0,0,0,1741600,0,28104,2610,0.37326450000182376,3.3428191669929994e-06,315288,0.646,0.628086608960055,0.6319889438393643,0.6144842960092118,params,9,9,,,params_read,9.0,9.0,1.0,0.31990000206860714,0.30139999944367446,2.686341299999185,"{""adwin_delta"": 0.002, ""buffer_size"": 1000, ""chunk_size"": 2000, ""energy_country_iso"": ""USA"", ""eval_block"": 1000, ""floor_drop"": 0.02, ""holdout_frac"": 0.2, ""init_frac"": 0.1, ""init_holdout_frac"": 0.2, ""k"": 3, ""min_buffer"": 100, ""n_ref"": 200, ""probe_rows"": 1000, ""track_energy"": true}"
elec2,sgd,MechanismSelector,mechanism_selector,3,40781,3624,accuracy,61,61,16,10,35,12,0,0,0,8,33,10,0,0,0,1071076,0,34356,1995,0.3001278999799979,3.0211399993418533e-06,315288,0.656,0.6380422255462103,0.6336803114366178,0.6216494002454258,params,9,9,,,params_read,9.0,9.0,1.0,0.540299999556737,0.4746999984490685,2.6946400000015274,"{""adwin_delta"": 0.002, ""buffer_size"": 1000, ""chunk_size"": 2000, ""energy_country_iso"": ""USA"", ""eval_block"": 1000, ""floor_drop"": 0.02, ""holdout_frac"": 0.2, ""init_frac"": 0.1, ""init_holdout_frac"": 0.2, ""k"": 3, ""min_buffer"": 100, ""n_ref"": 200, ""probe_rows"": 1000, ""track_energy"": true}"
elec2,sgd,FixedSchedule(k=3),fixed_schedule,3,40781,3624,accuracy,53,53,0,36,17,0,0,0,0,9,36,,0,0,0,597551,0,26943,941,0.22380309999061865,2.5318444451190202e-06,315288,0.736,0.6145018513523455,0.7279509543571798,0.6137711874815339,params,9,9,,,params_read,9.0,9.0,1.0,0.6987999986449722,0.33059999987017363,2.514387999999599,"{""adwin_delta"": 0.002, ""buffer_size"": 1000, ""chunk_size"": 2000, ""energy_country_iso"": ""USA"", ""eval_block"": 1000, ""floor_drop"": 0.02, ""holdout_frac"": 0.2, ""init_frac"": 0.1, ""init_holdout_frac"": 0.2, ""k"": 3, ""min_buffer"": 100, ""n_ref"": 200, ""probe_rows"": 1000, ""track_energy"": true}"
elec2,sgd,AlwaysNudge,always_nudge,3,40781,3624,accuracy,60,60,0,60,0,0,0,0,0,4,60,,0,0,0,27995,0,27995,60,0.12118780000309926,2.2719799999961323e-06,315288,0.77,0.7011353326303916,0.7622322838283563,0.6931163130551938,params,9,9,,,params_read,9.0,9.0,1.0,0.3300000025774352,0.33990000156336464,2.554429699997854,"{""adwin_delta"": 0.002, ""buffer_size"": 1000, ""chunk_size"": 2000, ""energy_country_iso"": ""USA"", ""eval_block"": 1000, ""floor_drop"": 0.02, ""holdout_frac"": 0.2, ""init_frac"": 0.1, ""init_holdout_frac"": 0.2, ""k"": 3, ""min_buffer"": 100, ""n_ref"": 200, ""probe_rows"": 1000, ""track_energy"": true}"
elec2,sgd,NeverAdapt,never_adapt,3,40781,3624,accuracy,86,86,86,0,0,0,0,0,0,21,0,,0,0,0,0,0,0,0,0.0,1.8688736114437746e-06,315288,0.678,0.688874721071087,0.6553788301842827,0.6397723640575459,params,9,9,,,params_read,9.0,9.0,1.0,0.5754999983764719,0.352399998519104,2.308199399998557,"{""adwin_delta"": 0.002, ""buffer_size"": 1000, ""chunk_size"": 2000, ""energy_country_iso"": ""USA"", ""eval_block"": 1000, ""floor_drop"": 0.02, ""holdout_frac"": 0.2, ""init_frac"": 0.1, ""init_holdout_frac"": 0.2, ""k"": 3, ""min_buffer"": 100, ""n_ref"": 200, ""probe_rows"": 1000, ""track_energy"": true}"
elec2,gnb,AlwaysRebuild,always_rebuild,3,40781,3624,accuracy,77,77,0,0,77,0,1,0,0,7,0,,0,0,0,36948,0,36948,77,0.16276099999595317,3.1370411111099457e-06,3624,0.741,0.6810524508962507,0.7433801639943594,0.6678119859634271,params,34,34,,,params_read,34.0,34.0,1.0,1.1099000003014226,0.5637000031128991,2.5739648999988276,"{""adwin_delta"": 0.002, ""buffer_size"": 1000, ""chunk_size"": 2000, ""energy_country_iso"": ""USA"", ""eval_block"": 1000, ""floor_drop"": 0.02, ""holdout_frac"": 0.2, ""init_frac"": 0.1, ""init_holdout_frac"": 0.2, ""k"": 3, ""min_buffer"": 100, ""n_ref"": 200, ""probe_rows"": 1000, ""track_energy"": true}"
elec2,gnb,MechanismSelector,mechanism_selector,3,40781,3624,accuracy,66,66,13,13,40,14,0,0,0,10,39,13,0,0,0,36049,0,36049,79,0.16714769998725387,3.6626780548868874e-06,3624,0.683,0.672690713812805,0.6875128057819864,0.6495440700401959,params,34,34,,,params_read,34.0,34.0,1.0,0.7554000003437977,0.9368999999423977,2.768849700001738,"{""adwin_delta"": 0.002, ""buffer_size"": 1000, ""chunk_size"": 2000, ""energy_country_iso"": ""USA"", ""eval_block"": 1000, ""floor_drop"": 0.02, ""holdout_frac"": 0.2, ""init_frac"": 0.1, ""init_holdout_frac"": 0.2, ""k"": 3, ""min_buffer"": 100, ""n_ref"": 200, ""probe_rows"": 1000, ""track_energy"": true}"
elec2,gnb,FixedSchedule(k=3),fixed_schedule,3,40781,3624,accuracy,81,81,0,54,27,0,1,0,0,15,54,,0,0,0,33970,0,33970,81,0.15472919996682322,3.623610000004209e-06,3624,0.638,0.6892915818641033,0.6460943871504272,0.6751341647430442,params,34,34,,,params_read,34.0,34.0,1.0,0.5985000025248155,0.6891000011819415,2.758853999999701,"{""adwin_delta"": 0.002, ""buffer_size"": 1000, ""chunk_size"": 2000, ""energy_country_iso"": ""USA"", ""eval_block"": 1000, ""floor_drop"": 0.02, ""holdout_frac"": 0.2, ""init_frac"": 0.1, ""init_holdout_frac"": 0.2, ""k"": 3, ""min_buffer"": 100, ""n_ref"": 200, ""probe_rows"": 1000, ""track_energy"": true}"
elec2,gnb,AlwaysNudge,always_nudge,3,40781,3624,accuracy,73,73,0,73,0,0,0,0,0,11,73,,0,0,0,31274,0,31274,73,0.10631809999540565,2.22521361111504e-06,3624,0.763,0.7051077707756063,0.7518209319797036,0.6799821366687192,params,34,34,,,params_read,34.0,34.0,1.0,0.5638000002363697,0.5436999999801628,2.5444628999975976,"{""adwin_delta"": 0.002, ""buffer_size"": 1000, ""chunk_size"": 2000, ""energy_country_iso"": ""USA"", ""eval_block"": 1000, ""floor_drop"": 0.02, ""holdout_frac"": 0.2, ""init_frac"": 0.1, ""init_holdout_frac"": 0.2, ""k"": 3, ""min_buffer"": 100, ""n_ref"": 200, ""probe_rows"": 1000, ""track_energy"": true}"
elec2,gnb,NeverAdapt,never_adapt,3,40781,3624,accuracy,64,64,64,0,0,0,1,0,0,11,0,,0,0,0,0,0,0,0,0.0,1.8475644444512683e-06,3624,0.467,0.4804933670091464,0.5,0.5380421220500731,params,34,34,,,params_read,34.0,34.0,1.0,0.6298999978753272,0.5481999978655949,2.276071599997522,"{""adwin_delta"": 0.002, ""buffer_size"": 1000, ""chunk_size"": 2000, ""energy_country_iso"": ""USA"", ""eval_block"": 1000, ""floor_drop"": 0.02, ""holdout_frac"": 0.2, ""init_frac"": 0.1, ""init_holdout_frac"": 0.2, ""k"": 3, ""min_buffer"": 100, ""n_ref"": 200, ""probe_rows"": 1000, ""track_energy"": true}"
insects_abrupt,xgb,AlwaysRebuild,always_rebuild,3,47564,4227,balanced_accuracy,9,9,0,0,9,0,0,0,0,0,0,,0,0,0,900000,900,9000,900,18.13213459999315,0.00010992574138822203,422700,0.39,0.5604448742746615,0.4344803614876607,0.5608586746253009,rounds,100,100,29416,11532,node_visits,3673.036,2357.422,0.6418183758612767,21.904799999902025,16.93389999854844,27.95350160000089,"{""adwin_delta"": 0.002, ""buffer_size"": 1000, ""chunk_size"": 2000, ""energy_country_iso"": ""USA"", ""eval_block"": 1000, ""floor_drop"": 0.02, ""holdout_frac"": 0.2, ""init_frac"": 0.1, ""init_holdout_frac"": 0.2, ""k"": 3, ""min_buffer"": 100, ""n_ref"": 200, ""probe_rows"": 1000, ""track_energy"": true}"
insects_abrupt,xgb,MechanismSelector,mechanism_selector,3,47564,4227,balanced_accuracy,11,11,5,1,5,0,0,0,0,0,6,1,4,15,0,476575,530,8979,530,8.638450400001602,6.238396138887995e-05,422700,0.45,0.45650071482633925,0.35811283454987836,0.4539220111710304,rounds,100,105,29416,3502,node_visits,3673.036,1294.357,0.35239431358690737,21.174699999392033,17.025000001012813,17.912048599999252,"{""adwin_delta"": 0.002, ""buffer_size"": 1000, ""chunk_size"": 2000, ""energy_country_iso"": ""USA"", ""eval_block"": 1000, ""floor_drop"": 0.02, ""holdout_frac"": 0.2, ""init_frac"": 0.1, ""init_holdout_frac"": 0.2, ""k"": 3, ""min_buffer"": 100, ""n_ref"": 200, ""probe_rows"": 1000, ""track_energy"": true}"
insects_abrupt,xgb,FixedSchedule(k=3),fixed_schedule,3,47564,4227,balanced_accuracy,11,11,0,8,3,0,0,0,0,0,8,,3,10,0,325405,340,8841,340,9.345147999996698,6.589033972223093e-05,422700,0.489,0.4942603649819191,0.5841599322210635,0.49527412446460356,rounds,100,110,29416,15468,node_visits,3673.036,2874.613,0.7826258713500222,21.98100000168779,19.8636000022816,18.879736600003525,"{""adwin_delta"": 0.002, ""buffer_size"": 1000, ""chunk_size"": 2000, ""energy_country_iso"": ""USA"", ""eval_block"": 1000, ""floor_drop"": 0.02, ""holdout_frac"": 0.2, ""init_frac"": 0.1, ""init_holdout_frac"": 0.2, ""k"": 3, ""min_buffer"": 100, ""n_ref"": 200, ""probe_rows"": 1000, ""track_energy"": true}"
insects_abrupt,xgb,AlwaysNudge,always_nudge,3,47564,4227,balanced_accuracy,10,10,0,10,0,0,0,0,0,0,10,,2,3,0,40000,50,8000,50,3.564548800000921,4.7346602777449804e-05,422700,0.226,0.501219409637541,0.5375825512686826,0.5031137949391248,rounds,100,150,29416,40844,node_visits,3673.036,5286.679,1.4393213134856289,21.496699999261182,31.516799997916678,14.111951200000476,"{""adwin_delta"": 0.002, ""buffer_size"": 1000, ""chunk_size"": 2000, ""energy_country_iso"": ""USA"", ""eval_block"": 1000, ""floor_drop"": 0.02, ""holdout_frac"": 0.2, ""init_frac"": 0.1, ""init_holdout_frac"": 0.2, ""k"": 3, ""min_buffer"": 100, ""n_ref"": 200, ""probe_rows"": 1000, ""track_energy"": true}"
insects_abrupt,xgb,NeverAdapt,never_adapt,3,47564,4227,balanced_accuracy,9,9,9,0,0,0,0,0,0,0,0,,0,0,0,0,0,0,0,0.0,2.9314540554883743e-05,422700,0.276,0.5618324783449667,0.6358500608272507,0.5689607474919983,rounds,100,100,29416,29416,node_visits,3673.036,3673.036,1.0,22.010600001522107,23.712400001386413,9.41594729999997,"{""adwin_delta"": 0.002, ""buffer_size"": 1000, ""chunk_size"": 2000, ""energy_country_iso"": ""USA"", ""eval_block"": 1000, ""floor_drop"": 0.02, ""holdout_frac"": 0.2, ""init_frac"": 0.1, ""init_holdout_frac"": 0.2, ""k"": 3, ""min_buffer"": 100, ""n_ref"": 200, ""probe_rows"": 1000, ""track_energy"": true}"
insects_abrupt,rf,AlwaysRebuild,always_rebuild,3,47564,4227,balanced_accuracy,10,10,0,0,10,0,0,0,0,0,0,,2,3,0,986400,1000,9864,1000,7.706814899996971,5.045863333299493e-05,422700,0.163,0.5764443696913633,0.6283780848105666,0.5782521944561178,trees,100,100,123430,18236,node_visits,1314.574,950.687,0.7231901741552776,38.44349999781116,30.74190000188537,15.220495800000208,"{""adwin_delta"": 0.002, ""buffer_size"": 1000, ""chunk_size"": 2000, ""energy_country_iso"": ""USA"", ""eval_block"": 1000, ""floor_drop"": 0.02, ""holdout_frac"": 0.2, ""init_frac"": 0.1, ""init_holdout_frac"": 0.2, ""k"": 3, ""min_buffer"": 100, ""n_ref"": 200, ""probe_rows"": 1000, ""track_energy"": true}"
insects_abrupt,rf,MechanismSelector,mechanism_selector,3,47564,4227,balanced_accuracy,9,9,5,1,3,1,0,0,0,1,3,1,2,5,0,224800,315,4528,315,2.0153410000020813,3.076723500065961e-05,422700,0.69,0.5066226557900934,0.31638099582898854,0.5092889938663353,trees,100,100,123430,33696,node_visits,1314.574,980.429,0.7458149940589118,40.759799998340895,42.89240000071004,9.846686199998658,"{""adwin_delta"": 0.002, ""buffer_size"": 1000, ""chunk_size"": 2000, ""energy_country_iso"": ""USA"", ""eval_block"": 1000, ""floor_drop"": 0.02, ""holdout_frac"": 0.2, ""init_frac"": 0.1, ""init_holdout_frac"": 0.2, ""k"": 3, ""min_buffer"": 100, ""n_ref"": 200, ""probe_rows"": 1000, ""track_energy"": true}"
insects_abrupt,rf,FixedSchedule(k=3),fixed_schedule,3,47564,4227,balanced_accuracy,9,9,0,6,3,0,0,0,0,1,6,,2,6,0,236800,330,6928,330,1.8595085999986622,2.8119744166670332e-05,422700,0.368,0.39838953830628204,0.478739789711505,0.39703505709339276,trees,100,100,123430,32026,node_visits,1314.574,1005.951,0.7652296485401354,39.41500000291853,44.952700001886114,9.38554970000041,"{""adwin_delta"": 0.002, ""buffer_size"": 1000, ""chunk_size"": 2000, ""energy_country_iso"": ""USA"", ""eval_block"": 1000, ""floor_drop"": 0.02, ""holdout_frac"": 0.2, ""init_frac"": 0.1, ""init_holdout_frac"": 0.2, ""k"": 3, ""min_buffer"": 100, ""n_ref"": 200, ""probe_rows"": 1000, ""track_energy"": true}"
insects_abrupt,rf,AlwaysNudge,always_nudge,3,47564,4227,balanced_accuracy,9,9,0,9,0,0,0,0,0,0,9,,5,14,0,34045,45,6809,45,0.30293049999090726,2.4273550555897614e-05,422700,0.26,0.553149440753511,0.6413875130344109,0.5608159351695551,trees,100,100,123430,76784,node_visits,1314.574,1051.958,0.8002272979687717,38.32690000126604,32.22689999893191,8.29443469999751,"{""adwin_delta"": 0.002, ""buffer_size"": 1000, ""chunk_size"": 2000, ""energy_country_iso"": ""USA"", ""eval_block"": 1000, ""floor_drop"": 0.02, ""holdout_frac"": 0.2, ""init_frac"": 0.1, ""init_holdout_frac"": 0.2, ""k"": 3, ""min_buffer"": 100, ""n_ref"": 200, ""probe_rows"": 1000, ""track_energy"": true}"
insects_abrupt,rf,NeverAdapt,never_adapt,3,47564,4227,balanced_accuracy,9,9,9,0,0,0,0,0,0,0,0,,0,0,0,0,0,0,0,0.0,2.2227321666332682e-05,422700,0.23,0.5554621142040198,0.6529153632255822,0.563363037299343,trees,100,100,123430,123430,node_visits,1314.574,1314.574,1.0,40.38579999905778,40.55859999789391,7.718218199999683,"{""adwin_delta"": 0.002, ""buffer_size"": 1000, ""chunk_size"": 2000, ""energy_country_iso"": ""USA"", ""eval_block"": 1000, ""floor_drop"": 0.02, ""holdout_frac"": 0.2, ""init_frac"": 0.1, ""init_holdout_frac"": 0.2, ""k"": 3, ""min_buffer"": 100, ""n_ref"": 200, ""probe_rows"": 1000, ""track_energy"": true}"
insects_abrupt,sgd,AlwaysRebuild,always_rebuild,3,47564,4227,balanced_accuracy,10,10,0,0,10,0,0,0,0,0,0,,2,3,0,2807392,0,9576,2857,1.2992999000016425,8.196090833332522e-06,731271,0.104,0.1895551257253385,0.3003899461244352,0.1866884958580393,params,204,204,,,params_read,204.0,204.0,1.0,0.44469999920693226,0.917900000786176,4.055252799997106,"{""adwin_delta"": 0.002, ""buffer_size"": 1000, ""chunk_size"": 2000, ""energy_country_iso"": ""USA"", ""eval_block"": 1000, ""floor_drop"": 0.02, ""holdout_frac"": 0.2, ""init_frac"": 0.1, ""init_holdout_frac"": 0.2, ""k"": 3, ""min_buffer"": 100, ""n_ref"": 200, ""probe_rows"": 1000, ""track_energy"": true}"
insects_abrupt,sgd,MechanismSelector,mechanism_selector,3,47564,4227,balanced_accuracy,10,10,7,2,1,0,0,0,0,0,3,2,0,0,0,97400,0,3400,98,0.11166960000264226,3.7040811111086455e-06,731271,0.334,0.19857455218232276,0.20352798053527982,0.1998734794548496,params,204,204,,,params_read,204.0,204.0,1.0,0.4666999993787613,0.6676000011793803,2.7854471000027843,"{""adwin_delta"": 0.002, ""buffer_size"": 1000, ""chunk_size"": 2000, ""energy_country_iso"": ""USA"", ""eval_block"": 1000, ""floor_drop"": 0.02, ""holdout_frac"": 0.2, ""init_frac"": 0.1, ""init_holdout_frac"": 0.2, ""k"": 3, ""min_buffer"": 100, ""n_ref"": 200, ""probe_rows"": 1000, ""track_energy"": true}"
insects_abrupt,sgd,FixedSchedule(k=3),fixed_schedule,3,47564,4227,balanced_accuracy,10,10,0,7,3,0,0,0,0,0,7,,0,0,0,330209,0,8209,332,0.3348987000026682,4.796696666989611e-06,731271,0.067,0.21871583550584475,0.2891369047619048,0.21665839334952586,params,204,204,,,params_read,204.0,204.0,1.0,0.4576999999699183,0.4412000016600359,3.147720400000253,"{""adwin_delta"": 0.002, ""buffer_size"": 1000, ""chunk_size"": 2000, ""energy_country_iso"": ""USA"", ""eval_block"": 1000, ""floor_drop"": 0.02, ""holdout_frac"": 0.2, ""init_frac"": 0.1, ""init_holdout_frac"": 0.2, ""k"": 3, ""min_buffer"": 100, ""n_ref"": 200, ""probe_rows"": 1000, ""track_energy"": true}"
insects_abrupt,sgd,AlwaysNudge,always_nudge,3,47564,4227,balanced_accuracy,10,10,0,10,0,0,0,0,0,0,10,,0,0,0,7788,0,7788,10,0.08167360000152257,3.765141944446689e-06,731271,0.05,0.2112942561601211,0.25060827250608275,0.20869669601196103,params,204,204,,,params_read,204.0,204.0,1.0,0.42810000013560057,0.47959999938029796,2.833313300001464,"{""adwin_delta"": 0.002, ""buffer_size"": 1000, ""chunk_size"": 2000, ""energy_country_iso"": ""USA"", ""eval_block"": 1000, ""floor_drop"": 0.02, ""holdout_frac"": 0.2, ""init_frac"": 0.1, ""init_holdout_frac"": 0.2, ""k"": 3, ""min_buffer"": 100, ""n_ref"": 200, ""probe_rows"": 1000, ""track_energy"": true}"
insects_abrupt,sgd,NeverAdapt,never_adapt,3,47564,4227,balanced_accuracy,11,11,11,0,0,0,0,0,0,0,0,,0,0,0,0,0,0,0,0.0,3.0414227784327246e-06,731271,0.01,0.1879152300058868,0.040625,0.1906880423668207,params,204,204,,,params_read,204.0,204.0,1.0,1.0747999986051582,0.4415000003064051,2.6970047000031627,"{""adwin_delta"": 0.002, ""buffer_size"": 1000, ""chunk_size"": 2000, ""energy_country_iso"": ""USA"", ""eval_block"": 1000, ""floor_drop"": 0.02, ""holdout_frac"": 0.2, ""init_frac"": 0.1, ""init_holdout_frac"": 0.2, ""k"": 3, ""min_buffer"": 100, ""n_ref"": 200, ""probe_rows"": 1000, ""track_energy"": true}"
insects_abrupt,gnb,AlwaysRebuild,always_rebuild,3,47564,4227,balanced_accuracy,10,10,0,0,10,0,0,0,0,0,0,,3,4,0,9384,0,9384,10,0.03539970000565518,1.4958683333292876e-06,4227,0.299,0.5725548734336894,0.7058361574556831,0.5733682680547112,params,402,402,,,params_read,402.0,402.0,1.0,1.9079999983659945,1.870500000222819,2.2344947999990836,"{""adwin_delta"": 0.002, ""buffer_size"": 1000, ""chunk_size"": 2000, ""energy_country_iso"": ""USA"", ""eval_block"": 1000, ""floor_drop"": 0.02, ""holdout_frac"": 0.2, ""init_frac"": 0.1, ""init_holdout_frac"": 0.2, ""k"": 3, ""min_buffer"": 100, ""n_ref"": 200, ""probe_rows"": 1000, ""track_energy"": true}"
insects_abrupt,gnb,MechanismSelector,mechanism_selector,3,47564,4227,balanced_accuracy,11,11,8,1,2,1,0,0,0,1,2,1,1,1,0,2728,0,2728,4,0.013325700001587393,1.245833055217607e-06,4227,0.233,0.4051803885291397,0.49015250260688215,0.4023382415452221,params,402,402,,,params_read,402.0,402.0,1.0,2.1037999977124855,2.1562999972957186,2.22548420000021,"{""adwin_delta"": 0.002, ""buffer_size"": 1000, ""chunk_size"": 2000, ""energy_country_iso"": ""USA"", ""eval_block"": 1000, ""floor_drop"": 0.02, ""holdout_frac"": 0.2, ""init_frac"": 0.1, ""init_holdout_frac"": 0.2, ""k"": 3, ""min_buffer"": 100, ""n_ref"": 200, ""probe_rows"": 1000, ""track_energy"": true}"
insects_abrupt,gnb,FixedSchedule(k=3),fixed_schedule,3,47564,4227,balanced_accuracy,11,11,0,8,3,0,0,0,0,0,8,,0,0,0,9086,0,9086,11,0.02957330000208458,1.3552272222249095e-06,4227,0.21,0.41750063072912286,0.6685132082029892,0.4161156070580471,params,402,402,,,params_read,402.0,402.0,1.0,1.6710999989300035,1.8234999988635536,2.252266300001793,"{""adwin_delta"": 0.002, ""buffer_size"": 1000, ""chunk_size"": 2000, ""energy_country_iso"": ""USA"", ""eval_block"": 1000, ""floor_drop"": 0.02, ""holdout_frac"": 0.2, ""init_frac"": 0.1, ""init_holdout_frac"": 0.2, ""k"": 3, ""min_buffer"": 100, ""n_ref"": 200, ""probe_rows"": 1000, ""track_energy"": true}"
insects_abrupt,gnb,AlwaysNudge,always_nudge,3,47564,4227,balanced_accuracy,7,7,0,7,0,0,0,0,0,0,7,,0,0,0,5600,0,5600,7,0.018014700002822792,1.209339444445959e-06,4227,0.661,0.4888571188293667,0.6478775634341327,0.48718297247645137,params,402,402,,,params_read,402.0,402.0,1.0,1.9962000005762093,1.6711999996914528,2.260870899997826,"{""adwin_delta"": 0.002, ""buffer_size"": 1000, ""chunk_size"": 2000, ""energy_country_iso"": ""USA"", ""eval_block"": 1000, ""floor_drop"": 0.02, ""holdout_frac"": 0.2, ""init_frac"": 0.1, ""init_holdout_frac"": 0.2, ""k"": 3, ""min_buffer"": 100, ""n_ref"": 200, ""probe_rows"": 1000, ""track_energy"": true}"
insects_abrupt,gnb,NeverAdapt,never_adapt,3,47564,4227,balanced_accuracy,8,8,8,0,0,0,0,0,0,0,0,,0,0,0,0,0,0,0,0.0,1.2163122228910365e-06,4227,0.701,0.4918425700109326,0.6579531630170317,0.49116669023416265,params,402,402,,,params_read,402.0,402.0,1.0,1.8646000025910325,2.0398999986355193,2.1596403000003193,"{""adwin_delta"": 0.002, ""buffer_size"": 1000, ""chunk_size"": 2000, ""energy_country_iso"": ""USA"", ""eval_block"": 1000, ""floor_drop"": 0.02, ""holdout_frac"": 0.2, ""init_frac"": 0.1, ""init_holdout_frac"": 0.2, ""k"": 3, ""min_buffer"": 100, ""n_ref"": 200, ""probe_rows"": 1000, ""track_energy"": true}"
insects_gradual,xgb,AlwaysRebuild,always_rebuild,3,21735,1932,balanced_accuracy,7,7,0,0,7,0,0,0,0,1,0,,5,11,1,588800,700,5888,700,8.594439900003636,4.2624282221886686e-05,193200,0.608,0.5131354957441914,0.5353198653198653,0.5092618247809012,rounds,100,100,8232,6928,node_visits,1833.129,1732.201,0.9449422271973222,20.271699999284465,20.825999999942724,13.179054799998994,"{""adwin_delta"": 0.002, ""buffer_size"": 1000, ""chunk_size"": 2000, ""energy_country_iso"": ""USA"", ""eval_block"": 1000, ""floor_drop"": 0.02, ""holdout_frac"": 0.2, ""init_frac"": 0.1, ""init_holdout_frac"": 0.2, ""k"": 3, ""min_buffer"": 100, ""n_ref"": 200, ""probe_rows"": 1000, ""track_energy"": true}"
insects_gradual,xgb,MechanismSelector,mechanism_selector,3,21735,1932,balanced_accuracy,5,5,0,1,4,0,0,0,0,0,5,1,3,13,1,405855,425,7755,425,6.883044599999266,3.789786638920893e-05,193200,0.521,0.3899240855762595,0.2540978411566647,0.3967950636678477,rounds,100,100,8232,13408,node_visits,1833.129,2566.164,1.399881841376139,21.61049999995157,16.40130000305362,11.822604099997989,"{""adwin_delta"": 0.002, ""buffer_size"": 1000, ""chunk_size"": 2000, ""energy_country_iso"": ""USA"", ""eval_block"": 1000, ""floor_drop"": 0.02, ""holdout_frac"": 0.2, ""init_frac"": 0.1, ""init_holdout_frac"": 0.2, ""k"": 3, ""min_buffer"": 100, ""n_ref"": 200, ""probe_rows"": 1000, ""track_energy"": true}"
insects_gradual,xgb,FixedSchedule(k=3),fixed_schedule,3,21735,1932,balanced_accuracy,7,7,0,5,2,0,0,0,0,0,5,,5,13,1,216350,225,5270,225,4.115343700006633,2.7093161111441614e-05,193200,0.393,0.4339084426040948,0.4698039215686274,0.43522763811490917,rounds,100,105,8232,15346,node_visits,1833.129,2889.309,1.5761623977363297,18.555099999503,18.476799999916693,8.938405299999431,"{""adwin_delta"": 0.002, ""buffer_size"": 1000, ""chunk_size"": 2000, ""energy_country_iso"": ""USA"", ""eval_block"": 1000, ""floor_drop"": 0.02, ""holdout_frac"": 0.2, ""init_frac"": 0.1, ""init_holdout_frac"": 0.2, ""k"": 3, ""min_buffer"": 100, ""n_ref"": 200, ""probe_rows"": 1000, ""track_energy"": true}"
insects_gradual,xgb,AlwaysNudge,always_nudge,3,21735,1932,balanced_accuracy,6,6,0,6,0,0,1,0,0,1,6,,4,12,1,19855,30,3971,30,1.2022757999984606,1.883743138889355e-05,193200,0.0,0.28428801472279736,0.0,0.295254943738491,rounds,100,130,8232,9994,node_visits,1833.129,2230.317,1.2166721490958903,18.58399999764515,18.329499998799292,6.385992299998179,"{""adwin_delta"": 0.002, ""buffer_size"": 1000, ""chunk_size"": 2000, ""energy_country_iso"": ""USA"", ""eval_block"": 1000, ""floor_drop"": 0.02, ""holdout_frac"": 0.2, ""init_frac"": 0.1, ""init_holdout_frac"": 0.2, ""k"": 3, ""min_buffer"": 100, ""n_ref"": 200, ""probe_rows"": 1000, ""track_energy"": true}"
insects_gradual,xgb,NeverAdapt,never_adapt,3,21735,1932,balanced_accuracy,7,7,7,0,0,0,1,0,0,1,0,,0,0,1,0,0,0,0,0.0,1.35866374996611e-05,193200,0.034,0.2782608695652174,0.2335115864527629,0.3060491100450692,rounds,100,100,8232,8232,node_visits,1833.129,1833.129,1.0,18.924500000139233,18.052700001135236,4.8620880999988,"{""adwin_delta"": 0.002, ""buffer_size"": 1000, ""chunk_size"": 2000, ""energy_country_iso"": ""USA"", ""eval_block"": 1000, ""floor_drop"": 0.02, ""holdout_frac"": 0.2, ""init_frac"": 0.1, ""init_holdout_frac"": 0.2, ""k"": 3, ""min_buffer"": 100, ""n_ref"": 200, ""probe_rows"": 1000, ""track_energy"": true}"
insects_gradual,rf,AlwaysRebuild,always_rebuild,3,21735,1932,balanced_accuracy,7,7,0,0,7,0,0,0,0,1,0,,5,11,1,547200,700,5472,700,4.319387100003951,2.6384355833336334e-05,193200,0.73,0.48971704623878537,0.6228461081402258,0.48699222347986154,trees,100,100,26516,11726,node_visits,878.618,887.233,1.0098051713031146,27.88670000154525,29.75220000007539,8.853455399999802,"{""adwin_delta"": 0.002, ""buffer_size"": 1000, ""chunk_size"": 2000, ""energy_country_iso"": ""USA"", ""eval_block"": 1000, ""floor_drop"": 0.02, ""holdout_frac"": 0.2, ""init_frac"": 0.1, ""init_holdout_frac"": 0.2, ""k"": 3, ""min_buffer"": 100, ""n_ref"": 200, ""probe_rows"": 1000, ""track_energy"": true}"
insects_gradual,rf,MechanismSelector,mechanism_selector,3,21735,1932,balanced_accuracy,7,7,1,0,6,1,0,0,0,1,5,0,5,23,1,454460,625,7748,625,3.88407129999905,2.908822888822023e-05,193200,0.529,0.4766045548654244,0.24309368191721134,0.47280895066410555,trees,100,100,26516,8912,node_visits,878.618,777.917,0.8853870510278642,27.367700000468176,32.24419999969541,8.85097769999993,"{""adwin_delta"": 0.002, ""buffer_size"": 1000, ""chunk_size"": 2000, ""energy_country_iso"": ""USA"", ""eval_block"": 1000, ""floor_drop"": 0.02, ""holdout_frac"": 0.2, ""init_frac"": 0.1, ""init_holdout_frac"": 0.2, ""k"": 3, ""min_buffer"": 100, ""n_ref"": 200, ""probe_rows"": 1000, ""track_energy"": true}"
insects_gradual,rf,FixedSchedule(k=3),fixed_schedule,3,21735,1932,balanced_accuracy,6,6,0,4,2,0,0,0,0,0,4,,4,10,1,212350,220,4470,220,1.6635677000012947,1.764202500032176e-05,193200,0.423,0.2738900391074304,0.16602693602693605,0.28664597428878585,trees,100,100,26516,38002,node_visits,878.618,1027.62,1.1695867828794764,32.39299999768264,32.56570000303327,6.3341809999983525,"{""adwin_delta"": 0.002, ""buffer_size"": 1000, ""chunk_size"": 2000, ""energy_country_iso"": ""USA"", ""eval_block"": 1000, ""floor_drop"": 0.02, ""holdout_frac"": 0.2, ""init_frac"": 0.1, ""init_holdout_frac"": 0.2, ""k"": 3, ""min_buffer"": 100, ""n_ref"": 200, ""probe_rows"": 1000, ""track_energy"": true}"
insects_gradual,rf,AlwaysNudge,always_nudge,3,21735,1932,balanced_accuracy,7,7,0,7,0,0,1,0,0,1,7,,5,15,1,21390,35,4278,35,0.20563830000173766,1.32519524999933e-05,193200,0.03,0.2493213710605015,0.20855614973262035,0.2783739582688686,trees,100,100,26516,21402,node_visits,878.618,790.468,0.8996719848671435,27.928899999096757,26.29979999983334,5.11043029999928,"{""adwin_delta"": 0.002, ""buffer_size"": 1000, ""chunk_size"": 2000, ""energy_country_iso"": ""USA"", ""eval_block"": 1000, ""floor_drop"": 0.02, ""holdout_frac"": 0.2, ""init_frac"": 0.1, ""init_holdout_frac"": 0.2, ""k"": 3, ""min_buffer"": 100, ""n_ref"": 200, ""probe_rows"": 1000, ""track_energy"": true}"
insects_gradual,rf,NeverAdapt,never_adapt,3,21735,1932,balanced_accuracy,7,7,7,0,0,0,1,0,0,1,0,,0,0,1,0,0,0,0,0.0,1.2454114167000841e-05,193200,0.03,0.25120772946859904,0.20380273321449793,0.2803888466859918,trees,100,100,26516,26516,node_visits,878.618,878.618,1.0,29.370899999776157,30.98859999954584,4.821016999998392,"{""adwin_delta"": 0.002, ""buffer_size"": 1000, ""chunk_size"": 2000, ""energy_country_iso"": ""USA"", ""eval_block"": 1000, ""floor_drop"": 0.02, ""holdout_frac"": 0.2, ""init_frac"": 0.1, ""init_holdout_frac"": 0.2, ""k"": 3, ""min_buffer"": 100, ""n_ref"": 200, ""probe_rows"": 1000, ""track_energy"": true}"
insects_gradual,sgd,AlwaysRebuild,always_rebuild,3,21735,1932,balanced_accuracy,4,4,0,0,4,0,0,0,0,0,0,,2,4,1,2118000,0,3896,2222,0.9126558999996632,5.985034166664014e-06,1932000,0.303,0.17768576029445596,0.14995642701525055,0.18601736692210033,params,204,204,,,params_read,204.0,204.0,1.0,0.44019999768352136,0.7360000017797574,3.470623600002,"{""adwin_delta"": 0.002, ""buffer_size"": 1000, ""chunk_size"": 2000, ""energy_country_iso"": ""USA"", ""eval_block"": 1000, ""floor_drop"": 0.02, ""holdout_frac"": 0.2, ""init_frac"": 0.1, ""init_holdout_frac"": 0.2, ""k"": 3, ""min_buffer"": 100, ""n_ref"": 200, ""probe_rows"": 1000, ""track_energy"": true}"
insects_gradual,sgd,MechanismSelector,mechanism_selector,3,21735,1932,balanced_accuracy,6,6,4,1,1,0,0,0,0,0,2,1,0,0,1,100600,0,2600,101,0.10962280000239844,2.971848889218425e-06,1932000,0.346,0.19305268000920175,0.1655892255892256,0.1992394592242572,params,204,204,,,params_read,204.0,204.0,1.0,0.5776999969384633,0.5320999989635311,2.6583885999971244,"{""adwin_delta"": 0.002, ""buffer_size"": 1000, ""chunk_size"": 2000, ""energy_country_iso"": ""USA"", ""eval_block"": 1000, ""floor_drop"": 0.02, ""holdout_frac"": 0.2, ""init_frac"": 0.1, ""init_holdout_frac"": 0.2, ""k"": 3, ""min_buffer"": 100, ""n_ref"": 200, ""probe_rows"": 1000, ""track_energy"": true}"
insects_gradual,sgd,FixedSchedule(k=3),fixed_schedule,3,21735,1932,balanced_accuracy,4,4,0,3,1,0,0,0,0,0,3,,1,3,1,1002316,0,3316,1003,0.5338889999984531,4.305879722228136e-06,1932000,0.297,0.16724177593742812,0.14773420479302832,0.17573248516181064,params,204,204,,,params_read,204.0,204.0,1.0,1.216000000567874,0.4928999987896532,3.087634799998341,"{""adwin_delta"": 0.002, ""buffer_size"": 1000, ""chunk_size"": 2000, ""energy_country_iso"": ""USA"", ""eval_block"": 1000, ""floor_drop"": 0.02, ""holdout_frac"": 0.2, ""init_frac"": 0.1, ""init_holdout_frac"": 0.2, ""k"": 3, ""min_buffer"": 100, ""n_ref"": 200, ""probe_rows"": 1000, ""track_energy"": true}"
insects_gradual,sgd,AlwaysNudge,always_nudge,3,21735,1932,balanced_accuracy,5,5,0,5,0,0,0,0,0,0,5,,0,0,1,3916,0,3916,5,0.03414900000279886,2.4593552774442823e-06,1932000,0.189,0.2126984126984127,0.2915785304020598,0.21488326776902555,params,204,204,,,params_read,204.0,204.0,1.0,0.4436999988683965,0.5498999998962972,2.5158293999993475,"{""adwin_delta"": 0.002, ""buffer_size"": 1000, ""chunk_size"": 2000, ""energy_country_iso"": ""USA"", ""eval_block"": 1000, ""floor_drop"": 0.02, ""holdout_frac"": 0.2, ""init_frac"": 0.1, ""init_holdout_frac"": 0.2, ""k"": 3, ""min_buffer"": 100, ""n_ref"": 200, ""probe_rows"": 1000, ""track_energy"": true}"
insects_gradual,sgd,NeverAdapt,never_adapt,3,21735,1932,balanced_accuracy,6,6,6,0,0,0,0,0,0,0,0,,0,0,1,0,0,0,0,0.0,2.4681819437804703e-06,1932000,0.055,0.17152058891189326,0.39185977421271545,0.2058699595780341,params,204,204,,,params_read,204.0,204.0,1.0,0.43589999768300913,0.4580000022542663,2.434841399997822,"{""adwin_delta"": 0.002, ""buffer_size"": 1000, ""chunk_size"": 2000, ""energy_country_iso"": ""USA"", ""eval_block"": 1000, ""floor_drop"": 0.02, ""holdout_frac"": 0.2, ""init_frac"": 0.1, ""init_holdout_frac"": 0.2, ""k"": 3, ""min_buffer"": 100, ""n_ref"": 200, ""probe_rows"": 1000, ""track_energy"": true}"
insects_gradual,gnb,AlwaysRebuild,always_rebuild,3,21735,1932,balanced_accuracy,7,7,0,0,7,0,0,0,0,1,0,,4,10,1,5640,0,5640,7,0.036165499994240236,1.0172808329974371e-06,1932,0.778,0.5756153669197147,0.40573776985541693,0.5482800326411313,params,402,402,,,params_read,402.0,402.0,1.0,2.2677999986626673,1.7169000020658132,2.040443800000503,"{""adwin_delta"": 0.002, ""buffer_size"": 1000, ""chunk_size"": 2000, ""energy_country_iso"": ""USA"", ""eval_block"": 1000, ""floor_drop"": 0.02, ""holdout_frac"": 0.2, ""init_frac"": 0.1, ""init_holdout_frac"": 0.2, ""k"": 3, ""min_buffer"": 100, ""n_ref"": 200, ""probe_rows"": 1000, ""track_energy"": true}"
insects_gradual,gnb,MechanismSelector,mechanism_selector,3,21735,1932,balanced_accuracy,7,7,1,2,4,1,0,0,0,1,5,2,2,4,1,6724,0,6724,9,0.031791199995495845,1.4384194444356874e-06,1932,0.741,0.565631469979296,0.3027450980392157,0.5383971044467268,params,402,402,,,params_read,402.0,402.0,1.0,2.641400002175942,2.5538000008964445,2.166700599998876,"{""adwin_delta"": 0.002, ""buffer_size"": 1000, ""chunk_size"": 2000, ""energy_country_iso"": ""USA"", ""eval_block"": 1000, ""floor_drop"": 0.02, ""holdout_frac"": 0.2, ""init_frac"": 0.1, ""init_holdout_frac"": 0.2, ""k"": 3, ""min_buffer"": 100, ""n_ref"": 200, ""probe_rows"": 1000, ""track_energy"": true}"
insects_gradual,gnb,FixedSchedule(k=3),fixed_schedule,3,21735,1932,balanced_accuracy,7,7,0,5,2,0,0,0,0,0,5,,1,3,1,4886,0,4886,7,0.023220200004288927,1.1666649996658663e-06,1932,0.734,0.5222452265930527,0.39880174291938997,0.498109841843976,params,402,402,,,params_read,402.0,402.0,1.0,2.3271999998542015,2.863099998648977,2.129327900001954,"{""adwin_delta"": 0.002, ""buffer_size"": 1000, ""chunk_size"": 2000, ""energy_country_iso"": ""USA"", ""eval_block"": 1000, ""floor_drop"": 0.02, ""holdout_frac"": 0.2, ""init_frac"": 0.1, ""init_holdout_frac"": 0.2, ""k"": 3, ""min_buffer"": 100, ""n_ref"": 200, ""probe_rows"": 1000, ""track_energy"": true}"
insects_gradual,gnb,AlwaysNudge,always_nudge,3,21735,1932,balanced_accuracy,6,6,0,6,0,0,0,0,0,0,6,,0,0,1,4281,0,4281,6,0.017895599998155376,9.397199999962144e-07,1932,0.094,0.4595813204508857,0.07225589225589225,0.44364042375877794,params,402,402,,,params_read,402.0,402.0,1.0,2.0304999998188578,2.2200999992492143,2.2514001000017743,"{""adwin_delta"": 0.002, ""buffer_size"": 1000, ""chunk_size"": 2000, ""energy_country_iso"": ""USA"", ""eval_block"": 1000, ""floor_drop"": 0.02, ""holdout_frac"": 0.2, ""init_frac"": 0.1, ""init_holdout_frac"": 0.2, ""k"": 3, ""min_buffer"": 100, ""n_ref"": 200, ""probe_rows"": 1000, ""track_energy"": true}"
insects_gradual,gnb,NeverAdapt,never_adapt,3,21735,1932,balanced_accuracy,5,5,5,0,0,0,0,0,0,0,0,,0,0,1,0,0,0,0,0.0,8.091288892193187e-07,1932,0.027,0.34156889809063723,0.09438898791839968,0.3418107321216655,params,402,402,,,params_read,402.0,402.0,1.0,2.0079000023542903,2.193000000261236,1.9764694000004965,"{""adwin_delta"": 0.002, ""buffer_size"": 1000, ""chunk_size"": 2000, ""energy_country_iso"": ""USA"", ""eval_block"": 1000, ""floor_drop"": 0.02, ""holdout_frac"": 0.2, ""init_frac"": 0.1, ""init_holdout_frac"": 0.2, ""k"": 3, ""min_buffer"": 100, ""n_ref"": 200, ""probe_rows"": 1000, ""track_energy"": true}"
insects_incremental,xgb,AlwaysRebuild,always_rebuild,3,51317,4560,balanced_accuracy,5,5,0,0,5,0,0,0,0,0,0,,0,0,0,500000,500,5000,500,12.686642299995583,8.311762527810441e-05,456000,0.675,0.60085351832726,0.6740714145264342,0.6008576287377034,rounds,100,100,36642,13844,node_visits,3853.825,2714.438,0.7043490558081906,24.52400000038324,17.45130000199424,23.188123700001597,"{""adwin_delta"": 0.002, ""buffer_size"": 1000, ""chunk_size"": 2000, ""energy_country_iso"": ""USA"", ""eval_block"": 1000, ""floor_drop"": 0.02, ""holdout_frac"": 0.2, ""init_frac"": 0.1, ""init_holdout_frac"": 0.2, ""k"": 3, ""min_buffer"": 100, ""n_ref"": 200, ""probe_rows"": 1000, ""track_energy"": true}"
insects_incremental,xgb,MechanismSelector,mechanism_selector,3,51317,4560,balanced_accuracy,4,4,0,1,3,0,0,0,0,0,4,1,0,0,0,316000,320,6200,320,9.552357399999892,7.394366111077968e-05,456000,0.527,0.5773330475281095,0.5254741512452059,0.5773367887668904,rounds,100,105,36642,17106,node_visits,3853.825,3093.348,0.8026695555714128,22.122200000012526,20.85580000129994,20.197066999997332,"{""adwin_delta"": 0.002, ""buffer_size"": 1000, ""chunk_size"": 2000, ""energy_country_iso"": ""USA"", ""eval_block"": 1000, ""floor_drop"": 0.02, ""holdout_frac"": 0.2, ""init_frac"": 0.1, ""init_holdout_frac"": 0.2, ""k"": 3, ""min_buffer"": 100, ""n_ref"": 200, ""probe_rows"": 1000, ""track_energy"": true}"
insects_incremental,xgb,FixedSchedule(k=3),fixed_schedule,3,51317,4560,balanced_accuracy,5,5,0,4,1,0,0,0,0,0,4,,0,0,0,116000,120,4200,120,4.047846199999185,5.3056728055566344e-05,456000,0.607,0.5753454021084631,0.6060469060465119,0.5753476579238944,rounds,100,110,36642,18768,node_visits,3853.825,3270.751,0.8487025228182391,22.268299999268493,21.752699998614844,14.977424100001372,"{""adwin_delta"": 0.002, ""buffer_size"": 1000, ""chunk_size"": 2000, ""energy_country_iso"": ""USA"", ""eval_block"": 1000, ""floor_drop"": 0.02, ""holdout_frac"": 0.2, ""init_frac"": 0.1, ""init_holdout_frac"": 0.2, ""k"": 3, ""min_buffer"": 100, ""n_ref"": 200, ""probe_rows"": 1000, ""track_energy"": true}"
insects_incremental,xgb,AlwaysNudge,always_nudge,3,51317,4560,balanced_accuracy,5,5,0,5,0,0,0,0,0,0,5,,0,0,0,20000,25,4000,25,1.8798210999957519,4.999073833367263e-05,456000,0.557,0.531539255997038,0.5557194120909005,0.5315446396888341,rounds,100,125,36642,44310,node_visits,3853.825,4752.615,1.2332202422268785,23.32820000083302,41.18630000084522,14.069700799998827,"{""adwin_delta"": 0.002, ""buffer_size"": 1000, ""chunk_size"": 2000, ""energy_country_iso"": ""USA"", ""eval_block"": 1000, ""floor_drop"": 0.02, ""holdout_frac"": 0.2, ""init_frac"": 0.1, ""init_holdout_frac"": 0.2, ""k"": 3, ""min_buffer"": 100, ""n_ref"": 200, ""probe_rows"": 1000, ""track_energy"": true}"
insects_incremental,xgb,NeverAdapt,never_adapt,3,51317,4560,balanced_accuracy,3,3,3,0,0,0,0,0,0,0,0,,0,0,0,0,0,0,0,0.0,3.710611777744237e-05,456000,0.12,0.22012198686595086,0.1199112905812767,0.22011747061026066,rounds,100,100,36642,36642,node_visits,3853.825,3853.825,1.0,22.362399999110494,22.752099997887854,11.142004299999826,"{""adwin_delta"": 0.002, ""buffer_size"": 1000, ""chunk_size"": 2000, ""energy_country_iso"": ""USA"", ""eval_block"": 1000, ""floor_drop"": 0.02, ""holdout_frac"": 0.2, ""init_frac"": 0.1, ""init_holdout_frac"": 0.2, ""k"": 3, ""min_buffer"": 100, ""n_ref"": 200, ""probe_rows"": 1000, ""track_energy"": true}"
insects_incremental,rf,AlwaysRebuild,always_rebuild,3,51317,4560,balanced_accuracy,5,5,0,0,5,0,0,0,0,0,0,,0,0,0,500000,500,5000,500,4.237495500001387,4.2289393611777464e-05,456000,0.646,0.5981448642749966,0.6447191752413587,0.5981506970674763,trees,100,100,190236,37826,node_visits,1242.911,1018.806,0.8196934454679378,43.78949999954784,39.94819999934407,12.592929500002356,"{""adwin_delta"": 0.002, ""buffer_size"": 1000, ""chunk_size"": 2000, ""energy_country_iso"": ""USA"", ""eval_block"": 1000, ""floor_drop"": 0.02, ""holdout_frac"": 0.2, ""init_frac"": 0.1, ""init_holdout_frac"": 0.2, ""k"": 3, ""min_buffer"": 100, ""n_ref"": 200, ""probe_rows"": 1000, ""track_energy"": true}"
insects_incremental,rf,MechanismSelector,mechanism_selector,3,51317,4560,balanced_accuracy,5,5,0,0,5,0,0,0,0,0,5,0,0,0,0,520000,525,9000,525,4.504872800003795,4.5113019444108426e-05,456000,0.646,0.5981448642749966,0.6447191752413587,0.5981506970674763,trees,100,100,190236,37826,node_visits,1242.911,1018.806,0.8196934454679378,68.71549999777926,37.65670000211685,13.174028299999918,"{""adwin_delta"": 0.002, ""buffer_size"": 1000, ""chunk_size"": 2000, ""energy_country_iso"": ""USA"", ""eval_block"": 1000, ""floor_drop"": 0.02, ""holdout_frac"": 0.2, ""init_frac"": 0.1, ""init_holdout_frac"": 0.2, ""k"": 3, ""min_buffer"": 100, ""n_ref"": 200, ""probe_rows"": 1000, ""track_energy"": true}"
insects_incremental,rf,FixedSchedule(k=3),fixed_schedule,3,51317,4560,balanced_accuracy,4,4,0,3,1,0,0,0,0,0,3,,0,0,0,112000,115,3400,115,0.8848161999958393,2.852686305589304e-05,456000,0.598,0.40873394781456435,0.5966343621399972,0.4087309305066052,trees,100,100,190236,37286,node_visits,1242.911,992.838,0.7988005577229583,67.2989000013331,33.639299999776995,9.200998000000254,"{""adwin_delta"": 0.002, ""buffer_size"": 1000, ""chunk_size"": 2000, ""energy_country_iso"": ""USA"", ""eval_block"": 1000, ""floor_drop"": 0.02, ""holdout_frac"": 0.2, ""init_frac"": 0.1, ""init_holdout_frac"": 0.2, ""k"": 3, ""min_buffer"": 100, ""n_ref"": 200, ""probe_rows"": 1000, ""track_energy"": true}"
insects_incremental,rf,AlwaysNudge,always_nudge,3,51317,4560,balanced_accuracy,4,4,0,4,0,0,0,0,0,0,4,,0,0,0,16000,20,3200,20,0.16229650000241236,2.530898055623216e-05,456000,0.155,0.23836155659917765,0.15494085706651373,0.23835486816448737,trees,100,100,190236,158320,node_visits,1242.911,1189.905,0.9573533422747083,43.13909999837051,45.105000001058215,8.305527799999254,"{""adwin_delta"": 0.002, ""buffer_size"": 1000, ""chunk_size"": 2000, ""energy_country_iso"": ""USA"", ""eval_block"": 1000, ""floor_drop"": 0.02, ""holdout_frac"": 0.2, ""init_frac"": 0.1, ""init_holdout_frac"": 0.2, ""k"": 3, ""min_buffer"": 100, ""n_ref"": 200, ""probe_rows"": 1000, ""track_energy"": true}"
insects_incremental,rf,NeverAdapt,never_adapt,3,51317,4560,balanced_accuracy,4,4,4,0,0,0,0,0,0,0,0,,0,0,0,0,0,0,0,0.0,2.813134138855384e-05,456000,0.124,0.21215191846756434,0.12402808831753681,0.2121467081982189,trees,100,100,190236,190236,node_visits,1242.911,1242.911,1.0,25.761499997315696,32.1250000015425,7.398881400000391,"{""adwin_delta"": 0.002, ""buffer_size"": 1000, ""chunk_size"": 2000, ""energy_country_iso"": ""USA"", ""eval_block"": 1000, ""floor_drop"": 0.02, ""holdout_frac"": 0.2, ""init_frac"": 0.1, ""init_holdout_frac"": 0.2, ""k"": 3, ""min_buffer"": 100, ""n_ref"": 200, ""probe_rows"": 1000, ""track_energy"": true}"
insects_incremental,sgd,AlwaysRebuild,always_rebuild,3,51317,4560,balanced_accuracy,1,1,0,0,1,0,0,0,0,0,0,,0,0,0,81000,0,1000,81,0.045593800001370255,3.1886147222243004e-06,1080720,0.168,0.18935245630103084,0.17115196279949596,0.18932619309869736,params,204,204,,,params_read,204.0,204.0,1.0,0.2367999986745417,0.2454999994370155,2.2803196999993816,"{""adwin_delta"": 0.002, ""buffer_size"": 1000, ""chunk_size"": 2000, ""energy_country_iso"": ""USA"", ""eval_block"": 1000, ""floor_drop"": 0.02, ""holdout_frac"": 0.2, ""init_frac"": 0.1, ""init_holdout_frac"": 0.2, ""k"": 3, ""min_buffer"": 100, ""n_ref"": 200, ""probe_rows"": 1000, ""track_energy"": true}"
insects_incremental,sgd,MechanismSelector,mechanism_selector,3,51317,4560,balanced_accuracy,1,1,0,1,0,0,0,0,0,0,1,1,0,0,0,800,0,800,1,0.003748999999515945,3.243932500667396e-06,1080720,0.229,0.2162051561860592,0.22795728853122868,0.2162032927777342,params,204,204,,,params_read,204.0,204.0,1.0,0.5147000010765623,0.3099999994446989,2.2126949000012246,"{""adwin_delta"": 0.002, ""buffer_size"": 1000, ""chunk_size"": 2000, ""energy_country_iso"": ""USA"", ""eval_block"": 1000, ""floor_drop"": 0.02, ""holdout_frac"": 0.2, ""init_frac"": 0.1, ""init_holdout_frac"": 0.2, ""k"": 3, ""min_buffer"": 100, ""n_ref"": 200, ""probe_rows"": 1000, ""track_energy"": true}"
insects_incremental,sgd,FixedSchedule(k=3),fixed_schedule,3,51317,4560,balanced_accuracy,1,1,0,1,0,0,0,0,0,0,1,,0,0,0,800,0,800,1,0.004107799999474082,2.899696944111173e-06,1080720,0.229,0.2162051561860592,0.22795728853122868,0.2162032927777342,params,204,204,,,params_read,204.0,204.0,1.0,0.23979999969014898,0.24299999859067611,2.258136899999954,"{""adwin_delta"": 0.002, ""buffer_size"": 1000, ""chunk_size"": 2000, ""energy_country_iso"": ""USA"", ""eval_block"": 1000, ""floor_drop"": 0.02, ""holdout_frac"": 0.2, ""init_frac"": 0.1, ""init_holdout_frac"": 0.2, ""k"": 3, ""min_buffer"": 100, ""n_ref"": 200, ""probe_rows"": 1000, ""track_energy"": true}"
insects_incremental,sgd,AlwaysNudge,always_nudge,3,51317,4560,balanced_accuracy,1,1,0,1,0,0,0,0,0,0,1,,0,0,0,800,0,800,1,0.003776000001380453,2.8989261117720373e-06,1080720,0.229,0.2162051561860592,0.22795728853122868,0.2162032927777342,params,204,204,,,params_read,204.0,204.0,1.0,0.24290000146720558,0.6100999999034684,2.185037499999453,"{""adwin_delta"": 0.002, ""buffer_size"": 1000, ""chunk_size"": 2000, ""energy_country_iso"": ""USA"", ""eval_block"": 1000, ""floor_drop"": 0.02, ""holdout_frac"": 0.2, ""init_frac"": 0.1, ""init_holdout_frac"": 0.2, ""k"": 3, ""min_buffer"": 100, ""n_ref"": 200, ""probe_rows"": 1000, ""track_energy"": true}"
insects_incremental,sgd,NeverAdapt,never_adapt,3,51317,4560,balanced_accuracy,1,1,1,0,0,0,0,0,0,0,0,,0,0,0,0,0,0,0,0.0,3.318468888884105e-06,1080720,0.16,0.1882222265526044,0.1587128018149201,0.18822188540980214,params,204,204,,,params_read,204.0,204.0,1.0,0.25129999994533136,0.2330999996047467,2.246978899998794,"{""adwin_delta"": 0.002, ""buffer_size"": 1000, ""chunk_size"": 2000, ""energy_country_iso"": ""USA"", ""eval_block"": 1000, ""floor_drop"": 0.02, ""holdout_frac"": 0.2, ""init_frac"": 0.1, ""init_holdout_frac"": 0.2, ""k"": 3, ""min_buffer"": 100, ""n_ref"": 200, ""probe_rows"": 1000, ""track_energy"": true}"
insects_incremental,gnb,AlwaysRebuild,always_rebuild,3,51317,4560,balanced_accuracy,5,5,0,0,5,0,0,0,0,0,0,,0,0,0,5000,0,5000,5,0.00953059999665129,9.658450003288744e-07,4560,0.536,0.5484537287838338,0.5364206991179561,0.5484522243959282,params,402,402,,,params_read,402.0,402.0,1.0,0.9275000011257362,1.1763999973481987,1.8413550000004761,"{""adwin_delta"": 0.002, ""buffer_size"": 1000, ""chunk_size"": 2000, ""energy_country_iso"": ""USA"", ""eval_block"": 1000, ""floor_drop"": 0.02, ""holdout_frac"": 0.2, ""init_frac"": 0.1, ""init_holdout_frac"": 0.2, ""k"": 3, ""min_buffer"": 100, ""n_ref"": 200, ""probe_rows"": 1000, ""track_energy"": true}"
insects_incremental,gnb,MechanismSelector,mechanism_selector,3,51317,4560,balanced_accuracy,5,5,0,2,3,0,0,0,0,0,5,2,0,0,0,7000,0,7000,8,0.014542199995048577,9.794097218890448e-07,4560,0.591,0.5420425979694838,0.5905913768903314,0.5420423276041598,params,402,402,,,params_read,402.0,402.0,1.0,1.0462999998708256,0.9779000029084273,1.669284499999776,"{""adwin_delta"": 0.002, ""buffer_size"": 1000, ""chunk_size"": 2000, ""energy_country_iso"": ""USA"", ""eval_block"": 1000, ""floor_drop"": 0.02, ""holdout_frac"": 0.2, ""init_frac"": 0.1, ""init_holdout_frac"": 0.2, ""k"": 3, ""min_buffer"": 100, ""n_ref"": 200, ""probe_rows"": 1000, ""track_energy"": true}"
insects_incremental,gnb,FixedSchedule(k=3),fixed_schedule,3,51317,4560,balanced_accuracy,5,5,0,4,1,0,0,0,0,0,4,,0,0,0,4200,0,4200,5,0.014764299998205388,2.9878711114523975e-06,4560,0.513,0.527563965157745,0.511386289302512,0.5275651911379691,params,402,402,,,params_read,402.0,402.0,1.0,1.0523999990255106,1.3564000000769738,1.902893500002392,"{""adwin_delta"": 0.002, ""buffer_size"": 1000, ""chunk_size"": 2000, ""energy_country_iso"": ""USA"", ""eval_block"": 1000, ""floor_drop"": 0.02, ""holdout_frac"": 0.2, ""init_frac"": 0.1, ""init_holdout_frac"": 0.2, ""k"": 3, ""min_buffer"": 100, ""n_ref"": 200, ""probe_rows"": 1000, ""track_energy"": true}"
insects_incremental,gnb,AlwaysNudge,always_nudge,3,51317,4560,balanced_accuracy,4,4,0,4,0,0,0,0,0,0,4,,0,0,0,3200,0,3200,4,0.006818799996835878,7.784372228865882e-07,4560,0.265,0.33104039597014634,0.26400113990488927,0.3310340357140152,params,402,402,,,params_read,402.0,402.0,1.0,0.8820000002742745,1.2671000004047528,1.7994142999996257,"{""adwin_delta"": 0.002, ""buffer_size"": 1000, ""chunk_size"": 2000, ""energy_country_iso"": ""USA"", ""eval_block"": 1000, ""floor_drop"": 0.02, ""holdout_frac"": 0.2, ""init_frac"": 0.1, ""init_holdout_frac"": 0.2, ""k"": 3, ""min_buffer"": 100, ""n_ref"": 200, ""probe_rows"": 1000, ""track_energy"": true}"
insects_incremental,gnb,NeverAdapt,never_adapt,3,51317,4560,balanced_accuracy,5,5,5,0,0,0,0,0,0,0,0,,0,0,0,0,0,0,0,0.0,9.939147225471758e-07,4560,0.143,0.20591616813141844,0.14298921897357636,0.2059100817198126,params,402,402,,,params_read,402.0,402.0,1.0,1.1040999997931067,1.2161999984527938,1.6669725000028848,"{""adwin_delta"": 0.002, ""buffer_size"": 1000, ""chunk_size"": 2000, ""energy_country_iso"": ""USA"", ""eval_block"": 1000, ""floor_drop"": 0.02, ""holdout_frac"": 0.2, ""init_frac"": 0.1, ""init_holdout_frac"": 0.2, ""k"": 3, ""min_buffer"": 100, ""n_ref"": 200, ""probe_rows"": 1000, ""track_energy"": true}"
covtype,xgb,AlwaysRebuild,always_rebuild,3,90000,8000,balanced_accuracy,92,92,0,0,92,0,1,0,0,1,0,,88,416,0,6721600,9200,67216,9200,23.27938400001949,0.0001446395394444402,800000,0.915,0.9015111111111112,0.5977840019770987,0.6467111621569704,rounds,100,100,34130,3760,node_visits,3970.127,1288.145,0.3244593938682566,14.79739999922458,11.396500001865206,29.837035799999285,"{""adwin_delta"": 0.002, ""buffer_size"": 1000, ""chunk_size"": 2000, ""energy_country_iso"": ""USA"", ""eval_block"": 1000, ""floor_drop"": 0.02, ""holdout_frac"": 0.2, ""init_frac"": 0.1, ""init_holdout_frac"": 0.2, ""k"": 3, ""min_buffer"": 100, ""n_ref"": 200, ""probe_rows"": 1000, ""track_energy"": true}"
covtype,xgb,MechanismSelector,mechanism_selector,3,90000,8000,balanced_accuracy,89,89,5,24,60,3,1,0,0,3,81,24,84,658,0,4595395,6405,94023,6405,21.010528800004977,0.00015584839000033272,800000,0.88,0.8892111111111111,0.5789191860944065,0.5214320845210272,rounds,100,110,34130,1682,node_visits,3970.127,1086.155,0.2735819282355451,18.549300002632663,9.750900000653928,29.931516399999964,"{""adwin_delta"": 0.002, ""buffer_size"": 1000, ""chunk_size"": 2000, ""energy_country_iso"": ""USA"", ""eval_block"": 1000, ""floor_drop"": 0.02, ""holdout_frac"": 0.2, ""init_frac"": 0.1, ""init_holdout_frac"": 0.2, ""k"": 3, ""min_buffer"": 100, ""n_ref"": 200, ""probe_rows"": 1000, ""track_energy"": true}"
covtype,xgb,FixedSchedule(k=3),fixed_schedule,3,90000,8000,balanced_accuracy,8,8,0,6,2,0,0,0,0,0,6,,5,15,0,139410,230,4018,230,1.2063235999958124,2.3593234444780276e-05,800000,0.0,0.03451111111111111,0.0,0.43837109055241674,rounds,100,110,34130,3754,node_visits,3970.127,1521.7,0.38328748677309316,17.240000001038425,10.937500002910383,6.288318800001434,"{""adwin_delta"": 0.002, ""buffer_size"": 1000, ""chunk_size"": 2000, ""energy_country_iso"": ""USA"", ""eval_block"": 1000, ""floor_drop"": 0.02, ""holdout_frac"": 0.2, ""init_frac"": 0.1, ""init_holdout_frac"": 0.2, ""k"": 3, ""min_buffer"": 100, ""n_ref"": 200, ""probe_rows"": 1000, ""track_energy"": true}"
covtype,xgb,AlwaysNudge,always_nudge,3,90000,8000,balanced_accuracy,138,138,0,138,0,0,4,0,0,14,138,,136,654,0,268195,690,53639,690,35.60249190001923,0.00041352604194444303,800000,0.867,0.8424888888888888,0.5735236813785294,0.7734124275051334,rounds,100,790,34130,58316,node_visits,3970.127,12631.322,3.181591420123336,19.0193000016734,73.14469999982975,68.96340860000055,"{""adwin_delta"": 0.002, ""buffer_size"": 1000, ""chunk_size"": 2000, ""energy_country_iso"": ""USA"", ""eval_block"": 1000, ""floor_drop"": 0.02, ""holdout_frac"": 0.2, ""init_frac"": 0.1, ""init_holdout_frac"": 0.2, ""k"": 3, ""min_buffer"": 100, ""n_ref"": 200, ""probe_rows"": 1000, ""track_energy"": true}"
covtype,xgb,NeverAdapt,never_adapt,3,90000,8000,balanced_accuracy,114,114,114,0,0,0,0,0,0,10,0,,0,0,0,0,0,0,0,0.0,3.836804638887854e-05,800000,0.795,0.8261666666666667,0.7639165120423873,0.8035559438997134,rounds,100,100,34130,34130,node_visits,3970.127,3970.127,1.0,15.895099997578654,14.020699996763142,9.024234600001364,"{""adwin_delta"": 0.002, ""buffer_size"": 1000, ""chunk_size"": 2000, ""energy_country_iso"": ""USA"", ""eval_block"": 1000, ""floor_drop"": 0.02, ""holdout_frac"": 0.2, ""init_frac"": 0.1, ""init_holdout_frac"": 0.2, ""k"": 3, ""min_buffer"": 100, ""n_ref"": 200, ""probe_rows"": 1000, ""track_energy"": true}"
covtype,rf,AlwaysRebuild,always_rebuild,3,90000,8000,balanced_accuracy,94,94,0,0,94,0,3,0,0,8,0,,91,418,0,6604000,9400,66040,9400,21.123902599993016,0.00013588482944378125,800000,0.913,0.8987555555555555,0.5857246157929904,0.67064302180698,trees,100,100,285884,7486,node_visits,1581.191,627.866,0.3970842232216095,19.005600002856227,13.225800001237076,29.0570704999991,"{""adwin_delta"": 0.002, ""buffer_size"": 1000, ""chunk_size"": 2000, ""energy_country_iso"": ""USA"", ""eval_block"": 1000, ""floor_drop"": 0.02, ""holdout_frac"": 0.2, ""init_frac"": 0.1, ""init_holdout_frac"": 0.2, ""k"": 3, ""min_buffer"": 100, ""n_ref"": 200, ""probe_rows"": 1000, ""track_energy"": true}"
covtype,rf,MechanismSelector,mechanism_selector,3,90000,8000,balanced_accuracy,161,161,65,3,93,45,11,0,0,38,51,3,95,678,0,4304210,9555,71354,9555,19.494813000012073,0.00014748010638855795,800000,0.931,0.8449777777777778,0.6100951021043285,0.8107114810039736,trees,100,100,285884,4656,node_visits,1581.191,567.231,0.3587365473241373,19.22299999932875,12.848500002291985,30.109708400003,"{""adwin_delta"": 0.002, ""buffer_size"": 1000, ""chunk_size"": 2000, ""energy_country_iso"": ""USA"", ""eval_block"": 1000, ""floor_drop"": 0.02, ""holdout_frac"": 0.2, ""init_frac"": 0.1, ""init_holdout_frac"": 0.2, ""k"": 3, ""min_buffer"": 100, ""n_ref"": 200, ""probe_rows"": 1000, ""track_energy"": true}"
covtype,rf,FixedSchedule(k=3),fixed_schedule,3,90000,8000,balanced_accuracy,138,138,0,92,46,0,3,0,0,21,92,,136,647,0,1846435,5060,57079,5060,10.062123500025336,9.182495000033864e-05,800000,0.917,0.8791222222222222,0.6337624238810498,0.8226326898929391,trees,100,100,285884,4548,node_visits,1581.191,563.709,0.3565091124348671,20.38709999760613,12.84730000043055,20.167825299999095,"{""adwin_delta"": 0.002, ""buffer_size"": 1000, ""chunk_size"": 2000, ""energy_country_iso"": ""USA"", ""eval_block"": 1000, ""floor_drop"": 0.02, ""holdout_frac"": 0.2, ""init_frac"": 0.1, ""init_holdout_frac"": 0.2, ""k"": 3, ""min_buffer"": 100, ""n_ref"": 200, ""probe_rows"": 1000, ""track_energy"": true}"
covtype,rf,AlwaysNudge,always_nudge,3,90000,8000,balanced_accuracy,289,289,0,289,0,0,32,0,0,104,289,,287,1409,0,314925,1445,62985,1445,3.218544399976963,0.00010193664833333852,800000,0.809,0.8145444444444444,0.35701275045537345,0.7594554746883669,trees,100,100,285884,2438,node_visits,1581.191,445.1,0.28149666928283806,21.33020000110264,12.862900002801325,21.102798200001416,"{""adwin_delta"": 0.002, ""buffer_size"": 1000, ""chunk_size"": 2000, ""energy_country_iso"": ""USA"", ""eval_block"": 1000, ""floor_drop"": 0.02, ""holdout_frac"": 0.2, ""init_frac"": 0.1, ""init_holdout_frac"": 0.2, ""k"": 3, ""min_buffer"": 100, ""n_ref"": 200, ""probe_rows"": 1000, ""track_energy"": true}"
covtype,rf,NeverAdapt,never_adapt,3,90000,8000,balanced_accuracy,157,157,157,0,0,0,4,0,0,24,0,,0,0,0,0,0,0,0,0.0,4.693919472289302e-05,800000,0.856,0.825,0.782423044182662,0.809199368339623,trees,100,100,285884,285884,node_visits,1581.191,1581.191,1.0,22.23500000036438,17.883399999846006,10.584807100000035,"{""adwin_delta"": 0.002, ""buffer_size"": 1000, ""chunk_size"": 2000, ""energy_country_iso"": ""USA"", ""eval_block"": 1000, ""floor_drop"": 0.02, ""holdout_frac"": 0.2, ""init_frac"": 0.1, ""init_holdout_frac"": 0.2, ""k"": 3, ""min_buffer"": 100, ""n_ref"": 200, ""probe_rows"": 1000, ""track_energy"": true}"
covtype,sgd,AlwaysRebuild,always_rebuild,3,90000,8000,balanced_accuracy,317,317,0,0,317,0,56,0,0,200,0,,316,1543,0,74855000,0,75712,316143,38.3604545999915,0.00019558432861143475,2000000,0.757,0.7143222222222222,0.4236093948796807,0.29611255559950383,params,385,385,,,params_read,385.0,385.0,1.0,0.37909999809926376,0.28509999901871197,42.992726599997695,"{""adwin_delta"": 0.002, ""buffer_size"": 1000, ""chunk_size"": 2000, ""energy_country_iso"": ""USA"", ""eval_block"": 1000, ""floor_drop"": 0.02, ""holdout_frac"": 0.2, ""init_frac"": 0.1, ""init_holdout_frac"": 0.2, ""k"": 3, ""min_buffer"": 100, ""n_ref"": 200, ""probe_rows"": 1000, ""track_energy"": true}"
covtype,sgd,MechanismSelector,mechanism_selector,3,90000,8000,balanced_accuracy,152,152,65,6,81,69,21,0,0,55,18,6,81,398,0,18606434,0,29030,81018,10.082559300008143,5.899990527777312e-05,2000000,0.031,0.42825555555555556,0.05646630236794171,0.38646967609395755,params,385,385,,,params_read,385.0,385.0,1.0,0.3023999997822102,0.2915999975812156,13.907794200000353,"{""adwin_delta"": 0.002, ""buffer_size"": 1000, ""chunk_size"": 2000, ""energy_country_iso"": ""USA"", ""eval_block"": 1000, ""floor_drop"": 0.02, ""holdout_frac"": 0.2, ""init_frac"": 0.1, ""init_holdout_frac"": 0.2, ""k"": 3, ""min_buffer"": 100, ""n_ref"": 200, ""probe_rows"": 1000, ""track_energy"": true}"
covtype,sgd,FixedSchedule(k=3),fixed_schedule,3,90000,8000,balanced_accuracy,244,244,0,163,81,0,41,0,0,127,163,,80,389,0,22827945,0,61605,80293,12.444809700020414,7.028343999999792e-05,2000000,0.798,0.7159444444444445,0.5067070324299091,0.34195883201340316,params,385,385,,,params_read,385.0,385.0,1.0,0.3414000020711683,0.40300000182469375,16.507680399998208,"{""adwin_delta"": 0.002, ""buffer_size"": 1000, ""chunk_size"": 2000, ""energy_country_iso"": ""USA"", ""eval_block"": 1000, ""floor_drop"": 0.02, ""holdout_frac"": 0.2, ""init_frac"": 0.1, ""init_holdout_frac"": 0.2, ""k"": 3, ""min_buffer"": 100, ""n_ref"": 200, ""probe_rows"": 1000, ""track_energy"": true}"
covtype,sgd,AlwaysNudge,always_nudge,3,90000,8000,balanced_accuracy,241,241,0,241,0,0,40,0,0,130,241,,0,0,0,47799,0,47799,241,1.0606905999957235,1.7398273333659578e-05,2000000,0.835,0.6419444444444444,0.5025629056026947,0.3743096486407586,params,385,385,,,params_read,385.0,385.0,1.0,0.5565999999816995,0.2916000012191944,5.19199160000062,"{""adwin_delta"": 0.002, ""buffer_size"": 1000, ""chunk_size"": 2000, ""energy_country_iso"": ""USA"", ""eval_block"": 1000, ""floor_drop"": 0.02, ""holdout_frac"": 0.2, ""init_frac"": 0.1, ""init_holdout_frac"": 0.2, ""k"": 3, ""min_buffer"": 100, ""n_ref"": 200, ""probe_rows"": 1000, ""track_energy"": true}"
covtype,sgd,NeverAdapt,never_adapt,3,90000,8000,balanced_accuracy,404,404,404,0,0,0,93,0,0,212,0,,0,0,0,0,0,0,0,0.0,1.3688374721560401e-05,2000000,0.183,0.24005555555555555,0.3333333333333333,0.35778441702891073,params,385,385,,,params_read,385.0,385.0,1.0,0.2969999986817129,0.8060999971348792,4.284846700000344,"{""adwin_delta"": 0.002, ""buffer_size"": 1000, ""chunk_size"": 2000, ""energy_country_iso"": ""USA"", ""eval_block"": 1000, ""floor_drop"": 0.02, ""holdout_frac"": 0.2, ""init_frac"": 0.1, ""init_holdout_frac"": 0.2, ""k"": 3, ""min_buffer"": 100, ""n_ref"": 200, ""probe_rows"": 1000, ""track_energy"": true}"
covtype,gnb,AlwaysRebuild,always_rebuild,3,90000,8000,balanced_accuracy,238,238,0,0,238,0,23,0,0,124,0,,235,1144,0,69548,0,69548,238,0.46019759999762755,1.2581479166326826e-05,8000,0.857,0.7775555555555556,0.8769216888501838,0.5429672256970727,params,763,763,,,params_read,763.0,763.0,1.0,1.918999998451909,2.5015999999595806,3.989200100000744,"{""adwin_delta"": 0.002, ""buffer_size"": 1000, ""chunk_size"": 2000, ""energy_country_iso"": ""USA"", ""eval_block"": 1000, ""floor_drop"": 0.02, ""holdout_frac"": 0.2, ""init_frac"": 0.1, ""init_holdout_frac"": 0.2, ""k"": 3, ""min_buffer"": 100, ""n_ref"": 200, ""probe_rows"": 1000, ""track_energy"": true}"
covtype,gnb,MechanismSelector,mechanism_selector,3,90000,8000,balanced_accuracy,241,241,65,13,163,122,26,0,0,106,54,13,163,797,0,66495,0,66495,217,0.3732698999956483,1.1046283888882834e-05,8000,0.871,0.7829777777777778,0.5905804065866674,0.5172651993956088,params,763,763,,,params_read,763.0,763.0,1.0,1.5407999999297317,1.5426999998453539,3.822001000000455,"{""adwin_delta"": 0.002, ""buffer_size"": 1000, ""chunk_size"": 2000, ""energy_country_iso"": ""USA"", ""eval_block"": 1000, ""floor_drop"": 0.02, ""holdout_frac"": 0.2, ""init_frac"": 0.1, ""init_holdout_frac"": 0.2, ""k"": 3, ""min_buffer"": 100, ""n_ref"": 200, ""probe_rows"": 1000, ""track_energy"": true}"
covtype,gnb,FixedSchedule(k=3),fixed_schedule,3,90000,8000,balanced_accuracy,236,236,0,158,78,0,17,0,0,118,158,,77,373,0,57927,0,57927,236,0.31191219999891473,1.0188675277111133e-05,8000,0.849,0.7781222222222223,0.8286357627324757,0.5805021465081446,params,763,763,,,params_read,763.0,763.0,1.0,1.7709999992803205,1.6093000012915581,3.710190000001603,"{""adwin_delta"": 0.002, ""buffer_size"": 1000, ""chunk_size"": 2000, ""energy_country_iso"": ""USA"", ""eval_block"": 1000, ""floor_drop"": 0.02, ""holdout_frac"": 0.2, ""init_frac"": 0.1, ""init_holdout_frac"": 0.2, ""k"": 3, ""min_buffer"": 100, ""n_ref"": 200, ""probe_rows"": 1000, ""track_energy"": true}"
covtype,gnb,AlwaysNudge,always_nudge,3,90000,8000,balanced_accuracy,274,274,0,274,0,0,27,0,0,104,274,,0,0,0,61645,0,61645,274,0.2824209000245901,1.169588888922438e-05,8000,0.73,0.7266555555555556,0.32533340655920767,0.6374305774630642,params,763,763,,,params_read,763.0,763.0,1.0,1.6787999993539415,1.535600000352133,4.003812899998593,"{""adwin_delta"": 0.002, ""buffer_size"": 1000, ""chunk_size"": 2000, ""energy_country_iso"": ""USA"", ""eval_block"": 1000, ""floor_drop"": 0.02, ""holdout_frac"": 0.2, ""init_frac"": 0.1, ""init_holdout_frac"": 0.2, ""k"": 3, ""min_buffer"": 100, ""n_ref"": 200, ""probe_rows"": 1000, ""track_energy"": true}"
covtype,gnb,NeverAdapt,never_adapt,3,90000,8000,balanced_accuracy,321,321,321,0,0,0,54,0,0,160,0,,0,0,0,0,0,0,0,0.0,9.306113611445574e-06,8000,0.441,0.45614444444444446,0.5074229461122944,0.6509634266193369,params,763,763,,,params_read,763.0,763.0,1.0,2.72430000040913,1.4428000031330157,3.4786562000008416,"{""adwin_delta"": 0.002, ""buffer_size"": 1000, ""chunk_size"": 2000, ""energy_country_iso"": ""USA"", ""eval_block"": 1000, ""floor_drop"": 0.02, ""holdout_frac"": 0.2, ""init_frac"": 0.1, ""init_holdout_frac"": 0.2, ""k"": 3, ""min_buffer"": 100, ""n_ref"": 200, ""probe_rows"": 1000, ""track_energy"": true}"
elec2,xgb,AlwaysRebuild,always_rebuild,4,40781,3624,accuracy,74,74,0,0,74,0,0,0,0,11,0,,0,0,0,3742400,7400,37424,7400,9.062844300002325,4.930951805555847e-05,362400,0.827,0.7420367327922317,0.8366504493574008,0.7332180228413645,rounds,100,100,4628,2056,node_visits,569.399,445.83,0.782983461509416,3.8987999978417065,2.8111000028729904,11.600468000000546,"{""adwin_delta"": 0.002, ""buffer_size"": 1000, ""chunk_size"": 2000, ""energy_country_iso"": ""USA"", ""eval_block"": 1000, ""floor_drop"": 0.02, ""holdout_frac"": 0.2, ""init_frac"": 0.1, ""init_holdout_frac"": 0.2, ""k"": 3, ""min_buffer"": 100, ""n_ref"": 200, ""probe_rows"": 1000, ""track_energy"": true}"
elec2,xgb,MechanismSelector,mechanism_selector,4,40781,3624,accuracy,71,71,23,5,43,16,1,0,0,10,32,5,0,0,0,2051495,4460,35011,4460,5.929732600012358,3.621235166733478e-05,362400,0.551,0.7126112650499007,0.5787992495309568,0.7065154278400612,rounds,100,100,4628,952,node_visits,569.399,341.522,0.5997938176919875,3.936900000553578,2.7853999999933876,8.703105100001267,"{""adwin_delta"": 0.002, ""buffer_size"": 1000, ""chunk_size"": 2000, ""energy_country_iso"": ""USA"", ""eval_block"": 1000, ""floor_drop"": 0.02, ""holdout_frac"": 0.2, ""init_frac"": 0.1, ""init_holdout_frac"": 0.2, ""k"": 3, ""min_buffer"": 100, ""n_ref"": 200, ""probe_rows"": 1000, ""track_energy"": true}"
elec2,xgb,FixedSchedule(k=3),fixed_schedule,4,40781,3624,accuracy,52,52,0,35,17,0,1,0,0,4,35,,0,0,0,1032595,1875,27843,1875,3.0510053999969386,2.2484545555550236e-05,362400,0.876,0.7359799906819352,0.8745294502854434,0.729698439819628,rounds,100,105,4628,1305,node_visits,569.399,379.623,0.6667082309593098,3.489599999738857,2.9083000008540694,5.7136676000009174,"{""adwin_delta"": 0.002, ""buffer_size"": 1000, ""chunk_size"": 2000, ""energy_country_iso"": ""USA"", ""eval_block"": 1000, ""floor_drop"": 0.02, ""holdout_frac"": 0.2, ""init_frac"": 0.1, ""init_holdout_frac"": 0.2, ""k"": 3, ""min_buffer"": 100, ""n_ref"": 200, ""probe_rows"": 1000, ""track_energy"": true}"
elec2,xgb,AlwaysNudge,always_nudge,4,40781,3624,accuracy,53,53,0,53,0,0,1,0,0,8,53,,0,0,0,124245,265,24849,265,1.931559099983133,2.2206844443770328e-05,362400,0.79,0.7219783722812094,0.7898767029179103,0.717456888356599,rounds,100,365,4628,10307,node_visits,569.399,1636.587,2.8742358170632545,4.967500000930158,9.441199999855598,5.387099599996873,"{""adwin_delta"": 0.002, ""buffer_size"": 1000, ""chunk_size"": 2000, ""energy_country_iso"": ""USA"", ""eval_block"": 1000, ""floor_drop"": 0.02, ""holdout_frac"": 0.2, ""init_frac"": 0.1, ""init_holdout_frac"": 0.2, ""k"": 3, ""min_buffer"": 100, ""n_ref"": 200, ""probe_rows"": 1000, ""track_energy"": true}"
elec2,xgb,NeverAdapt,never_adapt,4,40781,3624,accuracy,79,79,79,0,0,0,1,0,0,18,0,,0,0,0,0,0,0,0,0.0,4.982583888219841e-06,362400,0.712,0.7068978200632647,0.6954935699908803,0.6694052678219897,rounds,100,100,4628,4628,node_visits,569.399,569.399,1.0,3.676700001960853,3.6311999974714126,2.4679508000008354,"{""adwin_delta"": 0.002, ""buffer_size"": 1000, ""chunk_size"": 2000, ""energy_country_iso"": ""USA"", ""eval_block"": 1000, ""floor_drop"": 0.02, ""holdout_frac"": 0.2, ""init_frac"": 0.1, ""init_holdout_frac"": 0.2, ""k"": 3, ""min_buffer"": 100, ""n_ref"": 200, ""probe_rows"": 1000, ""track_energy"": true}"
elec2,rf,AlwaysRebuild,always_rebuild,4,40781,3624,accuracy,60,60,0,0,60,0,1,0,0,7,0,,0,0,0,3399600,6000,33996,6000,11.02180770000632,6.687546249966979e-05,362400,0.877,0.7316152129668227,0.8730811414521656,0.7187143235712259,trees,100,100,67134,10782,node_visits,790.804,656.102,0.8296644933510705,12.24000000001979,13.137199999619043,15.408785499999794,"{""adwin_delta"": 0.002, ""buffer_size"": 1000, ""chunk_size"": 2000, ""energy_country_iso"": ""USA"", ""eval_block"": 1000, ""floor_drop"": 0.02, ""holdout_frac"": 0.2, ""init_frac"": 0.1, ""init_holdout_frac"": 0.2, ""k"": 3, ""min_buffer"": 100, ""n_ref"": 200, ""probe_rows"": 1000, ""track_energy"": true}"
elec2,rf,MechanismSelector,mechanism_selector,4,40781,3624,accuracy,63,63,19,0,44,10,0,0,0,6,34,0,0,0,0,2105795,4570,35079,4570,7.745250799998757,5.135710555556402e-05,362400,0.861,0.7367156273754935,0.8628445508635616,0.7301024558008995,trees,100,100,67134,5282,node_visits,790.804,595.813,0.7534268921249766,15.862700001889607,11.262299998634262,12.472945299999992,"{""adwin_delta"": 0.002, ""buffer_size"": 1000, ""chunk_size"": 2000, ""energy_country_iso"": ""USA"", ""eval_block"": 1000, ""floor_drop"": 0.02, ""holdout_frac"": 0.2, ""init_frac"": 0.1, ""init_holdout_frac"": 0.2, ""k"": 3, ""min_buffer"": 100, ""n_ref"": 200, ""probe_rows"": 1000, ""track_energy"": true}"
elec2,rf,FixedSchedule(k=3),fixed_schedule,4,40781,3624,accuracy,64,64,0,43,21,0,0,0,0,11,43,,0,0,0,1299995,2315,29871,2315,4.207755599993106,3.489973777845003e-05,362400,0.869,0.7411784899830803,0.8698189312645885,0.730268551546449,trees,100,100,67134,15384,node_visits,790.804,739.248,0.9348055902600393,12.609099998371676,14.228299998649163,9.070134499997948,"{""adwin_delta"": 0.002, ""buffer_size"": 1000, ""chunk_size"": 2000, ""energy_country_iso"": ""USA"", ""eval_block"": 1000, ""floor_drop"": 0.02, ""holdout_frac"": 0.2, ""init_frac"": 0.1, ""init_holdout_frac"": 0.2, ""k"": 3, ""min_buffer"": 100, ""n_ref"": 200, ""probe_rows"": 1000, ""track_energy"": true}"
elec2,rf,AlwaysNudge,always_nudge,4,40781,3624,accuracy,71,71,0,71,0,0,0,0,0,14,71,,0,0,0,145070,355,29014,355,0.663515299995197,1.9419789166995015e-05,362400,0.792,0.7455432676981928,0.7856543101751228,0.7316657828467804,trees,100,100,67134,5760,node_visits,790.804,504.3,0.6377054238471227,15.81629999782308,10.586999997030944,5.687295199997607,"{""adwin_delta"": 0.002, ""buffer_size"": 1000, ""chunk_size"": 2000, ""energy_country_iso"": ""USA"", ""eval_block"": 1000, ""floor_drop"": 0.02, ""holdout_frac"": 0.2, ""init_frac"": 0.1, ""init_holdout_frac"": 0.2, ""k"": 3, ""min_buffer"": 100, ""n_ref"": 200, ""probe_rows"": 1000, ""track_energy"": true}"
elec2,rf,NeverAdapt,never_adapt,4,40781,3624,accuracy,81,81,81,0,0,0,2,0,0,19,0,,0,0,0,0,0,0,0,0.0,1.206570805589787e-05,362400,0.72,0.7075598930874673,0.7020702178690376,0.6665542007089621,trees,100,100,67134,67134,node_visits,790.804,790.804,1.0,12.814399997296277,12.136200002714759,4.175696599999355,"{""adwin_delta"": 0.002, ""buffer_size"": 1000, ""chunk_size"": 2000, ""energy_country_iso"": ""USA"", ""eval_block"": 1000, ""floor_drop"": 0.02, ""holdout_frac"": 0.2, ""init_frac"": 0.1, ""init_holdout_frac"": 0.2, ""k"": 3, ""min_buffer"": 100, ""n_ref"": 200, ""probe_rows"": 1000, ""track_energy"": true}"
elec2,sgd,AlwaysRebuild,always_rebuild,4,40781,3624,accuracy,49,49,0,0,49,0,0,0,0,6,0,,0,0,0,1772416,0,27952,2754,0.20599189999484224,1.8635522228805978e-06,217440,0.567,0.6431671611779995,0.561592296041557,0.6376389572183029,params,9,9,,,params_read,9.0,9.0,1.0,0.17020000086631626,0.1784999985829927,1.8808367999990878,"{""adwin_delta"": 0.002, ""buffer_size"": 1000, ""chunk_size"": 2000, ""energy_country_iso"": ""USA"", ""eval_block"": 1000, ""floor_drop"": 0.02, ""holdout_frac"": 0.2, ""init_frac"": 0.1, ""init_holdout_frac"": 0.2, ""k"": 3, ""min_buffer"": 100, ""n_ref"": 200, ""probe_rows"": 1000, ""track_energy"": true}"
elec2,sgd,MechanismSelector,mechanism_selector,4,40781,3624,accuracy,43,43,13,4,26,8,0,0,0,5,22,4,0,0,0,971140,0,28732,1487,0.13692189999710536,1.7878063892232153e-06,217440,0.686,0.6747504965547682,0.6704404385503252,0.6631013647574291,params,9,9,,,params_read,9.0,9.0,1.0,0.21360000027925707,0.16630000027362257,1.8607350999991468,"{""adwin_delta"": 0.002, ""buffer_size"": 1000, ""chunk_size"": 2000, ""energy_country_iso"": ""USA"", ""eval_block"": 1000, ""floor_drop"": 0.02, ""holdout_frac"": 0.2, ""init_frac"": 0.1, ""init_holdout_frac"": 0.2, ""k"": 3, ""min_buffer"": 100, ""n_ref"": 200, ""probe_rows"": 1000, ""track_energy"": true}"
elec2,sgd,FixedSchedule(k=3),fixed_schedule,4,40781,3624,accuracy,61,61,0,41,20,0,1,0,0,9,41,,0,0,0,796824,0,29312,1127,0.1316647999738052,1.6040277771127126e-06,217440,0.496,0.6343885633015375,0.5154051046357935,0.6205624049549723,params,9,9,,,params_read,9.0,9.0,1.0,0.18839999756892212,0.167199999850709,1.8478313000014168,"{""adwin_delta"": 0.002, ""buffer_size"": 1000, ""chunk_size"": 2000, ""energy_country_iso"": ""USA"", ""eval_block"": 1000, ""floor_drop"": 0.02, ""holdout_frac"": 0.2, ""init_frac"": 0.1, ""init_holdout_frac"": 0.2, ""k"": 3, ""min_buffer"": 100, ""n_ref"": 200, ""probe_rows"": 1000, ""track_energy"": true}"
elec2,sgd,AlwaysNudge,always_nudge,4,40781,3624,accuracy,73,73,0,73,0,0,3,0,0,16,73,,0,0,0,27535,0,27535,73,0.08319520000441116,1.978698054879584e-06,217440,0.804,0.7034648488266595,0.7989000084367505,0.6932923008037504,params,9,9,,,params_read,9.0,9.0,1.0,0.19940000129281543,0.1640999980736524,1.8657979999989038,"{""adwin_delta"": 0.002, ""buffer_size"": 1000, ""chunk_size"": 2000, ""energy_country_iso"": ""USA"", ""eval_block"": 1000, ""floor_drop"": 0.02, ""holdout_frac"": 0.2, ""init_frac"": 0.1, ""init_holdout_frac"": 0.2, ""k"": 3, ""min_buffer"": 100, ""n_ref"": 200, ""probe_rows"": 1000, ""track_energy"": true}"
elec2,sgd,NeverAdapt,never_adapt,4,40781,3624,accuracy,87,87,87,0,0,0,0,0,0,22,0,,0,0,0,0,0,0,0,0.0,8.886755555636263e-07,217440,0.629,0.6646967950761384,0.6027837259100642,0.6103689267596786,params,9,9,,,params_read,9.0,9.0,1.0,0.20030000086990185,0.17940000179805793,1.66207139999824,"{""adwin_delta"": 0.002, ""buffer_size"": 1000, ""chunk_size"": 2000, ""energy_country_iso"": ""USA"", ""eval_block"": 1000, ""floor_drop"": 0.02, ""holdout_frac"": 0.2, ""init_frac"": 0.1, ""init_holdout_frac"": 0.2, ""k"": 3, ""min_buffer"": 100, ""n_ref"": 200, ""probe_rows"": 1000, ""track_energy"": true}"
elec2,gnb,AlwaysRebuild,always_rebuild,4,40781,3624,accuracy,77,77,0,0,77,0,1,0,0,7,0,,0,0,0,36948,0,36948,77,0.07416549999106792,1.5961149996722866e-06,3624,0.741,0.6810524508962507,0.7433801639943594,0.6678119859634271,params,34,34,,,params_read,34.0,34.0,1.0,0.3318999988550786,0.31319999834522605,1.8416973000021244,"{""adwin_delta"": 0.002, ""buffer_size"": 1000, ""chunk_size"": 2000, ""energy_country_iso"": ""USA"", ""eval_block"": 1000, ""floor_drop"": 0.02, ""holdout_frac"": 0.2, ""init_frac"": 0.1, ""init_holdout_frac"": 0.2, ""k"": 3, ""min_buffer"": 100, ""n_ref"": 200, ""probe_rows"": 1000, ""track_energy"": true}"
elec2,gnb,MechanismSelector,mechanism_selector,4,40781,3624,accuracy,66,66,13,13,40,14,0,0,0,10,39,13,0,0,0,36049,0,36049,79,0.07700040000054287,1.8584811104342354e-06,3624,0.683,0.672690713812805,0.6875128057819864,0.6495440700401959,params,34,34,,,params_read,34.0,34.0,1.0,0.29429999995045364,0.3327000013086945,1.821863499997562,"{""adwin_delta"": 0.002, ""buffer_size"": 1000, ""chunk_size"": 2000, ""energy_country_iso"": ""USA"", ""eval_block"": 1000, ""floor_drop"": 0.02, ""holdout_frac"": 0.2, ""init_frac"": 0.1, ""init_holdout_frac"": 0.2, ""k"": 3, ""min_buffer"": 100, ""n_ref"": 200, ""probe_rows"": 1000, ""track_energy"": true}"
elec2,gnb,FixedSchedule(k=3),fixed_schedule,4,40781,3624,accuracy,81,81,0,54,27,0,1,0,0,15,54,,0,0,0,33970,0,33970,81,0.07443300000886666,1.7269288892178514e-06,3624,0.638,0.6892915818641033,0.6460943871504272,0.6751341647430442,params,34,34,,,params_read,34.0,34.0,1.0,0.2953000002889894,0.3448000024945941,1.839503800001694,"{""adwin_delta"": 0.002, ""buffer_size"": 1000, ""chunk_size"": 2000, ""energy_country_iso"": ""USA"", ""eval_block"": 1000, ""floor_drop"": 0.02, ""holdout_frac"": 0.2, ""init_frac"": 0.1, ""init_holdout_frac"": 0.2, ""k"": 3, ""min_buffer"": 100, ""n_ref"": 200, ""probe_rows"": 1000, ""track_energy"": true}"
elec2,gnb,AlwaysNudge,always_nudge,4,40781,3624,accuracy,73,73,0,73,0,0,0,0,0,11,73,,0,0,0,31274,0,31274,73,0.06067810003514751,1.414091665992838e-06,3624,0.763,0.7051077707756063,0.7518209319797036,0.6799821366687192,params,34,34,,,params_read,34.0,34.0,1.0,0.3203000014764257,0.3371999991941266,1.7912433999990753,"{""adwin_delta"": 0.002, ""buffer_size"": 1000, ""chunk_size"": 2000, ""energy_country_iso"": ""USA"", ""eval_block"": 1000, ""floor_drop"": 0.02, ""holdout_frac"": 0.2, ""init_frac"": 0.1, ""init_holdout_frac"": 0.2, ""k"": 3, ""min_buffer"": 100, ""n_ref"": 200, ""probe_rows"": 1000, ""track_energy"": true}"
elec2,gnb,NeverAdapt,never_adapt,4,40781,3624,accuracy,64,64,64,0,0,0,1,0,0,11,0,,0,0,0,0,0,0,0,0.0,8.389147225526847e-07,3624,0.467,0.4804933670091464,0.5,0.5380421220500731,params,34,34,,,params_read,34.0,34.0,1.0,0.2967000000353437,0.3015000002051238,1.6467725999973482,"{""adwin_delta"": 0.002, ""buffer_size"": 1000, ""chunk_size"": 2000, ""energy_country_iso"": ""USA"", ""eval_block"": 1000, ""floor_drop"": 0.02, ""holdout_frac"": 0.2, ""init_frac"": 0.1, ""init_holdout_frac"": 0.2, ""k"": 3, ""min_buffer"": 100, ""n_ref"": 200, ""probe_rows"": 1000, ""track_energy"": true}"
insects_abrupt,xgb,AlwaysRebuild,always_rebuild,4,47564,4227,balanced_accuracy,9,9,0,0,9,0,0,0,0,0,0,,0,0,0,900000,900,9000,900,9.17688619999899,6.300931000000275e-05,422700,0.39,0.5604448742746615,0.4344803614876607,0.5608586746253009,rounds,100,100,29416,11532,node_visits,3673.036,2357.422,0.6418183758612767,17.240299999684794,13.170400001399685,14.613102999999683,"{""adwin_delta"": 0.002, ""buffer_size"": 1000, ""chunk_size"": 2000, ""energy_country_iso"": ""USA"", ""eval_block"": 1000, ""floor_drop"": 0.02, ""holdout_frac"": 0.2, ""init_frac"": 0.1, ""init_holdout_frac"": 0.2, ""k"": 3, ""min_buffer"": 100, ""n_ref"": 200, ""probe_rows"": 1000, ""track_energy"": true}"
insects_abrupt,xgb,MechanismSelector,mechanism_selector,4,47564,4227,balanced_accuracy,11,11,5,1,5,0,0,0,0,0,6,1,4,15,0,476575,530,8979,530,4.630118899996887,4.219972638855882e-05,422700,0.45,0.45650071482633925,0.35811283454987836,0.4539220111710304,rounds,100,105,29416,3502,node_visits,3673.036,1294.357,0.35239431358690737,17.84330000009504,9.712200000649318,10.347861100002774,"{""adwin_delta"": 0.002, ""buffer_size"": 1000, ""chunk_size"": 2000, ""energy_country_iso"": ""USA"", ""eval_block"": 1000, ""floor_drop"": 0.02, ""holdout_frac"": 0.2, ""init_frac"": 0.1, ""init_holdout_frac"": 0.2, ""k"": 3, ""min_buffer"": 100, ""n_ref"": 200, ""probe_rows"": 1000, ""track_energy"": true}"
insects_abrupt,xgb,FixedSchedule(k=3),fixed_schedule,4,47564,4227,balanced_accuracy,11,11,0,8,3,0,0,0,0,0,8,,3,10,0,325405,340,8841,340,5.261437899996963,4.757371777711518e-05,422700,0.489,0.4942603649819191,0.5841599322210635,0.49527412446460356,rounds,100,110,29416,15468,node_visits,3673.036,2874.613,0.7826258713500222,18.493600000510924,17.599999999220017,11.218976000000112,"{""adwin_delta"": 0.002, ""buffer_size"": 1000, ""chunk_size"": 2000, ""energy_country_iso"": ""USA"", ""eval_block"": 1000, ""floor_drop"": 0.02, ""holdout_frac"": 0.2, ""init_frac"": 0.1, ""init_holdout_frac"": 0.2, ""k"": 3, ""min_buffer"": 100, ""n_ref"": 200, ""probe_rows"": 1000, ""track_energy"": true}"
insects_abrupt,xgb,AlwaysNudge,always_nudge,4,47564,4227,balanced_accuracy,10,10,0,10,0,0,0,0,0,0,10,,2,3,0,40000,50,8000,50,2.1374640999929397,3.5912034445113e-05,422700,0.226,0.501219409637541,0.5375825512686826,0.5031137949391248,rounds,100,150,29416,40844,node_visits,3673.036,5286.679,1.4393213134856289,18.976300001668278,18.321399998967536,8.661242199999833,"{""adwin_delta"": 0.002, ""buffer_size"": 1000, ""chunk_size"": 2000, ""energy_country_iso"": ""USA"", ""eval_block"": 1000, ""floor_drop"": 0.02, ""holdout_frac"": 0.2, ""init_frac"": 0.1, ""init_holdout_frac"": 0.2, ""k"": 3, ""min_buffer"": 100, ""n_ref"": 200, ""probe_rows"": 1000, ""track_energy"": true}"
insects_abrupt,xgb,NeverAdapt,never_adapt,4,47564,4227,balanced_accuracy,9,9,9,0,0,0,0,0,0,0,0,,0,0,0,0,0,0,0,0.0,2.132082583300012e-05,422700,0.276,0.5618324783449667,0.6358500608272507,0.5689607474919983,rounds,100,100,29416,29416,node_visits,3673.036,3673.036,1.0,19.02179999888176,17.01369999864255,5.77719309999884,"{""adwin_delta"": 0.002, ""buffer_size"": 1000, ""chunk_size"": 2000, ""energy_country_iso"": ""USA"", ""eval_block"": 1000, ""floor_drop"": 0.02, ""holdout_frac"": 0.2, ""init_frac"": 0.1, ""init_holdout_frac"": 0.2, ""k"": 3, ""min_buffer"": 100, ""n_ref"": 200, ""probe_rows"": 1000, ""track_energy"": true}"
insects_abrupt,rf,AlwaysRebuild,always_rebuild,4,47564,4227,balanced_accuracy,10,10,0,0,10,0,0,0,0,0,0,,2,3,0,983200,1000,9832,1000,4.108259100004943,3.318725805590048e-05,422700,0.274,0.5670675300647549,0.5673466284323949,0.5683027564175814,trees,100,100,123686,21966,node_visits,1301.64,1003.827,0.7712017147598413,22.042100001272047,19.175999997969484,8.697890900002676,"{""adwin_delta"": 0.002, ""buffer_size"": 1000, ""chunk_size"": 2000, ""energy_country_iso"": ""USA"", ""eval_block"": 1000, ""floor_drop"": 0.02, ""holdout_frac"": 0.2, ""init_frac"": 0.1, ""init_holdout_frac"": 0.2, ""k"": 3, ""min_buffer"": 100, ""n_ref"": 200, ""probe_rows"": 1000, ""track_energy"": true}"
insects_abrupt,rf,MechanismSelector,mechanism_selector,4,47564,4227,balanced_accuracy,9,9,5,1,3,1,0,0,0,1,3,1,2,5,0,228000,315,4560,315,1.1430239000037545,2.0814767221883773e-05,422700,0.691,0.5086830375914557,0.31594108446298225,0.5115307678659328,trees,100,100,123686,33830,node_visits,1301.64,971.494,0.7463615131680034,21.855700000742218,17.53110000208835,5.9187728999968385,"{""adwin_delta"": 0.002, ""buffer_size"": 1000, ""chunk_size"": 2000, ""energy_country_iso"": ""USA"", ""eval_block"": 1000, ""floor_drop"": 0.02, ""holdout_frac"": 0.2, ""init_frac"": 0.1, ""init_holdout_frac"": 0.2, ""k"": 3, ""min_buffer"": 100, ""n_ref"": 200, ""probe_rows"": 1000, ""track_energy"": true}"
insects_abrupt,rf,FixedSchedule(k=3),fixed_schedule,4,47564,4227,balanced_accuracy,10,10,0,7,3,0,0,0,0,1,7,,3,8,0,240640,335,7696,335,1.0607611000014003,1.959077388889031e-05,422700,0.343,0.41119333950046255,0.4929657629475148,0.4101454254724964,trees,100,100,123686,32194,node_visits,1301.64,1021.142,0.7845041639777511,22.518800000398187,19.119499997032108,5.703687900000659,"{""adwin_delta"": 0.002, ""buffer_size"": 1000, ""chunk_size"": 2000, ""energy_country_iso"": ""USA"", ""eval_block"": 1000, ""floor_drop"": 0.02, ""holdout_frac"": 0.2, ""init_frac"": 0.1, ""init_holdout_frac"": 0.2, ""k"": 3, ""min_buffer"": 100, ""n_ref"": 200, ""probe_rows"": 1000, ""track_energy"": true}"
insects_abrupt,rf,AlwaysNudge,always_nudge,4,47564,4227,balanced_accuracy,8,8,0,8,0,0,0,0,0,0,8,,4,13,0,30045,40,6009,40,0.13445210000645602,1.5620897778115955e-05,422700,0.231,0.5560087461105038,0.6325675616962113,0.5637825598719374,trees,100,100,123686,81714,node_visits,1301.64,1062.945,0.8166198027104268,20.580500000505708,19.9678999997559,4.878472699998383,"{""adwin_delta"": 0.002, ""buffer_size"": 1000, ""chunk_size"": 2000, ""energy_country_iso"": ""USA"", ""eval_block"": 1000, ""floor_drop"": 0.02, ""holdout_frac"": 0.2, ""init_frac"": 0.1, ""init_holdout_frac"": 0.2, ""k"": 3, ""min_buffer"": 100, ""n_ref"": 200, ""probe_rows"": 1000, ""track_energy"": true}"
insects_abrupt,rf,NeverAdapt,never_adapt,4,47564,4227,balanced_accuracy,8,8,8,0,0,0,0,0,0,0,0,,0,0,0,0,0,0,0,0.0,1.4750365278449796e-05,422700,0.219,0.557438398789,0.6627943604449079,0.5653989674181079,trees,100,100,123686,123686,node_visits,1301.64,1301.64,1.0,23.91659999921103,23.162299999967217,4.718136499999673,"{""adwin_delta"": 0.002, ""buffer_size"": 1000, ""chunk_size"": 2000, ""energy_country_iso"": ""USA"", ""eval_block"": 1000, ""floor_drop"": 0.02, ""holdout_frac"": 0.2, ""init_frac"": 0.1, ""init_holdout_frac"": 0.2, ""k"": 3, ""min_buffer"": 100, ""n_ref"": 200, ""probe_rows"": 1000, ""track_energy"": true}"
insects_abrupt,sgd,AlwaysRebuild,always_rebuild,4,47564,4227,balanced_accuracy,9,9,0,0,9,0,0,0,0,0,0,,3,4,0,3573320,0,8576,3603,0.7211244999998598,5.8798661114430726e-06,811584,0.075,0.18556050794718695,0.20291970802919707,0.18289215554916652,params,204,204,,,params_read,204.0,204.0,1.0,0.24589999884483404,0.24669999766047113,2.7265703000011854,"{""adwin_delta"": 0.002, ""buffer_size"": 1000, ""chunk_size"": 2000, ""energy_country_iso"": ""USA"", ""eval_block"": 1000, ""floor_drop"": 0.02, ""holdout_frac"": 0.2, ""init_frac"": 0.1, ""init_holdout_frac"": 0.2, ""k"": 3, ""min_buffer"": 100, ""n_ref"": 200, ""probe_rows"": 1000, ""track_energy"": true}"
insects_abrupt,sgd,MechanismSelector,mechanism_selector,4,47564,4227,balanced_accuracy,7,7,4,3,0,0,0,0,0,0,3,3,0,0,0,2400,0,2400,3,0.011253500000748318,2.2879322225589447e-06,811584,0.092,0.22308889075771593,0.3848800834202294,0.22530832675103662,params,204,204,,,params_read,204.0,204.0,1.0,0.2793000021483749,0.29010000071139075,1.981896899997082,"{""adwin_delta"": 0.002, ""buffer_size"": 1000, ""chunk_size"": 2000, ""energy_country_iso"": ""USA"", ""eval_block"": 1000, ""floor_drop"": 0.02, ""holdout_frac"": 0.2, ""init_frac"": 0.1, ""init_holdout_frac"": 0.2, ""k"": 3, ""min_buffer"": 100, ""n_ref"": 200, ""probe_rows"": 1000, ""track_energy"": true}"
insects_abrupt,sgd,FixedSchedule(k=3),fixed_schedule,4,47564,4227,balanced_accuracy,10,10,0,7,3,0,0,0,0,0,7,,0,0,0,359600,0,8600,361,0.17171600000438048,3.1539699999919894e-06,811584,0.033,0.1562316037339164,0.14735401459854017,0.15474321960343665,params,204,204,,,params_read,204.0,204.0,1.0,0.25570000070729293,0.24469999698339961,2.1474763000005623,"{""adwin_delta"": 0.002, ""buffer_size"": 1000, ""chunk_size"": 2000, ""energy_country_iso"": ""USA"", ""eval_block"": 1000, ""floor_drop"": 0.02, ""holdout_frac"": 0.2, ""init_frac"": 0.1, ""init_holdout_frac"": 0.2, ""k"": 3, ""min_buffer"": 100, ""n_ref"": 200, ""probe_rows"": 1000, ""track_energy"": true}"
insects_abrupt,sgd,AlwaysNudge,always_nudge,4,47564,4227,balanced_accuracy,10,10,0,10,0,0,0,0,0,0,10,,0,0,0,7609,0,7609,10,0.042438900003617164,2.4976591670065938e-06,811584,0.063,0.17660415440248928,0.13195711678832117,0.17388186533271158,params,204,204,,,params_read,204.0,204.0,1.0,0.258100000792183,0.2506000018911436,2.0454301000027044,"{""adwin_delta"": 0.002, ""buffer_size"": 1000, ""chunk_size"": 2000, ""energy_country_iso"": ""USA"", ""eval_block"": 1000, ""floor_drop"": 0.02, ""holdout_frac"": 0.2, ""init_frac"": 0.1, ""init_holdout_frac"": 0.2, ""k"": 3, ""min_buffer"": 100, ""n_ref"": 200, ""probe_rows"": 1000, ""track_energy"": true}"
insects_abrupt,sgd,NeverAdapt,never_adapt,4,47564,4227,balanced_accuracy,11,11,11,0,0,0,0,0,0,0,0,,0,0,0,0,0,0,0,0.0,2.2999202777799835e-06,811584,0.072,0.19823816331679422,0.2986607142857143,0.20201687915438735,params,204,204,,,params_read,204.0,204.0,1.0,0.2426999999443069,0.334700001985766,1.9941738000015903,"{""adwin_delta"": 0.002, ""buffer_size"": 1000, ""chunk_size"": 2000, ""energy_country_iso"": ""USA"", ""eval_block"": 1000, ""floor_drop"": 0.02, ""holdout_frac"": 0.2, ""init_frac"": 0.1, ""init_holdout_frac"": 0.2, ""k"": 3, ""min_buffer"": 100, ""n_ref"": 200, ""probe_rows"": 1000, ""track_energy"": true}"
insects_abrupt,gnb,AlwaysRebuild,always_rebuild,4,47564,4227,balanced_accuracy,10,10,0,0,10,0,0,0,0,0,0,,3,4,0,9384,0,9384,10,0.022030700001778314,1.2372500000097156e-06,4227,0.299,0.5725548734336894,0.7058361574556831,0.5733682680547112,params,402,402,,,params_read,402.0,402.0,1.0,1.2553000015032012,0.9027000014611986,1.7347655999983544,"{""adwin_delta"": 0.002, ""buffer_size"": 1000, ""chunk_size"": 2000, ""energy_country_iso"": ""USA"", ""eval_block"": 1000, ""floor_drop"": 0.02, ""holdout_frac"": 0.2, ""init_frac"": 0.1, ""init_holdout_frac"": 0.2, ""k"": 3, ""min_buffer"": 100, ""n_ref"": 200, ""probe_rows"": 1000, ""track_energy"": true}"
insects_abrupt,gnb,MechanismSelector,mechanism_selector,4,47564,4227,balanced_accuracy,11,11,8,1,2,1,0,0,0,1,2,1,1,1,0,2728,0,2728,4,0.00561559999914607,8.782366663279491e-07,4227,0.233,0.4051803885291397,0.49015250260688215,0.4023382415452221,params,402,402,,,params_read,402.0,402.0,1.0,0.9247000016330276,1.005900001473492,1.6529236000023957,"{""adwin_delta"": 0.002, ""buffer_size"": 1000, ""chunk_size"": 2000, ""energy_country_iso"": ""USA"", ""eval_block"": 1000, ""floor_drop"": 0.02, ""holdout_frac"": 0.2, ""init_frac"": 0.1, ""init_holdout_frac"": 0.2, ""k"": 3, ""min_buffer"": 100, ""n_ref"": 200, ""probe_rows"": 1000, ""track_energy"": true}"
insects_abrupt,gnb,FixedSchedule(k=3),fixed_schedule,4,47564,4227,balanced_accuracy,11,11,0,8,3,0,0,0,0,0,8,,0,0,0,9086,0,9086,11,0.0158839000032458,1.047449166664569e-06,4227,0.21,0.41750063072912286,0.6685132082029892,0.4161156070580471,params,402,402,,,params_read,402.0,402.0,1.0,1.0103000022354536,1.4235999988159165,1.6959005999997316,"{""adwin_delta"": 0.002, ""buffer_size"": 1000, ""chunk_size"": 2000, ""energy_country_iso"": ""USA"", ""eval_block"": 1000, ""floor_drop"": 0.02, ""holdout_frac"": 0.2, ""init_frac"": 0.1, ""init_holdout_frac"": 0.2, ""k"": 3, ""min_buffer"": 100, ""n_ref"": 200, ""probe_rows"": 1000, ""track_energy"": true}"
insects_abrupt,gnb,AlwaysNudge,always_nudge,4,47564,4227,balanced_accuracy,7,7,0,7,0,0,0,0,0,0,7,,0,0,0,5600,0,5600,7,0.012721900005999487,1.1808247225543982e-06,4227,0.661,0.4888571188293667,0.6478775634341327,0.48718297247645137,params,402,402,,,params_read,402.0,402.0,1.0,1.3177000000723638,0.9231999974872451,1.683601799999451,"{""adwin_delta"": 0.002, ""buffer_size"": 1000, ""chunk_size"": 2000, ""energy_country_iso"": ""USA"", ""eval_block"": 1000, ""floor_drop"": 0.02, ""holdout_frac"": 0.2, ""init_frac"": 0.1, ""init_holdout_frac"": 0.2, ""k"": 3, ""min_buffer"": 100, ""n_ref"": 200, ""probe_rows"": 1000, ""track_energy"": true}"
insects_abrupt,gnb,NeverAdapt,never_adapt,4,47564,4227,balanced_accuracy,8,8,8,0,0,0,0,0,0,0,0,,0,0,0,0,0,0,0,0.0,7.939833333320489e-07,4227,0.701,0.4918425700109326,0.6579531630170317,0.49116669023416265,params,402,402,,,params_read,402.0,402.0,1.0,1.2564000026031863,1.581099997565616,1.6441242000000784,"{""adwin_delta"": 0.002, ""buffer_size"": 1000, ""chunk_size"": 2000, ""energy_country_iso"": ""USA"", ""eval_block"": 1000, ""floor_drop"": 0.02, ""holdout_frac"": 0.2, ""init_frac"": 0.1, ""init_holdout_frac"": 0.2, ""k"": 3, ""min_buffer"": 100, ""n_ref"": 200, ""probe_rows"": 1000, ""track_energy"": true}"
insects_gradual,xgb,AlwaysRebuild,always_rebuild,4,21735,1932,balanced_accuracy,7,7,0,0,7,0,0,0,0,1,0,,5,11,1,588800,700,5888,700,4.869576199998846,3.152967388922177e-05,193200,0.608,0.5131354957441914,0.5353198653198653,0.5092618247809012,rounds,100,100,8232,6928,node_visits,1833.129,1732.201,0.9449422271973222,12.161599999672035,10.51980000192998,7.980157599999075,"{""adwin_delta"": 0.002, ""buffer_size"": 1000, ""chunk_size"": 2000, ""energy_country_iso"": ""USA"", ""eval_block"": 1000, ""floor_drop"": 0.02, ""holdout_frac"": 0.2, ""init_frac"": 0.1, ""init_holdout_frac"": 0.2, ""k"": 3, ""min_buffer"": 100, ""n_ref"": 200, ""probe_rows"": 1000, ""track_energy"": true}"
insects_gradual,xgb,MechanismSelector,mechanism_selector,4,21735,1932,balanced_accuracy,5,5,0,1,4,0,0,0,0,0,5,1,3,13,1,405855,425,7755,425,4.474304400002438,3.541271027777726e-05,193200,0.521,0.3899240855762595,0.2540978411566647,0.3967950636678477,rounds,100,100,8232,13408,node_visits,1833.129,2566.164,1.399881841376139,12.12630000009085,13.777699998172466,7.772028200000932,"{""adwin_delta"": 0.002, ""buffer_size"": 1000, ""chunk_size"": 2000, ""energy_country_iso"": ""USA"", ""eval_block"": 1000, ""floor_drop"": 0.02, ""holdout_frac"": 0.2, ""init_frac"": 0.1, ""init_holdout_frac"": 0.2, ""k"": 3, ""min_buffer"": 100, ""n_ref"": 200, ""probe_rows"": 1000, ""track_energy"": true}"
insects_gradual,xgb,FixedSchedule(k=3),fixed_schedule,4,21735,1932,balanced_accuracy,7,7,0,5,2,0,0,0,0,0,5,,5,13,1,216350,225,5270,225,2.428816999996343,2.348372944410412e-05,193200,0.393,0.4339084426040948,0.4698039215686274,0.43522763811490917,rounds,100,105,8232,15346,node_visits,1833.129,2889.309,1.5761623977363297,12.06389999788371,15.390700002171798,5.848840800001199,"{""adwin_delta"": 0.002, ""buffer_size"": 1000, ""chunk_size"": 2000, ""energy_country_iso"": ""USA"", ""eval_block"": 1000, ""floor_drop"": 0.02, ""holdout_frac"": 0.2, ""init_frac"": 0.1, ""init_holdout_frac"": 0.2, ""k"": 3, ""min_buffer"": 100, ""n_ref"": 200, ""probe_rows"": 1000, ""track_energy"": true}"
insects_gradual,xgb,AlwaysNudge,always_nudge,4,21735,1932,balanced_accuracy,6,6,0,6,0,0,1,0,0,1,6,,4,12,1,19855,30,3971,30,0.678810200002772,1.4951568610775726e-05,193200,0.0,0.28428801472279736,0.0,0.295254943738491,rounds,100,130,8232,9994,node_visits,1833.129,2230.317,1.2166721490958903,11.790799999289447,14.52659999995376,4.139136300000246,"{""adwin_delta"": 0.002, ""buffer_size"": 1000, ""chunk_size"": 2000, ""energy_country_iso"": ""USA"", ""eval_block"": 1000, ""floor_drop"": 0.02, ""holdout_frac"": 0.2, ""init_frac"": 0.1, ""init_holdout_frac"": 0.2, ""k"": 3, ""min_buffer"": 100, ""n_ref"": 200, ""probe_rows"": 1000, ""track_energy"": true}"
insects_gradual,xgb,NeverAdapt,never_adapt,4,21735,1932,balanced_accuracy,7,7,7,0,0,0,1,0,0,1,0,,0,0,1,0,0,0,0,0.0,8.266698333339928e-06,193200,0.034,0.2782608695652174,0.2335115864527629,0.3060491100450692,rounds,100,100,8232,8232,node_visits,1833.129,1833.129,1.0,11.568300000362797,11.592099999688799,3.0704771999990044,"{""adwin_delta"": 0.002, ""buffer_size"": 1000, ""chunk_size"": 2000, ""energy_country_iso"": ""USA"", ""eval_block"": 1000, ""floor_drop"": 0.02, ""holdout_frac"": 0.2, ""init_frac"": 0.1, ""init_holdout_frac"": 0.2, ""k"": 3, ""min_buffer"": 100, ""n_ref"": 200, ""probe_rows"": 1000, ""track_energy"": true}"
insects_gradual,rf,AlwaysRebuild,always_rebuild,4,21735,1932,balanced_accuracy,7,7,0,0,7,0,0,0,0,1,0,,5,11,1,550400,700,5504,700,2.4610040999978082,1.857248194477464e-05,193200,0.726,0.49086726478030823,0.6212913448207565,0.487263424050058,trees,100,100,26628,12324,node_visits,866.509,898.846,1.0373187122118754,15.899699999863515,15.497500000492437,5.436155899998994,"{""adwin_delta"": 0.002, ""buffer_size"": 1000, ""chunk_size"": 2000, ""energy_country_iso"": ""USA"", ""eval_block"": 1000, ""floor_drop"": 0.02, ""holdout_frac"": 0.2, ""init_frac"": 0.1, ""init_holdout_frac"": 0.2, ""k"": 3, ""min_buffer"": 100, ""n_ref"": 200, ""probe_rows"": 1000, ""track_energy"": true}"
insects_gradual,rf,MechanismSelector,mechanism_selector,4,21735,1932,balanced_accuracy,7,7,3,0,4,1,0,0,0,1,3,0,4,21,1,260605,415,4393,415,1.2168956000059552,1.2237458610768603e-05,193200,0.545,0.39889579020013805,0.2395860566448802,0.4027005777496142,trees,100,100,26628,8776,node_visits,866.509,777.299,0.8970466550260874,15.213300001050811,14.652500001830049,4.128747300001123,"{""adwin_delta"": 0.002, ""buffer_size"": 1000, ""chunk_size"": 2000, ""energy_country_iso"": ""USA"", ""eval_block"": 1000, ""floor_drop"": 0.02, ""holdout_frac"": 0.2, ""init_frac"": 0.1, ""init_holdout_frac"": 0.2, ""k"": 3, ""min_buffer"": 100, ""n_ref"": 200, ""probe_rows"": 1000, ""track_energy"": true}"
insects_gradual,rf,FixedSchedule(k=3),fixed_schedule,4,21735,1932,balanced_accuracy,6,6,0,4,2,0,0,0,0,1,4,,4,10,1,212220,220,4444,220,0.8936228000020492,1.0558258888551997e-05,193200,0.531,0.2791810443984357,0.20134680134680136,0.29163602831217766,trees,100,100,26628,37630,node_visits,866.509,1049.187,1.2108206608356058,16.010600000299746,18.383999999059597,3.8531671000018832,"{""adwin_delta"": 0.002, ""buffer_size"": 1000, ""chunk_size"": 2000, ""energy_country_iso"": ""USA"", ""eval_block"": 1000, ""floor_drop"": 0.02, ""holdout_frac"": 0.2, ""init_frac"": 0.1, ""init_holdout_frac"": 0.2, ""k"": 3, ""min_buffer"": 100, ""n_ref"": 200, ""probe_rows"": 1000, ""track_energy"": true}"
insects_gradual,rf,AlwaysNudge,always_nudge,4,21735,1932,balanced_accuracy,7,7,0,7,0,0,1,0,0,1,7,,5,15,1,21390,35,4278,35,0.09807150000051479,7.480366666667912e-06,193200,0.03,0.2505175983436853,0.20855614973262035,0.2798588174272132,trees,100,100,26628,21122,node_visits,866.509,783.1,0.9037413344812345,15.649699998903088,14.716000001499197,3.1136175000028743,"{""adwin_delta"": 0.002, ""buffer_size"": 1000, ""chunk_size"": 2000, ""energy_country_iso"": ""USA"", ""eval_block"": 1000, ""floor_drop"": 0.02, ""holdout_frac"": 0.2, ""init_frac"": 0.1, ""init_holdout_frac"": 0.2, ""k"": 3, ""min_buffer"": 100, ""n_ref"": 200, ""probe_rows"": 1000, ""track_energy"": true}"
insects_gradual,rf,NeverAdapt,never_adapt,4,21735,1932,balanced_accuracy,7,7,7,0,0,0,1,0,0,1,0,,0,0,1,0,0,0,0,0.0,6.580660277782439e-06,193200,0.033,0.25129974695192087,0.21895424836601307,0.28095676050284135,trees,100,100,26628,26628,node_visits,866.509,866.509,1.0,19.741199997952208,15.531999997620005,2.8844557000011264,"{""adwin_delta"": 0.002, ""buffer_size"": 1000, ""chunk_size"": 2000, ""energy_country_iso"": ""USA"", ""eval_block"": 1000, ""floor_drop"": 0.02, ""holdout_frac"": 0.2, ""init_frac"": 0.1, ""init_holdout_frac"": 0.2, ""k"": 3, ""min_buffer"": 100, ""n_ref"": 200, ""probe_rows"": 1000, ""track_energy"": true}"
insects_gradual,sgd,AlwaysRebuild,always_rebuild,4,21735,1932,balanced_accuracy,6,6,0,0,6,0,0,0,0,0,0,,4,9,1,3963000,0,5736,4227,0.8992816000027233,5.287056388889326e-06,1932000,0.584,0.1781458477110651,0.38478114478114483,0.16847342276330277,params,204,204,,,params_read,204.0,204.0,1.0,0.29320000248844735,0.2567000010458287,2.6723005999992893,"{""adwin_delta"": 0.002, ""buffer_size"": 1000, ""chunk_size"": 2000, ""energy_country_iso"": ""USA"", ""eval_block"": 1000, ""floor_drop"": 0.02, ""holdout_frac"": 0.2, ""init_frac"": 0.1, ""init_holdout_frac"": 0.2, ""k"": 3, ""min_buffer"": 100, ""n_ref"": 200, ""probe_rows"": 1000, ""track_energy"": true}"
insects_gradual,sgd,MechanismSelector,mechanism_selector,4,21735,1932,balanced_accuracy,6,6,4,0,2,1,0,0,0,1,1,0,1,1,1,222800,0,1928,1095,0.07708219999767607,2.01054277844709e-06,1932000,0.063,0.1353117092247527,0.332808476926124,0.15586596318208654,params,204,204,,,params_read,204.0,204.0,1.0,0.505299998621922,0.5778000013378914,1.8736014000023715,"{""adwin_delta"": 0.002, ""buffer_size"": 1000, ""chunk_size"": 2000, ""energy_country_iso"": ""USA"", ""eval_block"": 1000, ""floor_drop"": 0.02, ""holdout_frac"": 0.2, ""init_frac"": 0.1, ""init_holdout_frac"": 0.2, ""k"": 3, ""min_buffer"": 100, ""n_ref"": 200, ""probe_rows"": 1000, ""track_energy"": true}"
insects_gradual,sgd,FixedSchedule(k=3),fixed_schedule,4,21735,1932,balanced_accuracy,7,7,0,5,2,0,0,0,0,1,5,,1,3,1,1121963,0,4963,1124,0.3350544999957492,2.931830000329601e-06,1932000,0.144,0.2230503795721187,0.2703050108932462,0.22287319739645786,params,204,204,,,params_read,204.0,204.0,1.0,0.35490000300342217,0.25630000163801014,2.15390369999659,"{""adwin_delta"": 0.002, ""buffer_size"": 1000, ""chunk_size"": 2000, ""energy_country_iso"": ""USA"", ""eval_block"": 1000, ""floor_drop"": 0.02, ""holdout_frac"": 0.2, ""init_frac"": 0.1, ""init_holdout_frac"": 0.2, ""k"": 3, ""min_buffer"": 100, ""n_ref"": 200, ""probe_rows"": 1000, ""track_energy"": true}"
insects_gradual,sgd,AlwaysNudge,always_nudge,4,21735,1932,balanced_accuracy,6,6,0,6,0,0,1,0,0,1,6,,0,0,1,4080,0,4080,6,0.02502819999062922,1.7263272225491295e-06,1932000,0.08,0.24453646192776626,0.3314299861358685,0.2649662273806998,params,204,204,,,params_read,204.0,204.0,1.0,0.4059000020788517,0.24530000155209564,1.8170368999999482,"{""adwin_delta"": 0.002, ""buffer_size"": 1000, ""chunk_size"": 2000, ""energy_country_iso"": ""USA"", ""eval_block"": 1000, ""floor_drop"": 0.02, ""holdout_frac"": 0.2, ""init_frac"": 0.1, ""init_holdout_frac"": 0.2, ""k"": 3, ""min_buffer"": 100, ""n_ref"": 200, ""probe_rows"": 1000, ""track_energy"": true}"
insects_gradual,sgd,NeverAdapt,never_adapt,4,21735,1932,balanced_accuracy,7,7,7,0,0,0,0,0,0,1,0,,0,0,1,0,0,0,0,0.0,1.4282266666691415e-06,1932000,0.016,0.20630319760754542,0.13799564270152506,0.20707619514040584,params,204,204,,,params_read,204.0,204.0,1.0,0.24560000019846484,0.2448999985062983,1.7934338999984902,"{""adwin_delta"": 0.002, ""buffer_size"": 1000, ""chunk_size"": 2000, ""energy_country_iso"": ""USA"", ""eval_block"": 1000, ""floor_drop"": 0.02, ""holdout_frac"": 0.2, ""init_frac"": 0.1, ""init_holdout_frac"": 0.2, ""k"": 3, ""min_buffer"": 100, ""n_ref"": 200, ""probe_rows"": 1000, ""track_energy"": true}"
insects_gradual,gnb,AlwaysRebuild,always_rebuild,4,21735,1932,balanced_accuracy,7,7,0,0,7,0,0,0,0,1,0,,4,10,1,5640,0,5640,7,0.017586300000402844,9.267236117839142e-07,1932,0.778,0.5756153669197147,0.40573776985541693,0.5482800326411313,params,402,402,,,params_read,402.0,402.0,1.0,1.6919999980018474,1.6026000012061559,1.6323559999982535,"{""adwin_delta"": 0.002, ""buffer_size"": 1000, ""chunk_size"": 2000, ""energy_country_iso"": ""USA"", ""eval_block"": 1000, ""floor_drop"": 0.02, ""holdout_frac"": 0.2, ""init_frac"": 0.1, ""init_holdout_frac"": 0.2, ""k"": 3, ""min_buffer"": 100, ""n_ref"": 200, ""probe_rows"": 1000, ""track_energy"": true}"
insects_gradual,gnb,MechanismSelector,mechanism_selector,4,21735,1932,balanced_accuracy,7,7,1,2,4,1,0,0,0,1,5,2,2,4,1,6724,0,6724,9,0.012831500000174856,7.384338885571511e-07,1932,0.741,0.565631469979296,0.3027450980392157,0.5383971044467268,params,402,402,,,params_read,402.0,402.0,1.0,1.5616999990015756,1.3147000026947353,1.6404791999993904,"{""adwin_delta"": 0.002, ""buffer_size"": 1000, ""chunk_size"": 2000, ""energy_country_iso"": ""USA"", ""eval_block"": 1000, ""floor_drop"": 0.02, ""holdout_frac"": 0.2, ""init_frac"": 0.1, ""init_holdout_frac"": 0.2, ""k"": 3, ""min_buffer"": 100, ""n_ref"": 200, ""probe_rows"": 1000, ""track_energy"": true}"
insects_gradual,gnb,FixedSchedule(k=3),fixed_schedule,4,21735,1932,balanced_accuracy,7,7,0,5,2,0,0,0,0,0,5,,1,3,1,4886,0,4886,7,0.009894399994664127,5.546680555416704e-07,1932,0.734,0.5222452265930527,0.39880174291938997,0.498109841843976,params,402,402,,,params_read,402.0,402.0,1.0,1.071599999704631,0.9034000031533651,1.6311049999967508,"{""adwin_delta"": 0.002, ""buffer_size"": 1000, ""chunk_size"": 2000, ""energy_country_iso"": ""USA"", ""eval_block"": 1000, ""floor_drop"": 0.02, ""holdout_frac"": 0.2, ""init_frac"": 0.1, ""init_holdout_frac"": 0.2, ""k"": 3, ""min_buffer"": 100, ""n_ref"": 200, ""probe_rows"": 1000, ""track_energy"": true}"
insects_gradual,gnb,AlwaysNudge,always_nudge,4,21735,1932,balanced_accuracy,6,6,0,6,0,0,0,0,0,0,6,,0,0,1,4281,0,4281,6,0.00786629999493016,5.07169166998542e-07,1932,0.094,0.4595813204508857,0.07225589225589225,0.44364042375877794,params,402,402,,,params_read,402.0,402.0,1.0,0.9088000006158836,0.9033000023919158,1.5955955999997968,"{""adwin_delta"": 0.002, ""buffer_size"": 1000, ""chunk_size"": 2000, ""energy_country_iso"": ""USA"", ""eval_block"": 1000, ""floor_drop"": 0.02, ""holdout_frac"": 0.2, ""init_frac"": 0.1, ""init_holdout_frac"": 0.2, ""k"": 3, ""min_buffer"": 100, ""n_ref"": 200, ""probe_rows"": 1000, ""track_energy"": true}"
insects_gradual,gnb,NeverAdapt,never_adapt,4,21735,1932,balanced_accuracy,5,5,5,0,0,0,0,0,0,0,0,,0,0,1,0,0,0,0,0.0,4.473261117869135e-07,1932,0.027,0.34156889809063723,0.09438898791839968,0.3418107321216655,params,402,402,,,params_read,402.0,402.0,1.0,1.1249999988649506,1.0923999980150256,1.560781500000303,"{""adwin_delta"": 0.002, ""buffer_size"": 1000, ""chunk_size"": 2000, ""energy_country_iso"": ""USA"", ""eval_block"": 1000, ""floor_drop"": 0.02, ""holdout_frac"": 0.2, ""init_frac"": 0.1, ""init_holdout_frac"": 0.2, ""k"": 3, ""min_buffer"": 100, ""n_ref"": 200, ""probe_rows"": 1000, ""track_energy"": true}"
insects_incremental,xgb,AlwaysRebuild,always_rebuild,4,51317,4560,balanced_accuracy,5,5,0,0,5,0,0,0,0,0,0,,0,0,0,500000,500,5000,500,6.805833500002336,5.4984647777440704e-05,456000,0.675,0.60085351832726,0.6740714145264342,0.6008576287377034,rounds,100,100,36642,13844,node_visits,3853.825,2714.438,0.7043490558081906,16.84709999972256,14.812499997788109,12.99979280000116,"{""adwin_delta"": 0.002, ""buffer_size"": 1000, ""chunk_size"": 2000, ""energy_country_iso"": ""USA"", ""eval_block"": 1000, ""floor_drop"": 0.02, ""holdout_frac"": 0.2, ""init_frac"": 0.1, ""init_holdout_frac"": 0.2, ""k"": 3, ""min_buffer"": 100, ""n_ref"": 200, ""probe_rows"": 1000, ""track_energy"": true}"
insects_incremental,xgb,MechanismSelector,mechanism_selector,4,51317,4560,balanced_accuracy,4,4,0,1,3,0,0,0,0,0,4,1,0,0,0,316000,320,6200,320,4.9978713000018615,4.814492888889e-05,456000,0.527,0.5773330475281095,0.5254741512452059,0.5773367887668904,rounds,100,105,36642,17106,node_visits,3853.825,3093.348,0.8026695555714128,18.750200000795303,16.5567000003648,11.38427159999992,"{""adwin_delta"": 0.002, ""buffer_size"": 1000, ""chunk_size"": 2000, ""energy_country_iso"": ""USA"", ""eval_block"": 1000, ""floor_drop"": 0.02, ""holdout_frac"": 0.2, ""init_frac"": 0.1, ""init_holdout_frac"": 0.2, ""k"": 3, ""min_buffer"": 100, ""n_ref"": 200, ""probe_rows"": 1000, ""track_energy"": true}"
insects_incremental,xgb,FixedSchedule(k=3),fixed_schedule,4,51317,4560,balanced_accuracy,5,5,0,4,1,0,0,0,0,0,4,,0,0,0,116000,120,4200,120,2.174070200006099,3.3668714167329715e-05,456000,0.607,0.5753454021084631,0.6060469060465119,0.5753476579238944,rounds,100,110,36642,18768,node_visits,3853.825,3270.751,0.8487025228182391,18.082099999446655,18.738499999017222,8.561133499999414,"{""adwin_delta"": 0.002, ""buffer_size"": 1000, ""chunk_size"": 2000, ""energy_country_iso"": ""USA"", ""eval_block"": 1000, ""floor_drop"": 0.02, ""holdout_frac"": 0.2, ""init_frac"": 0.1, ""init_holdout_frac"": 0.2, ""k"": 3, ""min_buffer"": 100, ""n_ref"": 200, ""probe_rows"": 1000, ""track_energy"": true}"
insects_incremental,xgb,AlwaysNudge,always_nudge,4,51317,4560,balanced_accuracy,5,5,0,5,0,0,0,0,0,0,5,,0,0,0,20000,25,4000,25,1.0340842000041448,3.089176638855822e-05,456000,0.557,0.531539255997038,0.5557194120909005,0.5315446396888341,rounds,100,125,36642,44310,node_visits,3853.825,4752.615,1.2332202422268785,14.373100002558203,15.907799999695271,7.931375699998171,"{""adwin_delta"": 0.002, ""buffer_size"": 1000, ""chunk_size"": 2000, ""energy_country_iso"": ""USA"", ""eval_block"": 1000, ""floor_drop"": 0.02, ""holdout_frac"": 0.2, ""init_frac"": 0.1, ""init_holdout_frac"": 0.2, ""k"": 3, ""min_buffer"": 100, ""n_ref"": 200, ""probe_rows"": 1000, ""track_energy"": true}"
insects_incremental,xgb,NeverAdapt,never_adapt,4,51317,4560,balanced_accuracy,3,3,3,0,0,0,0,0,0,0,0,,0,0,0,0,0,0,0,0.0,2.2915399722884695e-05,456000,0.12,0.22012198686595086,0.1199112905812767,0.22011747061026066,rounds,100,100,36642,36642,node_visits,3853.825,3853.825,1.0,17.956600000616163,17.225200001121266,6.3945102999969095,"{""adwin_delta"": 0.002, ""buffer_size"": 1000, ""chunk_size"": 2000, ""energy_country_iso"": ""USA"", ""eval_block"": 1000, ""floor_drop"": 0.02, ""holdout_frac"": 0.2, ""init_frac"": 0.1, ""init_holdout_frac"": 0.2, ""k"": 3, ""min_buffer"": 100, ""n_ref"": 200, ""probe_rows"": 1000, ""track_energy"": true}"
insects_incremental,rf,AlwaysRebuild,always_rebuild,4,51317,4560,balanced_accuracy,7,7,0,0,7,0,0,0,0,0,0,,0,0,0,700000,700,7000,700,3.0340865000034682,2.9073399722222042e-05,456000,0.698,0.6310969074575676,0.6971703246987486,0.6310997614304688,trees,100,100,189946,37430,node_visits,1247.098,1014.79,0.8137211349869858,26.4446000001044,18.58609999908367,7.864602000001469,"{""adwin_delta"": 0.002, ""buffer_size"": 1000, ""chunk_size"": 2000, ""energy_country_iso"": ""USA"", ""eval_block"": 1000, ""floor_drop"": 0.02, ""holdout_frac"": 0.2, ""init_frac"": 0.1, ""init_holdout_frac"": 0.2, ""k"": 3, ""min_buffer"": 100, ""n_ref"": 200, ""probe_rows"": 1000, ""track_energy"": true}"
insects_incremental,rf,MechanismSelector,mechanism_selector,4,51317,4560,balanced_accuracy,7,7,0,0,7,0,0,0,0,0,7,0,0,0,0,728000,735,12600,735,3.1601989999981015,3.0008852500666483e-05,456000,0.698,0.6310969074575676,0.6971703246987486,0.6310997614304688,trees,100,100,189946,37430,node_visits,1247.098,1014.79,0.8137211349869858,26.939300001686206,19.320899999001995,8.207567900000868,"{""adwin_delta"": 0.002, ""buffer_size"": 1000, ""chunk_size"": 2000, ""energy_country_iso"": ""USA"", ""eval_block"": 1000, ""floor_drop"": 0.02, ""holdout_frac"": 0.2, ""init_frac"": 0.1, ""init_holdout_frac"": 0.2, ""k"": 3, ""min_buffer"": 100, ""n_ref"": 200, ""probe_rows"": 1000, ""track_energy"": true}"
insects_incremental,rf,FixedSchedule(k=3),fixed_schedule,4,51317,4560,balanced_accuracy,4,4,0,3,1,0,0,0,0,0,3,,0,0,0,112000,115,3400,115,0.46131989999776124,1.71045405558865e-05,456000,0.578,0.4061617008009042,0.5762990721024278,0.4061599952707005,trees,100,100,189946,39514,node_visits,1247.098,984.274,0.7892515263435592,25.81540000028326,19.9508000005153,5.341939400001138,"{""adwin_delta"": 0.002, ""buffer_size"": 1000, ""chunk_size"": 2000, ""energy_country_iso"": ""USA"", ""eval_block"": 1000, ""floor_drop"": 0.02, ""holdout_frac"": 0.2, ""init_frac"": 0.1, ""init_holdout_frac"": 0.2, ""k"": 3, ""min_buffer"": 100, ""n_ref"": 200, ""probe_rows"": 1000, ""track_energy"": true}"
insects_incremental,rf,AlwaysNudge,always_nudge,4,51317,4560,balanced_accuracy,4,4,0,4,0,0,0,0,0,0,4,,0,0,0,16000,20,3200,20,0.09596149999561021,2.3913419722890998e-05,456000,0.164,0.24518190852933724,0.16358009075929772,0.2451765471025589,trees,100,100,189946,158484,node_visits,1247.098,1182.875,0.9485020423415,32.294099997670855,24.30589999858057,5.582235799996852,"{""adwin_delta"": 0.002, ""buffer_size"": 1000, ""chunk_size"": 2000, ""energy_country_iso"": ""USA"", ""eval_block"": 1000, ""floor_drop"": 0.02, ""holdout_frac"": 0.2, ""init_frac"": 0.1, ""init_holdout_frac"": 0.2, ""k"": 3, ""min_buffer"": 100, ""n_ref"": 200, ""probe_rows"": 1000, ""track_energy"": true}"
insects_incremental,rf,NeverAdapt,never_adapt,4,51317,4560,balanced_accuracy,4,4,4,0,0,0,0,0,0,0,0,,0,0,0,0,0,0,0,0.0,1.5759902222211945e-05,456000,0.114,0.21597131554845372,0.11363090397623972,0.21596726530061996,trees,100,100,189946,189946,node_visits,1247.098,1247.098,1.0,26.099799997609807,28.819899998779874,5.116659100000106,"{""adwin_delta"": 0.002, ""buffer_size"": 1000, ""chunk_size"": 2000, ""energy_country_iso"": ""USA"", ""eval_block"": 1000, ""floor_drop"": 0.02, ""holdout_frac"": 0.2, ""init_frac"": 0.1, ""init_holdout_frac"": 0.2, ""k"": 3, ""min_buffer"": 100, ""n_ref"": 200, ""probe_rows"": 1000, ""track_energy"": true}"
insects_incremental,sgd,AlwaysRebuild,always_rebuild,4,51317,4560,balanced_accuracy,1,1,0,0,1,0,0,0,0,0,0,,0,0,0,131000,0,1000,131,0.05231650000132504,2.5105902781088677e-06,738720,0.222,0.24122610440984468,0.22258555092850965,0.24122465813809194,params,204,204,,,params_read,204.0,204.0,1.0,0.2365000000281725,0.23359999977401458,2.0645442999993975,"{""adwin_delta"": 0.002, ""buffer_size"": 1000, ""chunk_size"": 2000, ""energy_country_iso"": ""USA"", ""eval_block"": 1000, ""floor_drop"": 0.02, ""holdout_frac"": 0.2, ""init_frac"": 0.1, ""init_holdout_frac"": 0.2, ""k"": 3, ""min_buffer"": 100, ""n_ref"": 200, ""probe_rows"": 1000, ""track_energy"": true}"
insects_incremental,sgd,MechanismSelector,mechanism_selector,4,51317,4560,balanced_accuracy,1,1,0,0,1,0,0,0,0,0,1,0,0,0,0,131800,0,1800,132,0.05880869999964489,2.5499094444563033e-06,738720,0.222,0.24122610440984468,0.22258555092850965,0.24122465813809194,params,204,204,,,params_read,204.0,204.0,1.0,0.24779999876045622,0.2865999995265156,2.058758299997862,"{""adwin_delta"": 0.002, ""buffer_size"": 1000, ""chunk_size"": 2000, ""energy_country_iso"": ""USA"", ""eval_block"": 1000, ""floor_drop"": 0.02, ""holdout_frac"": 0.2, ""init_frac"": 0.1, ""init_holdout_frac"": 0.2, ""k"": 3, ""min_buffer"": 100, ""n_ref"": 200, ""probe_rows"": 1000, ""track_energy"": true}"
insects_incremental,sgd,FixedSchedule(k=3),fixed_schedule,4,51317,4560,balanced_accuracy,1,1,0,1,0,0,0,0,0,0,1,,0,0,0,800,0,800,1,0.004249699999490986,2.565714167008811e-06,738720,0.212,0.2302745678819884,0.21084732068217774,0.2302802691562876,params,204,204,,,params_read,204.0,204.0,1.0,0.24480000138282776,0.28810000003431924,2.003833900002064,"{""adwin_delta"": 0.002, ""buffer_size"": 1000, ""chunk_size"": 2000, ""energy_country_iso"": ""USA"", ""eval_block"": 1000, ""floor_drop"": 0.02, ""holdout_frac"": 0.2, ""init_frac"": 0.1, ""init_holdout_frac"": 0.2, ""k"": 3, ""min_buffer"": 100, ""n_ref"": 200, ""probe_rows"": 1000, ""track_energy"": true}"
insects_incremental,sgd,AlwaysNudge,always_nudge,4,51317,4560,balanced_accuracy,1,1,0,1,0,0,0,0,0,0,1,,0,0,0,800,0,800,1,0.0041882000004989095,2.391279444450671e-06,738720,0.212,0.2302745678819884,0.21084732068217774,0.2302802691562876,params,204,204,,,params_read,204.0,204.0,1.0,0.44209999759914353,0.23409999994328246,2.0251905000004626,"{""adwin_delta"": 0.002, ""buffer_size"": 1000, ""chunk_size"": 2000, ""energy_country_iso"": ""USA"", ""eval_block"": 1000, ""floor_drop"": 0.02, ""holdout_frac"": 0.2, ""init_frac"": 0.1, ""init_holdout_frac"": 0.2, ""k"": 3, ""min_buffer"": 100, ""n_ref"": 200, ""probe_rows"": 1000, ""track_energy"": true}"
insects_incremental,sgd,NeverAdapt,never_adapt,4,51317,4560,balanced_accuracy,1,1,1,0,0,0,0,0,0,0,0,,0,0,0,0,0,0,0,0.0,2.2836594447725158e-06,738720,0.257,0.26671473390884115,0.25577965984340584,0.26670666006800164,params,204,204,,,params_read,204.0,204.0,1.0,0.25459999960730784,0.24200000189011917,1.994320300000254,"{""adwin_delta"": 0.002, ""buffer_size"": 1000, ""chunk_size"": 2000, ""energy_country_iso"": ""USA"", ""eval_block"": 1000, ""floor_drop"": 0.02, ""holdout_frac"": 0.2, ""init_frac"": 0.1, ""init_holdout_frac"": 0.2, ""k"": 3, ""min_buffer"": 100, ""n_ref"": 200, ""probe_rows"": 1000, ""track_energy"": true}"
insects_incremental,gnb,AlwaysRebuild,always_rebuild,4,51317,4560,balanced_accuracy,5,5,0,0,5,0,0,0,0,0,0,,0,0,0,5000,0,5000,5,0.00894249999691965,8.941280558943769e-07,4560,0.536,0.5484537287838338,0.5364206991179561,0.5484522243959282,params,402,402,,,params_read,402.0,402.0,1.0,0.9078999974008184,0.8916000006138347,1.6937164999981178,"{""adwin_delta"": 0.002, ""buffer_size"": 1000, ""chunk_size"": 2000, ""energy_country_iso"": ""USA"", ""eval_block"": 1000, ""floor_drop"": 0.02, ""holdout_frac"": 0.2, ""init_frac"": 0.1, ""init_holdout_frac"": 0.2, ""k"": 3, ""min_buffer"": 100, ""n_ref"": 200, ""probe_rows"": 1000, ""track_energy"": true}"
insects_incremental,gnb,MechanismSelector,mechanism_selector,4,51317,4560,balanced_accuracy,5,5,0,2,3,0,0,0,0,0,5,2,0,0,0,7000,0,7000,8,0.01253750000250875,8.568441660026876e-07,4560,0.591,0.5420425979694838,0.5905913768903314,0.5420423276041598,params,402,402,,,params_read,402.0,402.0,1.0,1.0003999996115454,1.7987999999604654,1.6544694999975036,"{""adwin_delta"": 0.002, ""buffer_size"": 1000, ""chunk_size"": 2000, ""energy_country_iso"": ""USA"", ""eval_block"": 1000, ""floor_drop"": 0.02, ""holdout_frac"": 0.2, ""init_frac"": 0.1, ""init_holdout_frac"": 0.2, ""k"": 3, ""min_buffer"": 100, ""n_ref"": 200, ""probe_rows"": 1000, ""track_energy"": true}"
insects_incremental,gnb,FixedSchedule(k=3),fixed_schedule,4,51317,4560,balanced_accuracy,5,5,0,4,1,0,0,0,0,0,4,,0,0,0,4200,0,4200,5,0.006681000002572546,7.97034166668338e-07,4560,0.513,0.527563965157745,0.511386289302512,0.5275651911379691,params,402,402,,,params_read,402.0,402.0,1.0,1.1163999988639262,0.904099997569574,1.6557155000009516,"{""adwin_delta"": 0.002, ""buffer_size"": 1000, ""chunk_size"": 2000, ""energy_country_iso"": ""USA"", ""eval_block"": 1000, ""floor_drop"": 0.02, ""holdout_frac"": 0.2, ""init_frac"": 0.1, ""init_holdout_frac"": 0.2, ""k"": 3, ""min_buffer"": 100, ""n_ref"": 200, ""probe_rows"": 1000, ""track_energy"": true}"
insects_incremental,gnb,AlwaysNudge,always_nudge,4,51317,4560,balanced_accuracy,4,4,0,4,0,0,0,0,0,0,4,,0,0,0,3200,0,3200,4,0.008105999997496838,7.98295833658962e-07,4560,0.265,0.33104039597014634,0.26400113990488927,0.3310340357140152,params,402,402,,,params_read,402.0,402.0,1.0,1.115900002332637,0.8931999982451089,1.6701181999997061,"{""adwin_delta"": 0.002, ""buffer_size"": 1000, ""chunk_size"": 2000, ""energy_country_iso"": ""USA"", ""eval_block"": 1000, ""floor_drop"": 0.02, ""holdout_frac"": 0.2, ""init_frac"": 0.1, ""init_holdout_frac"": 0.2, ""k"": 3, ""min_buffer"": 100, ""n_ref"": 200, ""probe_rows"": 1000, ""track_energy"": true}"
insects_incremental,gnb,NeverAdapt,never_adapt,4,51317,4560,balanced_accuracy,5,5,5,0,0,0,0,0,0,0,0,,0,0,0,0,0,0,0,0.0,8.197394441110166e-07,4560,0.143,0.20591616813141844,0.14298921897357636,0.2059100817198126,params,402,402,,,params_read,402.0,402.0,1.0,1.4229000007617287,1.0494000016478822,1.6477835000005143,"{""adwin_delta"": 0.002, ""buffer_size"": 1000, ""chunk_size"": 2000, ""energy_country_iso"": ""USA"", ""eval_block"": 1000, ""floor_drop"": 0.02, ""holdout_frac"": 0.2, ""init_frac"": 0.1, ""init_holdout_frac"": 0.2, ""k"": 3, ""min_buffer"": 100, ""n_ref"": 200, ""probe_rows"": 1000, ""track_energy"": true}"
covtype,xgb,AlwaysRebuild,always_rebuild,4,90000,8000,balanced_accuracy,92,92,0,0,92,0,1,0,0,1,0,,88,416,0,6721600,9200,67216,9200,23.46388009999282,0.00014500555000066415,800000,0.915,0.9015111111111112,0.5977840019770987,0.6467111621569704,rounds,100,100,34130,3760,node_visits,3970.127,1288.145,0.3244593938682566,17.40109999809647,10.997800000041025,29.916168699997797,"{""adwin_delta"": 0.002, ""buffer_size"": 1000, ""chunk_size"": 2000, ""energy_country_iso"": ""USA"", ""eval_block"": 1000, ""floor_drop"": 0.02, ""holdout_frac"": 0.2, ""init_frac"": 0.1, ""init_holdout_frac"": 0.2, ""k"": 3, ""min_buffer"": 100, ""n_ref"": 200, ""probe_rows"": 1000, ""track_energy"": true}"
covtype,xgb,MechanismSelector,mechanism_selector,4,90000,8000,balanced_accuracy,89,89,5,24,60,3,1,0,0,3,81,24,84,658,0,4595395,6405,94023,6405,20.490578799992363,0.00014404579166667558,800000,0.88,0.8892111111111111,0.5789191860944065,0.5214320845210272,rounds,100,110,34130,1682,node_visits,3970.127,1086.155,0.2735819282355451,16.28049999999348,8.851200000208337,29.161603799999284,"{""adwin_delta"": 0.002, ""buffer_size"": 1000, ""chunk_size"": 2000, ""energy_country_iso"": ""USA"", ""eval_block"": 1000, ""floor_drop"": 0.02, ""holdout_frac"": 0.2, ""init_frac"": 0.1, ""init_holdout_frac"": 0.2, ""k"": 3, ""min_buffer"": 100, ""n_ref"": 200, ""probe_rows"": 1000, ""track_energy"": true}"
covtype,xgb,FixedSchedule(k=3),fixed_schedule,4,90000,8000,balanced_accuracy,8,8,0,6,2,0,0,0,0,0,6,,5,15,0,139410,230,4018,230,1.2215305000063381,2.3668335555220435e-05,800000,0.0,0.03451111111111111,0.0,0.43837109055241674,rounds,100,110,34130,3754,node_visits,3970.127,1521.7,0.38328748677309316,16.789900000730995,10.939899999357294,6.870655899998383,"{""adwin_delta"": 0.002, ""buffer_size"": 1000, ""chunk_size"": 2000, ""energy_country_iso"": ""USA"", ""eval_block"": 1000, ""floor_drop"": 0.02, ""holdout_frac"": 0.2, ""init_frac"": 0.1, ""init_holdout_frac"": 0.2, ""k"": 3, ""min_buffer"": 100, ""n_ref"": 200, ""probe_rows"": 1000, ""track_energy"": true}"
covtype,xgb,AlwaysNudge,always_nudge,4,90000,8000,balanced_accuracy,138,138,0,138,0,0,4,0,0,14,138,,136,654,0,268195,690,53639,690,32.41367540001738,0.0003366457266669868,800000,0.867,0.8424888888888888,0.5735236813785294,0.7734124275051334,rounds,100,790,34130,58316,node_visits,3970.127,12631.322,3.181591420123336,15.170899998338427,62.53840000135824,62.95438899999863,"{""adwin_delta"": 0.002, ""buffer_size"": 1000, ""chunk_size"": 2000, ""energy_country_iso"": ""USA"", ""eval_block"": 1000, ""floor_drop"": 0.02, ""holdout_frac"": 0.2, ""init_frac"": 0.1, ""init_holdout_frac"": 0.2, ""k"": 3, ""min_buffer"": 100, ""n_ref"": 200, ""probe_rows"": 1000, ""track_energy"": true}"
covtype,xgb,NeverAdapt,never_adapt,4,90000,8000,balanced_accuracy,114,114,114,0,0,0,0,0,0,10,0,,0,0,0,0,0,0,0,0.0,3.674270222221586e-05,800000,0.795,0.8261666666666667,0.7639165120423873,0.8035559438997134,rounds,100,100,34130,34130,node_visits,3970.127,3970.127,1.0,17.580600000655977,15.670299999328563,9.137280799997825,"{""adwin_delta"": 0.002, ""buffer_size"": 1000, ""chunk_size"": 2000, ""energy_country_iso"": ""USA"", ""eval_block"": 1000, ""floor_drop"": 0.02, ""holdout_frac"": 0.2, ""init_frac"": 0.1, ""init_holdout_frac"": 0.2, ""k"": 3, ""min_buffer"": 100, ""n_ref"": 200, ""probe_rows"": 1000, ""track_energy"": true}"
covtype,rf,AlwaysRebuild,always_rebuild,4,90000,8000,balanced_accuracy,88,88,0,0,88,0,0,0,0,3,0,,85,396,0,6740800,8800,67408,8800,19.41343409998808,0.00012011948722221786,800000,0.921,0.8967666666666667,0.6031020311026901,0.579512910115838,trees,100,100,288384,8736,node_visits,1599.646,622.122,0.3889122968456771,19.84759999686503,12.867699999333126,26.604298900001595,"{""adwin_delta"": 0.002, ""buffer_size"": 1000, ""chunk_size"": 2000, ""energy_country_iso"": ""USA"", ""eval_block"": 1000, ""floor_drop"": 0.02, ""holdout_frac"": 0.2, ""init_frac"": 0.1, ""init_holdout_frac"": 0.2, ""k"": 3, ""min_buffer"": 100, ""n_ref"": 200, ""probe_rows"": 1000, ""track_energy"": true}"
covtype,rf,MechanismSelector,mechanism_selector,4,90000,8000,balanced_accuracy,111,111,33,3,75,7,1,0,0,7,71,3,77,694,0,5338880,7855,93000,7855,15.584157799989043,0.00010773570750066859,800000,0.921,0.8895,0.6031020311026901,0.818191496180729,trees,100,100,288384,8736,node_visits,1599.646,622.122,0.3889122968456771,23.53649999713525,14.123700002528494,24.57814149999831,"{""adwin_delta"": 0.002, ""buffer_size"": 1000, ""chunk_size"": 2000, ""energy_country_iso"": ""USA"", ""eval_block"": 1000, ""floor_drop"": 0.02, ""holdout_frac"": 0.2, ""init_frac"": 0.1, ""init_holdout_frac"": 0.2, ""k"": 3, ""min_buffer"": 100, ""n_ref"": 200, ""probe_rows"": 1000, ""track_energy"": true}"
covtype,rf,FixedSchedule(k=3),fixed_schedule,4,90000,8000,balanced_accuracy,138,138,0,92,46,0,1,0,0,20,92,,136,647,0,1839185,5060,57225,5060,8.991707399996812,8.114650444411873e-05,800000,0.914,0.8789444444444444,0.5791297104831993,0.8101856861133655,trees,100,100,288384,3500,node_visits,1599.646,525.218,0.3283338938740196,23.109900001145434,12.085599999409169,18.49618869999904,"{""adwin_delta"": 0.002, ""buffer_size"": 1000, ""chunk_size"": 2000, ""energy_country_iso"": ""USA"", ""eval_block"": 1000, ""floor_drop"": 0.02, ""holdout_frac"": 0.2, ""init_frac"": 0.1, ""init_holdout_frac"": 0.2, ""k"": 3, ""min_buffer"": 100, ""n_ref"": 200, ""probe_rows"": 1000, ""track_energy"": true}"
covtype,rf,AlwaysNudge,always_nudge,4,90000,8000,balanced_accuracy,304,304,0,304,0,0,40,0,0,127,304,,302,1487,0,321540,1520,64308,1520,3.031700899973657,8.738992111111325e-05,800000,0.813,0.8093333333333333,0.3642987249544627,0.7547152790995171,trees,100,100,288384,2214,node_visits,1599.646,409.369,0.25591224558433556,19.722199998795986,11.532199998327997,19.59735030000229,"{""adwin_delta"": 0.002, ""buffer_size"": 1000, ""chunk_size"": 2000, ""energy_country_iso"": ""USA"", ""eval_block"": 1000, ""floor_drop"": 0.02, ""holdout_frac"": 0.2, ""init_frac"": 0.1, ""init_holdout_frac"": 0.2, ""k"": 3, ""min_buffer"": 100, ""n_ref"": 200, ""probe_rows"": 1000, ""track_energy"": true}"
covtype,rf,NeverAdapt,never_adapt,4,90000,8000,balanced_accuracy,158,158,158,0,0,0,4,0,0,25,0,,0,0,0,0,0,0,0,0.0,3.8855015833336026e-05,800000,0.874,0.8247333333333333,0.8208692434328814,0.8108970078246805,trees,100,100,288384,288384,node_visits,1599.646,1599.646,1.0,25.749500000529224,18.976999999722466,9.917101800001547,"{""adwin_delta"": 0.002, ""buffer_size"": 1000, ""chunk_size"": 2000, ""energy_country_iso"": ""USA"", ""eval_block"": 1000, ""floor_drop"": 0.02, ""holdout_frac"": 0.2, ""init_frac"": 0.1, ""init_holdout_frac"": 0.2, ""k"": 3, ""min_buffer"": 100, ""n_ref"": 200, ""probe_rows"": 1000, ""track_energy"": true}"
covtype,sgd,AlwaysRebuild,always_rebuild,4,90000,8000,balanced_accuracy,178,178,0,0,178,0,43,0,0,111,0,,175,840,0,49696928,0,51192,175252,25.074760799994692,0.0001387208452774564,1592000,0.766,0.5370222222222222,0.37126891287036273,0.3834173600569236,params,385,385,,,params_read,385.0,385.0,1.0,0.3727000002982095,0.26959999740938656,28.873279000003095,"{""adwin_delta"": 0.002, ""buffer_size"": 1000, ""chunk_size"": 2000, ""energy_country_iso"": ""USA"", ""eval_block"": 1000, ""floor_drop"": 0.02, ""holdout_frac"": 0.2, ""init_frac"": 0.1, ""init_holdout_frac"": 0.2, ""k"": 3, ""min_buffer"": 100, ""n_ref"": 200, ""probe_rows"": 1000, ""track_energy"": true}"
covtype,sgd,MechanismSelector,mechanism_selector,4,90000,8000,balanced_accuracy,217,217,68,8,141,120,33,0,0,108,29,8,140,691,0,28051172,0,40340,140081,15.252801199992973,8.027104972255561e-05,1592000,0.817,0.5496222222222222,0.4220830930609331,0.30437172804380763,params,385,385,,,params_read,385.0,385.0,1.0,0.3188999980920926,0.4208999998809304,19.199862100002065,"{""adwin_delta"": 0.002, ""buffer_size"": 1000, ""chunk_size"": 2000, ""energy_country_iso"": ""USA"", ""eval_block"": 1000, ""floor_drop"": 0.02, ""holdout_frac"": 0.2, ""init_frac"": 0.1, ""init_holdout_frac"": 0.2, ""k"": 3, ""min_buffer"": 100, ""n_ref"": 200, ""probe_rows"": 1000, ""track_energy"": true}"
covtype,sgd,FixedSchedule(k=3),fixed_schedule,4,90000,8000,balanced_accuracy,253,253,0,169,84,0,43,0,0,127,169,,84,403,0,26164706,0,62834,84169,13.536447599984967,7.383091722255637e-05,1592000,0.806,0.7641222222222223,0.38801933163083174,0.39321539629195595,params,385,385,,,params_read,385.0,385.0,1.0,0.3571999986888841,0.35989999742014334,17.73217360000126,"{""adwin_delta"": 0.002, ""buffer_size"": 1000, ""chunk_size"": 2000, ""energy_country_iso"": ""USA"", ""eval_block"": 1000, ""floor_drop"": 0.02, ""holdout_frac"": 0.2, ""init_frac"": 0.1, ""init_holdout_frac"": 0.2, ""k"": 3, ""min_buffer"": 100, ""n_ref"": 200, ""probe_rows"": 1000, ""track_energy"": true}"
covtype,sgd,AlwaysNudge,always_nudge,4,90000,8000,balanced_accuracy,307,307,0,307,0,0,47,0,0,166,307,,0,0,0,60976,0,60976,307,1.3361581000353908,1.92055669441054e-05,1592000,0.794,0.7318111111111111,0.4419331892352734,0.48839438044652006,params,385,385,,,params_read,385.0,385.0,1.0,0.2775000029942021,0.302100001135841,5.716866500002652,"{""adwin_delta"": 0.002, ""buffer_size"": 1000, ""chunk_size"": 2000, ""energy_country_iso"": ""USA"", ""eval_block"": 1000, ""floor_drop"": 0.02, ""holdout_frac"": 0.2, ""init_frac"": 0.1, ""init_holdout_frac"": 0.2, ""k"": 3, ""min_buffer"": 100, ""n_ref"": 200, ""probe_rows"": 1000, ""track_energy"": true}"
covtype,sgd,NeverAdapt,never_adapt,4,90000,8000,balanced_accuracy,518,518,518,0,0,0,105,0,0,425,0,,0,0,0,0,0,0,0,0.0,1.3712216667344622e-05,1592000,0.077,0.4885777777777778,0.373616717467117,0.4986618164199403,params,385,385,,,params_read,385.0,385.0,1.0,0.2891999974963255,0.5019999989599455,4.378722599998582,"{""adwin_delta"": 0.002, ""buffer_size"": 1000, ""chunk_size"": 2000, ""energy_country_iso"": ""USA"", ""eval_block"": 1000, ""floor_drop"": 0.02, ""holdout_frac"": 0.2, ""init_frac"": 0.1, ""init_holdout_frac"": 0.2, ""k"": 3, ""min_buffer"": 100, ""n_ref"": 200, ""probe_rows"": 1000, ""track_energy"": true}"
covtype,gnb,AlwaysRebuild,always_rebuild,4,90000,8000,balanced_accuracy,238,238,0,0,238,0,23,0,0,124,0,,235,1144,0,69548,0,69548,238,0.4496348000029684,1.0963906944443735e-05,8000,0.857,0.7775555555555556,0.8769216888501838,0.5429672256970727,params,763,763,,,params_read,763.0,763.0,1.0,1.4608999990741722,1.4884999982314184,3.8537347999990743,"{""adwin_delta"": 0.002, ""buffer_size"": 1000, ""chunk_size"": 2000, ""energy_country_iso"": ""USA"", ""eval_block"": 1000, ""floor_drop"": 0.02, ""holdout_frac"": 0.2, ""init_frac"": 0.1, ""init_holdout_frac"": 0.2, ""k"": 3, ""min_buffer"": 100, ""n_ref"": 200, ""probe_rows"": 1000, ""track_energy"": true}"
covtype,gnb,MechanismSelector,mechanism_selector,4,90000,8000,balanced_accuracy,241,241,65,13,163,122,26,0,0,106,54,13,163,797,0,66495,0,66495,217,0.32864880001943675,9.537263888231257e-06,8000,0.871,0.7829777777777778,0.5905804065866674,0.5172651993956088,params,763,763,,,params_read,763.0,763.0,1.0,1.3662000019394327,1.4407000016944949,3.5918166000010388,"{""adwin_delta"": 0.002, ""buffer_size"": 1000, ""chunk_size"": 2000, ""energy_country_iso"": ""USA"", ""eval_block"": 1000, ""floor_drop"": 0.02, ""holdout_frac"": 0.2, ""init_frac"": 0.1, ""init_holdout_frac"": 0.2, ""k"": 3, ""min_buffer"": 100, ""n_ref"": 200, ""probe_rows"": 1000, ""track_energy"": true}"
covtype,gnb,FixedSchedule(k=3),fixed_schedule,4,90000,8000,balanced_accuracy,236,236,0,158,78,0,17,0,0,118,158,,77,373,0,57927,0,57927,236,0.2832022000220604,9.594288889550279e-06,8000,0.849,0.7781222222222223,0.8286357627324757,0.5805021465081446,params,763,763,,,params_read,763.0,763.0,1.0,1.3731999970332254,1.4584999989892822,3.5520002000012028,"{""adwin_delta"": 0.002, ""buffer_size"": 1000, ""chunk_size"": 2000, ""energy_country_iso"": ""USA"", ""eval_block"": 1000, ""floor_drop"": 0.02, ""holdout_frac"": 0.2, ""init_frac"": 0.1, ""init_holdout_frac"": 0.2, ""k"": 3, ""min_buffer"": 100, ""n_ref"": 200, ""probe_rows"": 1000, ""track_energy"": true}"
covtype,gnb,AlwaysNudge,always_nudge,4,90000,8000,balanced_accuracy,274,274,0,274,0,0,27,0,0,104,274,,0,0,0,61645,0,61645,274,0.2659048000095936,1.0683557778448266e-05,8000,0.73,0.7266555555555556,0.32533340655920767,0.6374305774630642,params,763,763,,,params_read,763.0,763.0,1.0,1.4959000000089873,1.3821000029565766,3.787755699999252,"{""adwin_delta"": 0.002, ""buffer_size"": 1000, ""chunk_size"": 2000, ""energy_country_iso"": ""USA"", ""eval_block"": 1000, ""floor_drop"": 0.02, ""holdout_frac"": 0.2, ""init_frac"": 0.1, ""init_holdout_frac"": 0.2, ""k"": 3, ""min_buffer"": 100, ""n_ref"": 200, ""probe_rows"": 1000, ""track_energy"": true}"
covtype,gnb,NeverAdapt,never_adapt,4,90000,8000,balanced_accuracy,321,321,321,0,0,0,54,0,0,160,0,,0,0,0,0,0,0,0,0.0,7.888250277777447e-06,8000,0.441,0.45614444444444446,0.5074229461122944,0.6509634266193369,params,763,763,,,params_read,763.0,763.0,1.0,1.3924000013503246,1.4980000014475081,3.1910404000009294,"{""adwin_delta"": 0.002, ""buffer_size"": 1000, ""chunk_size"": 2000, ""energy_country_iso"": ""USA"", ""eval_block"": 1000, ""floor_drop"": 0.02, ""holdout_frac"": 0.2, ""init_frac"": 0.1, ""init_holdout_frac"": 0.2, ""k"": 3, ""min_buffer"": 100, ""n_ref"": 200, ""probe_rows"": 1000, ""track_energy"": true}"
