dataset,model,policy,policy_key,seed,n_stream_rows,n_init_train_rows,scorer,n_alarms,n_adaptations,n_skip,n_nudge,n_rebuild,n_degraded,n_alarms_deferred,n_alarms_coalesced,n_alarms_unserved,n_reference_carried,n_nudge_attempts,n_nudge_successes,n_adaptations_with_placeholders,total_placeholder_rows,initial_placeholder_rows,n_adaptations_on_falling_error,work_units_on_falling_error,total_work_units,total_estimators_fitted,total_rows_processed,total_passes,total_wall_clock_s,total_energy_kwh,initial_work_units,final_prequential_accuracy,mean_prequential_accuracy,final_prequential_balanced_accuracy,mean_prequential_balanced_accuracy,model_size_unit,initial_model_size,final_model_size,initial_n_nodes,final_n_nodes,inference_unit,initial_inference_units,final_inference_units,inference_growth,initial_predict_us_per_row,final_predict_us_per_row,run_wall_clock_s,config_json
elec2,xgb,AlwaysRebuild,always_rebuild,0,40781,3624,accuracy,179,165,0,0,165,0,83,14,0,111,0,,0,0,0,0,0,3564600,16500,35646,16500,18.294667900000036,0.0001122793158333335,362400,0.79,0.759078982859665,0.7839107150748661,0.7527977075313736,rounds,100,100,4628,556,node_visits,569.399,256.923,0.45121786304507033,3.79649999990761,3.045199999974102,24.88803299999995,"{""adwin_delta"": 0.002, ""buffer_size"": 1000, ""chunk_size"": 2000, ""detector"": ""ddm"", ""energy_country_iso"": ""USA"", ""eval_block"": 1000, ""floor_drop"": 0.02, ""holdout_frac"": 0.2, ""init_frac"": 0.1, ""init_holdout_frac"": 0.2, ""k"": 3, ""min_buffer"": 100, ""n_ref"": 200, ""probe_rows"": 1000, ""track_energy"": true}"
elec2,xgb,MechanismSelector,mechanism_selector,0,40781,3624,accuracy,182,167,2,8,157,132,83,15,0,120,33,8,0,0,0,0,0,2835970,15865,41160,15865,19.173501800000736,0.00013414652083299996,362400,0.574,0.760084353007528,0.594674401693778,0.7562447401908521,rounds,100,100,4628,628,node_visits,569.399,259.585,0.4558929678485561,4.362499999956526,3.1310000000530636,23.027885500000025,"{""adwin_delta"": 0.002, ""buffer_size"": 1000, ""chunk_size"": 2000, ""detector"": ""ddm"", ""energy_country_iso"": ""USA"", ""eval_block"": 1000, ""floor_drop"": 0.02, ""holdout_frac"": 0.2, ""init_frac"": 0.1, ""init_holdout_frac"": 0.2, ""k"": 3, ""min_buffer"": 100, ""n_ref"": 200, ""probe_rows"": 1000, ""track_energy"": true}"
elec2,xgb,FixedSchedule(k=3),fixed_schedule,0,40781,3624,accuracy,166,151,0,101,50,0,75,15,0,104,101,,0,0,0,0,0,1304220,5505,29975,5505,8.207574599999361,6.755710361111131e-05,362400,0.851,0.7431156666094505,0.8500166726259586,0.7389144200987029,rounds,100,105,4628,405,node_visits,569.399,223.712,0.39289145221540606,3.9260000000922446,2.3653000000649627,12.204323299999942,"{""adwin_delta"": 0.002, ""buffer_size"": 1000, ""chunk_size"": 2000, ""detector"": ""ddm"", ""energy_country_iso"": ""USA"", ""eval_block"": 1000, ""floor_drop"": 0.02, ""holdout_frac"": 0.2, ""init_frac"": 0.1, ""init_holdout_frac"": 0.2, ""k"": 3, ""min_buffer"": 100, ""n_ref"": 200, ""probe_rows"": 1000, ""track_energy"": true}"
elec2,xgb,AlwaysNudge,always_nudge,0,40781,3624,accuracy,126,123,0,123,0,0,41,3,0,69,123,,0,0,0,0,0,133245,615,26649,615,5.9191846000002215,7.251886194511114e-05,362400,0.724,0.7627081238812192,0.7104627758516096,0.7489576857596327,rounds,100,715,4628,8867,node_visits,569.399,2053.173,3.605859862767584,4.939000000035776,15.481499999964399,12.41835309999999,"{""adwin_delta"": 0.002, ""buffer_size"": 1000, ""chunk_size"": 2000, ""detector"": ""ddm"", ""energy_country_iso"": ""USA"", ""eval_block"": 1000, ""floor_drop"": 0.02, ""holdout_frac"": 0.2, ""init_frac"": 0.1, ""init_holdout_frac"": 0.2, ""k"": 3, ""min_buffer"": 100, ""n_ref"": 200, ""probe_rows"": 1000, ""track_energy"": true}"
elec2,xgb,NeverAdapt,never_adapt,0,40781,3624,accuracy,128,117,117,0,0,0,37,11,0,63,0,,0,0,0,0,0,0,0,0,0,0.0,6.56144083366698e-06,362400,0.712,0.7068978200632647,0.6954935699908803,0.6694052678219897,rounds,100,100,4628,4628,node_visits,569.399,569.399,1.0,3.8595000000896107,3.625499999998283,3.2767047000000957,"{""adwin_delta"": 0.002, ""buffer_size"": 1000, ""chunk_size"": 2000, ""detector"": ""ddm"", ""energy_country_iso"": ""USA"", ""eval_block"": 1000, ""floor_drop"": 0.02, ""holdout_frac"": 0.2, ""init_frac"": 0.1, ""init_holdout_frac"": 0.2, ""k"": 3, ""min_buffer"": 100, ""n_ref"": 200, ""probe_rows"": 1000, ""track_energy"": true}"
elec2,rf,AlwaysRebuild,always_rebuild,0,40781,3624,accuracy,172,161,0,0,161,0,84,11,0,115,0,,0,0,0,0,0,3211200,16100,32112,16100,26.65766460000077,0.00018047399583333374,362400,0.868,0.7808293077658713,0.8676876473920396,0.7727722199639535,trees,100,100,66150,3844,node_visits,795.968,513.084,0.6446038031679665,21.524900000031266,11.284300000170333,34.84880459999988,"{""adwin_delta"": 0.002, ""buffer_size"": 1000, ""chunk_size"": 2000, ""detector"": ""ddm"", ""energy_country_iso"": ""USA"", ""eval_block"": 1000, ""floor_drop"": 0.02, ""holdout_frac"": 0.2, ""init_frac"": 0.1, ""init_holdout_frac"": 0.2, ""k"": 3, ""min_buffer"": 100, ""n_ref"": 200, ""probe_rows"": 1000, ""track_energy"": true}"
elec2,rf,MechanismSelector,mechanism_selector,0,40781,3624,accuracy,163,152,3,0,149,119,79,11,0,107,30,0,0,0,0,0,0,2963265,15050,40779,15050,24.792129599999953,0.0001635464283329997,362400,0.858,0.7799220225104828,0.8502195563876245,0.7716610964888622,trees,100,100,66150,2660,node_visits,795.968,486.444,0.6111351210098899,13.942300000053365,10.579699999880177,32.97863839999991,"{""adwin_delta"": 0.002, ""buffer_size"": 1000, ""chunk_size"": 2000, ""detector"": ""ddm"", ""energy_country_iso"": ""USA"", ""eval_block"": 1000, ""floor_drop"": 0.02, ""holdout_frac"": 0.2, ""init_frac"": 0.1, ""init_holdout_frac"": 0.2, ""k"": 3, ""min_buffer"": 100, ""n_ref"": 200, ""probe_rows"": 1000, ""track_energy"": true}"
elec2,rf,FixedSchedule(k=3),fixed_schedule,0,40781,3624,accuracy,134,126,0,84,42,0,61,8,0,85,84,,0,0,0,0,0,1147265,4620,25051,4620,7.213039200001731,5.898940583333326e-05,362400,0.735,0.7369608396066796,0.7225052327940509,0.730627838577446,trees,100,100,66150,1882,node_visits,795.968,417.144,0.5240713194500282,12.428300000010495,9.922799999912968,14.034079900000052,"{""adwin_delta"": 0.002, ""buffer_size"": 1000, ""chunk_size"": 2000, ""detector"": ""ddm"", ""energy_country_iso"": ""USA"", ""eval_block"": 1000, ""floor_drop"": 0.02, ""holdout_frac"": 0.2, ""init_frac"": 0.1, ""init_holdout_frac"": 0.2, ""k"": 3, ""min_buffer"": 100, ""n_ref"": 200, ""probe_rows"": 1000, ""track_energy"": true}"
elec2,rf,AlwaysNudge,always_nudge,0,40781,3624,accuracy,117,113,0,113,0,0,28,4,0,55,113,,0,0,0,0,0,144160,565,28832,565,1.049776500000462,2.937489138888881e-05,362400,0.792,0.7606483411392561,0.7831353375302819,0.7500882223213305,trees,100,100,66150,3750,node_visits,795.968,455.854,0.5727039277960924,12.640800000099262,11.883299999908559,7.682849000000033,"{""adwin_delta"": 0.002, ""buffer_size"": 1000, ""chunk_size"": 2000, ""detector"": ""ddm"", ""energy_country_iso"": ""USA"", ""eval_block"": 1000, ""floor_drop"": 0.02, ""holdout_frac"": 0.2, ""init_frac"": 0.1, ""init_holdout_frac"": 0.2, ""k"": 3, ""min_buffer"": 100, ""n_ref"": 200, ""probe_rows"": 1000, ""track_energy"": true}"
elec2,rf,NeverAdapt,never_adapt,0,40781,3624,accuracy,169,155,155,0,0,0,64,14,0,95,0,,0,0,0,0,0,0,0,0,0,0.0,2.2661867222556396e-05,362400,0.715,0.7114832887864446,0.6963191662883521,0.6704092680526967,trees,100,100,66150,66150,node_visits,795.968,795.968,1.0,12.278100000003178,14.248800000132178,6.2956627999999455,"{""adwin_delta"": 0.002, ""buffer_size"": 1000, ""chunk_size"": 2000, ""detector"": ""ddm"", ""energy_country_iso"": ""USA"", ""eval_block"": 1000, ""floor_drop"": 0.02, ""holdout_frac"": 0.2, ""init_frac"": 0.1, ""init_holdout_frac"": 0.2, ""k"": 3, ""min_buffer"": 100, ""n_ref"": 200, ""probe_rows"": 1000, ""track_energy"": true}"
elec2,sgd,AlwaysRebuild,always_rebuild,0,40781,3624,accuracy,143,127,0,0,127,0,76,16,0,97,0,,0,0,0,0,0,1320779,0,27068,4451,0.2708990000014637,3.256573889221799e-06,235560,0.606,0.6048895318898506,0.6117005676727827,0.6029844703658975,params,9,9,,,params_read,9.0,9.0,1.0,0.1838999999108637,0.16179999988708005,2.196248799999921,"{""adwin_delta"": 0.002, ""buffer_size"": 1000, ""chunk_size"": 2000, ""detector"": ""ddm"", ""energy_country_iso"": ""USA"", ""eval_block"": 1000, ""floor_drop"": 0.02, ""holdout_frac"": 0.2, ""init_frac"": 0.1, ""init_holdout_frac"": 0.2, ""k"": 3, ""min_buffer"": 100, ""n_ref"": 200, ""probe_rows"": 1000, ""track_energy"": true}"
elec2,sgd,MechanismSelector,mechanism_selector,0,40781,3624,accuracy,127,112,4,7,101,87,71,15,0,85,21,7,0,0,0,0,0,758258,0,29115,3208,0.22324449999973695,3.7727477781113685e-06,235560,0.657,0.5987592261101984,0.6409821181064719,0.5815364437406638,params,9,9,,,params_read,9.0,9.0,1.0,0.6094000000302913,0.1663000000462489,2.1608232000000953,"{""adwin_delta"": 0.002, ""buffer_size"": 1000, ""chunk_size"": 2000, ""detector"": ""ddm"", ""energy_country_iso"": ""USA"", ""eval_block"": 1000, ""floor_drop"": 0.02, ""holdout_frac"": 0.2, ""init_frac"": 0.1, ""init_holdout_frac"": 0.2, ""k"": 3, ""min_buffer"": 100, ""n_ref"": 200, ""probe_rows"": 1000, ""track_energy"": true}"
elec2,sgd,FixedSchedule(k=3),fixed_schedule,0,40781,3624,accuracy,121,113,0,76,37,0,49,8,0,74,76,,0,0,0,0,0,537536,0,23362,1600,0.19363159999966228,3.782038888222398e-06,235560,0.671,0.6312008042961182,0.659683581681806,0.6214959968215892,params,9,9,,,params_read,9.0,9.0,1.0,0.27320000003783207,0.1682999998138257,2.140448100000185,"{""adwin_delta"": 0.002, ""buffer_size"": 1000, ""chunk_size"": 2000, ""detector"": ""ddm"", ""energy_country_iso"": ""USA"", ""eval_block"": 1000, ""floor_drop"": 0.02, ""holdout_frac"": 0.2, ""init_frac"": 0.1, ""init_holdout_frac"": 0.2, ""k"": 3, ""min_buffer"": 100, ""n_ref"": 200, ""probe_rows"": 1000, ""track_energy"": true}"
elec2,sgd,AlwaysNudge,always_nudge,0,40781,3624,accuracy,5,5,0,5,0,0,2,0,0,1,5,,0,0,0,0,0,852,0,852,5,0.005717199999935474,1.0398802774451706e-06,235560,0.66,0.6862754714205145,0.6362394590837689,0.6394475135773698,params,9,9,,,params_read,9.0,9.0,1.0,0.207299999829047,0.1958999998805666,1.661611700000094,"{""adwin_delta"": 0.002, ""buffer_size"": 1000, ""chunk_size"": 2000, ""detector"": ""ddm"", ""energy_country_iso"": ""USA"", ""eval_block"": 1000, ""floor_drop"": 0.02, ""holdout_frac"": 0.2, ""init_frac"": 0.1, ""init_holdout_frac"": 0.2, ""k"": 3, ""min_buffer"": 100, ""n_ref"": 200, ""probe_rows"": 1000, ""track_energy"": true}"
elec2,sgd,NeverAdapt,never_adapt,0,40781,3624,accuracy,118,107,107,0,0,0,54,11,0,73,0,,0,0,0,0,0,0,0,0,0,0.0,1.5377830555561292e-06,235560,0.625,0.6541036266888992,0.5985010706638115,0.5975892093108534,params,9,9,,,params_read,9.0,9.0,1.0,0.19090000000687724,0.1641999999719701,1.786801700000069,"{""adwin_delta"": 0.002, ""buffer_size"": 1000, ""chunk_size"": 2000, ""detector"": ""ddm"", ""energy_country_iso"": ""USA"", ""eval_block"": 1000, ""floor_drop"": 0.02, ""holdout_frac"": 0.2, ""init_frac"": 0.1, ""init_holdout_frac"": 0.2, ""k"": 3, ""min_buffer"": 100, ""n_ref"": 200, ""probe_rows"": 1000, ""track_energy"": true}"
elec2,gnb,AlwaysRebuild,always_rebuild,0,40781,3624,accuracy,212,193,0,0,193,0,99,19,0,137,0,,0,0,0,0,0,39035,0,39035,193,0.16985390000058942,3.4827088885556788e-06,3624,0.696,0.7101101002918025,0.6995753502255826,0.7022823494045098,params,34,34,,,params_read,34.0,34.0,1.0,0.5269000000680535,0.25550000009388896,2.2321481000001313,"{""adwin_delta"": 0.002, ""buffer_size"": 1000, ""chunk_size"": 2000, ""detector"": ""ddm"", ""energy_country_iso"": ""USA"", ""eval_block"": 1000, ""floor_drop"": 0.02, ""holdout_frac"": 0.2, ""init_frac"": 0.1, ""init_holdout_frac"": 0.2, ""k"": 3, ""min_buffer"": 100, ""n_ref"": 200, ""probe_rows"": 1000, ""track_energy"": true}"
elec2,gnb,MechanismSelector,mechanism_selector,0,40781,3624,accuracy,197,180,1,18,161,134,85,17,0,124,45,18,0,0,0,0,0,42269,0,42269,206,0.1950979999996889,3.997935277444653e-06,3624,0.733,0.706946862509502,0.7365383611009557,0.7011246350128466,params,34,34,,,params_read,34.0,34.0,1.0,0.2556999997977982,0.2602999998089217,2.25083729999983,"{""adwin_delta"": 0.002, ""buffer_size"": 1000, ""chunk_size"": 2000, ""detector"": ""ddm"", ""energy_country_iso"": ""USA"", ""eval_block"": 1000, ""floor_drop"": 0.02, ""holdout_frac"": 0.2, ""init_frac"": 0.1, ""init_holdout_frac"": 0.2, ""k"": 3, ""min_buffer"": 100, ""n_ref"": 200, ""probe_rows"": 1000, ""track_energy"": true}"
elec2,gnb,FixedSchedule(k=3),fixed_schedule,0,40781,3624,accuracy,165,151,0,101,50,0,71,14,0,97,101,,0,0,0,0,0,31570,0,31570,151,0.1352366000010079,3.2375224996673335e-06,3624,0.741,0.6972119369314141,0.7382096411970545,0.6920830458093821,params,34,34,,,params_read,34.0,34.0,1.0,0.26159999993069505,0.6396999999651598,2.09843520000004,"{""adwin_delta"": 0.002, ""buffer_size"": 1000, ""chunk_size"": 2000, ""detector"": ""ddm"", ""energy_country_iso"": ""USA"", ""eval_block"": 1000, ""floor_drop"": 0.02, ""holdout_frac"": 0.2, ""init_frac"": 0.1, ""init_holdout_frac"": 0.2, ""k"": 3, ""min_buffer"": 100, ""n_ref"": 200, ""probe_rows"": 1000, ""track_energy"": true}"
elec2,gnb,AlwaysNudge,always_nudge,0,40781,3624,accuracy,128,119,0,119,0,0,45,9,0,73,119,,0,0,0,0,0,23115,0,23115,119,0.09281310000187659,2.3689305555551914e-06,3624,0.774,0.7124886589343077,0.7596209086782022,0.6819382256080204,params,34,34,,,params_read,34.0,34.0,1.0,0.25329999994028185,0.2758999999059597,1.9628884999999627,"{""adwin_delta"": 0.002, ""buffer_size"": 1000, ""chunk_size"": 2000, ""detector"": ""ddm"", ""energy_country_iso"": ""USA"", ""eval_block"": 1000, ""floor_drop"": 0.02, ""holdout_frac"": 0.2, ""init_frac"": 0.1, ""init_holdout_frac"": 0.2, ""k"": 3, ""min_buffer"": 100, ""n_ref"": 200, ""probe_rows"": 1000, ""track_energy"": true}"
elec2,gnb,NeverAdapt,never_adapt,0,40781,3624,accuracy,32,30,30,0,0,0,9,2,0,13,0,,0,0,0,0,0,0,0,0,0,0.0,7.957163888892751e-07,3624,0.467,0.4804933670091464,0.5,0.5380421220500731,params,34,34,,,params_read,34.0,34.0,1.0,0.26619999994181853,0.25849999997262785,1.6215326999999888,"{""adwin_delta"": 0.002, ""buffer_size"": 1000, ""chunk_size"": 2000, ""detector"": ""ddm"", ""energy_country_iso"": ""USA"", ""eval_block"": 1000, ""floor_drop"": 0.02, ""holdout_frac"": 0.2, ""init_frac"": 0.1, ""init_holdout_frac"": 0.2, ""k"": 3, ""min_buffer"": 100, ""n_ref"": 200, ""probe_rows"": 1000, ""track_energy"": true}"
insects_abrupt,xgb,AlwaysRebuild,always_rebuild,0,47564,4227,balanced_accuracy,5,5,0,0,5,0,0,0,0,0,0,,2,5,0,0,0,359500,500,3595,500,3.2698839000001954,3.733637138922226e-05,422700,0.741,0.37778572029265833,0.22536496350364962,0.37226473733517623,rounds,100,100,29416,1940,node_visits,3673.036,928.695,0.2528412463150375,19.27490000002763,8.075199999893812,8.491305499999953,"{""adwin_delta"": 0.002, ""buffer_size"": 1000, ""chunk_size"": 2000, ""detector"": ""ddm"", ""energy_country_iso"": ""USA"", ""eval_block"": 1000, ""floor_drop"": 0.02, ""holdout_frac"": 0.2, ""init_frac"": 0.1, ""init_holdout_frac"": 0.2, ""k"": 3, ""min_buffer"": 100, ""n_ref"": 200, ""probe_rows"": 1000, ""track_energy"": true}"
insects_abrupt,xgb,MechanismSelector,mechanism_selector,0,47564,4227,balanced_accuracy,3,3,1,0,2,1,0,0,0,0,1,0,0,0,0,0,0,114000,205,1900,205,1.252703800000063,2.6759124444445037e-05,422700,0.806,0.3184551341350601,0.2484011122697254,0.3123626956531244,rounds,100,100,29416,9252,node_visits,3673.036,2033.711,0.5536866504983888,17.6830999998856,12.937100000044666,6.6758691,"{""adwin_delta"": 0.002, ""buffer_size"": 1000, ""chunk_size"": 2000, ""detector"": ""ddm"", ""energy_country_iso"": ""USA"", ""eval_block"": 1000, ""floor_drop"": 0.02, ""holdout_frac"": 0.2, ""init_frac"": 0.1, ""init_holdout_frac"": 0.2, ""k"": 3, ""min_buffer"": 100, ""n_ref"": 200, ""probe_rows"": 1000, ""track_energy"": true}"
insects_abrupt,xgb,FixedSchedule(k=3),fixed_schedule,0,47564,4227,balanced_accuracy,8,8,0,6,2,0,0,0,0,0,6,,3,6,0,0,0,220400,230,6080,230,3.1796463999999105,3.640221583333313e-05,422700,0.178,0.49508031284164494,0.6369449513381995,0.4954837597529922,rounds,100,110,29416,16124,node_visits,3673.036,2948.119,0.8026381990266364,17.989899999975023,15.695199999981924,8.782343500000025,"{""adwin_delta"": 0.002, ""buffer_size"": 1000, ""chunk_size"": 2000, ""detector"": ""ddm"", ""energy_country_iso"": ""USA"", ""eval_block"": 1000, ""floor_drop"": 0.02, ""holdout_frac"": 0.2, ""init_frac"": 0.1, ""init_holdout_frac"": 0.2, ""k"": 3, ""min_buffer"": 100, ""n_ref"": 200, ""probe_rows"": 1000, ""track_energy"": true}"
insects_abrupt,xgb,AlwaysNudge,always_nudge,0,47564,4227,balanced_accuracy,11,11,0,11,0,0,1,0,0,2,11,,3,6,0,0,0,33475,55,6695,55,1.841655400000036,3.8610107777444004e-05,422700,0.449,0.5578799091750063,0.6061620177267988,0.5592900569553806,rounds,100,155,29416,39656,node_visits,3673.036,5221.266,1.4215123402003138,16.573200000038923,17.12279999992461,8.524027499999875,"{""adwin_delta"": 0.002, ""buffer_size"": 1000, ""chunk_size"": 2000, ""detector"": ""ddm"", ""energy_country_iso"": ""USA"", ""eval_block"": 1000, ""floor_drop"": 0.02, ""holdout_frac"": 0.2, ""init_frac"": 0.1, ""init_holdout_frac"": 0.2, ""k"": 3, ""min_buffer"": 100, ""n_ref"": 200, ""probe_rows"": 1000, ""track_energy"": true}"
insects_abrupt,xgb,NeverAdapt,never_adapt,0,47564,4227,balanced_accuracy,5,5,5,0,0,0,0,0,0,0,0,,0,0,0,0,0,0,0,0,0,0.0,2.0551478610778133e-05,422700,0.276,0.5618324783449667,0.6358500608272507,0.5689607474919983,rounds,100,100,29416,29416,node_visits,3673.036,3673.036,1.0,17.997700000023542,17.54239999991114,5.68589390000011,"{""adwin_delta"": 0.002, ""buffer_size"": 1000, ""chunk_size"": 2000, ""detector"": ""ddm"", ""energy_country_iso"": ""USA"", ""eval_block"": 1000, ""floor_drop"": 0.02, ""holdout_frac"": 0.2, ""init_frac"": 0.1, ""init_holdout_frac"": 0.2, ""k"": 3, ""min_buffer"": 100, ""n_ref"": 200, ""probe_rows"": 1000, ""track_energy"": true}"
insects_abrupt,rf,AlwaysRebuild,always_rebuild,0,47564,4227,balanced_accuracy,8,8,0,0,8,0,0,0,0,0,0,,4,7,0,0,0,738000,800,7380,800,3.077705100000003,2.8255643611110756e-05,422700,0.175,0.5400933479101842,0.7070396680570038,0.5389511252483318,trees,100,100,122898,17754,node_visits,1307.418,939.267,0.718413697838029,23.545700000113357,16.363400000045658,7.5553601999999955,"{""adwin_delta"": 0.002, ""buffer_size"": 1000, ""chunk_size"": 2000, ""detector"": ""ddm"", ""energy_country_iso"": ""USA"", ""eval_block"": 1000, ""floor_drop"": 0.02, ""holdout_frac"": 0.2, ""init_frac"": 0.1, ""init_holdout_frac"": 0.2, ""k"": 3, ""min_buffer"": 100, ""n_ref"": 200, ""probe_rows"": 1000, ""track_energy"": true}"
insects_abrupt,rf,MechanismSelector,mechanism_selector,0,47564,4227,balanced_accuracy,7,7,2,0,5,0,0,0,0,0,5,0,1,6,0,0,0,520000,525,9000,525,2.199339399999417,2.4081570554888524e-05,422700,0.338,0.4495206458666218,0.624408020507473,0.4453058103077658,trees,100,100,122898,35256,node_visits,1307.418,1047.39,0.8011133394216694,21.02829999989808,20.551399999931164,6.71309610000003,"{""adwin_delta"": 0.002, ""buffer_size"": 1000, ""chunk_size"": 2000, ""detector"": ""ddm"", ""energy_country_iso"": ""USA"", ""eval_block"": 1000, ""floor_drop"": 0.02, ""holdout_frac"": 0.2, ""init_frac"": 0.1, ""init_holdout_frac"": 0.2, ""k"": 3, ""min_buffer"": 100, ""n_ref"": 200, ""probe_rows"": 1000, ""track_energy"": true}"
insects_abrupt,rf,FixedSchedule(k=3),fixed_schedule,0,47564,4227,balanced_accuracy,3,3,0,2,1,0,0,0,0,0,2,,1,2,0,0,0,108000,110,2600,110,0.49600710000004256,1.7479746666000167e-05,422700,0.48,0.562547304684215,0.7181058828640945,0.5698616863802108,trees,100,100,122898,25642,node_visits,1307.418,1034.872,0.7915387427739256,22.0465999998396,18.316899999945235,5.14512939999986,"{""adwin_delta"": 0.002, ""buffer_size"": 1000, ""chunk_size"": 2000, ""detector"": ""ddm"", ""energy_country_iso"": ""USA"", ""eval_block"": 1000, ""floor_drop"": 0.02, ""holdout_frac"": 0.2, ""init_frac"": 0.1, ""init_holdout_frac"": 0.2, ""k"": 3, ""min_buffer"": 100, ""n_ref"": 200, ""probe_rows"": 1000, ""track_energy"": true}"
insects_abrupt,rf,AlwaysNudge,always_nudge,0,47564,4227,balanced_accuracy,3,3,0,3,0,0,0,0,0,0,3,,1,2,0,0,0,12000,15,2400,15,0.06381099999998696,1.5029550833333739e-05,422700,0.25,0.557711714742242,0.6481545446645811,0.5653761570877543,trees,100,100,122898,107790,node_visits,1307.418,1232.258,0.9425126470646726,22.222499999998035,20.710199999939505,4.693599999999833,"{""adwin_delta"": 0.002, ""buffer_size"": 1000, ""chunk_size"": 2000, ""detector"": ""ddm"", ""energy_country_iso"": ""USA"", ""eval_block"": 1000, ""floor_drop"": 0.02, ""holdout_frac"": 0.2, ""init_frac"": 0.1, ""init_holdout_frac"": 0.2, ""k"": 3, ""min_buffer"": 100, ""n_ref"": 200, ""probe_rows"": 1000, ""track_energy"": true}"
insects_abrupt,rf,NeverAdapt,never_adapt,0,47564,4227,balanced_accuracy,3,3,3,0,0,0,0,0,0,0,0,,0,0,0,0,0,0,0,0,0,0.0,1.656218361077762e-05,422700,0.223,0.5569127911866117,0.6585179874869657,0.5648869061435934,trees,100,100,122898,122898,node_visits,1307.418,1307.418,1.0,23.58430000003864,25.409000000081505,4.703395799999953,"{""adwin_delta"": 0.002, ""buffer_size"": 1000, ""chunk_size"": 2000, ""detector"": ""ddm"", ""energy_country_iso"": ""USA"", ""eval_block"": 1000, ""floor_drop"": 0.02, ""holdout_frac"": 0.2, ""init_frac"": 0.1, ""init_holdout_frac"": 0.2, ""k"": 3, ""min_buffer"": 100, ""n_ref"": 200, ""probe_rows"": 1000, ""track_energy"": true}"
insects_abrupt,sgd,AlwaysRebuild,always_rebuild,0,47564,4227,balanced_accuracy,9,9,0,0,9,0,2,0,0,2,0,,5,12,0,0,0,3707448,0,6433,5390,0.7952360000003864,6.69878222188887e-06,942621,0.457,0.20967538474476494,0.36292035974973935,0.20200065792641564,params,204,204,,,params_read,204.0,204.0,1.0,0.5045000000336586,0.5744000000049709,2.861917200000107,"{""adwin_delta"": 0.002, ""buffer_size"": 1000, ""chunk_size"": 2000, ""detector"": ""ddm"", ""energy_country_iso"": ""USA"", ""eval_block"": 1000, ""floor_drop"": 0.02, ""holdout_frac"": 0.2, ""init_frac"": 0.1, ""init_holdout_frac"": 0.2, ""k"": 3, ""min_buffer"": 100, ""n_ref"": 200, ""probe_rows"": 1000, ""track_energy"": true}"
insects_abrupt,sgd,MechanismSelector,mechanism_selector,0,47564,4227,balanced_accuracy,3,3,0,1,2,0,0,0,0,0,3,1,0,0,0,0,0,206400,0,4400,207,0.16355270000008204,5.8698513885557194e-06,942621,0.642,0.20610125304852409,0.2704227493917275,0.20346125754815203,params,204,204,,,params_read,204.0,204.0,1.0,0.3285000000232685,1.2758999998823128,2.4187025999999605,"{""adwin_delta"": 0.002, ""buffer_size"": 1000, ""chunk_size"": 2000, ""detector"": ""ddm"", ""energy_country_iso"": ""USA"", ""eval_block"": 1000, ""floor_drop"": 0.02, ""holdout_frac"": 0.2, ""init_frac"": 0.1, ""init_holdout_frac"": 0.2, ""k"": 3, ""min_buffer"": 100, ""n_ref"": 200, ""probe_rows"": 1000, ""track_energy"": true}"
insects_abrupt,sgd,FixedSchedule(k=3),fixed_schedule,0,47564,4227,balanced_accuracy,4,4,0,3,1,0,0,0,0,0,3,,0,0,0,0,0,80400,0,3400,81,0.048462300000210234,3.362742221555817e-06,942621,0.107,0.21072659994954168,0.24331226103580117,0.21255504180532314,params,204,204,,,params_read,204.0,204.0,1.0,0.23989999999685097,0.34010000013040553,2.1368154000001596,"{""adwin_delta"": 0.002, ""buffer_size"": 1000, ""chunk_size"": 2000, ""detector"": ""ddm"", ""energy_country_iso"": ""USA"", ""eval_block"": 1000, ""floor_drop"": 0.02, ""holdout_frac"": 0.2, ""init_frac"": 0.1, ""init_holdout_frac"": 0.2, ""k"": 3, ""min_buffer"": 100, ""n_ref"": 200, ""probe_rows"": 1000, ""track_energy"": true}"
insects_abrupt,sgd,AlwaysNudge,always_nudge,0,47564,4227,balanced_accuracy,4,4,0,4,0,0,0,0,0,0,4,,0,0,0,0,0,3200,0,3200,4,0.016441199999917444,2.8947800003330374e-06,942621,0.028,0.20027752081406106,0.04818278588807786,0.20189909192938582,params,204,204,,,params_read,204.0,204.0,1.0,0.2540999998927873,0.24910000001909793,2.0719410000001517,"{""adwin_delta"": 0.002, ""buffer_size"": 1000, ""chunk_size"": 2000, ""detector"": ""ddm"", ""energy_country_iso"": ""USA"", ""eval_block"": 1000, ""floor_drop"": 0.02, ""holdout_frac"": 0.2, ""init_frac"": 0.1, ""init_holdout_frac"": 0.2, ""k"": 3, ""min_buffer"": 100, ""n_ref"": 200, ""probe_rows"": 1000, ""track_energy"": true}"
insects_abrupt,sgd,NeverAdapt,never_adapt,0,47564,4227,balanced_accuracy,5,5,5,0,0,0,0,0,0,1,0,,0,0,0,0,0,0,0,0,0,0.0,2.5904555552219843e-06,942621,0.074,0.19605163569085862,0.3046130952380952,0.19989601189044645,params,204,204,,,params_read,204.0,204.0,1.0,0.2464000001509703,0.31930000000102154,2.0071413999999095,"{""adwin_delta"": 0.002, ""buffer_size"": 1000, ""chunk_size"": 2000, ""detector"": ""ddm"", ""energy_country_iso"": ""USA"", ""eval_block"": 1000, ""floor_drop"": 0.02, ""holdout_frac"": 0.2, ""init_frac"": 0.1, ""init_holdout_frac"": 0.2, ""k"": 3, ""min_buffer"": 100, ""n_ref"": 200, ""probe_rows"": 1000, ""track_energy"": true}"
insects_abrupt,gnb,AlwaysRebuild,always_rebuild,0,47564,4227,balanced_accuracy,8,8,0,0,8,0,1,0,0,0,0,,3,5,0,0,0,7100,0,7100,8,0.015309699999761506,1.1176597228891696e-06,4227,0.339,0.5456647884955008,0.7001574991310393,0.5464635165256614,params,402,402,,,params_read,402.0,402.0,1.0,0.933199999963108,0.8795000001100561,1.6887567999999646,"{""adwin_delta"": 0.002, ""buffer_size"": 1000, ""chunk_size"": 2000, ""detector"": ""ddm"", ""energy_country_iso"": ""USA"", ""eval_block"": 1000, ""floor_drop"": 0.02, ""holdout_frac"": 0.2, ""init_frac"": 0.1, ""init_holdout_frac"": 0.2, ""k"": 3, ""min_buffer"": 100, ""n_ref"": 200, ""probe_rows"": 1000, ""track_energy"": true}"
insects_abrupt,gnb,MechanismSelector,mechanism_selector,0,47564,4227,balanced_accuracy,7,7,1,1,5,1,1,0,0,0,5,1,1,1,0,0,0,8100,0,8100,10,0.015427799999542913,1.2163005548888967e-06,4227,0.807,0.5355310739214532,0.5741603667014251,0.5354724970163266,params,402,402,,,params_read,402.0,402.0,1.0,0.8543000001282053,0.8429000001797249,1.7377725000001192,"{""adwin_delta"": 0.002, ""buffer_size"": 1000, ""chunk_size"": 2000, ""detector"": ""ddm"", ""energy_country_iso"": ""USA"", ""eval_block"": 1000, ""floor_drop"": 0.02, ""holdout_frac"": 0.2, ""init_frac"": 0.1, ""init_holdout_frac"": 0.2, ""k"": 3, ""min_buffer"": 100, ""n_ref"": 200, ""probe_rows"": 1000, ""track_energy"": true}"
insects_abrupt,gnb,FixedSchedule(k=3),fixed_schedule,0,47564,4227,balanced_accuracy,2,2,0,2,0,0,1,0,0,0,2,,0,0,0,0,0,880,0,880,2,0.0032065000000329746,1.1930511111113576e-06,4227,0.718,0.4932301740812379,0.6484239224887036,0.4918037053538679,params,402,402,,,params_read,402.0,402.0,1.0,1.549900000100024,0.8290000000670261,1.7004561999999623,"{""adwin_delta"": 0.002, ""buffer_size"": 1000, ""chunk_size"": 2000, ""detector"": ""ddm"", ""energy_country_iso"": ""USA"", ""eval_block"": 1000, ""floor_drop"": 0.02, ""holdout_frac"": 0.2, ""init_frac"": 0.1, ""init_holdout_frac"": 0.2, ""k"": 3, ""min_buffer"": 100, ""n_ref"": 200, ""probe_rows"": 1000, ""track_energy"": true}"
insects_abrupt,gnb,AlwaysNudge,always_nudge,0,47564,4227,balanced_accuracy,2,2,0,2,0,0,1,0,0,0,2,,0,0,0,0,0,880,0,880,2,0.0027112999998735177,9.872402774446456e-07,4227,0.718,0.4932301740812379,0.6484239224887036,0.4918037053538679,params,402,402,,,params_read,402.0,402.0,1.0,1.0867000000871485,1.6192999999020685,1.6759216999998898,"{""adwin_delta"": 0.002, ""buffer_size"": 1000, ""chunk_size"": 2000, ""detector"": ""ddm"", ""energy_country_iso"": ""USA"", ""eval_block"": 1000, ""floor_drop"": 0.02, ""holdout_frac"": 0.2, ""init_frac"": 0.1, ""init_holdout_frac"": 0.2, ""k"": 3, ""min_buffer"": 100, ""n_ref"": 200, ""probe_rows"": 1000, ""track_energy"": true}"
insects_abrupt,gnb,NeverAdapt,never_adapt,0,47564,4227,balanced_accuracy,2,2,2,0,0,0,1,0,0,0,0,,0,0,0,0,0,0,0,0,0,0.0,1.0315266666668637e-06,4227,0.701,0.4918425700109326,0.6579531630170317,0.49116669023416265,params,402,402,,,params_read,402.0,402.0,1.0,0.9116999999605468,0.9381999998367974,1.7034120000000712,"{""adwin_delta"": 0.002, ""buffer_size"": 1000, ""chunk_size"": 2000, ""detector"": ""ddm"", ""energy_country_iso"": ""USA"", ""eval_block"": 1000, ""floor_drop"": 0.02, ""holdout_frac"": 0.2, ""init_frac"": 0.1, ""init_holdout_frac"": 0.2, ""k"": 3, ""min_buffer"": 100, ""n_ref"": 200, ""probe_rows"": 1000, ""track_energy"": true}"
insects_gradual,xgb,AlwaysRebuild,always_rebuild,0,21735,1932,balanced_accuracy,11,11,0,0,11,0,2,0,0,5,0,,8,23,1,0,0,563100,1100,5631,1100,4.989026500000364,3.4116961944445306e-05,193200,0.694,0.5645272601794341,0.7313428401663696,0.5572097783705801,rounds,100,100,8232,1844,node_visits,1833.129,1004.235,0.5478256031081282,10.822100000041246,7.88990000000922,8.038818399999855,"{""adwin_delta"": 0.002, ""buffer_size"": 1000, ""chunk_size"": 2000, ""detector"": ""ddm"", ""energy_country_iso"": ""USA"", ""eval_block"": 1000, ""floor_drop"": 0.02, ""holdout_frac"": 0.2, ""init_frac"": 0.1, ""init_holdout_frac"": 0.2, ""k"": 3, ""min_buffer"": 100, ""n_ref"": 200, ""probe_rows"": 1000, ""track_energy"": true}"
insects_gradual,xgb,MechanismSelector,mechanism_selector,0,21735,1932,balanced_accuracy,5,5,0,1,4,1,1,0,0,1,4,1,4,19,1,0,0,311020,420,6040,420,2.1327026999997543,2.0226665833666864e-05,193200,0.61,0.43648493213710604,0.2636601307189543,0.4367018944653583,rounds,100,100,8232,1546,node_visits,1833.129,931.409,0.5080979025480477,11.0727000001134,8.460099999865633,5.324223299999858,"{""adwin_delta"": 0.002, ""buffer_size"": 1000, ""chunk_size"": 2000, ""detector"": ""ddm"", ""energy_country_iso"": ""USA"", ""eval_block"": 1000, ""floor_drop"": 0.02, ""holdout_frac"": 0.2, ""init_frac"": 0.1, ""init_holdout_frac"": 0.2, ""k"": 3, ""min_buffer"": 100, ""n_ref"": 200, ""probe_rows"": 1000, ""track_energy"": true}"
insects_gradual,xgb,FixedSchedule(k=3),fixed_schedule,0,21735,1932,balanced_accuracy,2,2,0,2,0,0,0,0,0,0,2,,2,4,1,0,0,7420,10,1484,10,0.21029029999976956,1.1933852222222275e-05,193200,0.9,0.267586841499885,0.3333333333333333,0.28021337792175677,rounds,100,110,8232,8786,node_visits,1833.129,1989.59,1.0853518764909615,12.402400000155467,12.648500000068452,3.35417120000011,"{""adwin_delta"": 0.002, ""buffer_size"": 1000, ""chunk_size"": 2000, ""detector"": ""ddm"", ""energy_country_iso"": ""USA"", ""eval_block"": 1000, ""floor_drop"": 0.02, ""holdout_frac"": 0.2, ""init_frac"": 0.1, ""init_holdout_frac"": 0.2, ""k"": 3, ""min_buffer"": 100, ""n_ref"": 200, ""probe_rows"": 1000, ""track_energy"": true}"
insects_gradual,xgb,AlwaysNudge,always_nudge,0,21735,1932,balanced_accuracy,2,2,0,2,0,0,0,0,0,0,2,,2,4,1,0,0,7420,10,1484,10,0.23279130000014447,1.3322826945111289e-05,193200,0.9,0.267586841499885,0.3333333333333333,0.28021337792175677,rounds,100,110,8232,8786,node_visits,1833.129,1989.59,1.0853518764909615,12.237899999945512,13.96710000017265,3.55948699999999,"{""adwin_delta"": 0.002, ""buffer_size"": 1000, ""chunk_size"": 2000, ""detector"": ""ddm"", ""energy_country_iso"": ""USA"", ""eval_block"": 1000, ""floor_drop"": 0.02, ""holdout_frac"": 0.2, ""init_frac"": 0.1, ""init_holdout_frac"": 0.2, ""k"": 3, ""min_buffer"": 100, ""n_ref"": 200, ""probe_rows"": 1000, ""track_energy"": true}"
insects_gradual,xgb,NeverAdapt,never_adapt,0,21735,1932,balanced_accuracy,4,4,4,0,0,0,0,0,0,0,0,,0,0,1,0,0,0,0,0,0,0.0,9.315817222888598e-06,193200,0.034,0.2782608695652174,0.2335115864527629,0.3060491100450692,rounds,100,100,8232,8232,node_visits,1833.129,1833.129,1.0,10.820400000056907,11.21389999980238,3.2038082999999915,"{""adwin_delta"": 0.002, ""buffer_size"": 1000, ""chunk_size"": 2000, ""detector"": ""ddm"", ""energy_country_iso"": ""USA"", ""eval_block"": 1000, ""floor_drop"": 0.02, ""holdout_frac"": 0.2, ""init_frac"": 0.1, ""init_holdout_frac"": 0.2, ""k"": 3, ""min_buffer"": 100, ""n_ref"": 200, ""probe_rows"": 1000, ""track_energy"": true}"
insects_gradual,rf,AlwaysRebuild,always_rebuild,0,21735,1932,balanced_accuracy,11,11,0,0,11,0,4,0,0,5,0,,10,24,1,0,0,410900,1100,4109,1100,2.4598484999994525,1.9564435832999523e-05,193200,0.678,0.4721417069243156,0.3777678748266983,0.4747238294576608,trees,100,100,26588,5964,node_visits,876.428,580.383,0.6622141236929903,19.271000000117056,15.380399999912697,5.615617400000019,"{""adwin_delta"": 0.002, ""buffer_size"": 1000, ""chunk_size"": 2000, ""detector"": ""ddm"", ""energy_country_iso"": ""USA"", ""eval_block"": 1000, ""floor_drop"": 0.02, ""holdout_frac"": 0.2, ""init_frac"": 0.1, ""init_holdout_frac"": 0.2, ""k"": 3, ""min_buffer"": 100, ""n_ref"": 200, ""probe_rows"": 1000, ""track_energy"": true}"
insects_gradual,rf,MechanismSelector,mechanism_selector,0,21735,1932,balanced_accuracy,8,8,1,0,7,5,3,0,0,4,2,0,7,27,1,0,0,201190,710,3036,710,1.2343583999997918,1.318957138922199e-05,193200,0.703,0.31515988037727166,0.35887304416716176,0.331637270464534,trees,100,100,26588,6184,node_visits,876.428,592.432,0.6759619729173417,16.424599999936618,12.612400000080015,4.296870200000058,"{""adwin_delta"": 0.002, ""buffer_size"": 1000, ""chunk_size"": 2000, ""detector"": ""ddm"", ""energy_country_iso"": ""USA"", ""eval_block"": 1000, ""floor_drop"": 0.02, ""holdout_frac"": 0.2, ""init_frac"": 0.1, ""init_holdout_frac"": 0.2, ""k"": 3, ""min_buffer"": 100, ""n_ref"": 200, ""probe_rows"": 1000, ""track_energy"": true}"
insects_gradual,rf,FixedSchedule(k=3),fixed_schedule,0,21735,1932,balanced_accuracy,13,13,0,9,4,0,4,0,0,5,9,,11,35,1,0,0,266125,445,5174,445,1.212017900000319,1.3866494722221916e-05,193200,0.353,0.2891649413388544,0.23882352941176474,0.2971061830793373,trees,100,100,26588,36954,node_visits,876.428,982.499,1.1210264847768443,14.941700000008495,19.13409999997384,4.426639100000102,"{""adwin_delta"": 0.002, ""buffer_size"": 1000, ""chunk_size"": 2000, ""detector"": ""ddm"", ""energy_country_iso"": ""USA"", ""eval_block"": 1000, ""floor_drop"": 0.02, ""holdout_frac"": 0.2, ""init_frac"": 0.1, ""init_holdout_frac"": 0.2, ""k"": 3, ""min_buffer"": 100, ""n_ref"": 200, ""probe_rows"": 1000, ""track_energy"": true}"
insects_gradual,rf,AlwaysNudge,always_nudge,0,21735,1932,balanced_accuracy,8,8,0,8,0,0,4,0,0,3,8,,7,16,1,0,0,15385,40,3077,40,0.09880139999995663,7.845101666666243e-06,193200,0.032,0.2508856682769726,0.21390374331550802,0.28025624726097953,trees,100,100,26588,19032,node_visits,876.428,771.319,0.8800711524506291,16.248399999994945,14.01920000012069,3.155868400000145,"{""adwin_delta"": 0.002, ""buffer_size"": 1000, ""chunk_size"": 2000, ""detector"": ""ddm"", ""energy_country_iso"": ""USA"", ""eval_block"": 1000, ""floor_drop"": 0.02, ""holdout_frac"": 0.2, ""init_frac"": 0.1, ""init_holdout_frac"": 0.2, ""k"": 3, ""min_buffer"": 100, ""n_ref"": 200, ""probe_rows"": 1000, ""track_energy"": true}"
insects_gradual,rf,NeverAdapt,never_adapt,0,21735,1932,balanced_accuracy,8,8,8,0,0,0,4,0,0,3,0,,0,0,1,0,0,0,0,0,0,0.0,6.644296667333072e-06,193200,0.029,0.2571428571428571,0.19875222816399285,0.28592881705743456,trees,100,100,26588,26588,node_visits,876.428,876.428,1.0,16.9157999998788,15.716999999995096,2.912068300000101,"{""adwin_delta"": 0.002, ""buffer_size"": 1000, ""chunk_size"": 2000, ""detector"": ""ddm"", ""energy_country_iso"": ""USA"", ""eval_block"": 1000, ""floor_drop"": 0.02, ""holdout_frac"": 0.2, ""init_frac"": 0.1, ""init_holdout_frac"": 0.2, ""k"": 3, ""min_buffer"": 100, ""n_ref"": 200, ""probe_rows"": 1000, ""track_energy"": true}"
insects_gradual,sgd,AlwaysRebuild,always_rebuild,0,21735,1932,balanced_accuracy,6,6,0,0,6,0,0,0,0,0,0,,4,8,1,0,0,2358000,0,4123,4235,0.5240411000004315,3.9534491666668555e-06,1932000,0.058,0.20101219231654013,0.040202020202020204,0.204486082191125,params,204,204,,,params_read,204.0,204.0,1.0,0.24039999993874517,0.5326999998942483,2.3068120000000363,"{""adwin_delta"": 0.002, ""buffer_size"": 1000, ""chunk_size"": 2000, ""detector"": ""ddm"", ""energy_country_iso"": ""USA"", ""eval_block"": 1000, ""floor_drop"": 0.02, ""holdout_frac"": 0.2, ""init_frac"": 0.1, ""init_holdout_frac"": 0.2, ""k"": 3, ""min_buffer"": 100, ""n_ref"": 200, ""probe_rows"": 1000, ""track_energy"": true}"
insects_gradual,sgd,MechanismSelector,mechanism_selector,0,21735,1932,balanced_accuracy,3,3,1,1,1,1,0,0,0,0,1,1,1,1,1,0,0,237800,0,1037,1001,0.032603999999992084,1.8244369437776988e-06,1932000,0.013,0.22742121002990567,0.08971677559912854,0.22098200632113396,params,204,204,,,params_read,204.0,204.0,1.0,0.27809999983219313,0.270799999952942,1.8094469999998637,"{""adwin_delta"": 0.002, ""buffer_size"": 1000, ""chunk_size"": 2000, ""detector"": ""ddm"", ""energy_country_iso"": ""USA"", ""eval_block"": 1000, ""floor_drop"": 0.02, ""holdout_frac"": 0.2, ""init_frac"": 0.1, ""init_holdout_frac"": 0.2, ""k"": 3, ""min_buffer"": 100, ""n_ref"": 200, ""probe_rows"": 1000, ""track_energy"": true}"
insects_gradual,sgd,FixedSchedule(k=3),fixed_schedule,0,21735,1932,balanced_accuracy,3,3,0,2,1,0,0,0,0,0,2,,1,3,1,0,0,1000685,0,1685,1002,0.2645905999997922,2.893616111111664e-06,1932000,0.242,0.17768576029445596,0.4793265993265993,0.21094017739815274,params,204,204,,,params_read,204.0,204.0,1.0,0.2723000000059983,0.25219999997716513,2.0489901000000827,"{""adwin_delta"": 0.002, ""buffer_size"": 1000, ""chunk_size"": 2000, ""detector"": ""ddm"", ""energy_country_iso"": ""USA"", ""eval_block"": 1000, ""floor_drop"": 0.02, ""holdout_frac"": 0.2, ""init_frac"": 0.1, ""init_holdout_frac"": 0.2, ""k"": 3, ""min_buffer"": 100, ""n_ref"": 200, ""probe_rows"": 1000, ""track_energy"": true}"
insects_gradual,sgd,AlwaysNudge,always_nudge,0,21735,1932,balanced_accuracy,3,3,0,3,0,0,0,0,0,0,3,,0,0,1,0,0,1485,0,1485,3,0.01359879999995428,1.7202302774449702e-06,1932000,0.218,0.17658155049459398,0.47043771043771043,0.2099389258336972,params,204,204,,,params_read,204.0,204.0,1.0,0.4420999998728803,0.3019000000676897,1.8258413999999448,"{""adwin_delta"": 0.002, ""buffer_size"": 1000, ""chunk_size"": 2000, ""detector"": ""ddm"", ""energy_country_iso"": ""USA"", ""eval_block"": 1000, ""floor_drop"": 0.02, ""holdout_frac"": 0.2, ""init_frac"": 0.1, ""init_holdout_frac"": 0.2, ""k"": 3, ""min_buffer"": 100, ""n_ref"": 200, ""probe_rows"": 1000, ""track_energy"": true}"
insects_gradual,sgd,NeverAdapt,never_adapt,0,21735,1932,balanced_accuracy,4,4,4,0,0,0,0,0,0,0,0,,0,0,1,0,0,0,0,0,0,0.0,1.5208624999998272e-06,1932000,0.058,0.18762364849321372,0.411764705882353,0.21857606230898155,params,204,204,,,params_read,204.0,204.0,1.0,0.23880000003373425,0.23880000003373425,1.7836075999998684,"{""adwin_delta"": 0.002, ""buffer_size"": 1000, ""chunk_size"": 2000, ""detector"": ""ddm"", ""energy_country_iso"": ""USA"", ""eval_block"": 1000, ""floor_drop"": 0.02, ""holdout_frac"": 0.2, ""init_frac"": 0.1, ""init_holdout_frac"": 0.2, ""k"": 3, ""min_buffer"": 100, ""n_ref"": 200, ""probe_rows"": 1000, ""track_energy"": true}"
insects_gradual,gnb,AlwaysRebuild,always_rebuild,0,21735,1932,balanced_accuracy,4,4,0,0,4,0,1,0,0,1,0,,3,8,1,0,0,3100,0,3100,4,0.00703130000033525,6.392797218888681e-07,1932,0.728,0.5312169312169313,0.30736383442265797,0.5098630147242768,params,402,402,,,params_read,402.0,402.0,1.0,1.1136000000533386,0.9092000000237022,1.5730054999999084,"{""adwin_delta"": 0.002, ""buffer_size"": 1000, ""chunk_size"": 2000, ""detector"": ""ddm"", ""energy_country_iso"": ""USA"", ""eval_block"": 1000, ""floor_drop"": 0.02, ""holdout_frac"": 0.2, ""init_frac"": 0.1, ""init_holdout_frac"": 0.2, ""k"": 3, ""min_buffer"": 100, ""n_ref"": 200, ""probe_rows"": 1000, ""track_energy"": true}"
insects_gradual,gnb,MechanismSelector,mechanism_selector,0,21735,1932,balanced_accuracy,3,3,1,1,1,0,0,0,0,0,2,1,0,0,1,0,0,2600,0,2600,3,0.004993300000023737,5.89771111445161e-07,1932,0.727,0.537888198757764,0.367688651218063,0.5210053495845771,params,402,402,,,params_read,402.0,402.0,1.0,1.0986999998294777,1.0924999999133433,1.595100900000034,"{""adwin_delta"": 0.002, ""buffer_size"": 1000, ""chunk_size"": 2000, ""detector"": ""ddm"", ""energy_country_iso"": ""USA"", ""eval_block"": 1000, ""floor_drop"": 0.02, ""holdout_frac"": 0.2, ""init_frac"": 0.1, ""init_holdout_frac"": 0.2, ""k"": 3, ""min_buffer"": 100, ""n_ref"": 200, ""probe_rows"": 1000, ""track_energy"": true}"
insects_gradual,gnb,FixedSchedule(k=3),fixed_schedule,0,21735,1932,balanced_accuracy,3,3,0,2,1,0,0,0,0,0,2,,0,0,1,0,0,2600,0,2600,3,0.003657999999859385,5.448983326660931e-07,1932,0.722,0.5494824016563147,0.34718954248366013,0.5308104807568178,params,402,402,,,params_read,402.0,402.0,1.0,0.8330999999088817,0.8115999999063206,1.5509173000000374,"{""adwin_delta"": 0.002, ""buffer_size"": 1000, ""chunk_size"": 2000, ""detector"": ""ddm"", ""energy_country_iso"": ""USA"", ""eval_block"": 1000, ""floor_drop"": 0.02, ""holdout_frac"": 0.2, ""init_frac"": 0.1, ""init_holdout_frac"": 0.2, ""k"": 3, ""min_buffer"": 100, ""n_ref"": 200, ""probe_rows"": 1000, ""track_energy"": true}"
insects_gradual,gnb,AlwaysNudge,always_nudge,0,21735,1932,balanced_accuracy,3,3,0,3,0,0,0,0,0,0,3,,0,0,1,0,0,2400,0,2400,3,0.004476399999703062,6.543677777781194e-07,1932,0.119,0.4311019093627789,0.09555555555555555,0.42001219855646826,params,402,402,,,params_read,402.0,402.0,1.0,0.9297000001424749,0.8015000000796135,1.5771589000000859,"{""adwin_delta"": 0.002, ""buffer_size"": 1000, ""chunk_size"": 2000, ""detector"": ""ddm"", ""energy_country_iso"": ""USA"", ""eval_block"": 1000, ""floor_drop"": 0.02, ""holdout_frac"": 0.2, ""init_frac"": 0.1, ""init_holdout_frac"": 0.2, ""k"": 3, ""min_buffer"": 100, ""n_ref"": 200, ""probe_rows"": 1000, ""track_energy"": true}"
insects_gradual,gnb,NeverAdapt,never_adapt,0,21735,1932,balanced_accuracy,3,3,3,0,0,0,0,0,0,0,0,,0,0,1,0,0,0,0,0,0,0.0,6.292819447785842e-07,1932,0.027,0.34156889809063723,0.09438898791839968,0.3418107321216655,params,402,402,,,params_read,402.0,402.0,1.0,2.027999999882013,0.9214000001520617,1.6263782000000901,"{""adwin_delta"": 0.002, ""buffer_size"": 1000, ""chunk_size"": 2000, ""detector"": ""ddm"", ""energy_country_iso"": ""USA"", ""eval_block"": 1000, ""floor_drop"": 0.02, ""holdout_frac"": 0.2, ""init_frac"": 0.1, ""init_holdout_frac"": 0.2, ""k"": 3, ""min_buffer"": 100, ""n_ref"": 200, ""probe_rows"": 1000, ""track_energy"": true}"
insects_incremental,xgb,AlwaysRebuild,always_rebuild,0,51317,4560,balanced_accuracy,7,7,0,0,7,0,0,0,0,2,0,,0,0,0,0,0,424300,700,4243,700,6.558883399999559,5.5970994444777726e-05,456000,0.525,0.5342479100493014,0.5233065839813894,0.5342548892116902,rounds,100,100,36642,3132,node_visits,3853.825,1393.613,0.3616181326344606,18.235799999956726,8.779400000094029,12.396804400000065,"{""adwin_delta"": 0.002, ""buffer_size"": 1000, ""chunk_size"": 2000, ""detector"": ""ddm"", ""energy_country_iso"": ""USA"", ""eval_block"": 1000, ""floor_drop"": 0.02, ""holdout_frac"": 0.2, ""init_frac"": 0.1, ""init_holdout_frac"": 0.2, ""k"": 3, ""min_buffer"": 100, ""n_ref"": 200, ""probe_rows"": 1000, ""track_energy"": true}"
insects_incremental,xgb,MechanismSelector,mechanism_selector,0,51317,4560,balanced_accuracy,3,3,0,2,1,0,0,0,0,0,3,2,0,0,0,0,0,82980,115,2897,115,1.7306788999999299,3.2627459166333025e-05,456000,0.379,0.4734103708322778,0.3772701053406002,0.47341511147138454,rounds,100,110,36642,16040,node_visits,3853.825,3046.805,0.7905924633318846,18.742599999995946,15.269600000010541,8.030707800000073,"{""adwin_delta"": 0.002, ""buffer_size"": 1000, ""chunk_size"": 2000, ""detector"": ""ddm"", ""energy_country_iso"": ""USA"", ""eval_block"": 1000, ""floor_drop"": 0.02, ""holdout_frac"": 0.2, ""init_frac"": 0.1, ""init_holdout_frac"": 0.2, ""k"": 3, ""min_buffer"": 100, ""n_ref"": 200, ""probe_rows"": 1000, ""track_energy"": true}"
insects_incremental,xgb,FixedSchedule(k=3),fixed_schedule,0,51317,4560,balanced_accuracy,3,3,0,2,1,0,0,0,0,0,2,,0,0,0,0,0,106880,110,2376,110,1.8049200000000383,3.453190083299923e-05,456000,0.523,0.4800553422842333,0.5219290550408444,0.4800541692072029,rounds,100,100,36642,15382,node_visits,3853.825,2815.15,0.7304820535442061,18.463399999973262,15.219799999840689,8.228774600000179,"{""adwin_delta"": 0.002, ""buffer_size"": 1000, ""chunk_size"": 2000, ""detector"": ""ddm"", ""energy_country_iso"": ""USA"", ""eval_block"": 1000, ""floor_drop"": 0.02, ""holdout_frac"": 0.2, ""init_frac"": 0.1, ""init_holdout_frac"": 0.2, ""k"": 3, ""min_buffer"": 100, ""n_ref"": 200, ""probe_rows"": 1000, ""track_energy"": true}"
insects_incremental,xgb,AlwaysNudge,always_nudge,0,51317,4560,balanced_accuracy,4,4,0,4,0,0,1,0,0,1,4,,0,0,0,0,0,11280,20,2256,20,0.7597749000001386,4.1632269722889474e-05,456000,0.421,0.4380809478340511,0.4193220572220357,0.43808154360300006,rounds,100,120,36642,41352,node_visits,3853.825,4493.594,1.166008835377839,16.951800000015282,15.160100000002785,8.115209699999923,"{""adwin_delta"": 0.002, ""buffer_size"": 1000, ""chunk_size"": 2000, ""detector"": ""ddm"", ""energy_country_iso"": ""USA"", ""eval_block"": 1000, ""floor_drop"": 0.02, ""holdout_frac"": 0.2, ""init_frac"": 0.1, ""init_holdout_frac"": 0.2, ""k"": 3, ""min_buffer"": 100, ""n_ref"": 200, ""probe_rows"": 1000, ""track_energy"": true}"
insects_incremental,xgb,NeverAdapt,never_adapt,0,51317,4560,balanced_accuracy,3,3,3,0,0,0,0,0,0,0,0,,0,0,0,0,0,0,0,0,0,0.0,3.769004805522184e-05,456000,0.12,0.22012198686595086,0.1199112905812767,0.22011747061026066,rounds,100,100,36642,36642,node_visits,3853.825,3853.825,1.0,38.37459999999737,18.388300000196978,7.538702300000068,"{""adwin_delta"": 0.002, ""buffer_size"": 1000, ""chunk_size"": 2000, ""detector"": ""ddm"", ""energy_country_iso"": ""USA"", ""eval_block"": 1000, ""floor_drop"": 0.02, ""holdout_frac"": 0.2, ""init_frac"": 0.1, ""init_holdout_frac"": 0.2, ""k"": 3, ""min_buffer"": 100, ""n_ref"": 200, ""probe_rows"": 1000, ""track_energy"": true}"
insects_incremental,rf,AlwaysRebuild,always_rebuild,0,51317,4560,balanced_accuracy,3,3,0,0,3,0,0,0,0,0,0,,0,0,0,0,0,300000,300,3000,300,1.4454527000000326,2.6092260833332635e-05,456000,0.444,0.5647446265370151,0.4426163862566945,0.5647463114035799,trees,100,100,190346,39438,node_visits,1245.109,977.97,0.7854493060446918,27.581600000075923,17.892900000106238,6.398583099999996,"{""adwin_delta"": 0.002, ""buffer_size"": 1000, ""chunk_size"": 2000, ""detector"": ""ddm"", ""energy_country_iso"": ""USA"", ""eval_block"": 1000, ""floor_drop"": 0.02, ""holdout_frac"": 0.2, ""init_frac"": 0.1, ""init_holdout_frac"": 0.2, ""k"": 3, ""min_buffer"": 100, ""n_ref"": 200, ""probe_rows"": 1000, ""track_energy"": true}"
insects_incremental,rf,MechanismSelector,mechanism_selector,0,51317,4560,balanced_accuracy,3,3,0,0,3,0,0,0,0,0,3,0,0,0,0,0,0,312000,315,5400,315,1.341194600000108,2.379455527744477e-05,456000,0.444,0.5647446265370151,0.4426163862566945,0.5647463114035799,trees,100,100,190346,39438,node_visits,1245.109,977.97,0.7854493060446918,31.29799999987881,20.070700000133,6.347854999999981,"{""adwin_delta"": 0.002, ""buffer_size"": 1000, ""chunk_size"": 2000, ""detector"": ""ddm"", ""energy_country_iso"": ""USA"", ""eval_block"": 1000, ""floor_drop"": 0.02, ""holdout_frac"": 0.2, ""init_frac"": 0.1, ""init_holdout_frac"": 0.2, ""k"": 3, ""min_buffer"": 100, ""n_ref"": 200, ""probe_rows"": 1000, ""track_energy"": true}"
insects_incremental,rf,FixedSchedule(k=3),fixed_schedule,0,51317,4560,balanced_accuracy,2,2,0,2,0,0,0,0,0,0,2,,0,0,0,0,0,8000,10,1600,10,0.045506499999873995,2.3530894166999754e-05,456000,0.127,0.226026462965489,0.12677219063955972,0.22602180037055722,trees,100,100,190346,174634,node_visits,1245.109,1211.778,0.9732304561287406,33.01119999991897,22.755899999992835,5.4584096000000955,"{""adwin_delta"": 0.002, ""buffer_size"": 1000, ""chunk_size"": 2000, ""detector"": ""ddm"", ""energy_country_iso"": ""USA"", ""eval_block"": 1000, ""floor_drop"": 0.02, ""holdout_frac"": 0.2, ""init_frac"": 0.1, ""init_holdout_frac"": 0.2, ""k"": 3, ""min_buffer"": 100, ""n_ref"": 200, ""probe_rows"": 1000, ""track_energy"": true}"
insects_incremental,rf,AlwaysNudge,always_nudge,0,51317,4560,balanced_accuracy,2,2,0,2,0,0,0,0,0,0,2,,0,0,0,0,0,8000,10,1600,10,0.04667140000015024,1.903807000066741e-05,456000,0.127,0.226026462965489,0.12677219063955972,0.22602180037055722,trees,100,100,190346,174634,node_visits,1245.109,1211.778,0.9732304561287406,28.44550000008894,25.424799999882453,5.090594399999873,"{""adwin_delta"": 0.002, ""buffer_size"": 1000, ""chunk_size"": 2000, ""detector"": ""ddm"", ""energy_country_iso"": ""USA"", ""eval_block"": 1000, ""floor_drop"": 0.02, ""holdout_frac"": 0.2, ""init_frac"": 0.1, ""init_holdout_frac"": 0.2, ""k"": 3, ""min_buffer"": 100, ""n_ref"": 200, ""probe_rows"": 1000, ""track_energy"": true}"
insects_incremental,rf,NeverAdapt,never_adapt,0,51317,4560,balanced_accuracy,2,2,2,0,0,0,0,0,0,0,0,,0,0,0,0,0,0,0,0,0,0.0,1.6727106110444197e-05,456000,0.119,0.21265857318237621,0.1187738801111042,0.21265430515905356,trees,100,100,190346,190346,node_visits,1245.109,1245.109,1.0,27.846500000123342,23.39150000011614,4.869055600000138,"{""adwin_delta"": 0.002, ""buffer_size"": 1000, ""chunk_size"": 2000, ""detector"": ""ddm"", ""energy_country_iso"": ""USA"", ""eval_block"": 1000, ""floor_drop"": 0.02, ""holdout_frac"": 0.2, ""init_frac"": 0.1, ""init_holdout_frac"": 0.2, ""k"": 3, ""min_buffer"": 100, ""n_ref"": 200, ""probe_rows"": 1000, ""track_energy"": true}"
insects_incremental,sgd,AlwaysRebuild,always_rebuild,0,51317,4560,balanced_accuracy,0,0,0,0,0,0,0,0,0,0,0,,0,0,0,0,0,0,0,0,0,0.0,2.981941388889448e-06,902880,0.235,0.23561392910731335,0.234109997910836,0.2356354756202942,params,204,204,,,params_read,204.0,204.0,1.0,0.2685999997993349,0.23430000010193908,2.0666833999998744,"{""adwin_delta"": 0.002, ""buffer_size"": 1000, ""chunk_size"": 2000, ""detector"": ""ddm"", ""energy_country_iso"": ""USA"", ""eval_block"": 1000, ""floor_drop"": 0.02, ""holdout_frac"": 0.2, ""init_frac"": 0.1, ""init_holdout_frac"": 0.2, ""k"": 3, ""min_buffer"": 100, ""n_ref"": 200, ""probe_rows"": 1000, ""track_energy"": true}"
insects_incremental,sgd,MechanismSelector,mechanism_selector,0,51317,4560,balanced_accuracy,0,0,0,0,0,0,0,0,0,0,0,0,0,0,0,0,0,0,0,0,0,0.0,2.807692777777492e-06,902880,0.235,0.23561392910731335,0.234109997910836,0.2356354756202942,params,204,204,,,params_read,204.0,204.0,1.0,0.2578000000994507,0.23229999987961492,2.085821399999986,"{""adwin_delta"": 0.002, ""buffer_size"": 1000, ""chunk_size"": 2000, ""detector"": ""ddm"", ""energy_country_iso"": ""USA"", ""eval_block"": 1000, ""floor_drop"": 0.02, ""holdout_frac"": 0.2, ""init_frac"": 0.1, ""init_holdout_frac"": 0.2, ""k"": 3, ""min_buffer"": 100, ""n_ref"": 200, ""probe_rows"": 1000, ""track_energy"": true}"
insects_incremental,sgd,FixedSchedule(k=3),fixed_schedule,0,51317,4560,balanced_accuracy,0,0,0,0,0,0,0,0,0,0,0,,0,0,0,0,0,0,0,0,0,0.0,2.7463188885556453e-06,902880,0.235,0.23561392910731335,0.234109997910836,0.2356354756202942,params,204,204,,,params_read,204.0,204.0,1.0,0.2355000001443841,0.23630000009688956,2.039931499999966,"{""adwin_delta"": 0.002, ""buffer_size"": 1000, ""chunk_size"": 2000, ""detector"": ""ddm"", ""energy_country_iso"": ""USA"", ""eval_block"": 1000, ""floor_drop"": 0.02, ""holdout_frac"": 0.2, ""init_frac"": 0.1, ""init_holdout_frac"": 0.2, ""k"": 3, ""min_buffer"": 100, ""n_ref"": 200, ""probe_rows"": 1000, ""track_energy"": true}"
insects_incremental,sgd,AlwaysNudge,always_nudge,0,51317,4560,balanced_accuracy,0,0,0,0,0,0,0,0,0,0,0,,0,0,0,0,0,0,0,0,0,0.0,2.7948941660002307e-06,902880,0.235,0.23561392910731335,0.234109997910836,0.2356354756202942,params,204,204,,,params_read,204.0,204.0,1.0,0.24340000004485773,0.23250000003827154,2.0426432999997814,"{""adwin_delta"": 0.002, ""buffer_size"": 1000, ""chunk_size"": 2000, ""detector"": ""ddm"", ""energy_country_iso"": ""USA"", ""eval_block"": 1000, ""floor_drop"": 0.02, ""holdout_frac"": 0.2, ""init_frac"": 0.1, ""init_holdout_frac"": 0.2, ""k"": 3, ""min_buffer"": 100, ""n_ref"": 200, ""probe_rows"": 1000, ""track_energy"": true}"
insects_incremental,sgd,NeverAdapt,never_adapt,0,51317,4560,balanced_accuracy,0,0,0,0,0,0,0,0,0,0,0,,0,0,0,0,0,0,0,0,0,0.0,2.9230616666668526e-06,902880,0.235,0.23561392910731335,0.234109997910836,0.2356354756202942,params,204,204,,,params_read,204.0,204.0,1.0,0.2965999999560154,0.23719999990134966,2.0568640999999843,"{""adwin_delta"": 0.002, ""buffer_size"": 1000, ""chunk_size"": 2000, ""detector"": ""ddm"", ""energy_country_iso"": ""USA"", ""eval_block"": 1000, ""floor_drop"": 0.02, ""holdout_frac"": 0.2, ""init_frac"": 0.1, ""init_holdout_frac"": 0.2, ""k"": 3, ""min_buffer"": 100, ""n_ref"": 200, ""probe_rows"": 1000, ""track_energy"": true}"
insects_incremental,gnb,AlwaysRebuild,always_rebuild,0,51317,4560,balanced_accuracy,3,3,0,0,3,0,0,0,0,0,0,,0,0,0,0,0,3000,0,3000,3,0.005760899999813773,1.078233334000107e-06,4560,0.424,0.516495508311086,0.4233310353652128,0.5164968594862552,params,402,402,,,params_read,402.0,402.0,1.0,0.9385999999267369,0.9445999999115884,1.656209600000011,"{""adwin_delta"": 0.002, ""buffer_size"": 1000, ""chunk_size"": 2000, ""detector"": ""ddm"", ""energy_country_iso"": ""USA"", ""eval_block"": 1000, ""floor_drop"": 0.02, ""holdout_frac"": 0.2, ""init_frac"": 0.1, ""init_holdout_frac"": 0.2, ""k"": 3, ""min_buffer"": 100, ""n_ref"": 200, ""probe_rows"": 1000, ""track_energy"": true}"
insects_incremental,gnb,MechanismSelector,mechanism_selector,0,51317,4560,balanced_accuracy,3,3,0,0,3,0,0,0,0,0,3,0,0,0,0,0,0,5400,0,5400,6,0.008395699999709905,1.069937221888815e-06,4560,0.424,0.516495508311086,0.4233310353652128,0.5164968594862552,params,402,402,,,params_read,402.0,402.0,1.0,1.166499999953885,0.8256999999503023,1.6688148000000638,"{""adwin_delta"": 0.002, ""buffer_size"": 1000, ""chunk_size"": 2000, ""detector"": ""ddm"", ""energy_country_iso"": ""USA"", ""eval_block"": 1000, ""floor_drop"": 0.02, ""holdout_frac"": 0.2, ""init_frac"": 0.1, ""init_holdout_frac"": 0.2, ""k"": 3, ""min_buffer"": 100, ""n_ref"": 200, ""probe_rows"": 1000, ""track_energy"": true}"
insects_incremental,gnb,FixedSchedule(k=3),fixed_schedule,0,51317,4560,balanced_accuracy,3,3,0,2,1,0,0,0,0,0,2,,0,0,0,0,0,2600,0,2600,3,0.00497470000004796,1.0614727781107414e-06,4560,0.53,0.4031022857922326,0.5296278883913205,0.40309824164043556,params,402,402,,,params_read,402.0,402.0,1.0,0.838400000020556,0.8238000000346801,1.6611351000001378,"{""adwin_delta"": 0.002, ""buffer_size"": 1000, ""chunk_size"": 2000, ""detector"": ""ddm"", ""energy_country_iso"": ""USA"", ""eval_block"": 1000, ""floor_drop"": 0.02, ""holdout_frac"": 0.2, ""init_frac"": 0.1, ""init_holdout_frac"": 0.2, ""k"": 3, ""min_buffer"": 100, ""n_ref"": 200, ""probe_rows"": 1000, ""track_energy"": true}"
insects_incremental,gnb,AlwaysNudge,always_nudge,0,51317,4560,balanced_accuracy,3,3,0,3,0,0,0,0,0,0,3,,0,0,0,0,0,2400,0,2400,3,0.004155299999865747,1.0076402774441695e-06,4560,0.264,0.3008749537190405,0.2631566046867935,0.3008686707044814,params,402,402,,,params_read,402.0,402.0,1.0,0.9551999999075633,0.8700999999291525,1.6517827000000125,"{""adwin_delta"": 0.002, ""buffer_size"": 1000, ""chunk_size"": 2000, ""detector"": ""ddm"", ""energy_country_iso"": ""USA"", ""eval_block"": 1000, ""floor_drop"": 0.02, ""holdout_frac"": 0.2, ""init_frac"": 0.1, ""init_holdout_frac"": 0.2, ""k"": 3, ""min_buffer"": 100, ""n_ref"": 200, ""probe_rows"": 1000, ""track_energy"": true}"
insects_incremental,gnb,NeverAdapt,never_adapt,0,51317,4560,balanced_accuracy,4,4,4,0,0,0,0,0,0,0,0,,0,0,0,0,0,0,0,0,0,0.0,9.498116669997913e-07,4560,0.143,0.20591616813141844,0.14298921897357636,0.2059100817198126,params,402,402,,,params_read,402.0,402.0,1.0,0.8252000000084081,0.8473000000321917,1.6369181000000026,"{""adwin_delta"": 0.002, ""buffer_size"": 1000, ""chunk_size"": 2000, ""detector"": ""ddm"", ""energy_country_iso"": ""USA"", ""eval_block"": 1000, ""floor_drop"": 0.02, ""holdout_frac"": 0.2, ""init_frac"": 0.1, ""init_holdout_frac"": 0.2, ""k"": 3, ""min_buffer"": 100, ""n_ref"": 200, ""probe_rows"": 1000, ""track_energy"": true}"
covtype,xgb,AlwaysRebuild,always_rebuild,0,90000,8000,balanced_accuracy,349,334,0,0,334,0,170,15,0,237,0,,327,1561,0,0,0,6753900,33400,67539,33400,52.42948709999769,0.000310433676945111,800000,0.897,0.7493,0.54816431886207,0.6227396940596288,rounds,100,100,34130,1364,node_visits,3970.127,933.86,0.2352216944193473,19.816900000023452,8.842200000117373,62.86006629999997,"{""adwin_delta"": 0.002, ""buffer_size"": 1000, ""chunk_size"": 2000, ""detector"": ""ddm"", ""energy_country_iso"": ""USA"", ""eval_block"": 1000, ""floor_drop"": 0.02, ""holdout_frac"": 0.2, ""init_frac"": 0.1, ""init_holdout_frac"": 0.2, ""k"": 3, ""min_buffer"": 100, ""n_ref"": 200, ""probe_rows"": 1000, ""track_energy"": true}"
covtype,xgb,MechanismSelector,mechanism_selector,0,90000,8000,balanced_accuracy,308,301,141,17,143,130,78,7,0,121,30,17,160,845,0,0,0,2130815,14450,30507,14450,23.32443079999939,0.00017260345833366617,800000,0.796,0.6314222222222222,0.3333333333333333,0.41163635362527856,rounds,100,100,34130,700,node_visits,3970.127,700.0,0.1763167777756228,15.760799999952724,8.338000000094326,34.07856760000004,"{""adwin_delta"": 0.002, ""buffer_size"": 1000, ""chunk_size"": 2000, ""detector"": ""ddm"", ""energy_country_iso"": ""USA"", ""eval_block"": 1000, ""floor_drop"": 0.02, ""holdout_frac"": 0.2, ""init_frac"": 0.1, ""init_holdout_frac"": 0.2, ""k"": 3, ""min_buffer"": 100, ""n_ref"": 200, ""probe_rows"": 1000, ""track_energy"": true}"
covtype,xgb,FixedSchedule(k=3),fixed_schedule,0,90000,8000,balanced_accuracy,262,256,0,171,85,0,86,6,0,128,171,,255,1272,0,0,0,2228585,9355,53766,9355,24.43896339999901,0.00019763904083299955,800000,0.82,0.7746888888888889,0.6480911583679522,0.7528455627034736,rounds,100,105,34130,2013,node_visits,3970.127,1106.063,0.2785963773954839,18.15959999998995,9.74499999983891,37.55406300000004,"{""adwin_delta"": 0.002, ""buffer_size"": 1000, ""chunk_size"": 2000, ""detector"": ""ddm"", ""energy_country_iso"": ""USA"", ""eval_block"": 1000, ""floor_drop"": 0.02, ""holdout_frac"": 0.2, ""init_frac"": 0.1, ""init_holdout_frac"": 0.2, ""k"": 3, ""min_buffer"": 100, ""n_ref"": 200, ""probe_rows"": 1000, ""track_energy"": true}"
covtype,xgb,AlwaysNudge,always_nudge,0,90000,8000,balanced_accuracy,179,175,0,175,0,0,60,4,0,103,175,,174,863,0,0,0,149295,875,29859,875,45.16941859999929,0.0005343638161111108,800000,0.836,0.8131444444444444,0.5479416991279583,0.7837031913357733,rounds,100,975,34130,53523,node_visits,3970.127,13345.533,3.361487680368915,17.631800000117437,70.27640000001156,87.23532439999985,"{""adwin_delta"": 0.002, ""buffer_size"": 1000, ""chunk_size"": 2000, ""detector"": ""ddm"", ""energy_country_iso"": ""USA"", ""eval_block"": 1000, ""floor_drop"": 0.02, ""holdout_frac"": 0.2, ""init_frac"": 0.1, ""init_holdout_frac"": 0.2, ""k"": 3, ""min_buffer"": 100, ""n_ref"": 200, ""probe_rows"": 1000, ""track_energy"": true}"
covtype,xgb,NeverAdapt,never_adapt,0,90000,8000,balanced_accuracy,205,194,194,0,0,0,91,11,0,128,0,,0,0,0,0,0,0,0,0,0,0.0,6.484250555555612e-05,800000,0.795,0.8261666666666667,0.7639165120423873,0.8035559438997134,rounds,100,100,34130,34130,node_visits,3970.127,3970.127,1.0,17.780199999833712,17.41960000003928,12.612046999999848,"{""adwin_delta"": 0.002, ""buffer_size"": 1000, ""chunk_size"": 2000, ""detector"": ""ddm"", ""energy_country_iso"": ""USA"", ""eval_block"": 1000, ""floor_drop"": 0.02, ""holdout_frac"": 0.2, ""init_frac"": 0.1, ""init_holdout_frac"": 0.2, ""k"": 3, ""min_buffer"": 100, ""n_ref"": 200, ""probe_rows"": 1000, ""track_energy"": true}"
covtype,rf,AlwaysRebuild,always_rebuild,0,90000,8000,balanced_accuracy,500,475,0,0,475,0,259,25,0,377,0,,474,2346,0,0,0,7939900,47500,79399,47500,83.74208719999979,0.0005649995827774438,800000,0.873,0.7315222222222222,0.5016430055560132,0.7298599124148311,trees,100,100,285840,2290,node_visits,1536.801,430.213,0.27994060389080955,21.570100000189996,12.289100000089093,104.98296929999992,"{""adwin_delta"": 0.002, ""buffer_size"": 1000, ""chunk_size"": 2000, ""detector"": ""ddm"", ""energy_country_iso"": ""USA"", ""eval_block"": 1000, ""floor_drop"": 0.02, ""holdout_frac"": 0.2, ""init_frac"": 0.1, ""init_holdout_frac"": 0.2, ""k"": 3, ""min_buffer"": 100, ""n_ref"": 200, ""probe_rows"": 1000, ""track_energy"": true}"
covtype,rf,MechanismSelector,mechanism_selector,0,90000,8000,balanced_accuracy,365,353,139,1,213,186,127,12,0,177,28,1,213,1163,0,0,0,3207875,21440,40073,21440,37.121334399999114,0.0002591711952781109,800000,0.677,0.7140444444444445,0.4069413552278697,0.7126488409738495,trees,100,100,285840,762,node_visits,1536.801,292.552,0.19036426967447317,19.35740000021724,10.78149999989364,53.62775320000014,"{""adwin_delta"": 0.002, ""buffer_size"": 1000, ""chunk_size"": 2000, ""detector"": ""ddm"", ""energy_country_iso"": ""USA"", ""eval_block"": 1000, ""floor_drop"": 0.02, ""holdout_frac"": 0.2, ""init_frac"": 0.1, ""init_holdout_frac"": 0.2, ""k"": 3, ""min_buffer"": 100, ""n_ref"": 200, ""probe_rows"": 1000, ""track_energy"": true}"
covtype,rf,FixedSchedule(k=3),fixed_schedule,0,90000,8000,balanced_accuracy,5,5,0,4,1,0,1,0,0,2,4,,4,12,0,0,0,21600,120,2173,120,0.2282687999997961,1.6437610555888337e-05,800000,0.43,0.42684444444444447,0.428350770244666,0.6935684107393668,trees,100,100,285840,4558,node_visits,1536.801,694.423,0.45186266797067415,23.700500000131797,14.987799999971685,4.756959300000062,"{""adwin_delta"": 0.002, ""buffer_size"": 1000, ""chunk_size"": 2000, ""detector"": ""ddm"", ""energy_country_iso"": ""USA"", ""eval_block"": 1000, ""floor_drop"": 0.02, ""holdout_frac"": 0.2, ""init_frac"": 0.1, ""init_holdout_frac"": 0.2, ""k"": 3, ""min_buffer"": 100, ""n_ref"": 200, ""probe_rows"": 1000, ""track_energy"": true}"
covtype,rf,AlwaysNudge,always_nudge,0,90000,8000,balanced_accuracy,413,405,0,405,0,0,124,8,0,223,405,,404,2008,0,0,0,335960,2025,67192,2025,4.145895200002087,0.00011918028166666609,800000,0.811,0.8361666666666666,0.36205847086067866,0.7822149802820639,trees,100,100,285840,2318,node_visits,1536.801,415.257,0.27020869976008605,18.181800000093062,12.135899999975663,25.557566899999983,"{""adwin_delta"": 0.002, ""buffer_size"": 1000, ""chunk_size"": 2000, ""detector"": ""ddm"", ""energy_country_iso"": ""USA"", ""eval_block"": 1000, ""floor_drop"": 0.02, ""holdout_frac"": 0.2, ""init_frac"": 0.1, ""init_holdout_frac"": 0.2, ""k"": 3, ""min_buffer"": 100, ""n_ref"": 200, ""probe_rows"": 1000, ""track_energy"": true}"
covtype,rf,NeverAdapt,never_adapt,0,90000,8000,balanced_accuracy,162,159,159,0,0,0,56,3,0,98,0,,0,0,0,0,0,0,0,0,0,0.0,4.0224966944444544e-05,800000,0.87,0.8227444444444444,0.8121805357780314,0.8144417570711582,trees,100,100,285840,285840,node_visits,1536.801,1536.801,1.0,20.79930000013519,17.512699999997494,9.977340400000003,"{""adwin_delta"": 0.002, ""buffer_size"": 1000, ""chunk_size"": 2000, ""detector"": ""ddm"", ""energy_country_iso"": ""USA"", ""eval_block"": 1000, ""floor_drop"": 0.02, ""holdout_frac"": 0.2, ""init_frac"": 0.1, ""init_holdout_frac"": 0.2, ""k"": 3, ""min_buffer"": 100, ""n_ref"": 200, ""probe_rows"": 1000, ""track_energy"": true}"
covtype,sgd,AlwaysRebuild,always_rebuild,0,90000,8000,balanced_accuracy,161,158,0,0,158,0,82,3,0,115,0,,157,772,0,0,0,31515000,0,32391,157124,16.676308100000824,9.072816416666688e-05,1832000,0.428,0.42644444444444446,0.29565633266514724,0.28171080878108695,params,385,385,,,params_read,385.0,385.0,1.0,0.3001999998559768,0.361599999905593,20.432415300000002,"{""adwin_delta"": 0.002, ""buffer_size"": 1000, ""chunk_size"": 2000, ""detector"": ""ddm"", ""energy_country_iso"": ""USA"", ""eval_block"": 1000, ""floor_drop"": 0.02, ""holdout_frac"": 0.2, ""init_frac"": 0.1, ""init_holdout_frac"": 0.2, ""k"": 3, ""min_buffer"": 100, ""n_ref"": 200, ""probe_rows"": 1000, ""track_energy"": true}"
covtype,sgd,MechanismSelector,mechanism_selector,0,90000,8000,balanced_accuracy,10,10,1,3,6,5,1,0,0,4,4,3,2,2,0,0,0,436828,0,3790,2297,0.14261580000015783,1.2895303332666979e-05,1832000,0.061,0.03186666666666667,0.02554438860971524,0.20659103573425927,params,385,385,,,params_read,385.0,385.0,1.0,0.2885000001242588,0.26800000000548607,3.723541300000079,"{""adwin_delta"": 0.002, ""buffer_size"": 1000, ""chunk_size"": 2000, ""detector"": ""ddm"", ""energy_country_iso"": ""USA"", ""eval_block"": 1000, ""floor_drop"": 0.02, ""holdout_frac"": 0.2, ""init_frac"": 0.1, ""init_holdout_frac"": 0.2, ""k"": 3, ""min_buffer"": 100, ""n_ref"": 200, ""probe_rows"": 1000, ""track_energy"": true}"
covtype,sgd,FixedSchedule(k=3),fixed_schedule,0,90000,8000,balanced_accuracy,183,180,0,120,60,0,66,3,0,101,120,,59,290,0,0,0,11739855,0,36054,59153,6.912952599999699,5.5588843055555187e-05,1832000,0.145,0.44185555555555556,0.2641165755919854,0.3310812900694442,params,385,385,,,params_read,385.0,385.0,1.0,0.3039999999145948,0.5272999999306194,11.27189740000017,"{""adwin_delta"": 0.002, ""buffer_size"": 1000, ""chunk_size"": 2000, ""detector"": ""ddm"", ""energy_country_iso"": ""USA"", ""eval_block"": 1000, ""floor_drop"": 0.02, ""holdout_frac"": 0.2, ""init_frac"": 0.1, ""init_holdout_frac"": 0.2, ""k"": 3, ""min_buffer"": 100, ""n_ref"": 200, ""probe_rows"": 1000, ""track_energy"": true}"
covtype,sgd,AlwaysNudge,always_nudge,0,90000,8000,balanced_accuracy,262,252,0,252,0,0,107,10,0,159,252,,0,0,0,0,0,41139,0,41139,252,1.2278622999990603,2.3136867777444256e-05,1832000,0.796,0.7354555555555555,0.3333333333333333,0.442079135878038,params,385,385,,,params_read,385.0,385.0,1.0,0.29910000012023374,0.33860000007734925,5.78998949999982,"{""adwin_delta"": 0.002, ""buffer_size"": 1000, ""chunk_size"": 2000, ""detector"": ""ddm"", ""energy_country_iso"": ""USA"", ""eval_block"": 1000, ""floor_drop"": 0.02, ""holdout_frac"": 0.2, ""init_frac"": 0.1, ""init_holdout_frac"": 0.2, ""k"": 3, ""min_buffer"": 100, ""n_ref"": 200, ""probe_rows"": 1000, ""track_energy"": true}"
covtype,sgd,NeverAdapt,never_adapt,0,90000,8000,balanced_accuracy,261,257,257,0,0,0,37,4,0,74,0,,0,0,0,0,0,0,0,0,0,0.0,1.1579866944443724e-05,1832000,0.544,0.6453888888888889,0.4750737816064449,0.30025673637527345,params,385,385,,,params_read,385.0,385.0,1.0,0.6501000000298518,0.3153000000111206,3.945606600000019,"{""adwin_delta"": 0.002, ""buffer_size"": 1000, ""chunk_size"": 2000, ""detector"": ""ddm"", ""energy_country_iso"": ""USA"", ""eval_block"": 1000, ""floor_drop"": 0.02, ""holdout_frac"": 0.2, ""init_frac"": 0.1, ""init_holdout_frac"": 0.2, ""k"": 3, ""min_buffer"": 100, ""n_ref"": 200, ""probe_rows"": 1000, ""track_energy"": true}"
covtype,gnb,AlwaysRebuild,always_rebuild,0,90000,8000,balanced_accuracy,380,369,0,0,369,0,161,11,0,245,0,,369,1835,0,0,0,72660,0,72660,369,0.6641988999990645,1.7882596111111058e-05,8000,0.862,0.7176666666666667,0.8677936259491577,0.6771073672654291,params,763,763,,,params_read,763.0,763.0,1.0,2.1080999999867345,1.6638000001876208,5.156473199999937,"{""adwin_delta"": 0.002, ""buffer_size"": 1000, ""chunk_size"": 2000, ""detector"": ""ddm"", ""energy_country_iso"": ""USA"", ""eval_block"": 1000, ""floor_drop"": 0.02, ""holdout_frac"": 0.2, ""init_frac"": 0.1, ""init_holdout_frac"": 0.2, ""k"": 3, ""min_buffer"": 100, ""n_ref"": 200, ""probe_rows"": 1000, ""track_energy"": true}"
covtype,gnb,MechanismSelector,mechanism_selector,0,90000,8000,balanced_accuracy,290,287,126,7,154,117,69,3,0,104,44,7,154,763,0,0,0,43219,0,43219,198,0.331562600002826,1.3363681388555579e-05,8000,0.819,0.7177777777777777,0.37522768670309653,0.662199336929864,params,763,763,,,params_read,763.0,763.0,1.0,1.4931000000615313,1.9159000000854576,4.200711500000125,"{""adwin_delta"": 0.002, ""buffer_size"": 1000, ""chunk_size"": 2000, ""detector"": ""ddm"", ""energy_country_iso"": ""USA"", ""eval_block"": 1000, ""floor_drop"": 0.02, ""holdout_frac"": 0.2, ""init_frac"": 0.1, ""init_holdout_frac"": 0.2, ""k"": 3, ""min_buffer"": 100, ""n_ref"": 200, ""probe_rows"": 1000, ""track_energy"": true}"
covtype,gnb,FixedSchedule(k=3),fixed_schedule,0,90000,8000,balanced_accuracy,300,293,0,196,97,0,86,7,0,153,196,,97,474,0,0,0,55934,0,55934,293,0.37335790000042834,1.4770686666666418e-05,8000,0.856,0.7519333333333333,0.8498268077310831,0.6999145651865307,params,763,763,,,params_read,763.0,763.0,1.0,1.4323000000331376,6.481099999973594,4.455301500000132,"{""adwin_delta"": 0.002, ""buffer_size"": 1000, ""chunk_size"": 2000, ""detector"": ""ddm"", ""energy_country_iso"": ""USA"", ""eval_block"": 1000, ""floor_drop"": 0.02, ""holdout_frac"": 0.2, ""init_frac"": 0.1, ""init_holdout_frac"": 0.2, ""k"": 3, ""min_buffer"": 100, ""n_ref"": 200, ""probe_rows"": 1000, ""track_energy"": true}"
covtype,gnb,AlwaysNudge,always_nudge,0,90000,8000,balanced_accuracy,407,394,0,394,0,0,138,12,1,218,394,,0,0,0,0,0,64465,0,64465,394,0.3690697000001819,1.569110138922172e-05,8000,0.822,0.6680444444444444,0.5756720762281352,0.6653761843006023,params,763,763,,,params_read,763.0,763.0,1.0,1.5041999999994005,1.463100000137274,4.815116100000068,"{""adwin_delta"": 0.002, ""buffer_size"": 1000, ""chunk_size"": 2000, ""detector"": ""ddm"", ""energy_country_iso"": ""USA"", ""eval_block"": 1000, ""floor_drop"": 0.02, ""holdout_frac"": 0.2, ""init_frac"": 0.1, ""init_holdout_frac"": 0.2, ""k"": 3, ""min_buffer"": 100, ""n_ref"": 200, ""probe_rows"": 1000, ""track_energy"": true}"
covtype,gnb,NeverAdapt,never_adapt,0,90000,8000,balanced_accuracy,397,383,383,0,0,0,160,14,0,273,0,,0,0,0,0,0,0,0,0,0,0.0,1.026740111144466e-05,8000,0.441,0.45614444444444446,0.5074229461122944,0.6509634266193369,params,763,763,,,params_read,763.0,763.0,1.0,1.349299999901632,1.5667000000121334,3.592984600000136,"{""adwin_delta"": 0.002, ""buffer_size"": 1000, ""chunk_size"": 2000, ""detector"": ""ddm"", ""energy_country_iso"": ""USA"", ""eval_block"": 1000, ""floor_drop"": 0.02, ""holdout_frac"": 0.2, ""init_frac"": 0.1, ""init_holdout_frac"": 0.2, ""k"": 3, ""min_buffer"": 100, ""n_ref"": 200, ""probe_rows"": 1000, ""track_energy"": true}"
elec2,xgb,AlwaysRebuild,always_rebuild,1,40781,3624,accuracy,179,165,0,0,165,0,83,14,0,111,0,,0,0,0,0,0,3564600,16500,35646,16500,17.29834370000094,9.258388611177859e-05,362400,0.79,0.759078982859665,0.7839107150748661,0.7527977075313736,rounds,100,100,4628,556,node_visits,569.399,256.923,0.45121786304507033,3.7739000001693057,2.5439999999434804,20.383104700000104,"{""adwin_delta"": 0.002, ""buffer_size"": 1000, ""chunk_size"": 2000, ""detector"": ""ddm"", ""energy_country_iso"": ""USA"", ""eval_block"": 1000, ""floor_drop"": 0.02, ""holdout_frac"": 0.2, ""init_frac"": 0.1, ""init_holdout_frac"": 0.2, ""k"": 3, ""min_buffer"": 100, ""n_ref"": 200, ""probe_rows"": 1000, ""track_energy"": true}"
elec2,xgb,MechanismSelector,mechanism_selector,1,40781,3624,accuracy,182,167,2,8,157,132,83,15,0,120,33,8,0,0,0,0,0,2835970,15865,41160,15865,16.862374600001658,9.259215638955544e-05,362400,0.574,0.760084353007528,0.594674401693778,0.7562447401908521,rounds,100,100,4628,628,node_visits,569.399,259.585,0.4558929678485561,3.5227999999278836,2.0879000001059467,20.246196499999996,"{""adwin_delta"": 0.002, ""buffer_size"": 1000, ""chunk_size"": 2000, ""detector"": ""ddm"", ""energy_country_iso"": ""USA"", ""eval_block"": 1000, ""floor_drop"": 0.02, ""holdout_frac"": 0.2, ""init_frac"": 0.1, ""init_holdout_frac"": 0.2, ""k"": 3, ""min_buffer"": 100, ""n_ref"": 200, ""probe_rows"": 1000, ""track_energy"": true}"
elec2,xgb,FixedSchedule(k=3),fixed_schedule,1,40781,3624,accuracy,166,151,0,101,50,0,75,15,0,104,101,,0,0,0,0,0,1304220,5505,29975,5505,7.552698000000646,5.264951861044437e-05,362400,0.851,0.7431156666094505,0.8500166726259586,0.7389144200987029,rounds,100,105,4628,405,node_visits,569.399,223.712,0.39289145221540606,3.7185999999564956,2.3443000000042957,11.374786900000117,"{""adwin_delta"": 0.002, ""buffer_size"": 1000, ""chunk_size"": 2000, ""detector"": ""ddm"", ""energy_country_iso"": ""USA"", ""eval_block"": 1000, ""floor_drop"": 0.02, ""holdout_frac"": 0.2, ""init_frac"": 0.1, ""init_holdout_frac"": 0.2, ""k"": 3, ""min_buffer"": 100, ""n_ref"": 200, ""probe_rows"": 1000, ""track_energy"": true}"
elec2,xgb,AlwaysNudge,always_nudge,1,40781,3624,accuracy,126,123,0,123,0,0,41,3,0,69,123,,0,0,0,0,0,133245,615,26649,615,5.26392649999957,5.643812138888939e-05,362400,0.724,0.7627081238812192,0.7104627758516096,0.7489576857596327,rounds,100,715,4628,8867,node_visits,569.399,2053.173,3.605859862767584,3.7032000000181142,11.755199999925026,11.167783699999973,"{""adwin_delta"": 0.002, ""buffer_size"": 1000, ""chunk_size"": 2000, ""detector"": ""ddm"", ""energy_country_iso"": ""USA"", ""eval_block"": 1000, ""floor_drop"": 0.02, ""holdout_frac"": 0.2, ""init_frac"": 0.1, ""init_holdout_frac"": 0.2, ""k"": 3, ""min_buffer"": 100, ""n_ref"": 200, ""probe_rows"": 1000, ""track_energy"": true}"
elec2,xgb,NeverAdapt,never_adapt,1,40781,3624,accuracy,128,117,117,0,0,0,37,11,0,63,0,,0,0,0,0,0,0,0,0,0,0.0,6.250625554888618e-06,362400,0.712,0.7068978200632647,0.6954935699908803,0.6694052678219897,rounds,100,100,4628,4628,node_visits,569.399,569.399,1.0,3.896400000030553,3.7343999999848165,2.6981892999999673,"{""adwin_delta"": 0.002, ""buffer_size"": 1000, ""chunk_size"": 2000, ""detector"": ""ddm"", ""energy_country_iso"": ""USA"", ""eval_block"": 1000, ""floor_drop"": 0.02, ""holdout_frac"": 0.2, ""init_frac"": 0.1, ""init_holdout_frac"": 0.2, ""k"": 3, ""min_buffer"": 100, ""n_ref"": 200, ""probe_rows"": 1000, ""track_energy"": true}"
elec2,rf,AlwaysRebuild,always_rebuild,1,40781,3624,accuracy,184,168,0,0,168,0,90,16,0,125,0,,0,0,0,0,0,3306300,16800,33063,16800,25.31989230000113,0.00014877963888955598,362400,0.808,0.7672690713812805,0.7990727609466838,0.7615385818085598,trees,100,100,69258,2220,node_visits,867.911,451.889,0.520662832940244,12.45599999992919,10.306599999921673,32.98241870000015,"{""adwin_delta"": 0.002, ""buffer_size"": 1000, ""chunk_size"": 2000, ""detector"": ""ddm"", ""energy_country_iso"": ""USA"", ""eval_block"": 1000, ""floor_drop"": 0.02, ""holdout_frac"": 0.2, ""init_frac"": 0.1, ""init_holdout_frac"": 0.2, ""k"": 3, ""min_buffer"": 100, ""n_ref"": 200, ""probe_rows"": 1000, ""track_energy"": true}"
elec2,rf,MechanismSelector,mechanism_selector,1,40781,3624,accuracy,190,174,1,0,173,145,94,16,0,131,28,0,0,0,0,0,0,3390910,17440,45748,17440,27.049717199997758,0.00015876234027777832,362400,0.862,0.7758514994727937,0.8560931417253557,0.767004581616173,trees,100,100,69258,2518,node_visits,867.911,472.332,0.544217091383794,13.166599999976825,11.074799999960305,35.49990230000003,"{""adwin_delta"": 0.002, ""buffer_size"": 1000, ""chunk_size"": 2000, ""detector"": ""ddm"", ""energy_country_iso"": ""USA"", ""eval_block"": 1000, ""floor_drop"": 0.02, ""holdout_frac"": 0.2, ""init_frac"": 0.1, ""init_holdout_frac"": 0.2, ""k"": 3, ""min_buffer"": 100, ""n_ref"": 200, ""probe_rows"": 1000, ""track_energy"": true}"
elec2,rf,FixedSchedule(k=3),fixed_schedule,1,40781,3624,accuracy,153,143,0,96,47,0,65,10,0,88,96,,0,0,0,0,0,1326435,5180,30200,5180,9.071349700000155,8.662534666666677e-05,362400,0.77,0.7374512640690518,0.7805279798803588,0.7291606901970078,trees,100,100,69258,9168,node_visits,867.911,617.787,0.7118091601558225,17.23970000011832,11.0971999999947,16.955982000000176,"{""adwin_delta"": 0.002, ""buffer_size"": 1000, ""chunk_size"": 2000, ""detector"": ""ddm"", ""energy_country_iso"": ""USA"", ""eval_block"": 1000, ""floor_drop"": 0.02, ""holdout_frac"": 0.2, ""init_frac"": 0.1, ""init_holdout_frac"": 0.2, ""k"": 3, ""min_buffer"": 100, ""n_ref"": 200, ""probe_rows"": 1000, ""track_energy"": true}"
elec2,rf,AlwaysNudge,always_nudge,1,40781,3624,accuracy,131,125,0,125,0,0,45,6,0,68,125,,0,0,0,0,0,142175,625,28435,625,1.0656595999992078,2.9891538611110748e-05,362400,0.789,0.7627081238812192,0.7809839661565781,0.7526332612717986,trees,100,100,69258,3520,node_visits,867.911,435.675,0.5019811939242619,13.863399999991088,11.267800000041461,7.9375932000000375,"{""adwin_delta"": 0.002, ""buffer_size"": 1000, ""chunk_size"": 2000, ""detector"": ""ddm"", ""energy_country_iso"": ""USA"", ""eval_block"": 1000, ""floor_drop"": 0.02, ""holdout_frac"": 0.2, ""init_frac"": 0.1, ""init_holdout_frac"": 0.2, ""k"": 3, ""min_buffer"": 100, ""n_ref"": 200, ""probe_rows"": 1000, ""track_energy"": true}"
elec2,rf,NeverAdapt,never_adapt,1,40781,3624,accuracy,144,135,135,0,0,0,47,9,0,77,0,,0,0,0,0,0,0,0,0,0,0.0,1.9572994721888994e-05,362400,0.725,0.7146465265687453,0.7068932268963606,0.6729923532630542,trees,100,100,69258,69258,node_visits,867.911,867.911,1.0,13.397100000020146,14.373299999988376,5.633731399999988,"{""adwin_delta"": 0.002, ""buffer_size"": 1000, ""chunk_size"": 2000, ""detector"": ""ddm"", ""energy_country_iso"": ""USA"", ""eval_block"": 1000, ""floor_drop"": 0.02, ""holdout_frac"": 0.2, ""init_frac"": 0.1, ""init_holdout_frac"": 0.2, ""k"": 3, ""min_buffer"": 100, ""n_ref"": 200, ""probe_rows"": 1000, ""track_energy"": true}"
elec2,sgd,AlwaysRebuild,always_rebuild,1,40781,3624,accuracy,77,67,0,0,67,0,41,10,0,50,0,,0,0,0,0,0,651570,0,14697,2299,0.15295270000092387,3.3669538892226994e-06,366024,0.565,0.6180819499276624,0.5350567070157607,0.5902442435518731,params,9,9,,,params_read,9.0,9.0,1.0,0.42129999997087,0.1938000000336615,2.005856900000026,"{""adwin_delta"": 0.002, ""buffer_size"": 1000, ""chunk_size"": 2000, ""detector"": ""ddm"", ""energy_country_iso"": ""USA"", ""eval_block"": 1000, ""floor_drop"": 0.02, ""holdout_frac"": 0.2, ""init_frac"": 0.1, ""init_holdout_frac"": 0.2, ""k"": 3, ""min_buffer"": 100, ""n_ref"": 200, ""probe_rows"": 1000, ""track_energy"": true}"
elec2,sgd,MechanismSelector,mechanism_selector,1,40781,3624,accuracy,110,101,2,8,91,78,60,9,0,75,21,8,0,0,0,0,0,638962,0,24275,2905,0.20537790000071254,3.614972778111059e-06,366024,0.65,0.6151148819303107,0.6346806689941384,0.5990257077117731,params,9,9,,,params_read,9.0,9.0,1.0,0.16670000013618846,0.3910999998879561,2.166819399999895,"{""adwin_delta"": 0.002, ""buffer_size"": 1000, ""chunk_size"": 2000, ""detector"": ""ddm"", ""energy_country_iso"": ""USA"", ""eval_block"": 1000, ""floor_drop"": 0.02, ""holdout_frac"": 0.2, ""init_frac"": 0.1, ""init_holdout_frac"": 0.2, ""k"": 3, ""min_buffer"": 100, ""n_ref"": 200, ""probe_rows"": 1000, ""track_energy"": true}"
elec2,sgd,FixedSchedule(k=3),fixed_schedule,1,40781,3624,accuracy,137,127,0,85,42,0,69,10,0,91,85,,0,0,0,0,0,491467,0,24302,1504,0.2087502000006225,4.191970833332889e-06,366024,0.577,0.6002550207204336,0.5472417852164027,0.5774024278075381,params,9,9,,,params_read,9.0,9.0,1.0,0.3674000001865352,0.4360000000360742,2.2397936999998365,"{""adwin_delta"": 0.002, ""buffer_size"": 1000, ""chunk_size"": 2000, ""detector"": ""ddm"", ""energy_country_iso"": ""USA"", ""eval_block"": 1000, ""floor_drop"": 0.02, ""holdout_frac"": 0.2, ""init_frac"": 0.1, ""init_holdout_frac"": 0.2, ""k"": 3, ""min_buffer"": 100, ""n_ref"": 200, ""probe_rows"": 1000, ""track_energy"": true}"
elec2,sgd,AlwaysNudge,always_nudge,1,40781,3624,accuracy,168,157,0,157,0,0,74,11,0,105,157,,0,0,0,0,0,29018,0,29018,157,0.16381609999984903,3.947328611444303e-06,366024,0.747,0.6999092714744611,0.7317736058269824,0.6841873789537676,params,9,9,,,params_read,9.0,9.0,1.0,0.20380000000841392,0.18150000005334732,2.156856800000014,"{""adwin_delta"": 0.002, ""buffer_size"": 1000, ""chunk_size"": 2000, ""detector"": ""ddm"", ""energy_country_iso"": ""USA"", ""eval_block"": 1000, ""floor_drop"": 0.02, ""holdout_frac"": 0.2, ""init_frac"": 0.1, ""init_holdout_frac"": 0.2, ""k"": 3, ""min_buffer"": 100, ""n_ref"": 200, ""probe_rows"": 1000, ""track_energy"": true}"
elec2,sgd,NeverAdapt,never_adapt,1,40781,3624,accuracy,118,105,105,0,0,0,45,13,0,66,0,,0,0,0,0,0,0,0,0,0,0.0,1.9224988882223716e-06,366024,0.585,0.6275961844976827,0.5556745182012848,0.5655280472552308,params,9,9,,,params_read,9.0,9.0,1.0,0.26270000012118544,0.18890000001192675,1.7904438999999002,"{""adwin_delta"": 0.002, ""buffer_size"": 1000, ""chunk_size"": 2000, ""detector"": ""ddm"", ""energy_country_iso"": ""USA"", ""eval_block"": 1000, ""floor_drop"": 0.02, ""holdout_frac"": 0.2, ""init_frac"": 0.1, ""init_holdout_frac"": 0.2, ""k"": 3, ""min_buffer"": 100, ""n_ref"": 200, ""probe_rows"": 1000, ""track_energy"": true}"
elec2,gnb,AlwaysRebuild,always_rebuild,1,40781,3624,accuracy,212,193,0,0,193,0,99,19,0,137,0,,0,0,0,0,0,39035,0,39035,193,0.1609525999995185,3.479668055554978e-06,3624,0.696,0.7101101002918025,0.6995753502255826,0.7022823494045098,params,34,34,,,params_read,34.0,34.0,1.0,0.3263000000970351,0.2919999999448919,2.2275680000000193,"{""adwin_delta"": 0.002, ""buffer_size"": 1000, ""chunk_size"": 2000, ""detector"": ""ddm"", ""energy_country_iso"": ""USA"", ""eval_block"": 1000, ""floor_drop"": 0.02, ""holdout_frac"": 0.2, ""init_frac"": 0.1, ""init_holdout_frac"": 0.2, ""k"": 3, ""min_buffer"": 100, ""n_ref"": 200, ""probe_rows"": 1000, ""track_energy"": true}"
elec2,gnb,MechanismSelector,mechanism_selector,1,40781,3624,accuracy,197,180,1,18,161,134,85,17,0,124,45,18,0,0,0,0,0,42269,0,42269,206,0.16566750000197317,3.283570000666278e-06,3624,0.733,0.706946862509502,0.7365383611009557,0.7011246350128466,params,34,34,,,params_read,34.0,34.0,1.0,0.28150000002824527,0.296800000114672,2.170753500000046,"{""adwin_delta"": 0.002, ""buffer_size"": 1000, ""chunk_size"": 2000, ""detector"": ""ddm"", ""energy_country_iso"": ""USA"", ""eval_block"": 1000, ""floor_drop"": 0.02, ""holdout_frac"": 0.2, ""init_frac"": 0.1, ""init_holdout_frac"": 0.2, ""k"": 3, ""min_buffer"": 100, ""n_ref"": 200, ""probe_rows"": 1000, ""track_energy"": true}"
elec2,gnb,FixedSchedule(k=3),fixed_schedule,1,40781,3624,accuracy,165,151,0,101,50,0,71,14,0,97,101,,0,0,0,0,0,31570,0,31570,151,0.11606760000245231,2.7437266659999492e-06,3624,0.741,0.6972119369314141,0.7382096411970545,0.6920830458093821,params,34,34,,,params_read,34.0,34.0,1.0,0.28500000007625204,0.2865000001293083,2.0400584999999865,"{""adwin_delta"": 0.002, ""buffer_size"": 1000, ""chunk_size"": 2000, ""detector"": ""ddm"", ""energy_country_iso"": ""USA"", ""eval_block"": 1000, ""floor_drop"": 0.02, ""holdout_frac"": 0.2, ""init_frac"": 0.1, ""init_holdout_frac"": 0.2, ""k"": 3, ""min_buffer"": 100, ""n_ref"": 200, ""probe_rows"": 1000, ""track_energy"": true}"
elec2,gnb,AlwaysNudge,always_nudge,1,40781,3624,accuracy,128,119,0,119,0,0,45,9,0,73,119,,0,0,0,0,0,23115,0,23115,119,0.09745959999963816,2.8373566673332124e-06,3624,0.774,0.7124886589343077,0.7596209086782022,0.6819382256080204,params,34,34,,,params_read,34.0,34.0,1.0,0.29130000007171475,0.37129999986973417,1.999854599999935,"{""adwin_delta"": 0.002, ""buffer_size"": 1000, ""chunk_size"": 2000, ""detector"": ""ddm"", ""energy_country_iso"": ""USA"", ""eval_block"": 1000, ""floor_drop"": 0.02, ""holdout_frac"": 0.2, ""init_frac"": 0.1, ""init_holdout_frac"": 0.2, ""k"": 3, ""min_buffer"": 100, ""n_ref"": 200, ""probe_rows"": 1000, ""track_energy"": true}"
elec2,gnb,NeverAdapt,never_adapt,1,40781,3624,accuracy,32,30,30,0,0,0,9,2,0,13,0,,0,0,0,0,0,0,0,0,0,0.0,8.642733326662528e-07,3624,0.467,0.4804933670091464,0.5,0.5380421220500731,params,34,34,,,params_read,34.0,34.0,1.0,0.6253999999898952,0.4883999999947264,1.6169477999999344,"{""adwin_delta"": 0.002, ""buffer_size"": 1000, ""chunk_size"": 2000, ""detector"": ""ddm"", ""energy_country_iso"": ""USA"", ""eval_block"": 1000, ""floor_drop"": 0.02, ""holdout_frac"": 0.2, ""init_frac"": 0.1, ""init_holdout_frac"": 0.2, ""k"": 3, ""min_buffer"": 100, ""n_ref"": 200, ""probe_rows"": 1000, ""track_energy"": true}"
insects_abrupt,xgb,AlwaysRebuild,always_rebuild,1,47564,4227,balanced_accuracy,5,5,0,0,5,0,0,0,0,0,0,,2,5,0,0,0,359500,500,3595,500,2.9867104999998446,3.105663888922191e-05,422700,0.741,0.37778572029265833,0.22536496350364962,0.37226473733517623,rounds,100,100,29416,1940,node_visits,3673.036,928.695,0.2528412463150375,18.018000000211032,7.812999999941894,7.957160800000111,"{""adwin_delta"": 0.002, ""buffer_size"": 1000, ""chunk_size"": 2000, ""detector"": ""ddm"", ""energy_country_iso"": ""USA"", ""eval_block"": 1000, ""floor_drop"": 0.02, ""holdout_frac"": 0.2, ""init_frac"": 0.1, ""init_holdout_frac"": 0.2, ""k"": 3, ""min_buffer"": 100, ""n_ref"": 200, ""probe_rows"": 1000, ""track_energy"": true}"
insects_abrupt,xgb,MechanismSelector,mechanism_selector,1,47564,4227,balanced_accuracy,3,3,1,0,2,1,0,0,0,0,1,0,0,0,0,0,0,114000,205,1900,205,1.2114141000001837,2.376713000033287e-05,422700,0.806,0.3184551341350601,0.2484011122697254,0.3123626956531244,rounds,100,100,29416,9252,node_visits,3673.036,2033.711,0.5536866504983888,18.126899999970192,12.658299999657174,6.418312300000025,"{""adwin_delta"": 0.002, ""buffer_size"": 1000, ""chunk_size"": 2000, ""detector"": ""ddm"", ""energy_country_iso"": ""USA"", ""eval_block"": 1000, ""floor_drop"": 0.02, ""holdout_frac"": 0.2, ""init_frac"": 0.1, ""init_holdout_frac"": 0.2, ""k"": 3, ""min_buffer"": 100, ""n_ref"": 200, ""probe_rows"": 1000, ""track_energy"": true}"
insects_abrupt,xgb,FixedSchedule(k=3),fixed_schedule,1,47564,4227,balanced_accuracy,8,8,0,6,2,0,0,0,0,0,6,,3,6,0,0,0,220400,230,6080,230,3.040905099999236,3.473181611077792e-05,422700,0.178,0.49508031284164494,0.6369449513381995,0.4954837597529922,rounds,100,110,29416,16124,node_visits,3673.036,2948.119,0.8026381990266364,18.205700000180514,16.22589999988122,8.579793600000357,"{""adwin_delta"": 0.002, ""buffer_size"": 1000, ""chunk_size"": 2000, ""detector"": ""ddm"", ""energy_country_iso"": ""USA"", ""eval_block"": 1000, ""floor_drop"": 0.02, ""holdout_frac"": 0.2, ""init_frac"": 0.1, ""init_holdout_frac"": 0.2, ""k"": 3, ""min_buffer"": 100, ""n_ref"": 200, ""probe_rows"": 1000, ""track_energy"": true}"
insects_abrupt,xgb,AlwaysNudge,always_nudge,1,47564,4227,balanced_accuracy,11,11,0,11,0,0,1,0,0,2,11,,3,6,0,0,0,33475,55,6695,55,1.7687270000001263,3.2705339444444415e-05,422700,0.449,0.5578799091750063,0.6061620177267988,0.5592900569553806,rounds,100,155,29416,39656,node_visits,3673.036,5221.266,1.4215123402003138,17.982999999730964,16.43980000017109,8.128891399999702,"{""adwin_delta"": 0.002, ""buffer_size"": 1000, ""chunk_size"": 2000, ""detector"": ""ddm"", ""energy_country_iso"": ""USA"", ""eval_block"": 1000, ""floor_drop"": 0.02, ""holdout_frac"": 0.2, ""init_frac"": 0.1, ""init_holdout_frac"": 0.2, ""k"": 3, ""min_buffer"": 100, ""n_ref"": 200, ""probe_rows"": 1000, ""track_energy"": true}"
insects_abrupt,xgb,NeverAdapt,never_adapt,1,47564,4227,balanced_accuracy,5,5,5,0,0,0,0,0,0,0,0,,0,0,0,0,0,0,0,0,0,0.0,1.9723141111443884e-05,422700,0.276,0.5618324783449667,0.6358500608272507,0.5689607474919983,rounds,100,100,29416,29416,node_visits,3673.036,3673.036,1.0,17.94079999990572,18.085299999711424,5.583091599999989,"{""adwin_delta"": 0.002, ""buffer_size"": 1000, ""chunk_size"": 2000, ""detector"": ""ddm"", ""energy_country_iso"": ""USA"", ""eval_block"": 1000, ""floor_drop"": 0.02, ""holdout_frac"": 0.2, ""init_frac"": 0.1, ""init_holdout_frac"": 0.2, ""k"": 3, ""min_buffer"": 100, ""n_ref"": 200, ""probe_rows"": 1000, ""track_energy"": true}"
insects_abrupt,rf,AlwaysRebuild,always_rebuild,1,47564,4227,balanced_accuracy,7,7,0,0,7,0,2,0,0,1,0,,4,10,0,0,0,383300,700,3833,700,1.8101733999997123,2.025481722222161e-05,422700,0.744,0.3805609284332689,0.22627737226277372,0.3738055404188234,trees,100,100,122862,3120,node_visits,1296.761,477.941,0.3685652174918894,20.560099999784143,11.675799999920855,5.908222699999897,"{""adwin_delta"": 0.002, ""buffer_size"": 1000, ""chunk_size"": 2000, ""detector"": ""ddm"", ""energy_country_iso"": ""USA"", ""eval_block"": 1000, ""floor_drop"": 0.02, ""holdout_frac"": 0.2, ""init_frac"": 0.1, ""init_holdout_frac"": 0.2, ""k"": 3, ""min_buffer"": 100, ""n_ref"": 200, ""probe_rows"": 1000, ""track_energy"": true}"
insects_abrupt,rf,MechanismSelector,mechanism_selector,1,47564,4227,balanced_accuracy,6,6,3,0,3,2,2,0,0,1,1,0,2,9,0,0,0,124000,305,2000,305,0.7147869000000355,1.4909812222221581e-05,422700,0.707,0.512866874106467,0.7644290928050053,0.5185024302168174,trees,100,100,122862,100,node_visits,1296.761,100.0,0.07711521244084299,21.147599999949307,9.955399999853398,4.771675200000118,"{""adwin_delta"": 0.002, ""buffer_size"": 1000, ""chunk_size"": 2000, ""detector"": ""ddm"", ""energy_country_iso"": ""USA"", ""eval_block"": 1000, ""floor_drop"": 0.02, ""holdout_frac"": 0.2, ""init_frac"": 0.1, ""init_holdout_frac"": 0.2, ""k"": 3, ""min_buffer"": 100, ""n_ref"": 200, ""probe_rows"": 1000, ""track_energy"": true}"
insects_abrupt,rf,FixedSchedule(k=3),fixed_schedule,1,47564,4227,balanced_accuracy,5,5,0,4,1,0,1,0,0,1,4,,1,5,0,0,0,109150,120,2830,120,0.45572469999933674,1.5228258055554348e-05,422700,0.748,0.4863972752501892,0.2985010427528676,0.4894082486598676,trees,100,100,122862,33478,node_visits,1296.761,864.775,0.6668730783853,20.041899999796442,15.615400000115187,4.8582094999997025,"{""adwin_delta"": 0.002, ""buffer_size"": 1000, ""chunk_size"": 2000, ""detector"": ""ddm"", ""energy_country_iso"": ""USA"", ""eval_block"": 1000, ""floor_drop"": 0.02, ""holdout_frac"": 0.2, ""init_frac"": 0.1, ""init_holdout_frac"": 0.2, ""k"": 3, ""min_buffer"": 100, ""n_ref"": 200, ""probe_rows"": 1000, ""track_energy"": true}"
insects_abrupt,rf,AlwaysNudge,always_nudge,1,47564,4227,balanced_accuracy,4,4,0,4,0,0,1,0,0,0,4,,1,2,0,0,0,12400,20,2480,20,0.06148940000002767,1.393926999966798e-05,422700,0.208,0.5537170969640904,0.6557351407716371,0.5617336342533309,trees,100,100,122862,101790,node_visits,1296.761,1195.325,0.9217774131085066,20.5935000003592,18.943600000056904,4.520248700000138,"{""adwin_delta"": 0.002, ""buffer_size"": 1000, ""chunk_size"": 2000, ""detector"": ""ddm"", ""energy_country_iso"": ""USA"", ""eval_block"": 1000, ""floor_drop"": 0.02, ""holdout_frac"": 0.2, ""init_frac"": 0.1, ""init_holdout_frac"": 0.2, ""k"": 3, ""min_buffer"": 100, ""n_ref"": 200, ""probe_rows"": 1000, ""track_energy"": true}"
insects_abrupt,rf,NeverAdapt,never_adapt,1,47564,4227,balanced_accuracy,4,4,4,0,0,0,1,0,0,0,0,,0,0,0,0,0,0,0,0,0,0.0,1.3230995833001075e-05,422700,0.207,0.5555251871163065,0.6558774330900243,0.5635582622047781,trees,100,100,122862,122862,node_visits,1296.761,1296.761,1.0,20.659100000102626,19.93029999994178,4.394129899999825,"{""adwin_delta"": 0.002, ""buffer_size"": 1000, ""chunk_size"": 2000, ""detector"": ""ddm"", ""energy_country_iso"": ""USA"", ""eval_block"": 1000, ""floor_drop"": 0.02, ""holdout_frac"": 0.2, ""init_frac"": 0.1, ""init_holdout_frac"": 0.2, ""k"": 3, ""min_buffer"": 100, ""n_ref"": 200, ""probe_rows"": 1000, ""track_energy"": true}"
insects_abrupt,sgd,AlwaysRebuild,always_rebuild,1,47564,4227,balanced_accuracy,0,0,0,0,0,0,0,0,0,0,0,,0,0,0,0,0,0,0,0,0,0.0,2.1855916666660715e-06,727044,0.077,0.24367168446724413,0.325,0.24758425685777388,params,204,204,,,params_read,204.0,204.0,1.0,0.23639999972147052,0.2792000000226835,1.9034221000001708,"{""adwin_delta"": 0.002, ""buffer_size"": 1000, ""chunk_size"": 2000, ""detector"": ""ddm"", ""energy_country_iso"": ""USA"", ""eval_block"": 1000, ""floor_drop"": 0.02, ""holdout_frac"": 0.2, ""init_frac"": 0.1, ""init_holdout_frac"": 0.2, ""k"": 3, ""min_buffer"": 100, ""n_ref"": 200, ""probe_rows"": 1000, ""track_energy"": true}"
insects_abrupt,sgd,MechanismSelector,mechanism_selector,1,47564,4227,balanced_accuracy,0,0,0,0,0,0,0,0,0,0,0,0,0,0,0,0,0,0,0,0,0,0.0,2.237107222223477e-06,727044,0.077,0.24367168446724413,0.325,0.24758425685777388,params,204,204,,,params_read,204.0,204.0,1.0,0.25610000011511147,0.2666000000317581,1.9259557000000314,"{""adwin_delta"": 0.002, ""buffer_size"": 1000, ""chunk_size"": 2000, ""detector"": ""ddm"", ""energy_country_iso"": ""USA"", ""eval_block"": 1000, ""floor_drop"": 0.02, ""holdout_frac"": 0.2, ""init_frac"": 0.1, ""init_holdout_frac"": 0.2, ""k"": 3, ""min_buffer"": 100, ""n_ref"": 200, ""probe_rows"": 1000, ""track_energy"": true}"
insects_abrupt,sgd,FixedSchedule(k=3),fixed_schedule,1,47564,4227,balanced_accuracy,0,0,0,0,0,0,0,0,0,0,0,,0,0,0,0,0,0,0,0,0,0.0,2.2006108336657327e-06,727044,0.077,0.24367168446724413,0.325,0.24758425685777388,params,204,204,,,params_read,204.0,204.0,1.0,0.2715999999054475,0.23199999986900366,1.9123200000003635,"{""adwin_delta"": 0.002, ""buffer_size"": 1000, ""chunk_size"": 2000, ""detector"": ""ddm"", ""energy_country_iso"": ""USA"", ""eval_block"": 1000, ""floor_drop"": 0.02, ""holdout_frac"": 0.2, ""init_frac"": 0.1, ""init_holdout_frac"": 0.2, ""k"": 3, ""min_buffer"": 100, ""n_ref"": 200, ""probe_rows"": 1000, ""track_energy"": true}"
insects_abrupt,sgd,AlwaysNudge,always_nudge,1,47564,4227,balanced_accuracy,0,0,0,0,0,0,0,0,0,0,0,,0,0,0,0,0,0,0,0,0,0.0,2.1763561104439756e-06,727044,0.077,0.24367168446724413,0.325,0.24758425685777388,params,204,204,,,params_read,204.0,204.0,1.0,0.24290000010296353,0.2815999996528262,1.924973499999851,"{""adwin_delta"": 0.002, ""buffer_size"": 1000, ""chunk_size"": 2000, ""detector"": ""ddm"", ""energy_country_iso"": ""USA"", ""eval_block"": 1000, ""floor_drop"": 0.02, ""holdout_frac"": 0.2, ""init_frac"": 0.1, ""init_holdout_frac"": 0.2, ""k"": 3, ""min_buffer"": 100, ""n_ref"": 200, ""probe_rows"": 1000, ""track_energy"": true}"
insects_abrupt,sgd,NeverAdapt,never_adapt,1,47564,4227,balanced_accuracy,0,0,0,0,0,0,0,0,0,0,0,,0,0,0,0,0,0,0,0,0,0.0,2.2120313885553695e-06,727044,0.077,0.24367168446724413,0.325,0.24758425685777388,params,204,204,,,params_read,204.0,204.0,1.0,0.2395999999862397,0.24119999989125063,1.9148368000001028,"{""adwin_delta"": 0.002, ""buffer_size"": 1000, ""chunk_size"": 2000, ""detector"": ""ddm"", ""energy_country_iso"": ""USA"", ""eval_block"": 1000, ""floor_drop"": 0.02, ""holdout_frac"": 0.2, ""init_frac"": 0.1, ""init_holdout_frac"": 0.2, ""k"": 3, ""min_buffer"": 100, ""n_ref"": 200, ""probe_rows"": 1000, ""track_energy"": true}"
insects_abrupt,gnb,AlwaysRebuild,always_rebuild,1,47564,4227,balanced_accuracy,8,8,0,0,8,0,1,0,0,0,0,,3,5,0,0,0,7100,0,7100,8,0.013412000000698754,1.088613888222093e-06,4227,0.339,0.5456647884955008,0.7001574991310393,0.5464635165256614,params,402,402,,,params_read,402.0,402.0,1.0,0.8766000000832719,0.8803999999145162,1.6743811000001187,"{""adwin_delta"": 0.002, ""buffer_size"": 1000, ""chunk_size"": 2000, ""detector"": ""ddm"", ""energy_country_iso"": ""USA"", ""eval_block"": 1000, ""floor_drop"": 0.02, ""holdout_frac"": 0.2, ""init_frac"": 0.1, ""init_holdout_frac"": 0.2, ""k"": 3, ""min_buffer"": 100, ""n_ref"": 200, ""probe_rows"": 1000, ""track_energy"": true}"
insects_abrupt,gnb,MechanismSelector,mechanism_selector,1,47564,4227,balanced_accuracy,7,7,1,1,5,1,1,0,0,0,5,1,1,1,0,0,0,8100,0,8100,10,0.013640099999520316,1.0834224993335288e-06,4227,0.807,0.5355310739214532,0.5741603667014251,0.5354724970163266,params,402,402,,,params_read,402.0,402.0,1.0,1.3291000000208442,0.9747000003699213,1.6805839000003289,"{""adwin_delta"": 0.002, ""buffer_size"": 1000, ""chunk_size"": 2000, ""detector"": ""ddm"", ""energy_country_iso"": ""USA"", ""eval_block"": 1000, ""floor_drop"": 0.02, ""holdout_frac"": 0.2, ""init_frac"": 0.1, ""init_holdout_frac"": 0.2, ""k"": 3, ""min_buffer"": 100, ""n_ref"": 200, ""probe_rows"": 1000, ""track_energy"": true}"
insects_abrupt,gnb,FixedSchedule(k=3),fixed_schedule,1,47564,4227,balanced_accuracy,2,2,0,2,0,0,1,0,0,0,2,,0,0,0,0,0,880,0,880,2,0.0019188000001122418,9.143127777783726e-07,4227,0.718,0.4932301740812379,0.6484239224887036,0.4918037053538679,params,402,402,,,params_read,402.0,402.0,1.0,0.8824000001368404,0.8896999997887178,1.663585900000271,"{""adwin_delta"": 0.002, ""buffer_size"": 1000, ""chunk_size"": 2000, ""detector"": ""ddm"", ""energy_country_iso"": ""USA"", ""eval_block"": 1000, ""floor_drop"": 0.02, ""holdout_frac"": 0.2, ""init_frac"": 0.1, ""init_holdout_frac"": 0.2, ""k"": 3, ""min_buffer"": 100, ""n_ref"": 200, ""probe_rows"": 1000, ""track_energy"": true}"
insects_abrupt,gnb,AlwaysNudge,always_nudge,1,47564,4227,balanced_accuracy,2,2,0,2,0,0,1,0,0,0,2,,0,0,0,0,0,880,0,880,2,0.00288829999999507,9.516583326665897e-07,4227,0.718,0.4932301740812379,0.6484239224887036,0.4918037053538679,params,402,402,,,params_read,402.0,402.0,1.0,1.0627999999996973,0.9919999997691775,1.6395910000001095,"{""adwin_delta"": 0.002, ""buffer_size"": 1000, ""chunk_size"": 2000, ""detector"": ""ddm"", ""energy_country_iso"": ""USA"", ""eval_block"": 1000, ""floor_drop"": 0.02, ""holdout_frac"": 0.2, ""init_frac"": 0.1, ""init_holdout_frac"": 0.2, ""k"": 3, ""min_buffer"": 100, ""n_ref"": 200, ""probe_rows"": 1000, ""track_energy"": true}"
insects_abrupt,gnb,NeverAdapt,never_adapt,1,47564,4227,balanced_accuracy,2,2,2,0,0,0,1,0,0,0,0,,0,0,0,0,0,0,0,0,0,0.0,8.560463885558856e-07,4227,0.701,0.4918425700109326,0.6579531630170317,0.49116669023416265,params,402,402,,,params_read,402.0,402.0,1.0,0.8880000000317523,0.9212999998453597,1.626127500000166,"{""adwin_delta"": 0.002, ""buffer_size"": 1000, ""chunk_size"": 2000, ""detector"": ""ddm"", ""energy_country_iso"": ""USA"", ""eval_block"": 1000, ""floor_drop"": 0.02, ""holdout_frac"": 0.2, ""init_frac"": 0.1, ""init_holdout_frac"": 0.2, ""k"": 3, ""min_buffer"": 100, ""n_ref"": 200, ""probe_rows"": 1000, ""track_energy"": true}"
insects_gradual,xgb,AlwaysRebuild,always_rebuild,1,21735,1932,balanced_accuracy,11,11,0,0,11,0,2,0,0,5,0,,8,23,1,0,0,563100,1100,5631,1100,4.680859299999156,2.8605223611777974e-05,193200,0.694,0.5645272601794341,0.7313428401663696,0.5572097783705801,rounds,100,100,8232,1844,node_visits,1833.129,1004.235,0.5478256031081282,11.805199999798788,7.887600000231032,7.627126800000042,"{""adwin_delta"": 0.002, ""buffer_size"": 1000, ""chunk_size"": 2000, ""detector"": ""ddm"", ""energy_country_iso"": ""USA"", ""eval_block"": 1000, ""floor_drop"": 0.02, ""holdout_frac"": 0.2, ""init_frac"": 0.1, ""init_holdout_frac"": 0.2, ""k"": 3, ""min_buffer"": 100, ""n_ref"": 200, ""probe_rows"": 1000, ""track_energy"": true}"
insects_gradual,xgb,MechanismSelector,mechanism_selector,1,21735,1932,balanced_accuracy,5,5,0,1,4,1,1,0,0,1,4,1,4,19,1,0,0,311020,420,6040,420,2.052546099999745,1.709813916633287e-05,193200,0.61,0.43648493213710604,0.2636601307189543,0.4367018944653583,rounds,100,100,8232,1546,node_visits,1833.129,931.409,0.5080979025480477,11.946900000111782,7.595300000048155,4.984876299999996,"{""adwin_delta"": 0.002, ""buffer_size"": 1000, ""chunk_size"": 2000, ""detector"": ""ddm"", ""energy_country_iso"": ""USA"", ""eval_block"": 1000, ""floor_drop"": 0.02, ""holdout_frac"": 0.2, ""init_frac"": 0.1, ""init_holdout_frac"": 0.2, ""k"": 3, ""min_buffer"": 100, ""n_ref"": 200, ""probe_rows"": 1000, ""track_energy"": true}"
insects_gradual,xgb,FixedSchedule(k=3),fixed_schedule,1,21735,1932,balanced_accuracy,2,2,0,2,0,0,0,0,0,0,2,,2,4,1,0,0,7420,10,1484,10,0.18476109999983237,8.781153333334254e-06,193200,0.9,0.267586841499885,0.3333333333333333,0.28021337792175677,rounds,100,110,8232,8786,node_visits,1833.129,1989.59,1.0853518764909615,11.618500000167842,11.495900000227266,3.148325300000124,"{""adwin_delta"": 0.002, ""buffer_size"": 1000, ""chunk_size"": 2000, ""detector"": ""ddm"", ""energy_country_iso"": ""USA"", ""eval_block"": 1000, ""floor_drop"": 0.02, ""holdout_frac"": 0.2, ""init_frac"": 0.1, ""init_holdout_frac"": 0.2, ""k"": 3, ""min_buffer"": 100, ""n_ref"": 200, ""probe_rows"": 1000, ""track_energy"": true}"
insects_gradual,xgb,AlwaysNudge,always_nudge,1,21735,1932,balanced_accuracy,2,2,0,2,0,0,0,0,0,0,2,,2,4,1,0,0,7420,10,1484,10,0.18546230000038122,1.0393182778110637e-05,193200,0.9,0.267586841499885,0.3333333333333333,0.28021337792175677,rounds,100,110,8232,8786,node_visits,1833.129,1989.59,1.0853518764909615,11.339899999711633,12.607699999989563,3.242296599999918,"{""adwin_delta"": 0.002, ""buffer_size"": 1000, ""chunk_size"": 2000, ""detector"": ""ddm"", ""energy_country_iso"": ""USA"", ""eval_block"": 1000, ""floor_drop"": 0.02, ""holdout_frac"": 0.2, ""init_frac"": 0.1, ""init_holdout_frac"": 0.2, ""k"": 3, ""min_buffer"": 100, ""n_ref"": 200, ""probe_rows"": 1000, ""track_energy"": true}"
insects_gradual,xgb,NeverAdapt,never_adapt,1,21735,1932,balanced_accuracy,4,4,4,0,0,0,0,0,0,0,0,,0,0,1,0,0,0,0,0,0,0.0,7.596146943778493e-06,193200,0.034,0.2782608695652174,0.2335115864527629,0.3060491100450692,rounds,100,100,8232,8232,node_visits,1833.129,1833.129,1.0,11.5894999999,11.657900000045629,3.0343738999999914,"{""adwin_delta"": 0.002, ""buffer_size"": 1000, ""chunk_size"": 2000, ""detector"": ""ddm"", ""energy_country_iso"": ""USA"", ""eval_block"": 1000, ""floor_drop"": 0.02, ""holdout_frac"": 0.2, ""init_frac"": 0.1, ""init_holdout_frac"": 0.2, ""k"": 3, ""min_buffer"": 100, ""n_ref"": 200, ""probe_rows"": 1000, ""track_energy"": true}"
insects_gradual,rf,AlwaysRebuild,always_rebuild,1,21735,1932,balanced_accuracy,7,7,0,0,7,0,1,0,0,1,0,,6,15,1,0,0,374300,700,3743,700,1.7889872999994623,1.4529502500665606e-05,193200,0.672,0.4750402576489533,0.328817587641117,0.47365449192051917,trees,100,100,26480,4422,node_visits,867.122,541.339,0.6242939286513317,17.723299999943265,12.08760000008624,4.6462007999998605,"{""adwin_delta"": 0.002, ""buffer_size"": 1000, ""chunk_size"": 2000, ""detector"": ""ddm"", ""energy_country_iso"": ""USA"", ""eval_block"": 1000, ""floor_drop"": 0.02, ""holdout_frac"": 0.2, ""init_frac"": 0.1, ""init_holdout_frac"": 0.2, ""k"": 3, ""min_buffer"": 100, ""n_ref"": 200, ""probe_rows"": 1000, ""track_energy"": true}"
insects_gradual,rf,MechanismSelector,mechanism_selector,1,21735,1932,balanced_accuracy,5,5,1,0,4,1,1,0,0,0,3,0,2,8,1,0,0,251900,415,4286,415,1.246723300001122,1.1787014165999004e-05,193200,0.653,0.3623648493213711,0.62708853238265,0.3844903905591805,trees,100,100,26480,8440,node_visits,867.122,774.419,0.8930911682554473,15.013500000350177,14.142799999717681,4.075043000000278,"{""adwin_delta"": 0.002, ""buffer_size"": 1000, ""chunk_size"": 2000, ""detector"": ""ddm"", ""energy_country_iso"": ""USA"", ""eval_block"": 1000, ""floor_drop"": 0.02, ""holdout_frac"": 0.2, ""init_frac"": 0.1, ""init_holdout_frac"": 0.2, ""k"": 3, ""min_buffer"": 100, ""n_ref"": 200, ""probe_rows"": 1000, ""track_energy"": true}"
insects_gradual,rf,FixedSchedule(k=3),fixed_schedule,1,21735,1932,balanced_accuracy,10,10,0,7,3,0,2,0,0,4,7,,9,31,1,0,0,224625,335,4113,335,0.9985264999995707,1.1402023611777149e-05,193200,0.346,0.32942259029215554,0.2362309368191721,0.33580928630999946,trees,100,100,26480,36980,node_visits,867.122,1002.748,1.1564093633883124,15.848400000322727,17.88799999985713,4.024168499999632,"{""adwin_delta"": 0.002, ""buffer_size"": 1000, ""chunk_size"": 2000, ""detector"": ""ddm"", ""energy_country_iso"": ""USA"", ""eval_block"": 1000, ""floor_drop"": 0.02, ""holdout_frac"": 0.2, ""init_frac"": 0.1, ""init_holdout_frac"": 0.2, ""k"": 3, ""min_buffer"": 100, ""n_ref"": 200, ""probe_rows"": 1000, ""track_energy"": true}"
insects_gradual,rf,AlwaysNudge,always_nudge,1,21735,1932,balanced_accuracy,4,4,0,4,0,0,1,0,0,0,4,,4,9,1,0,0,11475,20,2295,20,0.06192109999983586,6.47079555555453e-06,193200,0.031,0.2469289164941339,0.20409982174688057,0.27636567841379794,trees,100,100,26480,23182,node_visits,867.122,856.441,0.9876822407919532,14.976899999965099,15.752099999644997,2.901017000000138,"{""adwin_delta"": 0.002, ""buffer_size"": 1000, ""chunk_size"": 2000, ""detector"": ""ddm"", ""energy_country_iso"": ""USA"", ""eval_block"": 1000, ""floor_drop"": 0.02, ""holdout_frac"": 0.2, ""init_frac"": 0.1, ""init_holdout_frac"": 0.2, ""k"": 3, ""min_buffer"": 100, ""n_ref"": 200, ""probe_rows"": 1000, ""track_energy"": true}"
insects_gradual,rf,NeverAdapt,never_adapt,1,21735,1932,balanced_accuracy,4,4,4,0,0,0,1,0,0,0,0,,0,0,1,0,0,0,0,0,0,0.0,6.00517722188825e-06,193200,0.031,0.2513457556935818,0.20409982174688057,0.2803665066005338,trees,100,100,26480,26480,node_visits,867.122,867.122,1.0,19.226200000048266,14.969899999869085,2.7912734999999884,"{""adwin_delta"": 0.002, ""buffer_size"": 1000, ""chunk_size"": 2000, ""detector"": ""ddm"", ""energy_country_iso"": ""USA"", ""eval_block"": 1000, ""floor_drop"": 0.02, ""holdout_frac"": 0.2, ""init_frac"": 0.1, ""init_holdout_frac"": 0.2, ""k"": 3, ""min_buffer"": 100, ""n_ref"": 200, ""probe_rows"": 1000, ""track_energy"": true}"
insects_gradual,sgd,AlwaysRebuild,always_rebuild,1,21735,1932,balanced_accuracy,4,4,0,0,4,0,1,0,0,1,0,,3,7,1,0,0,2096000,0,3002,3094,0.4308556999999382,3.312811111443303e-06,1932000,0.51,0.1627789279963193,0.18888888888888888,0.1686562648456262,params,204,204,,,params_read,204.0,204.0,1.0,0.2362999998695159,0.26280000020051375,2.188865199999782,"{""adwin_delta"": 0.002, ""buffer_size"": 1000, ""chunk_size"": 2000, ""detector"": ""ddm"", ""energy_country_iso"": ""USA"", ""eval_block"": 1000, ""floor_drop"": 0.02, ""holdout_frac"": 0.2, ""init_frac"": 0.1, ""init_holdout_frac"": 0.2, ""k"": 3, ""min_buffer"": 100, ""n_ref"": 200, ""probe_rows"": 1000, ""track_energy"": true}"
insects_gradual,sgd,MechanismSelector,mechanism_selector,1,21735,1932,balanced_accuracy,2,2,1,1,0,0,0,0,0,0,1,1,0,0,1,0,0,800,0,800,1,0.0036955000000489235,1.3383811107760237e-06,1932000,0.188,0.15762594893029674,0.46868686868686865,0.1935210956414635,params,204,204,,,params_read,204.0,204.0,1.0,0.24089999988063937,0.2380000000812288,1.74190150000004,"{""adwin_delta"": 0.002, ""buffer_size"": 1000, ""chunk_size"": 2000, ""detector"": ""ddm"", ""energy_country_iso"": ""USA"", ""eval_block"": 1000, ""floor_drop"": 0.02, ""holdout_frac"": 0.2, ""init_frac"": 0.1, ""init_holdout_frac"": 0.2, ""k"": 3, ""min_buffer"": 100, ""n_ref"": 200, ""probe_rows"": 1000, ""track_energy"": true}"
insects_gradual,sgd,FixedSchedule(k=3),fixed_schedule,1,21735,1932,balanced_accuracy,3,3,0,2,1,0,0,0,0,0,2,,0,0,1,0,0,104521,0,2521,105,0.05510569999978543,1.6312691670001385e-06,1932000,0.036,0.21660915573959053,0.05106753812636166,0.2187548695769339,params,204,204,,,params_read,204.0,204.0,1.0,0.2509000000827655,0.24140000004990725,1.8116843000002518,"{""adwin_delta"": 0.002, ""buffer_size"": 1000, ""chunk_size"": 2000, ""detector"": ""ddm"", ""energy_country_iso"": ""USA"", ""eval_block"": 1000, ""floor_drop"": 0.02, ""holdout_frac"": 0.2, ""init_frac"": 0.1, ""init_holdout_frac"": 0.2, ""k"": 3, ""min_buffer"": 100, ""n_ref"": 200, ""probe_rows"": 1000, ""track_energy"": true}"
insects_gradual,sgd,AlwaysNudge,always_nudge,1,21735,1932,balanced_accuracy,4,4,0,4,0,0,0,0,0,0,4,,0,0,1,0,0,3121,0,3121,4,0.01584199999933844,1.4680347218898615e-06,1932000,0.133,0.26404416839199446,0.15302832244008716,0.2679700137600232,params,204,204,,,params_read,204.0,204.0,1.0,0.23639999972147052,0.24160000020856387,1.7791696000003867,"{""adwin_delta"": 0.002, ""buffer_size"": 1000, ""chunk_size"": 2000, ""detector"": ""ddm"", ""energy_country_iso"": ""USA"", ""eval_block"": 1000, ""floor_drop"": 0.02, ""holdout_frac"": 0.2, ""init_frac"": 0.1, ""init_holdout_frac"": 0.2, ""k"": 3, ""min_buffer"": 100, ""n_ref"": 200, ""probe_rows"": 1000, ""track_energy"": true}"
insects_gradual,sgd,NeverAdapt,never_adapt,1,21735,1932,balanced_accuracy,2,2,2,0,0,0,0,0,0,0,0,,0,0,1,0,0,0,0,0,0,0.0,1.323444166666892e-06,1932000,0.068,0.1521048999309869,0.42424242424242425,0.18851483781918565,params,204,204,,,params_read,204.0,204.0,1.0,0.2503999999134976,0.26190000016868,1.7309529999997721,"{""adwin_delta"": 0.002, ""buffer_size"": 1000, ""chunk_size"": 2000, ""detector"": ""ddm"", ""energy_country_iso"": ""USA"", ""eval_block"": 1000, ""floor_drop"": 0.02, ""holdout_frac"": 0.2, ""init_frac"": 0.1, ""init_holdout_frac"": 0.2, ""k"": 3, ""min_buffer"": 100, ""n_ref"": 200, ""probe_rows"": 1000, ""track_energy"": true}"
insects_gradual,gnb,AlwaysRebuild,always_rebuild,1,21735,1932,balanced_accuracy,4,4,0,0,4,0,1,0,0,1,0,,3,8,1,0,0,3100,0,3100,4,0.007208500000615459,5.699236104430494e-07,1932,0.728,0.5312169312169313,0.30736383442265797,0.5098630147242768,params,402,402,,,params_read,402.0,402.0,1.0,0.9777000000212865,0.8935000000747095,1.5581295000001774,"{""adwin_delta"": 0.002, ""buffer_size"": 1000, ""chunk_size"": 2000, ""detector"": ""ddm"", ""energy_country_iso"": ""USA"", ""eval_block"": 1000, ""floor_drop"": 0.02, ""holdout_frac"": 0.2, ""init_frac"": 0.1, ""init_holdout_frac"": 0.2, ""k"": 3, ""min_buffer"": 100, ""n_ref"": 200, ""probe_rows"": 1000, ""track_energy"": true}"
insects_gradual,gnb,MechanismSelector,mechanism_selector,1,21735,1932,balanced_accuracy,3,3,1,1,1,0,0,0,0,0,2,1,0,0,1,0,0,2600,0,2600,3,0.0037133999994694022,5.23641666666561e-07,1932,0.727,0.537888198757764,0.367688651218063,0.5210053495845771,params,402,402,,,params_read,402.0,402.0,1.0,0.9256999996978266,0.8769999999458378,1.584298100000069,"{""adwin_delta"": 0.002, ""buffer_size"": 1000, ""chunk_size"": 2000, ""detector"": ""ddm"", ""energy_country_iso"": ""USA"", ""eval_block"": 1000, ""floor_drop"": 0.02, ""holdout_frac"": 0.2, ""init_frac"": 0.1, ""init_holdout_frac"": 0.2, ""k"": 3, ""min_buffer"": 100, ""n_ref"": 200, ""probe_rows"": 1000, ""track_energy"": true}"
insects_gradual,gnb,FixedSchedule(k=3),fixed_schedule,1,21735,1932,balanced_accuracy,3,3,0,2,1,0,0,0,0,0,2,,0,0,1,0,0,2600,0,2600,3,0.004691899999670568,6.43448889554438e-07,1932,0.722,0.5494824016563147,0.34718954248366013,0.5308104807568178,params,402,402,,,params_read,402.0,402.0,1.0,1.210599999922124,1.1195000001862354,1.5725962999999865,"{""adwin_delta"": 0.002, ""buffer_size"": 1000, ""chunk_size"": 2000, ""detector"": ""ddm"", ""energy_country_iso"": ""USA"", ""eval_block"": 1000, ""floor_drop"": 0.02, ""holdout_frac"": 0.2, ""init_frac"": 0.1, ""init_holdout_frac"": 0.2, ""k"": 3, ""min_buffer"": 100, ""n_ref"": 200, ""probe_rows"": 1000, ""track_energy"": true}"
insects_gradual,gnb,AlwaysNudge,always_nudge,1,21735,1932,balanced_accuracy,3,3,0,3,0,0,0,0,0,0,3,,0,0,1,0,0,2400,0,2400,3,0.005136799999490904,8.591436111100953e-07,1932,0.119,0.4311019093627789,0.09555555555555555,0.42001219855646826,params,402,402,,,params_read,402.0,402.0,1.0,1.2034999999741558,1.3820999997733452,1.584538099999918,"{""adwin_delta"": 0.002, ""buffer_size"": 1000, ""chunk_size"": 2000, ""detector"": ""ddm"", ""energy_country_iso"": ""USA"", ""eval_block"": 1000, ""floor_drop"": 0.02, ""holdout_frac"": 0.2, ""init_frac"": 0.1, ""init_holdout_frac"": 0.2, ""k"": 3, ""min_buffer"": 100, ""n_ref"": 200, ""probe_rows"": 1000, ""track_energy"": true}"
insects_gradual,gnb,NeverAdapt,never_adapt,1,21735,1932,balanced_accuracy,3,3,3,0,0,0,0,0,0,0,0,,0,0,1,0,0,0,0,0,0,0.0,7.466247218895135e-07,1932,0.027,0.34156889809063723,0.09438898791839968,0.3418107321216655,params,402,402,,,params_read,402.0,402.0,1.0,1.1048999999729858,1.1229000001549139,1.6072025000003123,"{""adwin_delta"": 0.002, ""buffer_size"": 1000, ""chunk_size"": 2000, ""detector"": ""ddm"", ""energy_country_iso"": ""USA"", ""eval_block"": 1000, ""floor_drop"": 0.02, ""holdout_frac"": 0.2, ""init_frac"": 0.1, ""init_holdout_frac"": 0.2, ""k"": 3, ""min_buffer"": 100, ""n_ref"": 200, ""probe_rows"": 1000, ""track_energy"": true}"
insects_incremental,xgb,AlwaysRebuild,always_rebuild,1,51317,4560,balanced_accuracy,7,7,0,0,7,0,0,0,0,2,0,,0,0,0,0,0,424300,700,4243,700,6.7680477999992945,7.121646166733249e-05,456000,0.525,0.5342479100493014,0.5233065839813894,0.5342548892116902,rounds,100,100,36642,3132,node_visits,3853.825,1393.613,0.3616181326344606,17.811499999879743,8.987499999875581,13.167086700000254,"{""adwin_delta"": 0.002, ""buffer_size"": 1000, ""chunk_size"": 2000, ""detector"": ""ddm"", ""energy_country_iso"": ""USA"", ""eval_block"": 1000, ""floor_drop"": 0.02, ""holdout_frac"": 0.2, ""init_frac"": 0.1, ""init_holdout_frac"": 0.2, ""k"": 3, ""min_buffer"": 100, ""n_ref"": 200, ""probe_rows"": 1000, ""track_energy"": true}"
insects_incremental,xgb,MechanismSelector,mechanism_selector,1,51317,4560,balanced_accuracy,3,3,0,2,1,0,0,0,0,0,3,2,0,0,0,0,0,82980,115,2897,115,1.804597599999397,3.763301055588828e-05,456000,0.379,0.4734103708322778,0.3772701053406002,0.47341511147138454,rounds,100,110,36642,16040,node_visits,3853.825,3046.805,0.7905924633318846,18.47570000018095,16.296600000259787,8.183771199999683,"{""adwin_delta"": 0.002, ""buffer_size"": 1000, ""chunk_size"": 2000, ""detector"": ""ddm"", ""energy_country_iso"": ""USA"", ""eval_block"": 1000, ""floor_drop"": 0.02, ""holdout_frac"": 0.2, ""init_frac"": 0.1, ""init_holdout_frac"": 0.2, ""k"": 3, ""min_buffer"": 100, ""n_ref"": 200, ""probe_rows"": 1000, ""track_energy"": true}"
insects_incremental,xgb,FixedSchedule(k=3),fixed_schedule,1,51317,4560,balanced_accuracy,3,3,0,2,1,0,0,0,0,0,2,,0,0,0,0,0,106880,110,2376,110,1.884055399999852,4.054457972222203e-05,456000,0.523,0.4800553422842333,0.5219290550408444,0.4800541692072029,rounds,100,100,36642,15382,node_visits,3853.825,2815.15,0.7304820535442061,18.823900000370486,15.075599999818223,8.501453399999718,"{""adwin_delta"": 0.002, ""buffer_size"": 1000, ""chunk_size"": 2000, ""detector"": ""ddm"", ""energy_country_iso"": ""USA"", ""eval_block"": 1000, ""floor_drop"": 0.02, ""holdout_frac"": 0.2, ""init_frac"": 0.1, ""init_holdout_frac"": 0.2, ""k"": 3, ""min_buffer"": 100, ""n_ref"": 200, ""probe_rows"": 1000, ""track_energy"": true}"
insects_incremental,xgb,AlwaysNudge,always_nudge,1,51317,4560,balanced_accuracy,4,4,0,4,0,0,1,0,0,1,4,,0,0,0,0,0,11280,20,2256,20,0.7411123999995652,4.157437361077791e-05,456000,0.421,0.4380809478340511,0.4193220572220357,0.43808154360300006,rounds,100,120,36642,41352,node_visits,3853.825,4493.594,1.166008835377839,18.303299999843148,15.143000000080065,8.146193399999902,"{""adwin_delta"": 0.002, ""buffer_size"": 1000, ""chunk_size"": 2000, ""detector"": ""ddm"", ""energy_country_iso"": ""USA"", ""eval_block"": 1000, ""floor_drop"": 0.02, ""holdout_frac"": 0.2, ""init_frac"": 0.1, ""init_holdout_frac"": 0.2, ""k"": 3, ""min_buffer"": 100, ""n_ref"": 200, ""probe_rows"": 1000, ""track_energy"": true}"
insects_incremental,xgb,NeverAdapt,never_adapt,1,51317,4560,balanced_accuracy,3,3,3,0,0,0,0,0,0,0,0,,0,0,0,0,0,0,0,0,0,0.0,2.3965609166999096e-05,456000,0.12,0.22012198686595086,0.1199112905812767,0.22011747061026066,rounds,100,100,36642,36642,node_visits,3853.825,3853.825,1.0,19.473800000014307,18.13799999990806,6.369041700000253,"{""adwin_delta"": 0.002, ""buffer_size"": 1000, ""chunk_size"": 2000, ""detector"": ""ddm"", ""energy_country_iso"": ""USA"", ""eval_block"": 1000, ""floor_drop"": 0.02, ""holdout_frac"": 0.2, ""init_frac"": 0.1, ""init_holdout_frac"": 0.2, ""k"": 3, ""min_buffer"": 100, ""n_ref"": 200, ""probe_rows"": 1000, ""track_energy"": true}"
insects_incremental,rf,AlwaysRebuild,always_rebuild,1,51317,4560,balanced_accuracy,4,4,0,0,4,0,0,0,0,0,0,,0,0,0,0,0,348400,400,3484,400,1.493347900000117,2.093582750000022e-05,456000,0.49,0.5422764386070893,0.48878992819083594,0.5422763970442642,trees,100,100,189994,25496,node_visits,1241.693,901.096,0.7256995086547158,24.498399999629328,16.616699999758566,6.057213100000354,"{""adwin_delta"": 0.002, ""buffer_size"": 1000, ""chunk_size"": 2000, ""detector"": ""ddm"", ""energy_country_iso"": ""USA"", ""eval_block"": 1000, ""floor_drop"": 0.02, ""holdout_frac"": 0.2, ""init_frac"": 0.1, ""init_holdout_frac"": 0.2, ""k"": 3, ""min_buffer"": 100, ""n_ref"": 200, ""probe_rows"": 1000, ""track_energy"": true}"
insects_incremental,rf,MechanismSelector,mechanism_selector,1,51317,4560,balanced_accuracy,4,4,0,0,4,0,0,0,0,0,4,0,0,0,0,0,0,362335,420,6271,420,1.5797618999990846,2.281485583333448e-05,456000,0.49,0.5422764386070893,0.48878992819083594,0.5422763970442642,trees,100,100,189994,25496,node_visits,1241.693,901.096,0.7256995086547158,26.702499999828433,16.478900000038266,6.3158730999998625,"{""adwin_delta"": 0.002, ""buffer_size"": 1000, ""chunk_size"": 2000, ""detector"": ""ddm"", ""energy_country_iso"": ""USA"", ""eval_block"": 1000, ""floor_drop"": 0.02, ""holdout_frac"": 0.2, ""init_frac"": 0.1, ""init_holdout_frac"": 0.2, ""k"": 3, ""min_buffer"": 100, ""n_ref"": 200, ""probe_rows"": 1000, ""track_energy"": true}"
insects_incremental,rf,FixedSchedule(k=3),fixed_schedule,1,51317,4560,balanced_accuracy,2,2,0,2,0,0,0,0,0,0,2,,0,0,0,0,0,7475,10,1495,10,0.03717790000018795,1.554791611077843e-05,456000,0.123,0.22442855194185163,0.12299885373258447,0.2244226152668705,trees,100,100,189994,174294,node_visits,1241.693,1210.255,0.974681342328579,26.095799999893643,22.744500000044354,4.833804099999725,"{""adwin_delta"": 0.002, ""buffer_size"": 1000, ""chunk_size"": 2000, ""detector"": ""ddm"", ""energy_country_iso"": ""USA"", ""eval_block"": 1000, ""floor_drop"": 0.02, ""holdout_frac"": 0.2, ""init_frac"": 0.1, ""init_holdout_frac"": 0.2, ""k"": 3, ""min_buffer"": 100, ""n_ref"": 200, ""probe_rows"": 1000, ""track_energy"": true}"
insects_incremental,rf,AlwaysNudge,always_nudge,1,51317,4560,balanced_accuracy,2,2,0,2,0,0,0,0,0,0,2,,0,0,0,0,0,7475,10,1495,10,0.03553009999995993,1.6490028610444332e-05,456000,0.123,0.22442855194185163,0.12299885373258447,0.2244226152668705,trees,100,100,189994,174294,node_visits,1241.693,1210.255,0.974681342328579,33.217100000001665,22.593299999698502,4.888336900000013,"{""adwin_delta"": 0.002, ""buffer_size"": 1000, ""chunk_size"": 2000, ""detector"": ""ddm"", ""energy_country_iso"": ""USA"", ""eval_block"": 1000, ""floor_drop"": 0.02, ""holdout_frac"": 0.2, ""init_frac"": 0.1, ""init_holdout_frac"": 0.2, ""k"": 3, ""min_buffer"": 100, ""n_ref"": 200, ""probe_rows"": 1000, ""track_energy"": true}"
insects_incremental,rf,NeverAdapt,never_adapt,1,51317,4560,balanced_accuracy,3,3,3,0,0,0,0,0,0,0,0,,0,0,0,0,0,0,0,0,0,0.0,1.64579372222222e-05,456000,0.117,0.2122298653467662,0.11687062410485786,0.212224931538348,trees,100,100,189994,189994,node_visits,1241.693,1241.693,1.0,28.65860000019893,23.31880000019737,4.861366399999952,"{""adwin_delta"": 0.002, ""buffer_size"": 1000, ""chunk_size"": 2000, ""detector"": ""ddm"", ""energy_country_iso"": ""USA"", ""eval_block"": 1000, ""floor_drop"": 0.02, ""holdout_frac"": 0.2, ""init_frac"": 0.1, ""init_holdout_frac"": 0.2, ""k"": 3, ""min_buffer"": 100, ""n_ref"": 200, ""probe_rows"": 1000, ""track_energy"": true}"
insects_incremental,sgd,AlwaysRebuild,always_rebuild,1,51317,4560,balanced_accuracy,0,0,0,0,0,0,0,0,0,0,0,,0,0,0,0,0,0,0,0,0,0.0,2.613119722556144e-06,811680,0.157,0.16889140051055207,0.15933425195928974,0.16885669882323706,params,204,204,,,params_read,204.0,204.0,1.0,0.25689999984024325,0.2366000003348745,2.008589800000209,"{""adwin_delta"": 0.002, ""buffer_size"": 1000, ""chunk_size"": 2000, ""detector"": ""ddm"", ""energy_country_iso"": ""USA"", ""eval_block"": 1000, ""floor_drop"": 0.02, ""holdout_frac"": 0.2, ""init_frac"": 0.1, ""init_holdout_frac"": 0.2, ""k"": 3, ""min_buffer"": 100, ""n_ref"": 200, ""probe_rows"": 1000, ""track_energy"": true}"
insects_incremental,sgd,MechanismSelector,mechanism_selector,1,51317,4560,balanced_accuracy,0,0,0,0,0,0,0,0,0,0,0,0,0,0,0,0,0,0,0,0,0,0.0,2.6392730558887265e-06,811680,0.157,0.16889140051055207,0.15933425195928974,0.16885669882323706,params,204,204,,,params_read,204.0,204.0,1.0,0.26130000014745747,0.23810000038793078,2.012792999999874,"{""adwin_delta"": 0.002, ""buffer_size"": 1000, ""chunk_size"": 2000, ""detector"": ""ddm"", ""energy_country_iso"": ""USA"", ""eval_block"": 1000, ""floor_drop"": 0.02, ""holdout_frac"": 0.2, ""init_frac"": 0.1, ""init_holdout_frac"": 0.2, ""k"": 3, ""min_buffer"": 100, ""n_ref"": 200, ""probe_rows"": 1000, ""track_energy"": true}"
insects_incremental,sgd,FixedSchedule(k=3),fixed_schedule,1,51317,4560,balanced_accuracy,0,0,0,0,0,0,0,0,0,0,0,,0,0,0,0,0,0,0,0,0,0.0,2.569396667332267e-06,811680,0.157,0.16889140051055207,0.15933425195928974,0.16885669882323706,params,204,204,,,params_read,204.0,204.0,1.0,0.2519999998185085,0.3195999997842591,2.0624323000001823,"{""adwin_delta"": 0.002, ""buffer_size"": 1000, ""chunk_size"": 2000, ""detector"": ""ddm"", ""energy_country_iso"": ""USA"", ""eval_block"": 1000, ""floor_drop"": 0.02, ""holdout_frac"": 0.2, ""init_frac"": 0.1, ""init_holdout_frac"": 0.2, ""k"": 3, ""min_buffer"": 100, ""n_ref"": 200, ""probe_rows"": 1000, ""track_energy"": true}"
insects_incremental,sgd,AlwaysNudge,always_nudge,1,51317,4560,balanced_accuracy,0,0,0,0,0,0,0,0,0,0,0,,0,0,0,0,0,0,0,0,0,0.0,2.62653027777684e-06,811680,0.157,0.16889140051055207,0.15933425195928974,0.16885669882323706,params,204,204,,,params_read,204.0,204.0,1.0,0.24459999985992908,0.2382000002398854,2.0038023999995858,"{""adwin_delta"": 0.002, ""buffer_size"": 1000, ""chunk_size"": 2000, ""detector"": ""ddm"", ""energy_country_iso"": ""USA"", ""eval_block"": 1000, ""floor_drop"": 0.02, ""holdout_frac"": 0.2, ""init_frac"": 0.1, ""init_holdout_frac"": 0.2, ""k"": 3, ""min_buffer"": 100, ""n_ref"": 200, ""probe_rows"": 1000, ""track_energy"": true}"
insects_incremental,sgd,NeverAdapt,never_adapt,1,51317,4560,balanced_accuracy,0,0,0,0,0,0,0,0,0,0,0,,0,0,0,0,0,0,0,0,0,0.0,2.6998727777785876e-06,811680,0.157,0.16889140051055207,0.15933425195928974,0.16885669882323706,params,204,204,,,params_read,204.0,204.0,1.0,0.25849999974525417,0.2658999997038336,2.0242130000001453,"{""adwin_delta"": 0.002, ""buffer_size"": 1000, ""chunk_size"": 2000, ""detector"": ""ddm"", ""energy_country_iso"": ""USA"", ""eval_block"": 1000, ""floor_drop"": 0.02, ""holdout_frac"": 0.2, ""init_frac"": 0.1, ""init_holdout_frac"": 0.2, ""k"": 3, ""min_buffer"": 100, ""n_ref"": 200, ""probe_rows"": 1000, ""track_energy"": true}"
insects_incremental,gnb,AlwaysRebuild,always_rebuild,1,51317,4560,balanced_accuracy,3,3,0,0,3,0,0,0,0,0,0,,0,0,0,0,0,3000,0,3000,3,0.004352200000084849,9.849899996677888e-07,4560,0.424,0.516495508311086,0.4233310353652128,0.5164968594862552,params,402,402,,,params_read,402.0,402.0,1.0,0.8800000000519503,0.8874999998624844,1.6595409999999902,"{""adwin_delta"": 0.002, ""buffer_size"": 1000, ""chunk_size"": 2000, ""detector"": ""ddm"", ""energy_country_iso"": ""USA"", ""eval_block"": 1000, ""floor_drop"": 0.02, ""holdout_frac"": 0.2, ""init_frac"": 0.1, ""init_holdout_frac"": 0.2, ""k"": 3, ""min_buffer"": 100, ""n_ref"": 200, ""probe_rows"": 1000, ""track_energy"": true}"
insects_incremental,gnb,MechanismSelector,mechanism_selector,1,51317,4560,balanced_accuracy,3,3,0,0,3,0,0,0,0,0,3,0,0,0,0,0,0,5400,0,5400,6,0.00806719999991401,1.0153886114443403e-06,4560,0.424,0.516495508311086,0.4233310353652128,0.5164968594862552,params,402,402,,,params_read,402.0,402.0,1.0,0.8827999999994063,0.9242000000995176,1.664506000000074,"{""adwin_delta"": 0.002, ""buffer_size"": 1000, ""chunk_size"": 2000, ""detector"": ""ddm"", ""energy_country_iso"": ""USA"", ""eval_block"": 1000, ""floor_drop"": 0.02, ""holdout_frac"": 0.2, ""init_frac"": 0.1, ""init_holdout_frac"": 0.2, ""k"": 3, ""min_buffer"": 100, ""n_ref"": 200, ""probe_rows"": 1000, ""track_energy"": true}"
insects_incremental,gnb,FixedSchedule(k=3),fixed_schedule,1,51317,4560,balanced_accuracy,3,3,0,2,1,0,0,0,0,0,2,,0,0,0,0,0,2600,0,2600,3,0.004911399999855348,1.1944286107764384e-06,4560,0.53,0.4031022857922326,0.5296278883913205,0.40309824164043556,params,402,402,,,params_read,402.0,402.0,1.0,1.0870999999497144,0.8634000000711239,1.6828916000004028,"{""adwin_delta"": 0.002, ""buffer_size"": 1000, ""chunk_size"": 2000, ""detector"": ""ddm"", ""energy_country_iso"": ""USA"", ""eval_block"": 1000, ""floor_drop"": 0.02, ""holdout_frac"": 0.2, ""init_frac"": 0.1, ""init_holdout_frac"": 0.2, ""k"": 3, ""min_buffer"": 100, ""n_ref"": 200, ""probe_rows"": 1000, ""track_energy"": true}"
insects_incremental,gnb,AlwaysNudge,always_nudge,1,51317,4560,balanced_accuracy,3,3,0,3,0,0,0,0,0,0,3,,0,0,0,0,0,2400,0,2400,3,0.0047865999995337916,1.384551111112026e-06,4560,0.264,0.3008749537190405,0.2631566046867935,0.3008686707044814,params,402,402,,,params_read,402.0,402.0,1.0,1.047299999754614,1.0649000000739761,1.7005394000002525,"{""adwin_delta"": 0.002, ""buffer_size"": 1000, ""chunk_size"": 2000, ""detector"": ""ddm"", ""energy_country_iso"": ""USA"", ""eval_block"": 1000, ""floor_drop"": 0.02, ""holdout_frac"": 0.2, ""init_frac"": 0.1, ""init_holdout_frac"": 0.2, ""k"": 3, ""min_buffer"": 100, ""n_ref"": 200, ""probe_rows"": 1000, ""track_energy"": true}"
insects_incremental,gnb,NeverAdapt,never_adapt,1,51317,4560,balanced_accuracy,4,4,4,0,0,0,0,0,0,0,0,,0,0,0,0,0,0,0,0,0,0.0,1.0083369451115782e-06,4560,0.143,0.20591616813141844,0.14298921897357636,0.2059100817198126,params,402,402,,,params_read,402.0,402.0,1.0,0.8407000000261178,0.9847000001173001,1.6651544000001195,"{""adwin_delta"": 0.002, ""buffer_size"": 1000, ""chunk_size"": 2000, ""detector"": ""ddm"", ""energy_country_iso"": ""USA"", ""eval_block"": 1000, ""floor_drop"": 0.02, ""holdout_frac"": 0.2, ""init_frac"": 0.1, ""init_holdout_frac"": 0.2, ""k"": 3, ""min_buffer"": 100, ""n_ref"": 200, ""probe_rows"": 1000, ""track_energy"": true}"
covtype,xgb,AlwaysRebuild,always_rebuild,1,90000,8000,balanced_accuracy,349,334,0,0,334,0,170,15,0,237,0,,327,1561,0,0,0,6753900,33400,67539,33400,50.7804194000023,0.00028823999750033236,800000,0.897,0.7493,0.54816431886207,0.6227396940596288,rounds,100,100,34130,1364,node_visits,3970.127,933.86,0.2352216944193473,14.999700000316807,8.905099999992672,60.9280689000002,"{""adwin_delta"": 0.002, ""buffer_size"": 1000, ""chunk_size"": 2000, ""detector"": ""ddm"", ""energy_country_iso"": ""USA"", ""eval_block"": 1000, ""floor_drop"": 0.02, ""holdout_frac"": 0.2, ""init_frac"": 0.1, ""init_holdout_frac"": 0.2, ""k"": 3, ""min_buffer"": 100, ""n_ref"": 200, ""probe_rows"": 1000, ""track_energy"": true}"
covtype,xgb,MechanismSelector,mechanism_selector,1,90000,8000,balanced_accuracy,308,301,141,17,143,130,78,7,0,121,30,17,160,845,0,0,0,2130815,14450,30507,14450,21.846341999999822,0.00014136542888888904,800000,0.796,0.6314222222222222,0.3333333333333333,0.41163635362527856,rounds,100,100,34130,700,node_visits,3970.127,700.0,0.1763167777756228,15.835400000014488,8.155699999861099,31.473134700000173,"{""adwin_delta"": 0.002, ""buffer_size"": 1000, ""chunk_size"": 2000, ""detector"": ""ddm"", ""energy_country_iso"": ""USA"", ""eval_block"": 1000, ""floor_drop"": 0.02, ""holdout_frac"": 0.2, ""init_frac"": 0.1, ""init_holdout_frac"": 0.2, ""k"": 3, ""min_buffer"": 100, ""n_ref"": 200, ""probe_rows"": 1000, ""track_energy"": true}"
covtype,xgb,FixedSchedule(k=3),fixed_schedule,1,90000,8000,balanced_accuracy,262,256,0,171,85,0,86,6,0,128,171,,255,1272,0,0,0,2228585,9355,53766,9355,23.32414310000013,0.00017616742361111108,800000,0.82,0.7746888888888889,0.6480911583679522,0.7528455627034736,rounds,100,105,34130,2013,node_visits,3970.127,1106.063,0.2785963773954839,18.024000000423257,9.111500000017259,35.92413119999992,"{""adwin_delta"": 0.002, ""buffer_size"": 1000, ""chunk_size"": 2000, ""detector"": ""ddm"", ""energy_country_iso"": ""USA"", ""eval_block"": 1000, ""floor_drop"": 0.02, ""holdout_frac"": 0.2, ""init_frac"": 0.1, ""init_holdout_frac"": 0.2, ""k"": 3, ""min_buffer"": 100, ""n_ref"": 200, ""probe_rows"": 1000, ""track_energy"": true}"
covtype,xgb,AlwaysNudge,always_nudge,1,90000,8000,balanced_accuracy,179,175,0,175,0,0,60,4,0,103,175,,174,863,0,0,0,149295,875,29859,875,42.55943309999884,0.00042054867277744505,800000,0.836,0.8131444444444444,0.5479416991279583,0.7837031913357733,rounds,100,975,34130,53523,node_visits,3970.127,13345.533,3.361487680368915,18.43669999971098,61.089499999980035,80.91907600000013,"{""adwin_delta"": 0.002, ""buffer_size"": 1000, ""chunk_size"": 2000, ""detector"": ""ddm"", ""energy_country_iso"": ""USA"", ""eval_block"": 1000, ""floor_drop"": 0.02, ""holdout_frac"": 0.2, ""init_frac"": 0.1, ""init_holdout_frac"": 0.2, ""k"": 3, ""min_buffer"": 100, ""n_ref"": 200, ""probe_rows"": 1000, ""track_energy"": true}"
covtype,xgb,NeverAdapt,never_adapt,1,90000,8000,balanced_accuracy,205,194,194,0,0,0,91,11,0,128,0,,0,0,0,0,0,0,0,0,0,0.0,4.620435916633171e-05,800000,0.795,0.8261666666666667,0.7639165120423873,0.8035559438997134,rounds,100,100,34130,34130,node_visits,3970.127,3970.127,1.0,18.21040000004359,16.877500000191503,11.527212299999974,"{""adwin_delta"": 0.002, ""buffer_size"": 1000, ""chunk_size"": 2000, ""detector"": ""ddm"", ""energy_country_iso"": ""USA"", ""eval_block"": 1000, ""floor_drop"": 0.02, ""holdout_frac"": 0.2, ""init_frac"": 0.1, ""init_holdout_frac"": 0.2, ""k"": 3, ""min_buffer"": 100, ""n_ref"": 200, ""probe_rows"": 1000, ""track_energy"": true}"
covtype,rf,AlwaysRebuild,always_rebuild,1,90000,8000,balanced_accuracy,457,438,0,0,438,0,232,19,0,343,0,,437,2159,0,0,0,7829300,43800,78293,43800,69.6078140999989,0.00041240976194510925,800000,0.899,0.7348,0.5518073061116145,0.7385611466184933,trees,100,100,286594,944,node_visits,1541.04,301.262,0.19549265431137414,18.332699999973556,10.64489999998841,88.03055029999996,"{""adwin_delta"": 0.002, ""buffer_size"": 1000, ""chunk_size"": 2000, ""detector"": ""ddm"", ""energy_country_iso"": ""USA"", ""eval_block"": 1000, ""floor_drop"": 0.02, ""holdout_frac"": 0.2, ""init_frac"": 0.1, ""init_holdout_frac"": 0.2, ""k"": 3, ""min_buffer"": 100, ""n_ref"": 200, ""probe_rows"": 1000, ""track_energy"": true}"
covtype,rf,MechanismSelector,mechanism_selector,1,90000,8000,balanced_accuracy,309,296,155,1,140,122,80,13,0,111,19,1,140,766,0,0,0,2277870,14095,29214,14095,21.558598200002507,0.00014590344833366673,800000,0.824,0.6248888888888889,0.46008274523802983,0.7087225061252168,trees,100,100,286594,2986,node_visits,1541.04,495.952,0.32182941390229974,18.137900000056106,11.75439999997252,34.087211300000035,"{""adwin_delta"": 0.002, ""buffer_size"": 1000, ""chunk_size"": 2000, ""detector"": ""ddm"", ""energy_country_iso"": ""USA"", ""eval_block"": 1000, ""floor_drop"": 0.02, ""holdout_frac"": 0.2, ""init_frac"": 0.1, ""init_holdout_frac"": 0.2, ""k"": 3, ""min_buffer"": 100, ""n_ref"": 200, ""probe_rows"": 1000, ""track_energy"": true}"
covtype,rf,FixedSchedule(k=3),fixed_schedule,1,90000,8000,balanced_accuracy,353,342,0,228,114,0,95,11,0,161,228,,341,1688,0,0,0,2900655,12540,68442,12540,21.561369400000785,0.00018169603027711194,800000,0.857,0.8389222222222222,0.5146778649950245,0.8082771930424908,trees,100,100,286594,2304,node_visits,1541.04,470.286,0.30517442765924313,18.495400000119844,12.607300000126997,38.85216990000026,"{""adwin_delta"": 0.002, ""buffer_size"": 1000, ""chunk_size"": 2000, ""detector"": ""ddm"", ""energy_country_iso"": ""USA"", ""eval_block"": 1000, ""floor_drop"": 0.02, ""holdout_frac"": 0.2, ""init_frac"": 0.1, ""init_holdout_frac"": 0.2, ""k"": 3, ""min_buffer"": 100, ""n_ref"": 200, ""probe_rows"": 1000, ""track_energy"": true}"
covtype,rf,AlwaysNudge,always_nudge,1,90000,8000,balanced_accuracy,402,398,0,398,0,0,139,4,0,242,398,,397,1989,0,0,0,320675,1990,64135,1990,4.0180866000036985,0.00011883001555555715,800000,0.83,0.8138555555555556,0.4036805155101555,0.7590413117885989,trees,100,100,286594,2856,node_visits,1541.04,481.534,0.31247339459066603,18.636499999956868,11.785900000177207,24.635431500000323,"{""adwin_delta"": 0.002, ""buffer_size"": 1000, ""chunk_size"": 2000, ""detector"": ""ddm"", ""energy_country_iso"": ""USA"", ""eval_block"": 1000, ""floor_drop"": 0.02, ""holdout_frac"": 0.2, ""init_frac"": 0.1, ""init_holdout_frac"": 0.2, ""k"": 3, ""min_buffer"": 100, ""n_ref"": 200, ""probe_rows"": 1000, ""track_energy"": true}"
covtype,rf,NeverAdapt,never_adapt,1,90000,8000,balanced_accuracy,454,433,433,0,0,0,171,21,0,293,0,,0,0,0,0,0,0,0,0,0,0.0,8.970432750033415e-05,800000,0.857,0.8235555555555556,0.794087860588396,0.8067156972370498,trees,100,100,286594,286594,node_visits,1541.04,1541.04,1.0,20.608999999694788,18.715100000008533,19.5726595000001,"{""adwin_delta"": 0.002, ""buffer_size"": 1000, ""chunk_size"": 2000, ""detector"": ""ddm"", ""energy_country_iso"": ""USA"", ""eval_block"": 1000, ""floor_drop"": 0.02, ""holdout_frac"": 0.2, ""init_frac"": 0.1, ""init_holdout_frac"": 0.2, ""k"": 3, ""min_buffer"": 100, ""n_ref"": 200, ""probe_rows"": 1000, ""track_energy"": true}"
covtype,sgd,AlwaysRebuild,always_rebuild,1,90000,8000,balanced_accuracy,1,1,0,0,1,0,0,0,0,0,0,,1,1,0,0,0,815000,0,815,1000,0.11458749999974316,7.973397499333172e-06,1656000,0.06,0.09293333333333334,0.27239371460476985,0.22697198342469174,params,385,385,,,params_read,385.0,385.0,1.0,0.3004000000146334,0.3311000000394415,3.2382056999999804,"{""adwin_delta"": 0.002, ""buffer_size"": 1000, ""chunk_size"": 2000, ""detector"": ""ddm"", ""energy_country_iso"": ""USA"", ""eval_block"": 1000, ""floor_drop"": 0.02, ""holdout_frac"": 0.2, ""init_frac"": 0.1, ""init_holdout_frac"": 0.2, ""k"": 3, ""min_buffer"": 100, ""n_ref"": 200, ""probe_rows"": 1000, ""track_energy"": true}"
covtype,sgd,MechanismSelector,mechanism_selector,1,90000,8000,balanced_accuracy,1,1,0,0,1,0,0,0,0,0,1,0,1,1,0,0,0,815652,0,1467,1001,0.11548250000032567,7.4379652771114305e-06,1656000,0.06,0.09293333333333334,0.27239371460476985,0.22697198342469174,params,385,385,,,params_read,385.0,385.0,1.0,0.32730000020819716,0.2730000001065491,3.13814739999998,"{""adwin_delta"": 0.002, ""buffer_size"": 1000, ""chunk_size"": 2000, ""detector"": ""ddm"", ""energy_country_iso"": ""USA"", ""eval_block"": 1000, ""floor_drop"": 0.02, ""holdout_frac"": 0.2, ""init_frac"": 0.1, ""init_holdout_frac"": 0.2, ""k"": 3, ""min_buffer"": 100, ""n_ref"": 200, ""probe_rows"": 1000, ""track_energy"": true}"
covtype,sgd,FixedSchedule(k=3),fixed_schedule,1,90000,8000,balanced_accuracy,271,266,0,178,88,0,110,5,0,153,178,,88,430,0,0,0,18361410,0,49740,88178,9.698509099996954,5.498484611111166e-05,1656000,0.704,0.5725222222222223,0.4449240085412752,0.40532646901273406,params,385,385,,,params_read,385.0,385.0,1.0,0.277399999959016,0.4003999997621577,13.843439000000217,"{""adwin_delta"": 0.002, ""buffer_size"": 1000, ""chunk_size"": 2000, ""detector"": ""ddm"", ""energy_country_iso"": ""USA"", ""eval_block"": 1000, ""floor_drop"": 0.02, ""holdout_frac"": 0.2, ""init_frac"": 0.1, ""init_holdout_frac"": 0.2, ""k"": 3, ""min_buffer"": 100, ""n_ref"": 200, ""probe_rows"": 1000, ""track_energy"": true}"
covtype,sgd,AlwaysNudge,always_nudge,1,90000,8000,balanced_accuracy,349,342,0,342,0,0,143,7,0,234,342,,0,0,0,0,0,55049,0,55049,342,1.292492300003687,1.8863622777445464e-05,1656000,0.83,0.7398888888888889,0.4247215128465644,0.4726770984568161,params,385,385,,,params_read,385.0,385.0,1.0,0.2783999998428044,0.2724000000853266,5.69437889999972,"{""adwin_delta"": 0.002, ""buffer_size"": 1000, ""chunk_size"": 2000, ""detector"": ""ddm"", ""energy_country_iso"": ""USA"", ""eval_block"": 1000, ""floor_drop"": 0.02, ""holdout_frac"": 0.2, ""init_frac"": 0.1, ""init_holdout_frac"": 0.2, ""k"": 3, ""min_buffer"": 100, ""n_ref"": 200, ""probe_rows"": 1000, ""track_energy"": true}"
covtype,sgd,NeverAdapt,never_adapt,1,90000,8000,balanced_accuracy,344,343,343,0,0,0,43,1,0,141,0,,0,0,0,0,0,0,0,0,0,0.0,1.124526777777717e-05,1656000,0.282,0.5454222222222223,0.3302176377594452,0.5146640147782962,params,385,385,,,params_read,385.0,385.0,1.0,0.2875000000130967,0.27969999973720405,3.989662099999805,"{""adwin_delta"": 0.002, ""buffer_size"": 1000, ""chunk_size"": 2000, ""detector"": ""ddm"", ""energy_country_iso"": ""USA"", ""eval_block"": 1000, ""floor_drop"": 0.02, ""holdout_frac"": 0.2, ""init_frac"": 0.1, ""init_holdout_frac"": 0.2, ""k"": 3, ""min_buffer"": 100, ""n_ref"": 200, ""probe_rows"": 1000, ""track_energy"": true}"
covtype,gnb,AlwaysRebuild,always_rebuild,1,90000,8000,balanced_accuracy,380,369,0,0,369,0,161,11,0,245,0,,369,1835,0,0,0,72660,0,72660,369,0.5965121000012914,1.5034007777111387e-05,8000,0.862,0.7176666666666667,0.8677936259491577,0.6771073672654291,params,763,763,,,params_read,763.0,763.0,1.0,1.6039000001910608,1.3366000002861256,4.710778300000129,"{""adwin_delta"": 0.002, ""buffer_size"": 1000, ""chunk_size"": 2000, ""detector"": ""ddm"", ""energy_country_iso"": ""USA"", ""eval_block"": 1000, ""floor_drop"": 0.02, ""holdout_frac"": 0.2, ""init_frac"": 0.1, ""init_holdout_frac"": 0.2, ""k"": 3, ""min_buffer"": 100, ""n_ref"": 200, ""probe_rows"": 1000, ""track_energy"": true}"
covtype,gnb,MechanismSelector,mechanism_selector,1,90000,8000,balanced_accuracy,290,287,126,7,154,117,69,3,0,104,44,7,154,763,0,0,0,43219,0,43219,198,0.29475579999962065,1.0907853055554012e-05,8000,0.819,0.7177777777777777,0.37522768670309653,0.662199336929864,params,763,763,,,params_read,763.0,763.0,1.0,1.3531999998122046,1.345099999980448,3.828856099999939,"{""adwin_delta"": 0.002, ""buffer_size"": 1000, ""chunk_size"": 2000, ""detector"": ""ddm"", ""energy_country_iso"": ""USA"", ""eval_block"": 1000, ""floor_drop"": 0.02, ""holdout_frac"": 0.2, ""init_frac"": 0.1, ""init_holdout_frac"": 0.2, ""k"": 3, ""min_buffer"": 100, ""n_ref"": 200, ""probe_rows"": 1000, ""track_energy"": true}"
covtype,gnb,FixedSchedule(k=3),fixed_schedule,1,90000,8000,balanced_accuracy,300,293,0,196,97,0,86,7,0,153,196,,97,474,0,0,0,55934,0,55934,293,0.33143139999629057,1.156410500066793e-05,8000,0.856,0.7519333333333333,0.8498268077310831,0.6999145651865307,params,763,763,,,params_read,763.0,763.0,1.0,1.4642000001003908,1.350400000319496,4.003670900000088,"{""adwin_delta"": 0.002, ""buffer_size"": 1000, ""chunk_size"": 2000, ""detector"": ""ddm"", ""energy_country_iso"": ""USA"", ""eval_block"": 1000, ""floor_drop"": 0.02, ""holdout_frac"": 0.2, ""init_frac"": 0.1, ""init_holdout_frac"": 0.2, ""k"": 3, ""min_buffer"": 100, ""n_ref"": 200, ""probe_rows"": 1000, ""track_energy"": true}"
covtype,gnb,AlwaysNudge,always_nudge,1,90000,8000,balanced_accuracy,407,394,0,394,0,0,138,12,1,218,394,,0,0,0,0,0,64465,0,64465,394,0.3478203999966354,1.3998954722222062e-05,8000,0.822,0.6680444444444444,0.5756720762281352,0.6653761843006023,params,763,763,,,params_read,763.0,763.0,1.0,1.3324999999895226,1.4691000001221255,4.567589199999929,"{""adwin_delta"": 0.002, ""buffer_size"": 1000, ""chunk_size"": 2000, ""detector"": ""ddm"", ""energy_country_iso"": ""USA"", ""eval_block"": 1000, ""floor_drop"": 0.02, ""holdout_frac"": 0.2, ""init_frac"": 0.1, ""init_holdout_frac"": 0.2, ""k"": 3, ""min_buffer"": 100, ""n_ref"": 200, ""probe_rows"": 1000, ""track_energy"": true}"
covtype,gnb,NeverAdapt,never_adapt,1,90000,8000,balanced_accuracy,397,383,383,0,0,0,160,14,0,273,0,,0,0,0,0,0,0,0,0,0,0.0,9.254202778111188e-06,8000,0.441,0.45614444444444446,0.5074229461122944,0.6509634266193369,params,763,763,,,params_read,763.0,763.0,1.0,1.4857999999549065,1.639699999941513,3.487582199999906,"{""adwin_delta"": 0.002, ""buffer_size"": 1000, ""chunk_size"": 2000, ""detector"": ""ddm"", ""energy_country_iso"": ""USA"", ""eval_block"": 1000, ""floor_drop"": 0.02, ""holdout_frac"": 0.2, ""init_frac"": 0.1, ""init_holdout_frac"": 0.2, ""k"": 3, ""min_buffer"": 100, ""n_ref"": 200, ""probe_rows"": 1000, ""track_energy"": true}"
elec2,xgb,AlwaysRebuild,always_rebuild,2,40781,3624,accuracy,179,165,0,0,165,0,83,14,0,111,0,,0,0,0,0,0,3564600,16500,35646,16500,17.245549400001437,9.236213027811103e-05,362400,0.79,0.759078982859665,0.7839107150748661,0.7527977075313736,rounds,100,100,4628,556,node_visits,569.399,256.923,0.45121786304507033,3.5671000000547792,2.594000000044616,20.287830600000234,"{""adwin_delta"": 0.002, ""buffer_size"": 1000, ""chunk_size"": 2000, ""detector"": ""ddm"", ""energy_country_iso"": ""USA"", ""eval_block"": 1000, ""floor_drop"": 0.02, ""holdout_frac"": 0.2, ""init_frac"": 0.1, ""init_holdout_frac"": 0.2, ""k"": 3, ""min_buffer"": 100, ""n_ref"": 200, ""probe_rows"": 1000, ""track_energy"": true}"
elec2,xgb,MechanismSelector,mechanism_selector,2,40781,3624,accuracy,182,167,2,8,157,132,83,15,0,120,33,8,0,0,0,0,0,2835970,15865,41160,15865,17.57495340000287,0.000109003486389223,362400,0.574,0.760084353007528,0.594674401693778,0.7562447401908521,rounds,100,100,4628,628,node_visits,569.399,259.585,0.4558929678485561,4.0145000002667075,2.1742999997513834,21.034398300000248,"{""adwin_delta"": 0.002, ""buffer_size"": 1000, ""chunk_size"": 2000, ""detector"": ""ddm"", ""energy_country_iso"": ""USA"", ""eval_block"": 1000, ""floor_drop"": 0.02, ""holdout_frac"": 0.2, ""init_frac"": 0.1, ""init_holdout_frac"": 0.2, ""k"": 3, ""min_buffer"": 100, ""n_ref"": 200, ""probe_rows"": 1000, ""track_energy"": true}"
elec2,xgb,FixedSchedule(k=3),fixed_schedule,2,40781,3624,accuracy,166,151,0,101,50,0,75,15,0,104,101,,0,0,0,0,0,1304220,5505,29975,5505,7.460846299999048,5.0135356666667074e-05,362400,0.851,0.7431156666094505,0.8500166726259586,0.7389144200987029,rounds,100,105,4628,405,node_visits,569.399,223.712,0.39289145221540606,3.9142999999057793,2.113099999860424,11.253891300000305,"{""adwin_delta"": 0.002, ""buffer_size"": 1000, ""chunk_size"": 2000, ""detector"": ""ddm"", ""energy_country_iso"": ""USA"", ""eval_block"": 1000, ""floor_drop"": 0.02, ""holdout_frac"": 0.2, ""init_frac"": 0.1, ""init_holdout_frac"": 0.2, ""k"": 3, ""min_buffer"": 100, ""n_ref"": 200, ""probe_rows"": 1000, ""track_energy"": true}"
elec2,xgb,AlwaysNudge,always_nudge,2,40781,3624,accuracy,126,123,0,123,0,0,41,3,0,69,123,,0,0,0,0,0,133245,615,26649,615,5.2389903999974194,5.6938645556221776e-05,362400,0.724,0.7627081238812192,0.7104627758516096,0.7489576857596327,rounds,100,715,4628,8867,node_visits,569.399,2053.173,3.605859862767584,3.624599999966449,12.321499999870866,11.101888800000324,"{""adwin_delta"": 0.002, ""buffer_size"": 1000, ""chunk_size"": 2000, ""detector"": ""ddm"", ""energy_country_iso"": ""USA"", ""eval_block"": 1000, ""floor_drop"": 0.02, ""holdout_frac"": 0.2, ""init_frac"": 0.1, ""init_holdout_frac"": 0.2, ""k"": 3, ""min_buffer"": 100, ""n_ref"": 200, ""probe_rows"": 1000, ""track_energy"": true}"
elec2,xgb,NeverAdapt,never_adapt,2,40781,3624,accuracy,128,117,117,0,0,0,37,11,0,63,0,,0,0,0,0,0,0,0,0,0,0.0,5.745456943777311e-06,362400,0.712,0.7068978200632647,0.6954935699908803,0.6694052678219897,rounds,100,100,4628,4628,node_visits,569.399,569.399,1.0,3.826499999831867,3.585599999951228,2.652962800000296,"{""adwin_delta"": 0.002, ""buffer_size"": 1000, ""chunk_size"": 2000, ""detector"": ""ddm"", ""energy_country_iso"": ""USA"", ""eval_block"": 1000, ""floor_drop"": 0.02, ""holdout_frac"": 0.2, ""init_frac"": 0.1, ""init_holdout_frac"": 0.2, ""k"": 3, ""min_buffer"": 100, ""n_ref"": 200, ""probe_rows"": 1000, ""track_energy"": true}"
elec2,rf,AlwaysRebuild,always_rebuild,2,40781,3624,accuracy,173,158,0,0,158,0,85,15,0,115,0,,0,0,0,0,0,3265200,15800,32652,15800,22.40950089999933,0.0001278811811111108,362400,0.833,0.771315073195851,0.8261045112510095,0.7651607166772145,trees,100,100,66682,2262,node_visits,816.718,451.101,0.5523338533006497,12.281399999665155,10.327899999992951,29.500320300000112,"{""adwin_delta"": 0.002, ""buffer_size"": 1000, ""chunk_size"": 2000, ""detector"": ""ddm"", ""energy_country_iso"": ""USA"", ""eval_block"": 1000, ""floor_drop"": 0.02, ""holdout_frac"": 0.2, ""init_frac"": 0.1, ""init_holdout_frac"": 0.2, ""k"": 3, ""min_buffer"": 100, ""n_ref"": 200, ""probe_rows"": 1000, ""track_energy"": true}"
elec2,rf,MechanismSelector,mechanism_selector,2,40781,3624,accuracy,166,157,4,0,153,120,79,9,0,111,33,0,0,0,0,0,0,3197535,15465,44921,15465,21.701107899998988,0.00012407259000000109,362400,0.722,0.772197837228121,0.7294012719405731,0.7642462124215653,trees,100,100,66682,984,node_visits,816.718,305.021,0.373471626681425,12.627100000372593,9.493400000337715,29.19313719999991,"{""adwin_delta"": 0.002, ""buffer_size"": 1000, ""chunk_size"": 2000, ""detector"": ""ddm"", ""energy_country_iso"": ""USA"", ""eval_block"": 1000, ""floor_drop"": 0.02, ""holdout_frac"": 0.2, ""init_frac"": 0.1, ""init_holdout_frac"": 0.2, ""k"": 3, ""min_buffer"": 100, ""n_ref"": 200, ""probe_rows"": 1000, ""track_energy"": true}"
elec2,rf,FixedSchedule(k=3),fixed_schedule,2,40781,3624,accuracy,144,139,0,93,46,0,65,5,0,98,93,,0,0,0,0,0,1347660,5065,29201,5065,7.405510800005231,5.802131194411074e-05,362400,0.855,0.742330987469655,0.8500568476282687,0.7361015810206386,trees,100,100,66682,3504,node_visits,816.718,502.545,0.6153225470725514,13.664999999946303,11.199600000054488,14.491203099999893,"{""adwin_delta"": 0.002, ""buffer_size"": 1000, ""chunk_size"": 2000, ""detector"": ""ddm"", ""energy_country_iso"": ""USA"", ""eval_block"": 1000, ""floor_drop"": 0.02, ""holdout_frac"": 0.2, ""init_frac"": 0.1, ""init_holdout_frac"": 0.2, ""k"": 3, ""min_buffer"": 100, ""n_ref"": 200, ""probe_rows"": 1000, ""track_energy"": true}"
elec2,rf,AlwaysNudge,always_nudge,2,40781,3624,accuracy,103,101,0,101,0,0,32,2,0,47,101,,0,0,0,0,0,125230,505,25046,505,0.8571176999980707,2.391581888888911e-05,362400,0.692,0.7475294867708001,0.6974139351013013,0.7385745989673407,trees,100,100,66682,5086,node_visits,816.718,480.122,0.5878675381220936,12.323800000103802,10.443900000154827,6.813878100000238,"{""adwin_delta"": 0.002, ""buffer_size"": 1000, ""chunk_size"": 2000, ""detector"": ""ddm"", ""energy_country_iso"": ""USA"", ""eval_block"": 1000, ""floor_drop"": 0.02, ""holdout_frac"": 0.2, ""init_frac"": 0.1, ""init_holdout_frac"": 0.2, ""k"": 3, ""min_buffer"": 100, ""n_ref"": 200, ""probe_rows"": 1000, ""track_energy"": true}"
elec2,rf,NeverAdapt,never_adapt,2,40781,3624,accuracy,172,157,157,0,0,0,56,15,0,93,0,,0,0,0,0,0,0,0,0,0,0.0,2.082561333333413e-05,362400,0.717,0.7103062700767514,0.6987256489267248,0.6682810356620096,trees,100,100,66682,66682,node_visits,816.718,816.718,1.0,13.675200000307086,12.948199999755161,6.1003608000000895,"{""adwin_delta"": 0.002, ""buffer_size"": 1000, ""chunk_size"": 2000, ""detector"": ""ddm"", ""energy_country_iso"": ""USA"", ""eval_block"": 1000, ""floor_drop"": 0.02, ""holdout_frac"": 0.2, ""init_frac"": 0.1, ""init_holdout_frac"": 0.2, ""k"": 3, ""min_buffer"": 100, ""n_ref"": 200, ""probe_rows"": 1000, ""track_energy"": true}"
elec2,sgd,AlwaysRebuild,always_rebuild,2,40781,3624,accuracy,153,137,0,0,137,0,78,16,0,103,0,,0,0,0,0,0,1341505,0,28595,4608,0.2679857999996784,3.156295556221241e-06,344280,0.398,0.574875554792673,0.38621836720755615,0.5714987713478858,params,9,9,,,params_read,9.0,9.0,1.0,0.20079999967492768,0.16969999978755368,2.1527829999999994,"{""adwin_delta"": 0.002, ""buffer_size"": 1000, ""chunk_size"": 2000, ""detector"": ""ddm"", ""energy_country_iso"": ""USA"", ""eval_block"": 1000, ""floor_drop"": 0.02, ""holdout_frac"": 0.2, ""init_frac"": 0.1, ""init_holdout_frac"": 0.2, ""k"": 3, ""min_buffer"": 100, ""n_ref"": 200, ""probe_rows"": 1000, ""track_energy"": true}"
elec2,sgd,MechanismSelector,mechanism_selector,2,40781,3624,accuracy,34,33,2,1,30,29,18,1,0,26,2,1,0,0,0,0,0,122165,0,4317,913,0.04736689999936061,1.2023622215544207e-06,344280,0.626,0.589808979671906,0.6012952420744764,0.5379441661648201,params,9,9,,,params_read,9.0,9.0,1.0,0.17810000008466886,0.16129999994518585,1.7097039000000223,"{""adwin_delta"": 0.002, ""buffer_size"": 1000, ""chunk_size"": 2000, ""detector"": ""ddm"", ""energy_country_iso"": ""USA"", ""eval_block"": 1000, ""floor_drop"": 0.02, ""holdout_frac"": 0.2, ""init_frac"": 0.1, ""init_holdout_frac"": 0.2, ""k"": 3, ""min_buffer"": 100, ""n_ref"": 200, ""probe_rows"": 1000, ""track_energy"": true}"
elec2,sgd,FixedSchedule(k=3),fixed_schedule,2,40781,3624,accuracy,135,124,0,83,41,0,59,11,0,82,83,,0,0,0,0,0,380509,0,26642,1507,0.15124310000192054,2.4735888888900883e-06,344280,0.639,0.6227409823201981,0.6156116041476672,0.5943369130249505,params,9,9,,,params_read,9.0,9.0,1.0,0.20339999991847435,0.1791999998204119,1.9908918999999514,"{""adwin_delta"": 0.002, ""buffer_size"": 1000, ""chunk_size"": 2000, ""detector"": ""ddm"", ""energy_country_iso"": ""USA"", ""eval_block"": 1000, ""floor_drop"": 0.02, ""holdout_frac"": 0.2, ""init_frac"": 0.1, ""init_holdout_frac"": 0.2, ""k"": 3, ""min_buffer"": 100, ""n_ref"": 200, ""probe_rows"": 1000, ""track_energy"": true}"
elec2,sgd,AlwaysNudge,always_nudge,2,40781,3624,accuracy,168,155,0,155,0,0,68,13,0,110,155,,0,0,0,0,0,27669,0,27669,155,0.14437669999642821,2.8522958333335614e-06,344280,0.778,0.7256565557490008,0.7648316064778173,0.7115614572190399,params,9,9,,,params_read,9.0,9.0,1.0,0.2248999999210355,0.16809999988254276,2.0512493000001086,"{""adwin_delta"": 0.002, ""buffer_size"": 1000, ""chunk_size"": 2000, ""detector"": ""ddm"", ""energy_country_iso"": ""USA"", ""eval_block"": 1000, ""floor_drop"": 0.02, ""holdout_frac"": 0.2, ""init_frac"": 0.1, ""init_holdout_frac"": 0.2, ""k"": 3, ""min_buffer"": 100, ""n_ref"": 200, ""probe_rows"": 1000, ""track_energy"": true}"
elec2,sgd,NeverAdapt,never_adapt,2,40781,3624,accuracy,131,120,120,0,0,0,47,11,0,81,0,,0,0,0,0,0,0,0,0,0,0.0,1.5233063888894826e-06,344280,0.641,0.6671979598342366,0.6156316916488223,0.6133936959225297,params,9,9,,,params_read,9.0,9.0,1.0,0.19620000011855154,0.16700000014679972,1.7566727999997056,"{""adwin_delta"": 0.002, ""buffer_size"": 1000, ""chunk_size"": 2000, ""detector"": ""ddm"", ""energy_country_iso"": ""USA"", ""eval_block"": 1000, ""floor_drop"": 0.02, ""holdout_frac"": 0.2, ""init_frac"": 0.1, ""init_holdout_frac"": 0.2, ""k"": 3, ""min_buffer"": 100, ""n_ref"": 200, ""probe_rows"": 1000, ""track_energy"": true}"
elec2,gnb,AlwaysRebuild,always_rebuild,2,40781,3624,accuracy,212,193,0,0,193,0,99,19,0,137,0,,0,0,0,0,0,39035,0,39035,193,0.1727487000016481,3.444216111111353e-06,3624,0.696,0.7101101002918025,0.6995753502255826,0.7022823494045098,params,34,34,,,params_read,34.0,34.0,1.0,0.3351000000293425,0.3129000001536042,2.192007199999807,"{""adwin_delta"": 0.002, ""buffer_size"": 1000, ""chunk_size"": 2000, ""detector"": ""ddm"", ""energy_country_iso"": ""USA"", ""eval_block"": 1000, ""floor_drop"": 0.02, ""holdout_frac"": 0.2, ""init_frac"": 0.1, ""init_holdout_frac"": 0.2, ""k"": 3, ""min_buffer"": 100, ""n_ref"": 200, ""probe_rows"": 1000, ""track_energy"": true}"
elec2,gnb,MechanismSelector,mechanism_selector,2,40781,3624,accuracy,197,180,1,18,161,134,85,17,0,124,45,18,0,0,0,0,0,42269,0,42269,206,0.1882386999955088,4.106845555555516e-06,3624,0.733,0.706946862509502,0.7365383611009557,0.7011246350128466,params,34,34,,,params_read,34.0,34.0,1.0,0.40029999991020304,0.32449999980599387,2.2581162000001314,"{""adwin_delta"": 0.002, ""buffer_size"": 1000, ""chunk_size"": 2000, ""detector"": ""ddm"", ""energy_country_iso"": ""USA"", ""eval_block"": 1000, ""floor_drop"": 0.02, ""holdout_frac"": 0.2, ""init_frac"": 0.1, ""init_holdout_frac"": 0.2, ""k"": 3, ""min_buffer"": 100, ""n_ref"": 200, ""probe_rows"": 1000, ""track_energy"": true}"
elec2,gnb,FixedSchedule(k=3),fixed_schedule,2,40781,3624,accuracy,165,151,0,101,50,0,71,14,0,97,101,,0,0,0,0,0,31570,0,31570,151,0.1371932999973069,3.6029016663325144e-06,3624,0.741,0.6972119369314141,0.7382096411970545,0.6920830458093821,params,34,34,,,params_read,34.0,34.0,1.0,0.5178000001251348,0.3649000000223168,2.1416825000001154,"{""adwin_delta"": 0.002, ""buffer_size"": 1000, ""chunk_size"": 2000, ""detector"": ""ddm"", ""energy_country_iso"": ""USA"", ""eval_block"": 1000, ""floor_drop"": 0.02, ""holdout_frac"": 0.2, ""init_frac"": 0.1, ""init_holdout_frac"": 0.2, ""k"": 3, ""min_buffer"": 100, ""n_ref"": 200, ""probe_rows"": 1000, ""track_energy"": true}"
elec2,gnb,AlwaysNudge,always_nudge,2,40781,3624,accuracy,128,119,0,119,0,0,45,9,0,73,119,,0,0,0,0,0,23115,0,23115,119,0.10037840000131837,2.905447499998599e-06,3624,0.774,0.7124886589343077,0.7596209086782022,0.6819382256080204,params,34,34,,,params_read,34.0,34.0,1.0,0.30680000008942443,0.3918000002158806,2.046078999999736,"{""adwin_delta"": 0.002, ""buffer_size"": 1000, ""chunk_size"": 2000, ""detector"": ""ddm"", ""energy_country_iso"": ""USA"", ""eval_block"": 1000, ""floor_drop"": 0.02, ""holdout_frac"": 0.2, ""init_frac"": 0.1, ""init_holdout_frac"": 0.2, ""k"": 3, ""min_buffer"": 100, ""n_ref"": 200, ""probe_rows"": 1000, ""track_energy"": true}"
elec2,gnb,NeverAdapt,never_adapt,2,40781,3624,accuracy,32,30,30,0,0,0,9,2,0,13,0,,0,0,0,0,0,0,0,0,0,0.0,1.1787891670000782e-06,3624,0.467,0.4804933670091464,0.5,0.5380421220500731,params,34,34,,,params_read,34.0,34.0,1.0,0.29879999965487514,0.45439999985319446,1.6320227000001069,"{""adwin_delta"": 0.002, ""buffer_size"": 1000, ""chunk_size"": 2000, ""detector"": ""ddm"", ""energy_country_iso"": ""USA"", ""eval_block"": 1000, ""floor_drop"": 0.02, ""holdout_frac"": 0.2, ""init_frac"": 0.1, ""init_holdout_frac"": 0.2, ""k"": 3, ""min_buffer"": 100, ""n_ref"": 200, ""probe_rows"": 1000, ""track_energy"": true}"
insects_abrupt,xgb,AlwaysRebuild,always_rebuild,2,47564,4227,balanced_accuracy,5,5,0,0,5,0,0,0,0,0,0,,2,5,0,0,0,359500,500,3595,500,3.045207300000129,3.485874972255541e-05,422700,0.741,0.37778572029265833,0.22536496350364962,0.37226473733517623,rounds,100,100,29416,1940,node_visits,3673.036,928.695,0.2528412463150375,19.137899999805086,8.25170000007347,8.14884260000008,"{""adwin_delta"": 0.002, ""buffer_size"": 1000, ""chunk_size"": 2000, ""detector"": ""ddm"", ""energy_country_iso"": ""USA"", ""eval_block"": 1000, ""floor_drop"": 0.02, ""holdout_frac"": 0.2, ""init_frac"": 0.1, ""init_holdout_frac"": 0.2, ""k"": 3, ""min_buffer"": 100, ""n_ref"": 200, ""probe_rows"": 1000, ""track_energy"": true}"
insects_abrupt,xgb,MechanismSelector,mechanism_selector,2,47564,4227,balanced_accuracy,3,3,1,0,2,1,0,0,0,0,1,0,0,0,0,0,0,114000,205,1900,205,1.2494458999999551,2.703445027711096e-05,422700,0.806,0.3184551341350601,0.2484011122697254,0.3123626956531244,rounds,100,100,29416,9252,node_visits,3673.036,2033.711,0.5536866504983888,19.241599999986647,13.14970000021276,6.61860360000037,"{""adwin_delta"": 0.002, ""buffer_size"": 1000, ""chunk_size"": 2000, ""detector"": ""ddm"", ""energy_country_iso"": ""USA"", ""eval_block"": 1000, ""floor_drop"": 0.02, ""holdout_frac"": 0.2, ""init_frac"": 0.1, ""init_holdout_frac"": 0.2, ""k"": 3, ""min_buffer"": 100, ""n_ref"": 200, ""probe_rows"": 1000, ""track_energy"": true}"
insects_abrupt,xgb,FixedSchedule(k=3),fixed_schedule,2,47564,4227,balanced_accuracy,8,8,0,6,2,0,0,0,0,0,6,,3,6,0,0,0,220400,230,6080,230,3.0725265000005493,3.915321527777866e-05,422700,0.178,0.49508031284164494,0.6369449513381995,0.4954837597529922,rounds,100,110,29416,16124,node_visits,3673.036,2948.119,0.8026381990266364,18.345399999816436,16.63220000000365,8.823540200000025,"{""adwin_delta"": 0.002, ""buffer_size"": 1000, ""chunk_size"": 2000, ""detector"": ""ddm"", ""energy_country_iso"": ""USA"", ""eval_block"": 1000, ""floor_drop"": 0.02, ""holdout_frac"": 0.2, ""init_frac"": 0.1, ""init_holdout_frac"": 0.2, ""k"": 3, ""min_buffer"": 100, ""n_ref"": 200, ""probe_rows"": 1000, ""track_energy"": true}"
insects_abrupt,xgb,AlwaysNudge,always_nudge,2,47564,4227,balanced_accuracy,11,11,0,11,0,0,1,0,0,2,11,,3,6,0,0,0,33475,55,6695,55,1.8439316000008148,3.7690393055889065e-05,422700,0.449,0.5578799091750063,0.6061620177267988,0.5592900569553806,rounds,100,155,29416,39656,node_visits,3673.036,5221.266,1.4215123402003138,18.219399999907182,18.04779999974926,8.458078199999818,"{""adwin_delta"": 0.002, ""buffer_size"": 1000, ""chunk_size"": 2000, ""detector"": ""ddm"", ""energy_country_iso"": ""USA"", ""eval_block"": 1000, ""floor_drop"": 0.02, ""holdout_frac"": 0.2, ""init_frac"": 0.1, ""init_holdout_frac"": 0.2, ""k"": 3, ""min_buffer"": 100, ""n_ref"": 200, ""probe_rows"": 1000, ""track_energy"": true}"
insects_abrupt,xgb,NeverAdapt,never_adapt,2,47564,4227,balanced_accuracy,5,5,5,0,0,0,0,0,0,0,0,,0,0,0,0,0,0,0,0,0,0.0,2.2684647222223198e-05,422700,0.276,0.5618324783449667,0.6358500608272507,0.5689607474919983,rounds,100,100,29416,29416,node_visits,3673.036,3673.036,1.0,18.4558000000834,18.876900000122987,5.739630799999759,"{""adwin_delta"": 0.002, ""buffer_size"": 1000, ""chunk_size"": 2000, ""detector"": ""ddm"", ""energy_country_iso"": ""USA"", ""eval_block"": 1000, ""floor_drop"": 0.02, ""holdout_frac"": 0.2, ""init_frac"": 0.1, ""init_holdout_frac"": 0.2, ""k"": 3, ""min_buffer"": 100, ""n_ref"": 200, ""probe_rows"": 1000, ""track_energy"": true}"
insects_abrupt,rf,AlwaysRebuild,always_rebuild,2,47564,4227,balanced_accuracy,6,6,0,0,6,0,0,0,0,0,0,,4,13,0,0,0,572500,600,5725,600,2.1066028000004735,2.6293469721555133e-05,422700,0.432,0.43751576822807164,0.7759960462287105,0.4334819624669581,trees,100,100,122592,24704,node_visits,1316.299,1038.779,0.7891664431865405,25.050700000065262,18.570100000033563,6.5798963000002,"{""adwin_delta"": 0.002, ""buffer_size"": 1000, ""chunk_size"": 2000, ""detector"": ""ddm"", ""energy_country_iso"": ""USA"", ""eval_block"": 1000, ""floor_drop"": 0.02, ""holdout_frac"": 0.2, ""init_frac"": 0.1, ""init_holdout_frac"": 0.2, ""k"": 3, ""min_buffer"": 100, ""n_ref"": 200, ""probe_rows"": 1000, ""track_energy"": true}"
insects_abrupt,rf,MechanismSelector,mechanism_selector,2,47564,4227,balanced_accuracy,7,7,2,0,5,1,1,0,0,1,4,0,2,19,0,0,0,397400,520,6805,520,1.5309368000002905,2.3992936110443752e-05,422700,0.461,0.37145740475990247,0.2596867396593674,0.36729537151020314,trees,100,100,122592,30128,node_visits,1316.299,942.595,0.716094899411152,22.140000000035798,26.450999999724445,6.051860999999917,"{""adwin_delta"": 0.002, ""buffer_size"": 1000, ""chunk_size"": 2000, ""detector"": ""ddm"", ""energy_country_iso"": ""USA"", ""eval_block"": 1000, ""floor_drop"": 0.02, ""holdout_frac"": 0.2, ""init_frac"": 0.1, ""init_holdout_frac"": 0.2, ""k"": 3, ""min_buffer"": 100, ""n_ref"": 200, ""probe_rows"": 1000, ""track_energy"": true}"
insects_abrupt,rf,FixedSchedule(k=3),fixed_schedule,2,47564,4227,balanced_accuracy,4,4,0,3,1,0,1,0,0,1,3,,3,12,0,0,0,108400,115,2680,115,0.47783220000019355,1.794488694444413e-05,422700,0.507,0.5621268186023043,0.7208181265206813,0.5694780806709484,trees,100,100,122592,24552,node_visits,1316.299,987.758,0.7504054929768996,21.33609999964392,16.32030000018858,5.044850199999928,"{""adwin_delta"": 0.002, ""buffer_size"": 1000, ""chunk_size"": 2000, ""detector"": ""ddm"", ""energy_country_iso"": ""USA"", ""eval_block"": 1000, ""floor_drop"": 0.02, ""holdout_frac"": 0.2, ""init_frac"": 0.1, ""init_holdout_frac"": 0.2, ""k"": 3, ""min_buffer"": 100, ""n_ref"": 200, ""probe_rows"": 1000, ""track_energy"": true}"
insects_abrupt,rf,AlwaysNudge,always_nudge,2,47564,4227,balanced_accuracy,3,3,0,3,0,0,0,0,0,0,3,,2,7,0,0,0,12000,15,2400,15,0.044925200000307086,1.3526020277444507e-05,422700,0.229,0.5562820620637456,0.6362682481751826,0.5640564409174574,trees,100,100,122592,106376,node_visits,1316.299,1211.432,0.92033193066317,20.146399999703135,20.693500000106724,4.515110900000309,"{""adwin_delta"": 0.002, ""buffer_size"": 1000, ""chunk_size"": 2000, ""detector"": ""ddm"", ""energy_country_iso"": ""USA"", ""eval_block"": 1000, ""floor_drop"": 0.02, ""holdout_frac"": 0.2, ""init_frac"": 0.1, ""init_holdout_frac"": 0.2, ""k"": 3, ""min_buffer"": 100, ""n_ref"": 200, ""probe_rows"": 1000, ""track_energy"": true}"
insects_abrupt,rf,NeverAdapt,never_adapt,2,47564,4227,balanced_accuracy,3,3,3,0,0,0,0,0,0,0,0,,0,0,0,0,0,0,0,0,0,0.0,1.3135605555554547e-05,422700,0.211,0.5554621142040198,0.6455063868613139,0.5635314297651829,trees,100,100,122592,122592,node_visits,1316.299,1316.299,1.0,20.50840000038079,20.497299999988172,4.390199699999812,"{""adwin_delta"": 0.002, ""buffer_size"": 1000, ""chunk_size"": 2000, ""detector"": ""ddm"", ""energy_country_iso"": ""USA"", ""eval_block"": 1000, ""floor_drop"": 0.02, ""holdout_frac"": 0.2, ""init_frac"": 0.1, ""init_holdout_frac"": 0.2, ""k"": 3, ""min_buffer"": 100, ""n_ref"": 200, ""probe_rows"": 1000, ""track_energy"": true}"
insects_abrupt,sgd,AlwaysRebuild,always_rebuild,2,47564,4227,balanced_accuracy,0,0,0,0,0,0,0,0,0,0,0,,0,0,0,0,0,0,0,0,0,0.0,2.504235833331851e-06,959529,0.082,0.2048818434109831,0.3336309523809524,0.20876716308208784,params,204,204,,,params_read,204.0,204.0,1.0,0.2388999996583152,0.27039999986300245,1.9583557000000837,"{""adwin_delta"": 0.002, ""buffer_size"": 1000, ""chunk_size"": 2000, ""detector"": ""ddm"", ""energy_country_iso"": ""USA"", ""eval_block"": 1000, ""floor_drop"": 0.02, ""holdout_frac"": 0.2, ""init_frac"": 0.1, ""init_holdout_frac"": 0.2, ""k"": 3, ""min_buffer"": 100, ""n_ref"": 200, ""probe_rows"": 1000, ""track_energy"": true}"
insects_abrupt,sgd,MechanismSelector,mechanism_selector,2,47564,4227,balanced_accuracy,0,0,0,0,0,0,0,0,0,0,0,0,0,0,0,0,0,0,0,0,0,0.0,2.289516388555794e-06,959529,0.082,0.2048818434109831,0.3336309523809524,0.20876716308208784,params,204,204,,,params_read,204.0,204.0,1.0,0.24549999989176285,0.25749999986146577,1.9359681999999339,"{""adwin_delta"": 0.002, ""buffer_size"": 1000, ""chunk_size"": 2000, ""detector"": ""ddm"", ""energy_country_iso"": ""USA"", ""eval_block"": 1000, ""floor_drop"": 0.02, ""holdout_frac"": 0.2, ""init_frac"": 0.1, ""init_holdout_frac"": 0.2, ""k"": 3, ""min_buffer"": 100, ""n_ref"": 200, ""probe_rows"": 1000, ""track_energy"": true}"
insects_abrupt,sgd,FixedSchedule(k=3),fixed_schedule,2,47564,4227,balanced_accuracy,0,0,0,0,0,0,0,0,0,0,0,,0,0,0,0,0,0,0,0,0,0.0,2.2425533330013078e-06,959529,0.082,0.2048818434109831,0.3336309523809524,0.20876716308208784,params,204,204,,,params_read,204.0,204.0,1.0,0.24150000035660923,0.29219999987617484,1.9386029000002054,"{""adwin_delta"": 0.002, ""buffer_size"": 1000, ""chunk_size"": 2000, ""detector"": ""ddm"", ""energy_country_iso"": ""USA"", ""eval_block"": 1000, ""floor_drop"": 0.02, ""holdout_frac"": 0.2, ""init_frac"": 0.1, ""init_holdout_frac"": 0.2, ""k"": 3, ""min_buffer"": 100, ""n_ref"": 200, ""probe_rows"": 1000, ""track_energy"": true}"
insects_abrupt,sgd,AlwaysNudge,always_nudge,2,47564,4227,balanced_accuracy,0,0,0,0,0,0,0,0,0,0,0,,0,0,0,0,0,0,0,0,0,0.0,2.209537778444834e-06,959529,0.082,0.2048818434109831,0.3336309523809524,0.20876716308208784,params,204,204,,,params_read,204.0,204.0,1.0,0.241100000039296,0.24179999991247314,1.9372349000000213,"{""adwin_delta"": 0.002, ""buffer_size"": 1000, ""chunk_size"": 2000, ""detector"": ""ddm"", ""energy_country_iso"": ""USA"", ""eval_block"": 1000, ""floor_drop"": 0.02, ""holdout_frac"": 0.2, ""init_frac"": 0.1, ""init_holdout_frac"": 0.2, ""k"": 3, ""min_buffer"": 100, ""n_ref"": 200, ""probe_rows"": 1000, ""track_energy"": true}"
insects_abrupt,sgd,NeverAdapt,never_adapt,2,47564,4227,balanced_accuracy,0,0,0,0,0,0,0,0,0,0,0,,0,0,0,0,0,0,0,0,0,0.0,2.172657778444062e-06,959529,0.082,0.2048818434109831,0.3336309523809524,0.20876716308208784,params,204,204,,,params_read,204.0,204.0,1.0,0.36949999957869295,0.2699000001484819,1.9351880000003803,"{""adwin_delta"": 0.002, ""buffer_size"": 1000, ""chunk_size"": 2000, ""detector"": ""ddm"", ""energy_country_iso"": ""USA"", ""eval_block"": 1000, ""floor_drop"": 0.02, ""holdout_frac"": 0.2, ""init_frac"": 0.1, ""init_holdout_frac"": 0.2, ""k"": 3, ""min_buffer"": 100, ""n_ref"": 200, ""probe_rows"": 1000, ""track_energy"": true}"
insects_abrupt,gnb,AlwaysRebuild,always_rebuild,2,47564,4227,balanced_accuracy,8,8,0,0,8,0,1,0,0,0,0,,3,5,0,0,0,7100,0,7100,8,0.013131200000316312,1.0524988885558765e-06,4227,0.339,0.5456647884955008,0.7001574991310393,0.5464635165256614,params,402,402,,,params_read,402.0,402.0,1.0,0.9654000000409724,0.8889999999155407,1.6673814000000675,"{""adwin_delta"": 0.002, ""buffer_size"": 1000, ""chunk_size"": 2000, ""detector"": ""ddm"", ""energy_country_iso"": ""USA"", ""eval_block"": 1000, ""floor_drop"": 0.02, ""holdout_frac"": 0.2, ""init_frac"": 0.1, ""init_holdout_frac"": 0.2, ""k"": 3, ""min_buffer"": 100, ""n_ref"": 200, ""probe_rows"": 1000, ""track_energy"": true}"
insects_abrupt,gnb,MechanismSelector,mechanism_selector,2,47564,4227,balanced_accuracy,7,7,1,1,5,1,1,0,0,0,5,1,1,1,0,0,0,8100,0,8100,10,0.016677400000389753,1.2847119437782987e-06,4227,0.807,0.5355310739214532,0.5741603667014251,0.5354724970163266,params,402,402,,,params_read,402.0,402.0,1.0,1.0728000002018234,1.101599999856262,1.7239792999998826,"{""adwin_delta"": 0.002, ""buffer_size"": 1000, ""chunk_size"": 2000, ""detector"": ""ddm"", ""energy_country_iso"": ""USA"", ""eval_block"": 1000, ""floor_drop"": 0.02, ""holdout_frac"": 0.2, ""init_frac"": 0.1, ""init_holdout_frac"": 0.2, ""k"": 3, ""min_buffer"": 100, ""n_ref"": 200, ""probe_rows"": 1000, ""track_energy"": true}"
insects_abrupt,gnb,FixedSchedule(k=3),fixed_schedule,2,47564,4227,balanced_accuracy,2,2,0,2,0,0,1,0,0,0,2,,0,0,0,0,0,880,0,880,2,0.0021254999996926927,9.036161117776836e-07,4227,0.718,0.4932301740812379,0.6484239224887036,0.4918037053538679,params,402,402,,,params_read,402.0,402.0,1.0,0.985099999979866,0.8969999998953426,1.6297245999999177,"{""adwin_delta"": 0.002, ""buffer_size"": 1000, ""chunk_size"": 2000, ""detector"": ""ddm"", ""energy_country_iso"": ""USA"", ""eval_block"": 1000, ""floor_drop"": 0.02, ""holdout_frac"": 0.2, ""init_frac"": 0.1, ""init_holdout_frac"": 0.2, ""k"": 3, ""min_buffer"": 100, ""n_ref"": 200, ""probe_rows"": 1000, ""track_energy"": true}"
insects_abrupt,gnb,AlwaysNudge,always_nudge,2,47564,4227,balanced_accuracy,2,2,0,2,0,0,1,0,0,0,2,,0,0,0,0,0,880,0,880,2,0.0019060999998146144,8.778691666660602e-07,4227,0.718,0.4932301740812379,0.6484239224887036,0.4918037053538679,params,402,402,,,params_read,402.0,402.0,1.0,0.9248000001207402,0.9309000001849199,1.6214387999998507,"{""adwin_delta"": 0.002, ""buffer_size"": 1000, ""chunk_size"": 2000, ""detector"": ""ddm"", ""energy_country_iso"": ""USA"", ""eval_block"": 1000, ""floor_drop"": 0.02, ""holdout_frac"": 0.2, ""init_frac"": 0.1, ""init_holdout_frac"": 0.2, ""k"": 3, ""min_buffer"": 100, ""n_ref"": 200, ""probe_rows"": 1000, ""track_energy"": true}"
insects_abrupt,gnb,NeverAdapt,never_adapt,2,47564,4227,balanced_accuracy,2,2,2,0,0,0,1,0,0,0,0,,0,0,0,0,0,0,0,0,0,0.0,8.85780554889406e-07,4227,0.701,0.4918425700109326,0.6579531630170317,0.49116669023416265,params,402,402,,,params_read,402.0,402.0,1.0,1.0390000002189481,0.88370000003124,1.6248818000003666,"{""adwin_delta"": 0.002, ""buffer_size"": 1000, ""chunk_size"": 2000, ""detector"": ""ddm"", ""energy_country_iso"": ""USA"", ""eval_block"": 1000, ""floor_drop"": 0.02, ""holdout_frac"": 0.2, ""init_frac"": 0.1, ""init_holdout_frac"": 0.2, ""k"": 3, ""min_buffer"": 100, ""n_ref"": 200, ""probe_rows"": 1000, ""track_energy"": true}"
insects_gradual,xgb,AlwaysRebuild,always_rebuild,2,21735,1932,balanced_accuracy,11,11,0,0,11,0,2,0,0,5,0,,8,23,1,0,0,563100,1100,5631,1100,4.705502700000125,2.8538588889556416e-05,193200,0.694,0.5645272601794341,0.7313428401663696,0.5572097783705801,rounds,100,100,8232,1844,node_visits,1833.129,1004.235,0.5478256031081282,11.692699999912293,7.941500000015367,7.631466799999998,"{""adwin_delta"": 0.002, ""buffer_size"": 1000, ""chunk_size"": 2000, ""detector"": ""ddm"", ""energy_country_iso"": ""USA"", ""eval_block"": 1000, ""floor_drop"": 0.02, ""holdout_frac"": 0.2, ""init_frac"": 0.1, ""init_holdout_frac"": 0.2, ""k"": 3, ""min_buffer"": 100, ""n_ref"": 200, ""probe_rows"": 1000, ""track_energy"": true}"
insects_gradual,xgb,MechanismSelector,mechanism_selector,2,21735,1932,balanced_accuracy,5,5,0,1,4,1,1,0,0,1,4,1,4,19,1,0,0,311020,420,6040,420,2.025863100000606,1.7407313055555977e-05,193200,0.61,0.43648493213710604,0.2636601307189543,0.4367018944653583,rounds,100,100,8232,1546,node_visits,1833.129,931.409,0.5080979025480477,11.145399999804795,7.776599999942846,4.971476400000029,"{""adwin_delta"": 0.002, ""buffer_size"": 1000, ""chunk_size"": 2000, ""detector"": ""ddm"", ""energy_country_iso"": ""USA"", ""eval_block"": 1000, ""floor_drop"": 0.02, ""holdout_frac"": 0.2, ""init_frac"": 0.1, ""init_holdout_frac"": 0.2, ""k"": 3, ""min_buffer"": 100, ""n_ref"": 200, ""probe_rows"": 1000, ""track_energy"": true}"
insects_gradual,xgb,FixedSchedule(k=3),fixed_schedule,2,21735,1932,balanced_accuracy,2,2,0,2,0,0,0,0,0,0,2,,2,4,1,0,0,7420,10,1484,10,0.1870361999999659,8.336644166667076e-06,193200,0.9,0.267586841499885,0.3333333333333333,0.28021337792175677,rounds,100,110,8232,8786,node_visits,1833.129,1989.59,1.0853518764909615,11.637699999937468,12.63040000003457,3.148407099999986,"{""adwin_delta"": 0.002, ""buffer_size"": 1000, ""chunk_size"": 2000, ""detector"": ""ddm"", ""energy_country_iso"": ""USA"", ""eval_block"": 1000, ""floor_drop"": 0.02, ""holdout_frac"": 0.2, ""init_frac"": 0.1, ""init_holdout_frac"": 0.2, ""k"": 3, ""min_buffer"": 100, ""n_ref"": 200, ""probe_rows"": 1000, ""track_energy"": true}"
insects_gradual,xgb,AlwaysNudge,always_nudge,2,21735,1932,balanced_accuracy,2,2,0,2,0,0,0,0,0,0,2,,2,4,1,0,0,7420,10,1484,10,0.18829749999986234,8.471367778111113e-06,193200,0.9,0.267586841499885,0.3333333333333333,0.28021337792175677,rounds,100,110,8232,8786,node_visits,1833.129,1989.59,1.0853518764909615,12.00909999988653,12.493899999753921,3.168863500000043,"{""adwin_delta"": 0.002, ""buffer_size"": 1000, ""chunk_size"": 2000, ""detector"": ""ddm"", ""energy_country_iso"": ""USA"", ""eval_block"": 1000, ""floor_drop"": 0.02, ""holdout_frac"": 0.2, ""init_frac"": 0.1, ""init_holdout_frac"": 0.2, ""k"": 3, ""min_buffer"": 100, ""n_ref"": 200, ""probe_rows"": 1000, ""track_energy"": true}"
insects_gradual,xgb,NeverAdapt,never_adapt,2,21735,1932,balanced_accuracy,4,4,4,0,0,0,0,0,0,0,0,,0,0,1,0,0,0,0,0,0,0.0,6.865571944111984e-06,193200,0.034,0.2782608695652174,0.2335115864527629,0.3060491100450692,rounds,100,100,8232,8232,node_visits,1833.129,1833.129,1.0,11.724500000127591,11.40190000023722,2.89411119999977,"{""adwin_delta"": 0.002, ""buffer_size"": 1000, ""chunk_size"": 2000, ""detector"": ""ddm"", ""energy_country_iso"": ""USA"", ""eval_block"": 1000, ""floor_drop"": 0.02, ""holdout_frac"": 0.2, ""init_frac"": 0.1, ""init_holdout_frac"": 0.2, ""k"": 3, ""min_buffer"": 100, ""n_ref"": 200, ""probe_rows"": 1000, ""track_energy"": true}"
insects_gradual,rf,AlwaysRebuild,always_rebuild,2,21735,1932,balanced_accuracy,6,6,0,0,6,0,2,0,0,2,0,,5,13,1,0,0,405600,600,4056,600,1.7630858999996235,1.4034235555554927e-05,193200,0.656,0.4345525649873476,0.2712636165577342,0.435240431418546,trees,100,100,26580,2592,node_visits,864.884,495.59,0.5730132595816317,16.028199999709614,11.960899999849062,4.563883599999826,"{""adwin_delta"": 0.002, ""buffer_size"": 1000, ""chunk_size"": 2000, ""detector"": ""ddm"", ""energy_country_iso"": ""USA"", ""eval_block"": 1000, ""floor_drop"": 0.02, ""holdout_frac"": 0.2, ""init_frac"": 0.1, ""init_holdout_frac"": 0.2, ""k"": 3, ""min_buffer"": 100, ""n_ref"": 200, ""probe_rows"": 1000, ""track_energy"": true}"
insects_gradual,rf,MechanismSelector,mechanism_selector,2,21735,1932,balanced_accuracy,5,5,1,0,4,1,1,0,0,1,3,0,2,5,1,0,0,307020,415,5240,415,1.3594307999997,1.2325828611111278e-05,193200,0.541,0.5169082125603864,0.3225668449197861,0.5198536263017876,trees,100,100,26580,39052,node_visits,864.884,863.867,0.9988241197663501,15.037199999824225,15.61649999985093,4.196381000000201,"{""adwin_delta"": 0.002, ""buffer_size"": 1000, ""chunk_size"": 2000, ""detector"": ""ddm"", ""energy_country_iso"": ""USA"", ""eval_block"": 1000, ""floor_drop"": 0.02, ""holdout_frac"": 0.2, ""init_frac"": 0.1, ""init_holdout_frac"": 0.2, ""k"": 3, ""min_buffer"": 100, ""n_ref"": 200, ""probe_rows"": 1000, ""track_energy"": true}"
insects_gradual,rf,FixedSchedule(k=3),fixed_schedule,2,21735,1932,balanced_accuracy,6,6,0,4,2,0,0,0,0,0,4,,4,14,1,0,0,132340,220,3630,220,0.5902583999995841,8.878157222556187e-06,193200,0.643,0.4006441223832528,0.3180768469003763,0.40865491903757994,trees,100,100,26580,8406,node_visits,864.884,677.195,0.7829893951096333,14.992699999766046,15.17180000018925,3.420075800000177,"{""adwin_delta"": 0.002, ""buffer_size"": 1000, ""chunk_size"": 2000, ""detector"": ""ddm"", ""energy_country_iso"": ""USA"", ""eval_block"": 1000, ""floor_drop"": 0.02, ""holdout_frac"": 0.2, ""init_frac"": 0.1, ""init_holdout_frac"": 0.2, ""k"": 3, ""min_buffer"": 100, ""n_ref"": 200, ""probe_rows"": 1000, ""track_energy"": true}"
insects_gradual,rf,AlwaysNudge,always_nudge,2,21735,1932,balanced_accuracy,4,4,0,4,0,0,0,0,0,0,4,,3,7,1,0,0,15420,20,3084,20,0.06969729999946139,6.445664445110691e-06,193200,0.03,0.2519898780768346,0.20380273321449793,0.2805904673634329,trees,100,100,26580,24008,node_visits,864.884,846.073,0.978250262462943,15.87790000030509,17.011599999932514,2.8711341999996876,"{""adwin_delta"": 0.002, ""buffer_size"": 1000, ""chunk_size"": 2000, ""detector"": ""ddm"", ""energy_country_iso"": ""USA"", ""eval_block"": 1000, ""floor_drop"": 0.02, ""holdout_frac"": 0.2, ""init_frac"": 0.1, ""init_holdout_frac"": 0.2, ""k"": 3, ""min_buffer"": 100, ""n_ref"": 200, ""probe_rows"": 1000, ""track_energy"": true}"
insects_gradual,rf,NeverAdapt,never_adapt,2,21735,1932,balanced_accuracy,4,4,4,0,0,0,0,0,0,0,0,,0,0,1,0,0,0,0,0,0,0.0,5.658870000666202e-06,193200,0.031,0.2519898780768346,0.208853238265003,0.28062807892168967,trees,100,100,26580,26580,node_visits,864.884,864.884,1.0,15.177200000380253,15.183200000137731,2.7224755000002006,"{""adwin_delta"": 0.002, ""buffer_size"": 1000, ""chunk_size"": 2000, ""detector"": ""ddm"", ""energy_country_iso"": ""USA"", ""eval_block"": 1000, ""floor_drop"": 0.02, ""holdout_frac"": 0.2, ""init_frac"": 0.1, ""init_holdout_frac"": 0.2, ""k"": 3, ""min_buffer"": 100, ""n_ref"": 200, ""probe_rows"": 1000, ""track_energy"": true}"
insects_gradual,sgd,AlwaysRebuild,always_rebuild,2,21735,1932,balanced_accuracy,6,6,0,0,6,0,0,0,0,0,0,,4,8,1,0,0,2100000,0,3859,4241,0.4295475999992959,3.335519721555383e-06,1932000,0.0,0.2023004370830458,0.0,0.20141503300928096,params,204,204,,,params_read,204.0,204.0,1.0,0.24129999974320526,0.2282000000377593,2.216341900000316,"{""adwin_delta"": 0.002, ""buffer_size"": 1000, ""chunk_size"": 2000, ""detector"": ""ddm"", ""energy_country_iso"": ""USA"", ""eval_block"": 1000, ""floor_drop"": 0.02, ""holdout_frac"": 0.2, ""init_frac"": 0.1, ""init_holdout_frac"": 0.2, ""k"": 3, ""min_buffer"": 100, ""n_ref"": 200, ""probe_rows"": 1000, ""track_energy"": true}"
insects_gradual,sgd,MechanismSelector,mechanism_selector,2,21735,1932,balanced_accuracy,6,6,2,2,2,1,0,0,0,0,3,2,1,3,1,0,0,360016,0,3260,1117,0.12154810000038196,1.9896527781103898e-06,1932000,0.006,0.1949850471589602,0.0022222222222222222,0.19522398343885383,params,204,204,,,params_read,204.0,204.0,1.0,0.2509000000827655,0.25430000005144393,1.8854268000000047,"{""adwin_delta"": 0.002, ""buffer_size"": 1000, ""chunk_size"": 2000, ""detector"": ""ddm"", ""energy_country_iso"": ""USA"", ""eval_block"": 1000, ""floor_drop"": 0.02, ""holdout_frac"": 0.2, ""init_frac"": 0.1, ""init_holdout_frac"": 0.2, ""k"": 3, ""min_buffer"": 100, ""n_ref"": 200, ""probe_rows"": 1000, ""track_energy"": true}"
insects_gradual,sgd,FixedSchedule(k=3),fixed_schedule,2,21735,1932,balanced_accuracy,7,7,0,5,2,0,1,0,0,1,5,,1,3,1,0,0,1091400,0,3400,1095,0.3051914000011493,2.803830555221369e-06,1932000,0.538,0.23855532551184724,0.2181263616557734,0.23790592197569563,params,204,204,,,params_read,204.0,204.0,1.0,0.26419999994686805,0.23950000013428507,2.0688096000003497,"{""adwin_delta"": 0.002, ""buffer_size"": 1000, ""chunk_size"": 2000, ""detector"": ""ddm"", ""energy_country_iso"": ""USA"", ""eval_block"": 1000, ""floor_drop"": 0.02, ""holdout_frac"": 0.2, ""init_frac"": 0.1, ""init_holdout_frac"": 0.2, ""k"": 3, ""min_buffer"": 100, ""n_ref"": 200, ""probe_rows"": 1000, ""track_energy"": true}"
insects_gradual,sgd,AlwaysNudge,always_nudge,2,21735,1932,balanced_accuracy,8,8,0,8,0,0,3,0,0,3,8,,0,0,1,0,0,3003,0,3003,8,0.027920899999116955,1.5990886114442014e-06,1932000,0.745,0.2618357487922705,0.285359477124183,0.25841442938771464,params,204,204,,,params_read,204.0,204.0,1.0,0.25379999988217605,0.23300000020753941,1.797399100000348,"{""adwin_delta"": 0.002, ""buffer_size"": 1000, ""chunk_size"": 2000, ""detector"": ""ddm"", ""energy_country_iso"": ""USA"", ""eval_block"": 1000, ""floor_drop"": 0.02, ""holdout_frac"": 0.2, ""init_frac"": 0.1, ""init_holdout_frac"": 0.2, ""k"": 3, ""min_buffer"": 100, ""n_ref"": 200, ""probe_rows"": 1000, ""track_energy"": true}"
insects_gradual,sgd,NeverAdapt,never_adapt,2,21735,1932,balanced_accuracy,4,4,4,0,0,0,0,0,0,0,0,,0,0,1,0,0,0,0,0,0,0.0,1.7289624993345432e-06,1932000,0.062,0.1712905452035887,0.39393939393939387,0.2079090012816721,params,204,204,,,params_read,204.0,204.0,1.0,0.35109999998894637,0.31880000005912734,1.753211100000044,"{""adwin_delta"": 0.002, ""buffer_size"": 1000, ""chunk_size"": 2000, ""detector"": ""ddm"", ""energy_country_iso"": ""USA"", ""eval_block"": 1000, ""floor_drop"": 0.02, ""holdout_frac"": 0.2, ""init_frac"": 0.1, ""init_holdout_frac"": 0.2, ""k"": 3, ""min_buffer"": 100, ""n_ref"": 200, ""probe_rows"": 1000, ""track_energy"": true}"
insects_gradual,gnb,AlwaysRebuild,always_rebuild,2,21735,1932,balanced_accuracy,4,4,0,0,4,0,1,0,0,1,0,,3,8,1,0,0,3100,0,3100,4,0.0075698999994529,6.793019447773456e-07,1932,0.728,0.5312169312169313,0.30736383442265797,0.5098630147242768,params,402,402,,,params_read,402.0,402.0,1.0,1.1524999999892316,1.1795999998867046,1.5621838000001844,"{""adwin_delta"": 0.002, ""buffer_size"": 1000, ""chunk_size"": 2000, ""detector"": ""ddm"", ""energy_country_iso"": ""USA"", ""eval_block"": 1000, ""floor_drop"": 0.02, ""holdout_frac"": 0.2, ""init_frac"": 0.1, ""init_holdout_frac"": 0.2, ""k"": 3, ""min_buffer"": 100, ""n_ref"": 200, ""probe_rows"": 1000, ""track_energy"": true}"
insects_gradual,gnb,MechanismSelector,mechanism_selector,2,21735,1932,balanced_accuracy,3,3,1,1,1,0,0,0,0,0,2,1,0,0,1,0,0,2600,0,2600,3,0.004510600000230625,6.48681666667139e-07,1932,0.727,0.537888198757764,0.367688651218063,0.5210053495845771,params,402,402,,,params_read,402.0,402.0,1.0,1.1547999997674196,1.0839999999916472,1.5804941999999755,"{""adwin_delta"": 0.002, ""buffer_size"": 1000, ""chunk_size"": 2000, ""detector"": ""ddm"", ""energy_country_iso"": ""USA"", ""eval_block"": 1000, ""floor_drop"": 0.02, ""holdout_frac"": 0.2, ""init_frac"": 0.1, ""init_holdout_frac"": 0.2, ""k"": 3, ""min_buffer"": 100, ""n_ref"": 200, ""probe_rows"": 1000, ""track_energy"": true}"
insects_gradual,gnb,FixedSchedule(k=3),fixed_schedule,2,21735,1932,balanced_accuracy,3,3,0,2,1,0,0,0,0,0,2,,0,0,1,0,0,2600,0,2600,3,0.004293800000141346,6.343233339992287e-07,1932,0.722,0.5494824016563147,0.34718954248366013,0.5308104807568178,params,402,402,,,params_read,402.0,402.0,1.0,0.9170999996968021,1.1312999999972817,1.5719057999999677,"{""adwin_delta"": 0.002, ""buffer_size"": 1000, ""chunk_size"": 2000, ""detector"": ""ddm"", ""energy_country_iso"": ""USA"", ""eval_block"": 1000, ""floor_drop"": 0.02, ""holdout_frac"": 0.2, ""init_frac"": 0.1, ""init_holdout_frac"": 0.2, ""k"": 3, ""min_buffer"": 100, ""n_ref"": 200, ""probe_rows"": 1000, ""track_energy"": true}"
insects_gradual,gnb,AlwaysNudge,always_nudge,2,21735,1932,balanced_accuracy,3,3,0,3,0,0,0,0,0,0,3,,0,0,1,0,0,2400,0,2400,3,0.004227500000524742,6.572066670005009e-07,1932,0.119,0.4311019093627789,0.09555555555555555,0.42001219855646826,params,402,402,,,params_read,402.0,402.0,1.0,1.016300000173942,0.9187000000565604,1.5801722999999583,"{""adwin_delta"": 0.002, ""buffer_size"": 1000, ""chunk_size"": 2000, ""detector"": ""ddm"", ""energy_country_iso"": ""USA"", ""eval_block"": 1000, ""floor_drop"": 0.02, ""holdout_frac"": 0.2, ""init_frac"": 0.1, ""init_holdout_frac"": 0.2, ""k"": 3, ""min_buffer"": 100, ""n_ref"": 200, ""probe_rows"": 1000, ""track_energy"": true}"
insects_gradual,gnb,NeverAdapt,never_adapt,2,21735,1932,balanced_accuracy,3,3,3,0,0,0,0,0,0,0,0,,0,0,1,0,0,0,0,0,0,0.0,5.716422222222852e-07,1932,0.027,0.34156889809063723,0.09438898791839968,0.3418107321216655,params,402,402,,,params_read,402.0,402.0,1.0,1.011900000321475,0.9801999999581312,1.5458920000000944,"{""adwin_delta"": 0.002, ""buffer_size"": 1000, ""chunk_size"": 2000, ""detector"": ""ddm"", ""energy_country_iso"": ""USA"", ""eval_block"": 1000, ""floor_drop"": 0.02, ""holdout_frac"": 0.2, ""init_frac"": 0.1, ""init_holdout_frac"": 0.2, ""k"": 3, ""min_buffer"": 100, ""n_ref"": 200, ""probe_rows"": 1000, ""track_energy"": true}"
insects_incremental,xgb,AlwaysRebuild,always_rebuild,2,51317,4560,balanced_accuracy,7,7,0,0,7,0,0,0,0,2,0,,0,0,0,0,0,424300,700,4243,700,6.3189609000005476,5.70361250003336e-05,456000,0.525,0.5342479100493014,0.5233065839813894,0.5342548892116902,rounds,100,100,36642,3132,node_visits,3853.825,1393.613,0.3616181326344606,19.274199999927077,8.528900000328576,12.287418500000058,"{""adwin_delta"": 0.002, ""buffer_size"": 1000, ""chunk_size"": 2000, ""detector"": ""ddm"", ""energy_country_iso"": ""USA"", ""eval_block"": 1000, ""floor_drop"": 0.02, ""holdout_frac"": 0.2, ""init_frac"": 0.1, ""init_holdout_frac"": 0.2, ""k"": 3, ""min_buffer"": 100, ""n_ref"": 200, ""probe_rows"": 1000, ""track_energy"": true}"
insects_incremental,xgb,MechanismSelector,mechanism_selector,2,51317,4560,balanced_accuracy,3,3,0,2,1,0,0,0,0,0,3,2,0,0,0,0,0,82980,115,2897,115,2.1283759000002647,3.872824222222215e-05,456000,0.379,0.4734103708322778,0.3772701053406002,0.47341511147138454,rounds,100,110,36642,16040,node_visits,3853.825,3046.805,0.7905924633318846,16.937899999902584,16.53840000017226,8.566354099999899,"{""adwin_delta"": 0.002, ""buffer_size"": 1000, ""chunk_size"": 2000, ""detector"": ""ddm"", ""energy_country_iso"": ""USA"", ""eval_block"": 1000, ""floor_drop"": 0.02, ""holdout_frac"": 0.2, ""init_frac"": 0.1, ""init_holdout_frac"": 0.2, ""k"": 3, ""min_buffer"": 100, ""n_ref"": 200, ""probe_rows"": 1000, ""track_energy"": true}"
insects_incremental,xgb,FixedSchedule(k=3),fixed_schedule,2,51317,4560,balanced_accuracy,3,3,0,2,1,0,0,0,0,0,2,,0,0,0,0,0,106880,110,2376,110,1.820501100000456,3.559000638955607e-05,456000,0.523,0.4800553422842333,0.5219290550408444,0.4800541692072029,rounds,100,100,36642,15382,node_visits,3853.825,2815.15,0.7304820535442061,19.176299999799085,15.843099999983679,8.145362699999623,"{""adwin_delta"": 0.002, ""buffer_size"": 1000, ""chunk_size"": 2000, ""detector"": ""ddm"", ""energy_country_iso"": ""USA"", ""eval_block"": 1000, ""floor_drop"": 0.02, ""holdout_frac"": 0.2, ""init_frac"": 0.1, ""init_holdout_frac"": 0.2, ""k"": 3, ""min_buffer"": 100, ""n_ref"": 200, ""probe_rows"": 1000, ""track_energy"": true}"
insects_incremental,xgb,AlwaysNudge,always_nudge,2,51317,4560,balanced_accuracy,4,4,0,4,0,0,1,0,0,1,4,,0,0,0,0,0,11280,20,2256,20,0.6828839999998308,3.3549896388890246e-05,456000,0.421,0.4380809478340511,0.4193220572220357,0.43808154360300006,rounds,100,120,36642,41352,node_visits,3853.825,4493.594,1.166008835377839,19.29440000003524,14.816500000051747,7.703738499999872,"{""adwin_delta"": 0.002, ""buffer_size"": 1000, ""chunk_size"": 2000, ""detector"": ""ddm"", ""energy_country_iso"": ""USA"", ""eval_block"": 1000, ""floor_drop"": 0.02, ""holdout_frac"": 0.2, ""init_frac"": 0.1, ""init_holdout_frac"": 0.2, ""k"": 3, ""min_buffer"": 100, ""n_ref"": 200, ""probe_rows"": 1000, ""track_energy"": true}"
insects_incremental,xgb,NeverAdapt,never_adapt,2,51317,4560,balanced_accuracy,3,3,3,0,0,0,0,0,0,0,0,,0,0,0,0,0,0,0,0,0,0.0,2.640760055555641e-05,456000,0.12,0.22012198686595086,0.1199112905812767,0.22011747061026066,rounds,100,100,36642,36642,node_visits,3853.825,3853.825,1.0,16.224599999986822,19.021999999949912,6.443654800000331,"{""adwin_delta"": 0.002, ""buffer_size"": 1000, ""chunk_size"": 2000, ""detector"": ""ddm"", ""energy_country_iso"": ""USA"", ""eval_block"": 1000, ""floor_drop"": 0.02, ""holdout_frac"": 0.2, ""init_frac"": 0.1, ""init_holdout_frac"": 0.2, ""k"": 3, ""min_buffer"": 100, ""n_ref"": 200, ""probe_rows"": 1000, ""track_energy"": true}"
insects_incremental,rf,AlwaysRebuild,always_rebuild,2,51317,4560,balanced_accuracy,7,7,0,0,7,0,2,0,0,2,0,,0,0,0,0,0,494300,700,4943,700,2.4321045999995476,2.9390319722221945e-05,456000,0.638,0.5264727088489195,0.6367129011571423,0.5264670007543333,trees,100,100,189968,5044,node_visits,1250.151,615.014,0.4919517722259151,23.88470000005327,14.56449999977849,7.165078199999698,"{""adwin_delta"": 0.002, ""buffer_size"": 1000, ""chunk_size"": 2000, ""detector"": ""ddm"", ""energy_country_iso"": ""USA"", ""eval_block"": 1000, ""floor_drop"": 0.02, ""holdout_frac"": 0.2, ""init_frac"": 0.1, ""init_holdout_frac"": 0.2, ""k"": 3, ""min_buffer"": 100, ""n_ref"": 200, ""probe_rows"": 1000, ""track_energy"": true}"
insects_incremental,rf,MechanismSelector,mechanism_selector,2,51317,4560,balanced_accuracy,3,3,0,1,2,0,0,0,0,0,3,1,0,0,0,0,0,185270,215,3937,215,0.8654097999997248,2.162376694411187e-05,456000,0.519,0.5028158310111659,0.5171673252606749,0.5028099383828853,trees,100,100,189968,39268,node_visits,1250.151,977.248,0.7817039701604046,24.70900000025722,22.26780000000872,5.646648800000094,"{""adwin_delta"": 0.002, ""buffer_size"": 1000, ""chunk_size"": 2000, ""detector"": ""ddm"", ""energy_country_iso"": ""USA"", ""eval_block"": 1000, ""floor_drop"": 0.02, ""holdout_frac"": 0.2, ""init_frac"": 0.1, ""init_holdout_frac"": 0.2, ""k"": 3, ""min_buffer"": 100, ""n_ref"": 200, ""probe_rows"": 1000, ""track_energy"": true}"
insects_incremental,rf,FixedSchedule(k=3),fixed_schedule,2,51317,4560,balanced_accuracy,4,4,0,3,1,0,0,0,0,0,3,,0,0,0,0,0,110970,115,3194,115,0.5133600999997725,2.0811155832666393e-05,456000,0.595,0.28618196698949666,0.5943231182472426,0.28617654155790434,trees,100,100,189968,34680,node_visits,1250.151,963.478,0.7706893007324714,27.35739999980069,19.210200000088662,5.6975703000002795,"{""adwin_delta"": 0.002, ""buffer_size"": 1000, ""chunk_size"": 2000, ""detector"": ""ddm"", ""energy_country_iso"": ""USA"", ""eval_block"": 1000, ""floor_drop"": 0.02, ""holdout_frac"": 0.2, ""init_frac"": 0.1, ""init_holdout_frac"": 0.2, ""k"": 3, ""min_buffer"": 100, ""n_ref"": 200, ""probe_rows"": 1000, ""track_energy"": true}"
insects_incremental,rf,AlwaysNudge,always_nudge,2,51317,4560,balanced_accuracy,3,3,0,3,0,0,0,0,0,0,3,,0,0,0,0,0,10970,15,2194,15,0.056269000000156666,1.5325684444777147e-05,456000,0.156,0.22366856986963385,0.1561441310265394,0.22366238370936056,trees,100,100,189968,165800,node_visits,1250.151,1199.769,0.9596992683283859,23.85649999996531,23.618299999725423,4.90767649999998,"{""adwin_delta"": 0.002, ""buffer_size"": 1000, ""chunk_size"": 2000, ""detector"": ""ddm"", ""energy_country_iso"": ""USA"", ""eval_block"": 1000, ""floor_drop"": 0.02, ""holdout_frac"": 0.2, ""init_frac"": 0.1, ""init_holdout_frac"": 0.2, ""k"": 3, ""min_buffer"": 100, ""n_ref"": 200, ""probe_rows"": 1000, ""track_energy"": true}"
insects_incremental,rf,NeverAdapt,never_adapt,2,51317,4560,balanced_accuracy,4,4,4,0,0,0,0,0,0,0,0,,0,0,0,0,0,0,0,0,0,0.0,1.6060249166999708e-05,456000,0.115,0.2092094237776955,0.11486874592264805,0.20920446890828048,trees,100,100,189968,189968,node_visits,1250.151,1250.151,1.0,24.58829999977752,24.895500000184256,4.855946099999983,"{""adwin_delta"": 0.002, ""buffer_size"": 1000, ""chunk_size"": 2000, ""detector"": ""ddm"", ""energy_country_iso"": ""USA"", ""eval_block"": 1000, ""floor_drop"": 0.02, ""holdout_frac"": 0.2, ""init_frac"": 0.1, ""init_holdout_frac"": 0.2, ""k"": 3, ""min_buffer"": 100, ""n_ref"": 200, ""probe_rows"": 1000, ""track_energy"": true}"
insects_incremental,sgd,AlwaysRebuild,always_rebuild,2,51317,4560,balanced_accuracy,0,0,0,0,0,0,0,0,0,0,0,,0,0,0,0,0,0,0,0,0,0.0,2.5271322222212146e-06,1026000,0.157,0.16164234074478243,0.15947264833464825,0.16160554782145775,params,204,204,,,params_read,204.0,204.0,1.0,0.2693000001272594,0.2407000001767301,2.0055068000001484,"{""adwin_delta"": 0.002, ""buffer_size"": 1000, ""chunk_size"": 2000, ""detector"": ""ddm"", ""energy_country_iso"": ""USA"", ""eval_block"": 1000, ""floor_drop"": 0.02, ""holdout_frac"": 0.2, ""init_frac"": 0.1, ""init_holdout_frac"": 0.2, ""k"": 3, ""min_buffer"": 100, ""n_ref"": 200, ""probe_rows"": 1000, ""track_energy"": true}"
insects_incremental,sgd,MechanismSelector,mechanism_selector,2,51317,4560,balanced_accuracy,0,0,0,0,0,0,0,0,0,0,0,0,0,0,0,0,0,0,0,0,0,0.0,2.560659166666671e-06,1026000,0.157,0.16164234074478243,0.15947264833464825,0.16160554782145775,params,204,204,,,params_read,204.0,204.0,1.0,0.32400000009147334,0.23569999984829337,2.0153119000001425,"{""adwin_delta"": 0.002, ""buffer_size"": 1000, ""chunk_size"": 2000, ""detector"": ""ddm"", ""energy_country_iso"": ""USA"", ""eval_block"": 1000, ""floor_drop"": 0.02, ""holdout_frac"": 0.2, ""init_frac"": 0.1, ""init_holdout_frac"": 0.2, ""k"": 3, ""min_buffer"": 100, ""n_ref"": 200, ""probe_rows"": 1000, ""track_energy"": true}"
insects_incremental,sgd,FixedSchedule(k=3),fixed_schedule,2,51317,4560,balanced_accuracy,0,0,0,0,0,0,0,0,0,0,0,,0,0,0,0,0,0,0,0,0,0.0,2.5755883326659525e-06,1026000,0.157,0.16164234074478243,0.15947264833464825,0.16160554782145775,params,204,204,,,params_read,204.0,204.0,1.0,0.24459999985992908,0.2569999996921979,2.0074839999997494,"{""adwin_delta"": 0.002, ""buffer_size"": 1000, ""chunk_size"": 2000, ""detector"": ""ddm"", ""energy_country_iso"": ""USA"", ""eval_block"": 1000, ""floor_drop"": 0.02, ""holdout_frac"": 0.2, ""init_frac"": 0.1, ""init_holdout_frac"": 0.2, ""k"": 3, ""min_buffer"": 100, ""n_ref"": 200, ""probe_rows"": 1000, ""track_energy"": true}"
insects_incremental,sgd,AlwaysNudge,always_nudge,2,51317,4560,balanced_accuracy,0,0,0,0,0,0,0,0,0,0,0,,0,0,0,0,0,0,0,0,0,0.0,3.0643705552217836e-06,1026000,0.157,0.16164234074478243,0.15947264833464825,0.16160554782145775,params,204,204,,,params_read,204.0,204.0,1.0,0.24089999988063937,0.3656999997474486,2.0488922999998067,"{""adwin_delta"": 0.002, ""buffer_size"": 1000, ""chunk_size"": 2000, ""detector"": ""ddm"", ""energy_country_iso"": ""USA"", ""eval_block"": 1000, ""floor_drop"": 0.02, ""holdout_frac"": 0.2, ""init_frac"": 0.1, ""init_holdout_frac"": 0.2, ""k"": 3, ""min_buffer"": 100, ""n_ref"": 200, ""probe_rows"": 1000, ""track_energy"": true}"
insects_incremental,sgd,NeverAdapt,never_adapt,2,51317,4560,balanced_accuracy,0,0,0,0,0,0,0,0,0,0,0,,0,0,0,0,0,0,0,0,0,0.0,3.0160930548897186e-06,1026000,0.157,0.16164234074478243,0.15947264833464825,0.16160554782145775,params,204,204,,,params_read,204.0,204.0,1.0,0.26059999981953297,0.3065000000788132,2.0360319000001255,"{""adwin_delta"": 0.002, ""buffer_size"": 1000, ""chunk_size"": 2000, ""detector"": ""ddm"", ""energy_country_iso"": ""USA"", ""eval_block"": 1000, ""floor_drop"": 0.02, ""holdout_frac"": 0.2, ""init_frac"": 0.1, ""init_holdout_frac"": 0.2, ""k"": 3, ""min_buffer"": 100, ""n_ref"": 200, ""probe_rows"": 1000, ""track_energy"": true}"
insects_incremental,gnb,AlwaysRebuild,always_rebuild,2,51317,4560,balanced_accuracy,3,3,0,0,3,0,0,0,0,0,0,,0,0,0,0,0,3000,0,3000,3,0.004246999999850232,9.57457777777071e-07,4560,0.424,0.516495508311086,0.4233310353652128,0.5164968594862552,params,402,402,,,params_read,402.0,402.0,1.0,0.8769999999458378,1.034200000049168,1.6459586000000854,"{""adwin_delta"": 0.002, ""buffer_size"": 1000, ""chunk_size"": 2000, ""detector"": ""ddm"", ""energy_country_iso"": ""USA"", ""eval_block"": 1000, ""floor_drop"": 0.02, ""holdout_frac"": 0.2, ""init_frac"": 0.1, ""init_holdout_frac"": 0.2, ""k"": 3, ""min_buffer"": 100, ""n_ref"": 200, ""probe_rows"": 1000, ""track_energy"": true}"
insects_incremental,gnb,MechanismSelector,mechanism_selector,2,51317,4560,balanced_accuracy,3,3,0,0,3,0,0,0,0,0,3,0,0,0,0,0,0,5400,0,5400,6,0.008548499999960768,1.0303283333339566e-06,4560,0.424,0.516495508311086,0.4233310353652128,0.5164968594862552,params,402,402,,,params_read,402.0,402.0,1.0,0.9307000000262633,0.9027000000969565,1.6565353999999388,"{""adwin_delta"": 0.002, ""buffer_size"": 1000, ""chunk_size"": 2000, ""detector"": ""ddm"", ""energy_country_iso"": ""USA"", ""eval_block"": 1000, ""floor_drop"": 0.02, ""holdout_frac"": 0.2, ""init_frac"": 0.1, ""init_holdout_frac"": 0.2, ""k"": 3, ""min_buffer"": 100, ""n_ref"": 200, ""probe_rows"": 1000, ""track_energy"": true}"
insects_incremental,gnb,FixedSchedule(k=3),fixed_schedule,2,51317,4560,balanced_accuracy,3,3,0,2,1,0,0,0,0,0,2,,0,0,0,0,0,2600,0,2600,3,0.005914899999879708,9.710699999999601e-07,4560,0.53,0.4031022857922326,0.5296278883913205,0.40309824164043556,params,402,402,,,params_read,402.0,402.0,1.0,0.8765000002313172,0.886600000285398,1.6616945999999189,"{""adwin_delta"": 0.002, ""buffer_size"": 1000, ""chunk_size"": 2000, ""detector"": ""ddm"", ""energy_country_iso"": ""USA"", ""eval_block"": 1000, ""floor_drop"": 0.02, ""holdout_frac"": 0.2, ""init_frac"": 0.1, ""init_holdout_frac"": 0.2, ""k"": 3, ""min_buffer"": 100, ""n_ref"": 200, ""probe_rows"": 1000, ""track_energy"": true}"
insects_incremental,gnb,AlwaysNudge,always_nudge,2,51317,4560,balanced_accuracy,3,3,0,3,0,0,0,0,0,0,3,,0,0,0,0,0,2400,0,2400,3,0.0041142000000036205,9.433358333335856e-07,4560,0.264,0.3008749537190405,0.2631566046867935,0.3008686707044814,params,402,402,,,params_read,402.0,402.0,1.0,0.8862999998200394,0.8643999999549123,1.6328380999998444,"{""adwin_delta"": 0.002, ""buffer_size"": 1000, ""chunk_size"": 2000, ""detector"": ""ddm"", ""energy_country_iso"": ""USA"", ""eval_block"": 1000, ""floor_drop"": 0.02, ""holdout_frac"": 0.2, ""init_frac"": 0.1, ""init_holdout_frac"": 0.2, ""k"": 3, ""min_buffer"": 100, ""n_ref"": 200, ""probe_rows"": 1000, ""track_energy"": true}"
insects_incremental,gnb,NeverAdapt,never_adapt,2,51317,4560,balanced_accuracy,4,4,4,0,0,0,0,0,0,0,0,,0,0,0,0,0,0,0,0,0,0.0,1.0277055555554868e-06,4560,0.143,0.20591616813141844,0.14298921897357636,0.2059100817198126,params,402,402,,,params_read,402.0,402.0,1.0,1.0146999998141837,0.9124999996856786,1.6467443999999887,"{""adwin_delta"": 0.002, ""buffer_size"": 1000, ""chunk_size"": 2000, ""detector"": ""ddm"", ""energy_country_iso"": ""USA"", ""eval_block"": 1000, ""floor_drop"": 0.02, ""holdout_frac"": 0.2, ""init_frac"": 0.1, ""init_holdout_frac"": 0.2, ""k"": 3, ""min_buffer"": 100, ""n_ref"": 200, ""probe_rows"": 1000, ""track_energy"": true}"
covtype,xgb,AlwaysRebuild,always_rebuild,2,90000,8000,balanced_accuracy,349,334,0,0,334,0,170,15,0,237,0,,327,1561,0,0,0,6753900,33400,67539,33400,49.60690130000012,0.0002699797397228886,800000,0.897,0.7493,0.54816431886207,0.6227396940596288,rounds,100,100,34130,1364,node_visits,3970.127,933.86,0.2352216944193473,18.865900000037072,8.670400000028167,59.58661480000001,"{""adwin_delta"": 0.002, ""buffer_size"": 1000, ""chunk_size"": 2000, ""detector"": ""ddm"", ""energy_country_iso"": ""USA"", ""eval_block"": 1000, ""floor_drop"": 0.02, ""holdout_frac"": 0.2, ""init_frac"": 0.1, ""init_holdout_frac"": 0.2, ""k"": 3, ""min_buffer"": 100, ""n_ref"": 200, ""probe_rows"": 1000, ""track_energy"": true}"
covtype,xgb,MechanismSelector,mechanism_selector,2,90000,8000,balanced_accuracy,308,301,141,17,143,130,78,7,0,121,30,17,160,845,0,0,0,2130815,14450,30507,14450,21.925021400001697,0.00014173573749999883,800000,0.796,0.6314222222222222,0.3333333333333333,0.41163635362527856,rounds,100,100,34130,700,node_visits,3970.127,700.0,0.1763167777756228,15.727500000139116,8.097599999928207,31.578356900000017,"{""adwin_delta"": 0.002, ""buffer_size"": 1000, ""chunk_size"": 2000, ""detector"": ""ddm"", ""energy_country_iso"": ""USA"", ""eval_block"": 1000, ""floor_drop"": 0.02, ""holdout_frac"": 0.2, ""init_frac"": 0.1, ""init_holdout_frac"": 0.2, ""k"": 3, ""min_buffer"": 100, ""n_ref"": 200, ""probe_rows"": 1000, ""track_energy"": true}"
covtype,xgb,FixedSchedule(k=3),fixed_schedule,2,90000,8000,balanced_accuracy,262,256,0,171,85,0,86,6,0,128,171,,255,1272,0,0,0,2228585,9355,53766,9355,23.2802321999975,0.00017458103027777696,800000,0.82,0.7746888888888889,0.6480911583679522,0.7528455627034736,rounds,100,105,34130,2013,node_visits,3970.127,1106.063,0.2785963773954839,18.50640000020576,9.422900000117806,36.07904839999992,"{""adwin_delta"": 0.002, ""buffer_size"": 1000, ""chunk_size"": 2000, ""detector"": ""ddm"", ""energy_country_iso"": ""USA"", ""eval_block"": 1000, ""floor_drop"": 0.02, ""holdout_frac"": 0.2, ""init_frac"": 0.1, ""init_holdout_frac"": 0.2, ""k"": 3, ""min_buffer"": 100, ""n_ref"": 200, ""probe_rows"": 1000, ""track_energy"": true}"
covtype,xgb,AlwaysNudge,always_nudge,2,90000,8000,balanced_accuracy,179,175,0,175,0,0,60,4,0,103,175,,174,863,0,0,0,149295,875,29859,875,42.73883120000255,0.0004211869694437779,800000,0.836,0.8131444444444444,0.5479416991279583,0.7837031913357733,rounds,100,975,34130,53523,node_visits,3970.127,13345.533,3.361487680368915,18.090600000050472,72.85600000022896,81.31239790000018,"{""adwin_delta"": 0.002, ""buffer_size"": 1000, ""chunk_size"": 2000, ""detector"": ""ddm"", ""energy_country_iso"": ""USA"", ""eval_block"": 1000, ""floor_drop"": 0.02, ""holdout_frac"": 0.2, ""init_frac"": 0.1, ""init_holdout_frac"": 0.2, ""k"": 3, ""min_buffer"": 100, ""n_ref"": 200, ""probe_rows"": 1000, ""track_energy"": true}"
covtype,xgb,NeverAdapt,never_adapt,2,90000,8000,balanced_accuracy,205,194,194,0,0,0,91,11,0,128,0,,0,0,0,0,0,0,0,0,0,0.0,4.3454629721889354e-05,800000,0.795,0.8261666666666667,0.7639165120423873,0.8035559438997134,rounds,100,100,34130,34130,node_visits,3970.127,3970.127,1.0,20.468300000175077,18.590799999856245,10.930027899999914,"{""adwin_delta"": 0.002, ""buffer_size"": 1000, ""chunk_size"": 2000, ""detector"": ""ddm"", ""energy_country_iso"": ""USA"", ""eval_block"": 1000, ""floor_drop"": 0.02, ""holdout_frac"": 0.2, ""init_frac"": 0.1, ""init_holdout_frac"": 0.2, ""k"": 3, ""min_buffer"": 100, ""n_ref"": 200, ""probe_rows"": 1000, ""track_energy"": true}"
covtype,rf,AlwaysRebuild,always_rebuild,2,90000,8000,balanced_accuracy,231,223,0,0,223,0,125,7,1,172,0,,222,1088,0,0,0,4118700,22300,41187,22300,34.92779329999894,0.00020271996916599872,800000,0.779,0.7857555555555555,0.5045066602855548,0.7671426080792253,trees,100,100,288292,100,node_visits,1583.629,100.0,0.06314610303297048,17.66330000009475,10.139199999684934,46.13184249999995,"{""adwin_delta"": 0.002, ""buffer_size"": 1000, ""chunk_size"": 2000, ""detector"": ""ddm"", ""energy_country_iso"": ""USA"", ""eval_block"": 1000, ""floor_drop"": 0.02, ""holdout_frac"": 0.2, ""init_frac"": 0.1, ""init_holdout_frac"": 0.2, ""k"": 3, ""min_buffer"": 100, ""n_ref"": 200, ""probe_rows"": 1000, ""track_energy"": true}"
covtype,rf,MechanismSelector,mechanism_selector,2,90000,8000,balanced_accuracy,217,209,41,2,166,147,98,8,0,145,21,2,167,929,0,0,0,2401765,16705,30699,16705,25.617907400001513,0.0001571684516669988,800000,0.886,0.5153222222222222,0.5211142232107715,0.7204958325015376,trees,100,100,288292,1060,node_visits,1583.629,334.082,0.21095976393460844,19.504699999743025,10.753500000191707,36.31996470000013,"{""adwin_delta"": 0.002, ""buffer_size"": 1000, ""chunk_size"": 2000, ""detector"": ""ddm"", ""energy_country_iso"": ""USA"", ""eval_block"": 1000, ""floor_drop"": 0.02, ""holdout_frac"": 0.2, ""init_frac"": 0.1, ""init_holdout_frac"": 0.2, ""k"": 3, ""min_buffer"": 100, ""n_ref"": 200, ""probe_rows"": 1000, ""track_energy"": true}"
covtype,rf,FixedSchedule(k=3),fixed_schedule,2,90000,8000,balanced_accuracy,382,376,0,251,125,0,119,6,0,204,251,,375,1870,0,0,0,2912300,13755,72139,13755,22.181447100002515,0.0001733835283326668,800000,0.835,0.8157333333333333,0.5558667655215971,0.7979318019857135,trees,100,100,288292,1602,node_visits,1583.629,352.786,0.22277061104589524,19.282700000076147,11.695700000018405,40.1712050000001,"{""adwin_delta"": 0.002, ""buffer_size"": 1000, ""chunk_size"": 2000, ""detector"": ""ddm"", ""energy_country_iso"": ""USA"", ""eval_block"": 1000, ""floor_drop"": 0.02, ""holdout_frac"": 0.2, ""init_frac"": 0.1, ""init_holdout_frac"": 0.2, ""k"": 3, ""min_buffer"": 100, ""n_ref"": 200, ""probe_rows"": 1000, ""track_energy"": true}"
covtype,rf,AlwaysNudge,always_nudge,2,90000,8000,balanced_accuracy,365,358,0,358,0,0,119,7,0,210,358,,357,1783,0,0,0,298435,1790,59687,1790,3.354114700001901,9.07492658330005e-05,800000,0.814,0.8227666666666666,0.366120218579235,0.7751929459815434,trees,100,100,288292,3026,node_visits,1583.629,480.635,0.30350227231251764,19.59560000022975,12.447799999790732,21.669405799999822,"{""adwin_delta"": 0.002, ""buffer_size"": 1000, ""chunk_size"": 2000, ""detector"": ""ddm"", ""energy_country_iso"": ""USA"", ""eval_block"": 1000, ""floor_drop"": 0.02, ""holdout_frac"": 0.2, ""init_frac"": 0.1, ""init_holdout_frac"": 0.2, ""k"": 3, ""min_buffer"": 100, ""n_ref"": 200, ""probe_rows"": 1000, ""track_energy"": true}"
covtype,rf,NeverAdapt,never_adapt,2,90000,8000,balanced_accuracy,425,408,408,0,0,0,164,17,0,284,0,,0,0,0,0,0,0,0,0,0,0.0,7.405209166700019e-05,800000,0.861,0.8236555555555556,0.7761004475931571,0.8148844665988328,trees,100,100,288292,288292,node_visits,1583.629,1583.629,1.0,17.794299999877694,20.279699999719014,18.156572300000335,"{""adwin_delta"": 0.002, ""buffer_size"": 1000, ""chunk_size"": 2000, ""detector"": ""ddm"", ""energy_country_iso"": ""USA"", ""eval_block"": 1000, ""floor_drop"": 0.02, ""holdout_frac"": 0.2, ""init_frac"": 0.1, ""init_holdout_frac"": 0.2, ""k"": 3, ""min_buffer"": 100, ""n_ref"": 200, ""probe_rows"": 1000, ""track_energy"": true}"
covtype,sgd,AlwaysRebuild,always_rebuild,2,90000,8000,balanced_accuracy,303,292,0,0,292,0,136,11,0,201,0,,291,1417,0,0,0,56667000,0,57536,291131,28.22170919999735,0.00013465785750000074,1792000,0.073,0.5017777777777778,0.030569514237855946,0.425399517544264,params,385,385,,,params_read,385.0,385.0,1.0,0.3910999998879561,0.30740000011064694,32.34621890000017,"{""adwin_delta"": 0.002, ""buffer_size"": 1000, ""chunk_size"": 2000, ""detector"": ""ddm"", ""energy_country_iso"": ""USA"", ""eval_block"": 1000, ""floor_drop"": 0.02, ""holdout_frac"": 0.2, ""init_frac"": 0.1, ""init_holdout_frac"": 0.2, ""k"": 3, ""min_buffer"": 100, ""n_ref"": 200, ""probe_rows"": 1000, ""track_energy"": true}"
covtype,sgd,MechanismSelector,mechanism_selector,2,90000,8000,balanced_accuracy,7,7,6,1,0,0,0,0,0,0,1,1,0,0,0,0,0,321,0,321,1,0.004213300000174058,7.125298054889148e-06,1792000,0.014,0.0438,0.2222222222222222,0.33962895586638586,params,385,385,,,params_read,385.0,385.0,1.0,0.3141000001960492,0.31260000014299294,3.001994900000227,"{""adwin_delta"": 0.002, ""buffer_size"": 1000, ""chunk_size"": 2000, ""detector"": ""ddm"", ""energy_country_iso"": ""USA"", ""eval_block"": 1000, ""floor_drop"": 0.02, ""holdout_frac"": 0.2, ""init_frac"": 0.1, ""init_holdout_frac"": 0.2, ""k"": 3, ""min_buffer"": 100, ""n_ref"": 200, ""probe_rows"": 1000, ""track_energy"": true}"
covtype,sgd,FixedSchedule(k=3),fixed_schedule,2,90000,8000,balanced_accuracy,4,4,0,3,1,0,0,0,0,0,3,,1,1,0,0,0,272527,0,1798,1003,0.051035699999829376,7.1595869447778355e-06,1792000,0.148,0.08957777777777778,0.06197654941373534,0.28952150989730446,params,385,385,,,params_read,385.0,385.0,1.0,0.30800000013186946,0.2976999999191321,3.0454156000000694,"{""adwin_delta"": 0.002, ""buffer_size"": 1000, ""chunk_size"": 2000, ""detector"": ""ddm"", ""energy_country_iso"": ""USA"", ""eval_block"": 1000, ""floor_drop"": 0.02, ""holdout_frac"": 0.2, ""init_frac"": 0.1, ""init_holdout_frac"": 0.2, ""k"": 3, ""min_buffer"": 100, ""n_ref"": 200, ""probe_rows"": 1000, ""track_energy"": true}"
covtype,sgd,AlwaysNudge,always_nudge,2,90000,8000,balanced_accuracy,261,251,0,251,0,0,112,10,0,176,251,,0,0,0,0,0,39332,0,39332,251,0.9631266000019423,1.4943621667000254e-05,1792000,0.762,0.5346444444444445,0.5253940140462918,0.42740781016131185,params,385,385,,,params_read,385.0,385.0,1.0,0.3239000002395187,0.3944000000046799,4.8658618999998,"{""adwin_delta"": 0.002, ""buffer_size"": 1000, ""chunk_size"": 2000, ""detector"": ""ddm"", ""energy_country_iso"": ""USA"", ""eval_block"": 1000, ""floor_drop"": 0.02, ""holdout_frac"": 0.2, ""init_frac"": 0.1, ""init_holdout_frac"": 0.2, ""k"": 3, ""min_buffer"": 100, ""n_ref"": 200, ""probe_rows"": 1000, ""track_energy"": true}"
covtype,sgd,NeverAdapt,never_adapt,2,90000,8000,balanced_accuracy,19,19,19,0,0,0,6,0,0,7,0,,0,0,0,0,0,0,0,0,0,0.0,6.88018638822278e-06,1792000,0.156,0.17763333333333334,0.28415300546448086,0.3572470297740223,params,385,385,,,params_read,385.0,385.0,1.0,0.693199999659555,0.30209999977159896,3.0076837999999952,"{""adwin_delta"": 0.002, ""buffer_size"": 1000, ""chunk_size"": 2000, ""detector"": ""ddm"", ""energy_country_iso"": ""USA"", ""eval_block"": 1000, ""floor_drop"": 0.02, ""holdout_frac"": 0.2, ""init_frac"": 0.1, ""init_holdout_frac"": 0.2, ""k"": 3, ""min_buffer"": 100, ""n_ref"": 200, ""probe_rows"": 1000, ""track_energy"": true}"
covtype,gnb,AlwaysRebuild,always_rebuild,2,90000,8000,balanced_accuracy,380,369,0,0,369,0,161,11,0,245,0,,369,1835,0,0,0,72660,0,72660,369,0.5971537000027638,1.482708333333384e-05,8000,0.862,0.7176666666666667,0.8677936259491577,0.6771073672654291,params,763,763,,,params_read,763.0,763.0,1.0,1.372199999877921,1.5416000001096108,4.7020737000002555,"{""adwin_delta"": 0.002, ""buffer_size"": 1000, ""chunk_size"": 2000, ""detector"": ""ddm"", ""energy_country_iso"": ""USA"", ""eval_block"": 1000, ""floor_drop"": 0.02, ""holdout_frac"": 0.2, ""init_frac"": 0.1, ""init_holdout_frac"": 0.2, ""k"": 3, ""min_buffer"": 100, ""n_ref"": 200, ""probe_rows"": 1000, ""track_energy"": true}"
covtype,gnb,MechanismSelector,mechanism_selector,2,90000,8000,balanced_accuracy,290,287,126,7,154,117,69,3,0,104,44,7,154,763,0,0,0,43219,0,43219,198,0.2928652999944461,1.0896220000334213e-05,8000,0.819,0.7177777777777777,0.37522768670309653,0.662199336929864,params,763,763,,,params_read,763.0,763.0,1.0,1.4037000000826083,1.447400000415655,3.844340799999827,"{""adwin_delta"": 0.002, ""buffer_size"": 1000, ""chunk_size"": 2000, ""detector"": ""ddm"", ""energy_country_iso"": ""USA"", ""eval_block"": 1000, ""floor_drop"": 0.02, ""holdout_frac"": 0.2, ""init_frac"": 0.1, ""init_holdout_frac"": 0.2, ""k"": 3, ""min_buffer"": 100, ""n_ref"": 200, ""probe_rows"": 1000, ""track_energy"": true}"
covtype,gnb,FixedSchedule(k=3),fixed_schedule,2,90000,8000,balanced_accuracy,300,293,0,196,97,0,86,7,0,153,196,,97,474,0,0,0,55934,0,55934,293,0.3350437000003694,1.1390196389555684e-05,8000,0.856,0.7519333333333333,0.8498268077310831,0.6999145651865307,params,763,763,,,params_read,763.0,763.0,1.0,1.4381000000867061,1.445299999886629,4.003227400000014,"{""adwin_delta"": 0.002, ""buffer_size"": 1000, ""chunk_size"": 2000, ""detector"": ""ddm"", ""energy_country_iso"": ""USA"", ""eval_block"": 1000, ""floor_drop"": 0.02, ""holdout_frac"": 0.2, ""init_frac"": 0.1, ""init_holdout_frac"": 0.2, ""k"": 3, ""min_buffer"": 100, ""n_ref"": 200, ""probe_rows"": 1000, ""track_energy"": true}"
covtype,gnb,AlwaysNudge,always_nudge,2,90000,8000,balanced_accuracy,407,394,0,394,0,0,138,12,1,218,394,,0,0,0,0,0,64465,0,64465,394,0.3404586999999992,1.3770007499998342e-05,8000,0.822,0.6680444444444444,0.5756720762281352,0.6653761843006023,params,763,763,,,params_read,763.0,763.0,1.0,1.5078999999786902,1.459300000078656,4.516005500000119,"{""adwin_delta"": 0.002, ""buffer_size"": 1000, ""chunk_size"": 2000, ""detector"": ""ddm"", ""energy_country_iso"": ""USA"", ""eval_block"": 1000, ""floor_drop"": 0.02, ""holdout_frac"": 0.2, ""init_frac"": 0.1, ""init_holdout_frac"": 0.2, ""k"": 3, ""min_buffer"": 100, ""n_ref"": 200, ""probe_rows"": 1000, ""track_energy"": true}"
covtype,gnb,NeverAdapt,never_adapt,2,90000,8000,balanced_accuracy,397,383,383,0,0,0,160,14,0,273,0,,0,0,0,0,0,0,0,0,0,0.0,9.22045861111212e-06,8000,0.441,0.45614444444444446,0.5074229461122944,0.6509634266193369,params,763,763,,,params_read,763.0,763.0,1.0,1.4534000001731329,1.3503999998647487,3.4704216000000088,"{""adwin_delta"": 0.002, ""buffer_size"": 1000, ""chunk_size"": 2000, ""detector"": ""ddm"", ""energy_country_iso"": ""USA"", ""eval_block"": 1000, ""floor_drop"": 0.02, ""holdout_frac"": 0.2, ""init_frac"": 0.1, ""init_holdout_frac"": 0.2, ""k"": 3, ""min_buffer"": 100, ""n_ref"": 200, ""probe_rows"": 1000, ""track_energy"": true}"
elec2,xgb,AlwaysRebuild,always_rebuild,3,40781,3624,accuracy,179,165,0,0,165,0,83,14,0,111,0,,0,0,0,0,0,3564600,16500,35646,16500,17.11262720000059,8.833295250033342e-05,362400,0.79,0.759078982859665,0.7839107150748661,0.7527977075313736,rounds,100,100,4628,556,node_visits,569.399,256.923,0.45121786304507033,3.6809999996876286,2.2710000002916786,20.13628269999981,"{""adwin_delta"": 0.002, ""buffer_size"": 1000, ""chunk_size"": 2000, ""detector"": ""ddm"", ""energy_country_iso"": ""USA"", ""eval_block"": 1000, ""floor_drop"": 0.02, ""holdout_frac"": 0.2, ""init_frac"": 0.1, ""init_holdout_frac"": 0.2, ""k"": 3, ""min_buffer"": 100, ""n_ref"": 200, ""probe_rows"": 1000, ""track_energy"": true}"
elec2,xgb,MechanismSelector,mechanism_selector,3,40781,3624,accuracy,182,167,2,8,157,132,83,15,0,120,33,8,0,0,0,0,0,2835970,15865,41160,15865,17.504502499999944,0.00010195325583366722,362400,0.574,0.760084353007528,0.594674401693778,0.7562447401908521,rounds,100,100,4628,628,node_visits,569.399,259.585,0.4558929678485561,3.700100000060047,2.612799999951676,20.957847799999854,"{""adwin_delta"": 0.002, ""buffer_size"": 1000, ""chunk_size"": 2000, ""detector"": ""ddm"", ""energy_country_iso"": ""USA"", ""eval_block"": 1000, ""floor_drop"": 0.02, ""holdout_frac"": 0.2, ""init_frac"": 0.1, ""init_holdout_frac"": 0.2, ""k"": 3, ""min_buffer"": 100, ""n_ref"": 200, ""probe_rows"": 1000, ""track_energy"": true}"
elec2,xgb,FixedSchedule(k=3),fixed_schedule,3,40781,3624,accuracy,166,151,0,101,50,0,75,15,0,104,101,,0,0,0,0,0,1304220,5505,29975,5505,7.501697400001376,5.134823472222257e-05,362400,0.851,0.7431156666094505,0.8500166726259586,0.7389144200987029,rounds,100,105,4628,405,node_visits,569.399,223.712,0.39289145221540606,3.819900000053167,2.1521000003303925,11.28273100000024,"{""adwin_delta"": 0.002, ""buffer_size"": 1000, ""chunk_size"": 2000, ""detector"": ""ddm"", ""energy_country_iso"": ""USA"", ""eval_block"": 1000, ""floor_drop"": 0.02, ""holdout_frac"": 0.2, ""init_frac"": 0.1, ""init_holdout_frac"": 0.2, ""k"": 3, ""min_buffer"": 100, ""n_ref"": 200, ""probe_rows"": 1000, ""track_energy"": true}"
elec2,xgb,AlwaysNudge,always_nudge,3,40781,3624,accuracy,126,123,0,123,0,0,41,3,0,69,123,,0,0,0,0,0,133245,615,26649,615,5.192366700001003,5.419165499966628e-05,362400,0.724,0.7627081238812192,0.7104627758516096,0.7489576857596327,rounds,100,715,4628,8867,node_visits,569.399,2053.173,3.605859862767584,3.6660000000665605,10.796699999900738,11.020336800000223,"{""adwin_delta"": 0.002, ""buffer_size"": 1000, ""chunk_size"": 2000, ""detector"": ""ddm"", ""energy_country_iso"": ""USA"", ""eval_block"": 1000, ""floor_drop"": 0.02, ""holdout_frac"": 0.2, ""init_frac"": 0.1, ""init_holdout_frac"": 0.2, ""k"": 3, ""min_buffer"": 100, ""n_ref"": 200, ""probe_rows"": 1000, ""track_energy"": true}"
elec2,xgb,NeverAdapt,never_adapt,3,40781,3624,accuracy,128,117,117,0,0,0,37,11,0,63,0,,0,0,0,0,0,0,0,0,0,0.0,5.699371666665906e-06,362400,0.712,0.7068978200632647,0.6954935699908803,0.6694052678219897,rounds,100,100,4628,4628,node_visits,569.399,569.399,1.0,3.6691999998765823,3.5830000001624285,2.6417159000002357,"{""adwin_delta"": 0.002, ""buffer_size"": 1000, ""chunk_size"": 2000, ""detector"": ""ddm"", ""energy_country_iso"": ""USA"", ""eval_block"": 1000, ""floor_drop"": 0.02, ""holdout_frac"": 0.2, ""init_frac"": 0.1, ""init_holdout_frac"": 0.2, ""k"": 3, ""min_buffer"": 100, ""n_ref"": 200, ""probe_rows"": 1000, ""track_energy"": true}"
elec2,rf,AlwaysRebuild,always_rebuild,3,40781,3624,accuracy,179,162,0,0,162,0,82,17,0,119,0,,0,0,0,0,0,3198600,16200,31986,16200,22.912359200003266,0.00012827682111077627,362400,0.851,0.7651602461930801,0.8541265753622781,0.7547252258506165,trees,100,100,69324,3564,node_visits,813.361,499.836,0.6145315548692402,12.450299999727577,10.732499999903666,30.071715900000072,"{""adwin_delta"": 0.002, ""buffer_size"": 1000, ""chunk_size"": 2000, ""detector"": ""ddm"", ""energy_country_iso"": ""USA"", ""eval_block"": 1000, ""floor_drop"": 0.02, ""holdout_frac"": 0.2, ""init_frac"": 0.1, ""init_holdout_frac"": 0.2, ""k"": 3, ""min_buffer"": 100, ""n_ref"": 200, ""probe_rows"": 1000, ""track_energy"": true}"
elec2,rf,MechanismSelector,mechanism_selector,3,40781,3624,accuracy,179,162,0,0,162,131,82,17,0,119,31,0,0,0,0,0,0,3263530,16355,44972,16355,23.045462600001883,0.00013023647861077855,362400,0.851,0.7651602461930801,0.8541265753622781,0.7547252258506165,trees,100,100,69324,3564,node_visits,813.361,499.836,0.6145315548692402,12.608200000158831,10.86959999975079,30.77190699999983,"{""adwin_delta"": 0.002, ""buffer_size"": 1000, ""chunk_size"": 2000, ""detector"": ""ddm"", ""energy_country_iso"": ""USA"", ""eval_block"": 1000, ""floor_drop"": 0.02, ""holdout_frac"": 0.2, ""init_frac"": 0.1, ""init_holdout_frac"": 0.2, ""k"": 3, ""min_buffer"": 100, ""n_ref"": 200, ""probe_rows"": 1000, ""track_energy"": true}"
elec2,rf,FixedSchedule(k=3),fixed_schedule,3,40781,3624,accuracy,77,74,0,50,24,0,28,3,0,42,50,,0,0,0,0,0,688855,2650,18831,2650,4.029328000000987,3.430556638955584e-05,362400,0.748,0.7379907309776612,0.7442459352941413,0.7358038481881397,trees,100,100,69324,1544,node_visits,813.361,360.647,0.44340335963981553,13.860700000350334,9.826200000134122,8.899203799999668,"{""adwin_delta"": 0.002, ""buffer_size"": 1000, ""chunk_size"": 2000, ""detector"": ""ddm"", ""energy_country_iso"": ""USA"", ""eval_block"": 1000, ""floor_drop"": 0.02, ""holdout_frac"": 0.2, ""init_frac"": 0.1, ""init_holdout_frac"": 0.2, ""k"": 3, ""min_buffer"": 100, ""n_ref"": 200, ""probe_rows"": 1000, ""track_energy"": true}"
elec2,rf,AlwaysNudge,always_nudge,3,40781,3624,accuracy,121,117,0,117,0,0,34,4,0,60,117,,0,0,0,0,0,144965,585,28993,585,1.0075916000018879,2.7734893333333474e-05,362400,0.786,0.7530958044187244,0.7780371297371349,0.7412966549063107,trees,100,100,69324,3986,node_visits,813.361,458.945,0.5642574453409986,12.238100000104168,11.161999999785621,7.588712899999791,"{""adwin_delta"": 0.002, ""buffer_size"": 1000, ""chunk_size"": 2000, ""detector"": ""ddm"", ""energy_country_iso"": ""USA"", ""eval_block"": 1000, ""floor_drop"": 0.02, ""holdout_frac"": 0.2, ""init_frac"": 0.1, ""init_holdout_frac"": 0.2, ""k"": 3, ""min_buffer"": 100, ""n_ref"": 200, ""probe_rows"": 1000, ""track_energy"": true}"
elec2,rf,NeverAdapt,never_adapt,3,40781,3624,accuracy,179,161,161,0,0,0,70,18,0,104,0,,0,0,0,0,0,0,0,0,0,0.0,2.463718194411219e-05,362400,0.712,0.7083936146734999,0.6929745973460394,0.665517254974324,trees,100,100,69324,69324,node_visits,813.361,813.361,1.0,12.152199999945879,12.144199999966077,6.386291100000108,"{""adwin_delta"": 0.002, ""buffer_size"": 1000, ""chunk_size"": 2000, ""detector"": ""ddm"", ""energy_country_iso"": ""USA"", ""eval_block"": 1000, ""floor_drop"": 0.02, ""holdout_frac"": 0.2, ""init_frac"": 0.1, ""init_holdout_frac"": 0.2, ""k"": 3, ""min_buffer"": 100, ""n_ref"": 200, ""probe_rows"": 1000, ""track_energy"": true}"
elec2,sgd,AlwaysRebuild,always_rebuild,3,40781,3624,accuracy,25,21,0,0,21,0,10,4,0,12,0,,0,0,0,0,0,286562,0,5305,829,0.046811999999590626,1.0503749996683778e-06,315288,0.657,0.6193815747529486,0.6570239965288798,0.5975733175021982,params,9,9,,,params_read,9.0,9.0,1.0,0.19299999985378236,0.17459999980928842,1.6946530000000166,"{""adwin_delta"": 0.002, ""buffer_size"": 1000, ""chunk_size"": 2000, ""detector"": ""ddm"", ""energy_country_iso"": ""USA"", ""eval_block"": 1000, ""floor_drop"": 0.02, ""holdout_frac"": 0.2, ""init_frac"": 0.1, ""init_holdout_frac"": 0.2, ""k"": 3, ""min_buffer"": 100, ""n_ref"": 200, ""probe_rows"": 1000, ""track_energy"": true}"
elec2,sgd,MechanismSelector,mechanism_selector,3,40781,3624,accuracy,56,49,2,3,44,35,27,7,0,34,12,3,0,0,0,0,0,320649,0,11834,1481,0.08827030000020386,1.5885094451103523e-06,315288,0.714,0.652804001863613,0.6986955176749923,0.6276453689655711,params,9,9,,,params_read,9.0,9.0,1.0,0.16820000018924475,0.17459999980928842,1.791784799999732,"{""adwin_delta"": 0.002, ""buffer_size"": 1000, ""chunk_size"": 2000, ""detector"": ""ddm"", ""energy_country_iso"": ""USA"", ""eval_block"": 1000, ""floor_drop"": 0.02, ""holdout_frac"": 0.2, ""init_frac"": 0.1, ""init_holdout_frac"": 0.2, ""k"": 3, ""min_buffer"": 100, ""n_ref"": 200, ""probe_rows"": 1000, ""track_energy"": true}"
elec2,sgd,FixedSchedule(k=3),fixed_schedule,3,40781,3624,accuracy,120,103,0,69,34,0,61,17,0,71,69,,0,0,0,0,0,464802,0,22020,1382,0.1387602999984665,2.1863680555550554e-06,315288,0.63,0.595203648758,0.6057104748283523,0.5969594765880091,params,9,9,,,params_read,9.0,9.0,1.0,0.1695000000836444,0.17180000031657983,1.9364537000001292,"{""adwin_delta"": 0.002, ""buffer_size"": 1000, ""chunk_size"": 2000, ""detector"": ""ddm"", ""energy_country_iso"": ""USA"", ""eval_block"": 1000, ""floor_drop"": 0.02, ""holdout_frac"": 0.2, ""init_frac"": 0.1, ""init_holdout_frac"": 0.2, ""k"": 3, ""min_buffer"": 100, ""n_ref"": 200, ""probe_rows"": 1000, ""track_energy"": true}"
elec2,sgd,AlwaysNudge,always_nudge,3,40781,3624,accuracy,168,158,0,158,0,0,70,10,0,104,158,,0,0,0,0,0,29284,0,29284,158,0.15232049999985975,3.0414336114448798e-06,315288,0.745,0.7043230916358107,0.7308254757724648,0.6874797210253726,params,9,9,,,params_read,9.0,9.0,1.0,0.18290000025444897,0.1965000001291628,2.1013161999999284,"{""adwin_delta"": 0.002, ""buffer_size"": 1000, ""chunk_size"": 2000, ""detector"": ""ddm"", ""energy_country_iso"": ""USA"", ""eval_block"": 1000, ""floor_drop"": 0.02, ""holdout_frac"": 0.2, ""init_frac"": 0.1, ""init_holdout_frac"": 0.2, ""k"": 3, ""min_buffer"": 100, ""n_ref"": 200, ""probe_rows"": 1000, ""track_energy"": true}"
elec2,sgd,NeverAdapt,never_adapt,3,40781,3624,accuracy,141,130,130,0,0,0,43,11,0,77,0,,0,0,0,0,0,0,0,0,0,0.0,1.3343844437769883e-06,315288,0.678,0.688874721071087,0.6553788301842827,0.6397723640575459,params,9,9,,,params_read,9.0,9.0,1.0,0.23310000005949405,0.18700000009630457,1.7572112000002562,"{""adwin_delta"": 0.002, ""buffer_size"": 1000, ""chunk_size"": 2000, ""detector"": ""ddm"", ""energy_country_iso"": ""USA"", ""eval_block"": 1000, ""floor_drop"": 0.02, ""holdout_frac"": 0.2, ""init_frac"": 0.1, ""init_holdout_frac"": 0.2, ""k"": 3, ""min_buffer"": 100, ""n_ref"": 200, ""probe_rows"": 1000, ""track_energy"": true}"
elec2,gnb,AlwaysRebuild,always_rebuild,3,40781,3624,accuracy,212,193,0,0,193,0,99,19,0,137,0,,0,0,0,0,0,39035,0,39035,193,0.17064629999958925,3.399127777445737e-06,3624,0.696,0.7101101002918025,0.6995753502255826,0.7022823494045098,params,34,34,,,params_read,34.0,34.0,1.0,0.3218000001652399,0.3758000002562767,2.2084147999999004,"{""adwin_delta"": 0.002, ""buffer_size"": 1000, ""chunk_size"": 2000, ""detector"": ""ddm"", ""energy_country_iso"": ""USA"", ""eval_block"": 1000, ""floor_drop"": 0.02, ""holdout_frac"": 0.2, ""init_frac"": 0.1, ""init_holdout_frac"": 0.2, ""k"": 3, ""min_buffer"": 100, ""n_ref"": 200, ""probe_rows"": 1000, ""track_energy"": true}"
elec2,gnb,MechanismSelector,mechanism_selector,3,40781,3624,accuracy,197,180,1,18,161,134,85,17,0,124,45,18,0,0,0,0,0,42269,0,42269,206,0.16975120000097377,3.2020969444435934e-06,3624,0.733,0.706946862509502,0.7365383611009557,0.7011246350128466,params,34,34,,,params_read,34.0,34.0,1.0,0.2951999999822874,0.2853999999388179,2.163535199999842,"{""adwin_delta"": 0.002, ""buffer_size"": 1000, ""chunk_size"": 2000, ""detector"": ""ddm"", ""energy_country_iso"": ""USA"", ""eval_block"": 1000, ""floor_drop"": 0.02, ""holdout_frac"": 0.2, ""init_frac"": 0.1, ""init_holdout_frac"": 0.2, ""k"": 3, ""min_buffer"": 100, ""n_ref"": 200, ""probe_rows"": 1000, ""track_energy"": true}"
elec2,gnb,FixedSchedule(k=3),fixed_schedule,3,40781,3624,accuracy,165,151,0,101,50,0,71,14,0,97,101,,0,0,0,0,0,31570,0,31570,151,0.12717889999930776,2.9420647215542564e-06,3624,0.741,0.6972119369314141,0.7382096411970545,0.6920830458093821,params,34,34,,,params_read,34.0,34.0,1.0,0.31790000002729357,0.30709999964528834,2.0776685000000725,"{""adwin_delta"": 0.002, ""buffer_size"": 1000, ""chunk_size"": 2000, ""detector"": ""ddm"", ""energy_country_iso"": ""USA"", ""eval_block"": 1000, ""floor_drop"": 0.02, ""holdout_frac"": 0.2, ""init_frac"": 0.1, ""init_holdout_frac"": 0.2, ""k"": 3, ""min_buffer"": 100, ""n_ref"": 200, ""probe_rows"": 1000, ""track_energy"": true}"
elec2,gnb,AlwaysNudge,always_nudge,3,40781,3624,accuracy,128,119,0,119,0,0,45,9,0,73,119,,0,0,0,0,0,23115,0,23115,119,0.09251949999907083,2.3068652781111887e-06,3624,0.774,0.7124886589343077,0.7596209086782022,0.6819382256080204,params,34,34,,,params_read,34.0,34.0,1.0,0.2967999998872983,0.3204999998160929,1.9519877000002452,"{""adwin_delta"": 0.002, ""buffer_size"": 1000, ""chunk_size"": 2000, ""detector"": ""ddm"", ""energy_country_iso"": ""USA"", ""eval_block"": 1000, ""floor_drop"": 0.02, ""holdout_frac"": 0.2, ""init_frac"": 0.1, ""init_holdout_frac"": 0.2, ""k"": 3, ""min_buffer"": 100, ""n_ref"": 200, ""probe_rows"": 1000, ""track_energy"": true}"
elec2,gnb,NeverAdapt,never_adapt,3,40781,3624,accuracy,32,30,30,0,0,0,9,2,0,13,0,,0,0,0,0,0,0,0,0,0,0.0,7.927883333337629e-07,3624,0.467,0.4804933670091464,0.5,0.5380421220500731,params,34,34,,,params_read,34.0,34.0,1.0,0.3006999995704973,0.2886000002035871,1.6345958000001701,"{""adwin_delta"": 0.002, ""buffer_size"": 1000, ""chunk_size"": 2000, ""detector"": ""ddm"", ""energy_country_iso"": ""USA"", ""eval_block"": 1000, ""floor_drop"": 0.02, ""holdout_frac"": 0.2, ""init_frac"": 0.1, ""init_holdout_frac"": 0.2, ""k"": 3, ""min_buffer"": 100, ""n_ref"": 200, ""probe_rows"": 1000, ""track_energy"": true}"
insects_abrupt,xgb,AlwaysRebuild,always_rebuild,3,47564,4227,balanced_accuracy,5,5,0,0,5,0,0,0,0,0,0,,2,5,0,0,0,359500,500,3595,500,2.9080055000003995,2.9629596944778297e-05,422700,0.741,0.37778572029265833,0.22536496350364962,0.37226473733517623,rounds,100,100,29416,1940,node_visits,3673.036,928.695,0.2528412463150375,17.970599999898695,8.407599999827653,7.865825399999721,"{""adwin_delta"": 0.002, ""buffer_size"": 1000, ""chunk_size"": 2000, ""detector"": ""ddm"", ""energy_country_iso"": ""USA"", ""eval_block"": 1000, ""floor_drop"": 0.02, ""holdout_frac"": 0.2, ""init_frac"": 0.1, ""init_holdout_frac"": 0.2, ""k"": 3, ""min_buffer"": 100, ""n_ref"": 200, ""probe_rows"": 1000, ""track_energy"": true}"
insects_abrupt,xgb,MechanismSelector,mechanism_selector,3,47564,4227,balanced_accuracy,3,3,1,0,2,1,0,0,0,0,1,0,0,0,0,0,0,114000,205,1900,205,1.2184511000000384,2.2680718610443388e-05,422700,0.806,0.3184551341350601,0.2484011122697254,0.3123626956531244,rounds,100,100,29416,9252,node_visits,3673.036,2033.711,0.5536866504983888,17.918399999871326,12.545000000045547,6.320879099999729,"{""adwin_delta"": 0.002, ""buffer_size"": 1000, ""chunk_size"": 2000, ""detector"": ""ddm"", ""energy_country_iso"": ""USA"", ""eval_block"": 1000, ""floor_drop"": 0.02, ""holdout_frac"": 0.2, ""init_frac"": 0.1, ""init_holdout_frac"": 0.2, ""k"": 3, ""min_buffer"": 100, ""n_ref"": 200, ""probe_rows"": 1000, ""track_energy"": true}"
insects_abrupt,xgb,FixedSchedule(k=3),fixed_schedule,3,47564,4227,balanced_accuracy,8,8,0,6,2,0,0,0,0,0,6,,3,6,0,0,0,220400,230,6080,230,2.9563167999999678,3.320929194444583e-05,422700,0.178,0.49508031284164494,0.6369449513381995,0.4954837597529922,rounds,100,110,29416,16124,node_visits,3673.036,2948.119,0.8026381990266364,17.695200000162004,16.29899999988993,8.590647099999842,"{""adwin_delta"": 0.002, ""buffer_size"": 1000, ""chunk_size"": 2000, ""detector"": ""ddm"", ""energy_country_iso"": ""USA"", ""eval_block"": 1000, ""floor_drop"": 0.02, ""holdout_frac"": 0.2, ""init_frac"": 0.1, ""init_holdout_frac"": 0.2, ""k"": 3, ""min_buffer"": 100, ""n_ref"": 200, ""probe_rows"": 1000, ""track_energy"": true}"
insects_abrupt,xgb,AlwaysNudge,always_nudge,3,47564,4227,balanced_accuracy,11,11,0,11,0,0,1,0,0,2,11,,3,6,0,0,0,33475,55,6695,55,1.7613428000004205,3.1420292222223335e-05,422700,0.449,0.5578799091750063,0.6061620177267988,0.5592900569553806,rounds,100,155,29416,39656,node_visits,3673.036,5221.266,1.4215123402003138,17.61480000004667,17.289099999743485,8.062316399999872,"{""adwin_delta"": 0.002, ""buffer_size"": 1000, ""chunk_size"": 2000, ""detector"": ""ddm"", ""energy_country_iso"": ""USA"", ""eval_block"": 1000, ""floor_drop"": 0.02, ""holdout_frac"": 0.2, ""init_frac"": 0.1, ""init_holdout_frac"": 0.2, ""k"": 3, ""min_buffer"": 100, ""n_ref"": 200, ""probe_rows"": 1000, ""track_energy"": true}"
insects_abrupt,xgb,NeverAdapt,never_adapt,3,47564,4227,balanced_accuracy,5,5,5,0,0,0,0,0,0,0,0,,0,0,0,0,0,0,0,0,0,0.0,1.9015646666332936e-05,422700,0.276,0.5618324783449667,0.6358500608272507,0.5689607474919983,rounds,100,100,29416,29416,node_visits,3673.036,3673.036,1.0,14.620000000377331,17.501000000265776,5.539432499999748,"{""adwin_delta"": 0.002, ""buffer_size"": 1000, ""chunk_size"": 2000, ""detector"": ""ddm"", ""energy_country_iso"": ""USA"", ""eval_block"": 1000, ""floor_drop"": 0.02, ""holdout_frac"": 0.2, ""init_frac"": 0.1, ""init_holdout_frac"": 0.2, ""k"": 3, ""min_buffer"": 100, ""n_ref"": 200, ""probe_rows"": 1000, ""track_energy"": true}"
insects_abrupt,rf,AlwaysRebuild,always_rebuild,3,47564,4227,balanced_accuracy,9,9,0,0,9,0,0,0,0,0,0,,2,4,0,0,0,812300,900,8123,900,3.319966900000054,2.7761665000333273e-05,422700,0.567,0.5642292490118577,0.7941768769551616,0.5635385140190666,trees,100,100,123430,26640,node_visits,1314.574,1050.315,0.7989774634216104,22.651000000223576,18.746199999895907,7.714501200000086,"{""adwin_delta"": 0.002, ""buffer_size"": 1000, ""chunk_size"": 2000, ""detector"": ""ddm"", ""energy_country_iso"": ""USA"", ""eval_block"": 1000, ""floor_drop"": 0.02, ""holdout_frac"": 0.2, ""init_frac"": 0.1, ""init_holdout_frac"": 0.2, ""k"": 3, ""min_buffer"": 100, ""n_ref"": 200, ""probe_rows"": 1000, ""track_energy"": true}"
insects_abrupt,rf,MechanismSelector,mechanism_selector,3,47564,4227,balanced_accuracy,9,9,0,0,9,1,0,0,0,0,8,0,3,10,0,0,0,844300,940,14523,940,3.495618299999478,2.9011429444443667e-05,422700,0.567,0.5642292490118577,0.7941768769551616,0.5635385140190666,trees,100,100,123430,26640,node_visits,1314.574,1050.315,0.7989774634216104,21.176000000195927,17.2167000000627,8.031339399999979,"{""adwin_delta"": 0.002, ""buffer_size"": 1000, ""chunk_size"": 2000, ""detector"": ""ddm"", ""energy_country_iso"": ""USA"", ""eval_block"": 1000, ""floor_drop"": 0.02, ""holdout_frac"": 0.2, ""init_frac"": 0.1, ""init_holdout_frac"": 0.2, ""k"": 3, ""min_buffer"": 100, ""n_ref"": 200, ""probe_rows"": 1000, ""track_energy"": true}"
insects_abrupt,rf,FixedSchedule(k=3),fixed_schedule,3,47564,4227,balanced_accuracy,5,5,0,4,1,0,0,0,0,1,4,,1,5,0,0,0,109270,120,2854,120,0.4612759999995433,1.5412649444110446e-05,422700,0.722,0.48276007064166176,0.3069299617657282,0.4857945895776807,trees,100,100,123430,33148,node_visits,1314.574,864.21,0.6574068861851824,22.03479999980118,16.240800000105082,4.92101619999994,"{""adwin_delta"": 0.002, ""buffer_size"": 1000, ""chunk_size"": 2000, ""detector"": ""ddm"", ""energy_country_iso"": ""USA"", ""eval_block"": 1000, ""floor_drop"": 0.02, ""holdout_frac"": 0.2, ""init_frac"": 0.1, ""init_holdout_frac"": 0.2, ""k"": 3, ""min_buffer"": 100, ""n_ref"": 200, ""probe_rows"": 1000, ""track_energy"": true}"
insects_abrupt,rf,AlwaysNudge,always_nudge,3,47564,4227,balanced_accuracy,4,4,0,4,0,0,0,0,0,0,4,,1,2,0,0,0,12490,20,2498,20,0.0627305000002707,1.3947500277777457e-05,422700,0.21,0.553696072659995,0.647427876259993,0.5616538832275432,trees,100,100,123430,102198,node_visits,1314.574,1209.993,0.9204449502272218,20.547999999962485,20.124399999986053,4.617183299999851,"{""adwin_delta"": 0.002, ""buffer_size"": 1000, ""chunk_size"": 2000, ""detector"": ""ddm"", ""energy_country_iso"": ""USA"", ""eval_block"": 1000, ""floor_drop"": 0.02, ""holdout_frac"": 0.2, ""init_frac"": 0.1, ""init_holdout_frac"": 0.2, ""k"": 3, ""min_buffer"": 100, ""n_ref"": 200, ""probe_rows"": 1000, ""track_energy"": true}"
insects_abrupt,rf,NeverAdapt,never_adapt,3,47564,4227,balanced_accuracy,4,4,4,0,0,0,0,0,0,0,0,,0,0,0,0,0,0,0,0,0,0.0,1.3273927777776276e-05,422700,0.23,0.5554621142040198,0.6529153632255822,0.563363037299343,trees,100,100,123430,123430,node_visits,1314.574,1314.574,1.0,20.542199999908917,22.302200000012817,4.443151200000102,"{""adwin_delta"": 0.002, ""buffer_size"": 1000, ""chunk_size"": 2000, ""detector"": ""ddm"", ""energy_country_iso"": ""USA"", ""eval_block"": 1000, ""floor_drop"": 0.02, ""holdout_frac"": 0.2, ""init_frac"": 0.1, ""init_holdout_frac"": 0.2, ""k"": 3, ""min_buffer"": 100, ""n_ref"": 200, ""probe_rows"": 1000, ""track_energy"": true}"
insects_abrupt,sgd,AlwaysRebuild,always_rebuild,3,47564,4227,balanced_accuracy,0,0,0,0,0,0,0,0,0,0,0,,0,0,0,0,0,0,0,0,0,0.0,2.0186502784446674e-06,731271,0.01,0.1879152300058868,0.040625,0.1906880423668207,params,204,204,,,params_read,204.0,204.0,1.0,0.23529999998572748,0.24720000010347576,1.8885324000002583,"{""adwin_delta"": 0.002, ""buffer_size"": 1000, ""chunk_size"": 2000, ""detector"": ""ddm"", ""energy_country_iso"": ""USA"", ""eval_block"": 1000, ""floor_drop"": 0.02, ""holdout_frac"": 0.2, ""init_frac"": 0.1, ""init_holdout_frac"": 0.2, ""k"": 3, ""min_buffer"": 100, ""n_ref"": 200, ""probe_rows"": 1000, ""track_energy"": true}"
insects_abrupt,sgd,MechanismSelector,mechanism_selector,3,47564,4227,balanced_accuracy,0,0,0,0,0,0,0,0,0,0,0,0,0,0,0,0,0,0,0,0,0,0.0,2.401208611444261e-06,731271,0.01,0.1879152300058868,0.040625,0.1906880423668207,params,204,204,,,params_read,204.0,204.0,1.0,0.23600000031365198,0.2397000002929417,1.92022390000011,"{""adwin_delta"": 0.002, ""buffer_size"": 1000, ""chunk_size"": 2000, ""detector"": ""ddm"", ""energy_country_iso"": ""USA"", ""eval_block"": 1000, ""floor_drop"": 0.02, ""holdout_frac"": 0.2, ""init_frac"": 0.1, ""init_holdout_frac"": 0.2, ""k"": 3, ""min_buffer"": 100, ""n_ref"": 200, ""probe_rows"": 1000, ""track_energy"": true}"
insects_abrupt,sgd,FixedSchedule(k=3),fixed_schedule,3,47564,4227,balanced_accuracy,0,0,0,0,0,0,0,0,0,0,0,,0,0,0,0,0,0,0,0,0,0.0,2.2823216663336867e-06,731271,0.01,0.1879152300058868,0.040625,0.1906880423668207,params,204,204,,,params_read,204.0,204.0,1.0,0.23429999964719173,0.23160000000643777,1.9313164999998662,"{""adwin_delta"": 0.002, ""buffer_size"": 1000, ""chunk_size"": 2000, ""detector"": ""ddm"", ""energy_country_iso"": ""USA"", ""eval_block"": 1000, ""floor_drop"": 0.02, ""holdout_frac"": 0.2, ""init_frac"": 0.1, ""init_holdout_frac"": 0.2, ""k"": 3, ""min_buffer"": 100, ""n_ref"": 200, ""probe_rows"": 1000, ""track_energy"": true}"
insects_abrupt,sgd,AlwaysNudge,always_nudge,3,47564,4227,balanced_accuracy,0,0,0,0,0,0,0,0,0,0,0,,0,0,0,0,0,0,0,0,0,0.0,2.0627019444436907e-06,731271,0.01,0.1879152300058868,0.040625,0.1906880423668207,params,204,204,,,params_read,204.0,204.0,1.0,0.24770000027274364,0.23879999980636057,1.896806799999922,"{""adwin_delta"": 0.002, ""buffer_size"": 1000, ""chunk_size"": 2000, ""detector"": ""ddm"", ""energy_country_iso"": ""USA"", ""eval_block"": 1000, ""floor_drop"": 0.02, ""holdout_frac"": 0.2, ""init_frac"": 0.1, ""init_holdout_frac"": 0.2, ""k"": 3, ""min_buffer"": 100, ""n_ref"": 200, ""probe_rows"": 1000, ""track_energy"": true}"
insects_abrupt,sgd,NeverAdapt,never_adapt,3,47564,4227,balanced_accuracy,0,0,0,0,0,0,0,0,0,0,0,,0,0,0,0,0,0,0,0,0,0.0,2.0966866659994735e-06,731271,0.01,0.1879152300058868,0.040625,0.1906880423668207,params,204,204,,,params_read,204.0,204.0,1.0,0.30390000029001385,0.26260000004185713,1.9108216999998149,"{""adwin_delta"": 0.002, ""buffer_size"": 1000, ""chunk_size"": 2000, ""detector"": ""ddm"", ""energy_country_iso"": ""USA"", ""eval_block"": 1000, ""floor_drop"": 0.02, ""holdout_frac"": 0.2, ""init_frac"": 0.1, ""init_holdout_frac"": 0.2, ""k"": 3, ""min_buffer"": 100, ""n_ref"": 200, ""probe_rows"": 1000, ""track_energy"": true}"
insects_abrupt,gnb,AlwaysRebuild,always_rebuild,3,47564,4227,balanced_accuracy,8,8,0,0,8,0,1,0,0,0,0,,3,5,0,0,0,7100,0,7100,8,0.01353709999966668,1.0610663888893168e-06,4227,0.339,0.5456647884955008,0.7001574991310393,0.5464635165256614,params,402,402,,,params_read,402.0,402.0,1.0,0.900900000033289,0.8910000001378648,1.6705870000000687,"{""adwin_delta"": 0.002, ""buffer_size"": 1000, ""chunk_size"": 2000, ""detector"": ""ddm"", ""energy_country_iso"": ""USA"", ""eval_block"": 1000, ""floor_drop"": 0.02, ""holdout_frac"": 0.2, ""init_frac"": 0.1, ""init_holdout_frac"": 0.2, ""k"": 3, ""min_buffer"": 100, ""n_ref"": 200, ""probe_rows"": 1000, ""track_energy"": true}"
insects_abrupt,gnb,MechanismSelector,mechanism_selector,3,47564,4227,balanced_accuracy,7,7,1,1,5,1,1,0,0,0,5,1,1,1,0,0,0,8100,0,8100,10,0.013522300001113763,1.0638375000000033e-06,4227,0.807,0.5355310739214532,0.5741603667014251,0.5354724970163266,params,402,402,,,params_read,402.0,402.0,1.0,0.9882999997898878,0.9151999997811799,1.6743483000000197,"{""adwin_delta"": 0.002, ""buffer_size"": 1000, ""chunk_size"": 2000, ""detector"": ""ddm"", ""energy_country_iso"": ""USA"", ""eval_block"": 1000, ""floor_drop"": 0.02, ""holdout_frac"": 0.2, ""init_frac"": 0.1, ""init_holdout_frac"": 0.2, ""k"": 3, ""min_buffer"": 100, ""n_ref"": 200, ""probe_rows"": 1000, ""track_energy"": true}"
insects_abrupt,gnb,FixedSchedule(k=3),fixed_schedule,3,47564,4227,balanced_accuracy,2,2,0,2,0,0,1,0,0,0,2,,0,0,0,0,0,880,0,880,2,0.0024222000001827837,1.0822274996664179e-06,4227,0.718,0.4932301740812379,0.6484239224887036,0.4918037053538679,params,402,402,,,params_read,402.0,402.0,1.0,1.1220999999750347,0.991500000054657,1.6505506999997124,"{""adwin_delta"": 0.002, ""buffer_size"": 1000, ""chunk_size"": 2000, ""detector"": ""ddm"", ""energy_country_iso"": ""USA"", ""eval_block"": 1000, ""floor_drop"": 0.02, ""holdout_frac"": 0.2, ""init_frac"": 0.1, ""init_holdout_frac"": 0.2, ""k"": 3, ""min_buffer"": 100, ""n_ref"": 200, ""probe_rows"": 1000, ""track_energy"": true}"
insects_abrupt,gnb,AlwaysNudge,always_nudge,3,47564,4227,balanced_accuracy,2,2,0,2,0,0,1,0,0,0,2,,0,0,0,0,0,880,0,880,2,0.0019342000000506232,8.958536107769986e-07,4227,0.718,0.4932301740812379,0.6484239224887036,0.4918037053538679,params,402,402,,,params_read,402.0,402.0,1.0,0.9387000000060652,0.9542999996483559,1.6316794000003938,"{""adwin_delta"": 0.002, ""buffer_size"": 1000, ""chunk_size"": 2000, ""detector"": ""ddm"", ""energy_country_iso"": ""USA"", ""eval_block"": 1000, ""floor_drop"": 0.02, ""holdout_frac"": 0.2, ""init_frac"": 0.1, ""init_holdout_frac"": 0.2, ""k"": 3, ""min_buffer"": 100, ""n_ref"": 200, ""probe_rows"": 1000, ""track_energy"": true}"
insects_abrupt,gnb,NeverAdapt,never_adapt,3,47564,4227,balanced_accuracy,2,2,2,0,0,0,1,0,0,0,0,,0,0,0,0,0,0,0,0,0,0.0,8.754047222213411e-07,4227,0.701,0.4918425700109326,0.6579531630170317,0.49116669023416265,params,402,402,,,params_read,402.0,402.0,1.0,0.9393000000272878,0.9902000001602573,1.6271982000002936,"{""adwin_delta"": 0.002, ""buffer_size"": 1000, ""chunk_size"": 2000, ""detector"": ""ddm"", ""energy_country_iso"": ""USA"", ""eval_block"": 1000, ""floor_drop"": 0.02, ""holdout_frac"": 0.2, ""init_frac"": 0.1, ""init_holdout_frac"": 0.2, ""k"": 3, ""min_buffer"": 100, ""n_ref"": 200, ""probe_rows"": 1000, ""track_energy"": true}"
insects_gradual,xgb,AlwaysRebuild,always_rebuild,3,21735,1932,balanced_accuracy,11,11,0,0,11,0,2,0,0,5,0,,8,23,1,0,0,563100,1100,5631,1100,4.655164699999659,2.8421985556223476e-05,193200,0.694,0.5645272601794341,0.7313428401663696,0.5572097783705801,rounds,100,100,8232,1844,node_visits,1833.129,1004.235,0.5478256031081282,11.84209999973973,7.716999999956897,7.595530900000085,"{""adwin_delta"": 0.002, ""buffer_size"": 1000, ""chunk_size"": 2000, ""detector"": ""ddm"", ""energy_country_iso"": ""USA"", ""eval_block"": 1000, ""floor_drop"": 0.02, ""holdout_frac"": 0.2, ""init_frac"": 0.1, ""init_holdout_frac"": 0.2, ""k"": 3, ""min_buffer"": 100, ""n_ref"": 200, ""probe_rows"": 1000, ""track_energy"": true}"
insects_gradual,xgb,MechanismSelector,mechanism_selector,3,21735,1932,balanced_accuracy,5,5,0,1,4,1,1,0,0,1,4,1,4,19,1,0,0,311020,420,6040,420,2.0299040999998397,1.699945138889007e-05,193200,0.61,0.43648493213710604,0.2636601307189543,0.4367018944653583,rounds,100,100,8232,1546,node_visits,1833.129,931.409,0.5080979025480477,11.838599999919097,7.801299999755429,4.936638199999834,"{""adwin_delta"": 0.002, ""buffer_size"": 1000, ""chunk_size"": 2000, ""detector"": ""ddm"", ""energy_country_iso"": ""USA"", ""eval_block"": 1000, ""floor_drop"": 0.02, ""holdout_frac"": 0.2, ""init_frac"": 0.1, ""init_holdout_frac"": 0.2, ""k"": 3, ""min_buffer"": 100, ""n_ref"": 200, ""probe_rows"": 1000, ""track_energy"": true}"
insects_gradual,xgb,FixedSchedule(k=3),fixed_schedule,3,21735,1932,balanced_accuracy,2,2,0,2,0,0,0,0,0,0,2,,2,4,1,0,0,7420,10,1484,10,0.18513249999978143,8.09192361111154e-06,193200,0.9,0.267586841499885,0.3333333333333333,0.28021337792175677,rounds,100,110,8232,8786,node_visits,1833.129,1989.59,1.0853518764909615,11.784700000134762,12.416300000040792,3.1199694000001728,"{""adwin_delta"": 0.002, ""buffer_size"": 1000, ""chunk_size"": 2000, ""detector"": ""ddm"", ""energy_country_iso"": ""USA"", ""eval_block"": 1000, ""floor_drop"": 0.02, ""holdout_frac"": 0.2, ""init_frac"": 0.1, ""init_holdout_frac"": 0.2, ""k"": 3, ""min_buffer"": 100, ""n_ref"": 200, ""probe_rows"": 1000, ""track_energy"": true}"
insects_gradual,xgb,AlwaysNudge,always_nudge,3,21735,1932,balanced_accuracy,2,2,0,2,0,0,0,0,0,0,2,,2,4,1,0,0,7420,10,1484,10,0.18375819999982923,8.25915416666626e-06,193200,0.9,0.267586841499885,0.3333333333333333,0.28021337792175677,rounds,100,110,8232,8786,node_visits,1833.129,1989.59,1.0853518764909615,11.699000000135129,12.45199999993929,3.1557591999999204,"{""adwin_delta"": 0.002, ""buffer_size"": 1000, ""chunk_size"": 2000, ""detector"": ""ddm"", ""energy_country_iso"": ""USA"", ""eval_block"": 1000, ""floor_drop"": 0.02, ""holdout_frac"": 0.2, ""init_frac"": 0.1, ""init_holdout_frac"": 0.2, ""k"": 3, ""min_buffer"": 100, ""n_ref"": 200, ""probe_rows"": 1000, ""track_energy"": true}"
insects_gradual,xgb,NeverAdapt,never_adapt,3,21735,1932,balanced_accuracy,4,4,4,0,0,0,0,0,0,0,0,,0,0,1,0,0,0,0,0,0,0.0,7.658894167000598e-06,193200,0.034,0.2782608695652174,0.2335115864527629,0.3060491100450692,rounds,100,100,8232,8232,node_visits,1833.129,1833.129,1.0,10.859800000162068,11.48349999994025,2.9789230000001226,"{""adwin_delta"": 0.002, ""buffer_size"": 1000, ""chunk_size"": 2000, ""detector"": ""ddm"", ""energy_country_iso"": ""USA"", ""eval_block"": 1000, ""floor_drop"": 0.02, ""holdout_frac"": 0.2, ""init_frac"": 0.1, ""init_holdout_frac"": 0.2, ""k"": 3, ""min_buffer"": 100, ""n_ref"": 200, ""probe_rows"": 1000, ""track_energy"": true}"
insects_gradual,rf,AlwaysRebuild,always_rebuild,3,21735,1932,balanced_accuracy,7,7,0,0,7,0,1,0,0,2,0,,5,14,1,0,0,447900,700,4479,700,1.7680444000002353,1.4217719444777793e-05,193200,0.558,0.44702093397745574,0.216026936026936,0.4445582944912149,trees,100,100,26516,23930,node_visits,878.618,1091.294,1.2420574128916093,15.895600000021659,16.373100000237173,4.618478699999741,"{""adwin_delta"": 0.002, ""buffer_size"": 1000, ""chunk_size"": 2000, ""detector"": ""ddm"", ""energy_country_iso"": ""USA"", ""eval_block"": 1000, ""floor_drop"": 0.02, ""holdout_frac"": 0.2, ""init_frac"": 0.1, ""init_holdout_frac"": 0.2, ""k"": 3, ""min_buffer"": 100, ""n_ref"": 200, ""probe_rows"": 1000, ""track_energy"": true}"
insects_gradual,rf,MechanismSelector,mechanism_selector,3,21735,1932,balanced_accuracy,8,8,1,1,6,3,1,0,0,3,4,1,5,23,1,0,0,305620,620,5720,620,1.4192693999998482,1.273595694411143e-05,193200,0.313,0.4357027835288705,0.1252861952861953,0.43429577690323606,trees,100,100,26516,4656,node_visits,878.618,539.459,0.6139858277431146,16.060099999776867,13.204699999732838,4.330932700000176,"{""adwin_delta"": 0.002, ""buffer_size"": 1000, ""chunk_size"": 2000, ""detector"": ""ddm"", ""energy_country_iso"": ""USA"", ""eval_block"": 1000, ""floor_drop"": 0.02, ""holdout_frac"": 0.2, ""init_frac"": 0.1, ""init_holdout_frac"": 0.2, ""k"": 3, ""min_buffer"": 100, ""n_ref"": 200, ""probe_rows"": 1000, ""track_energy"": true}"
insects_gradual,rf,FixedSchedule(k=3),fixed_schedule,3,21735,1932,balanced_accuracy,5,5,0,4,1,0,0,0,0,1,4,,4,10,1,0,0,112205,120,3441,120,0.4038820999994641,7.912376943777557e-06,193200,0.35,0.2622958362088797,0.12962962962962962,0.27520187633727755,trees,100,100,26516,3728,node_visits,878.618,586.934,0.6680195488824494,16.15829999991547,12.308100000154809,3.200456000000031,"{""adwin_delta"": 0.002, ""buffer_size"": 1000, ""chunk_size"": 2000, ""detector"": ""ddm"", ""energy_country_iso"": ""USA"", ""eval_block"": 1000, ""floor_drop"": 0.02, ""holdout_frac"": 0.2, ""init_frac"": 0.1, ""init_holdout_frac"": 0.2, ""k"": 3, ""min_buffer"": 100, ""n_ref"": 200, ""probe_rows"": 1000, ""track_energy"": true}"
insects_gradual,rf,AlwaysNudge,always_nudge,3,21735,1932,balanced_accuracy,4,4,0,4,0,0,0,0,0,0,4,,3,7,1,0,0,15420,20,3084,20,0.06675870000026407,6.651589722555693e-06,193200,0.032,0.250655624568668,0.21865715983363043,0.279745169432295,trees,100,100,26516,24186,node_visits,878.618,848.938,0.9662196768106275,15.433300000040617,15.367599999990489,2.9151662000003853,"{""adwin_delta"": 0.002, ""buffer_size"": 1000, ""chunk_size"": 2000, ""detector"": ""ddm"", ""energy_country_iso"": ""USA"", ""eval_block"": 1000, ""floor_drop"": 0.02, ""holdout_frac"": 0.2, ""init_frac"": 0.1, ""init_holdout_frac"": 0.2, ""k"": 3, ""min_buffer"": 100, ""n_ref"": 200, ""probe_rows"": 1000, ""track_energy"": true}"
insects_gradual,rf,NeverAdapt,never_adapt,3,21735,1932,balanced_accuracy,4,4,4,0,0,0,0,0,0,0,0,,0,0,1,0,0,0,0,0,0,0.0,5.7129891663332355e-06,193200,0.03,0.25120772946859904,0.20380273321449793,0.2803888466859918,trees,100,100,26516,26516,node_visits,878.618,878.618,1.0,16.41699999981938,14.991500000178348,2.72868120000021,"{""adwin_delta"": 0.002, ""buffer_size"": 1000, ""chunk_size"": 2000, ""detector"": ""ddm"", ""energy_country_iso"": ""USA"", ""eval_block"": 1000, ""floor_drop"": 0.02, ""holdout_frac"": 0.2, ""init_frac"": 0.1, ""init_holdout_frac"": 0.2, ""k"": 3, ""min_buffer"": 100, ""n_ref"": 200, ""probe_rows"": 1000, ""track_energy"": true}"
insects_gradual,sgd,AlwaysRebuild,always_rebuild,3,21735,1932,balanced_accuracy,3,3,0,0,3,0,1,0,0,1,0,,3,9,1,0,0,1990000,0,1990,3000,0.43007440000019415,3.5959405558892427e-06,1932000,0.166,0.15201288244766506,0.38222222222222224,0.18334671776617126,params,204,204,,,params_read,204.0,204.0,1.0,0.2511999996386294,0.6969000000935921,2.2242646999998215,"{""adwin_delta"": 0.002, ""buffer_size"": 1000, ""chunk_size"": 2000, ""detector"": ""ddm"", ""energy_country_iso"": ""USA"", ""eval_block"": 1000, ""floor_drop"": 0.02, ""holdout_frac"": 0.2, ""init_frac"": 0.1, ""init_holdout_frac"": 0.2, ""k"": 3, ""min_buffer"": 100, ""n_ref"": 200, ""probe_rows"": 1000, ""track_energy"": true}"
insects_gradual,sgd,MechanismSelector,mechanism_selector,3,21735,1932,balanced_accuracy,6,6,2,1,3,2,1,0,0,1,2,1,3,8,1,0,0,1343600,0,2942,3002,0.3343408000000636,2.956258888888504e-06,1932000,0.891,0.2109960892569588,0.33,0.21104244687580018,params,204,204,,,params_read,204.0,204.0,1.0,0.2550999997765757,0.27060000002165907,2.1093071999998756,"{""adwin_delta"": 0.002, ""buffer_size"": 1000, ""chunk_size"": 2000, ""detector"": ""ddm"", ""energy_country_iso"": ""USA"", ""eval_block"": 1000, ""floor_drop"": 0.02, ""holdout_frac"": 0.2, ""init_frac"": 0.1, ""init_holdout_frac"": 0.2, ""k"": 3, ""min_buffer"": 100, ""n_ref"": 200, ""probe_rows"": 1000, ""track_energy"": true}"
insects_gradual,sgd,FixedSchedule(k=3),fixed_schedule,3,21735,1932,balanced_accuracy,6,6,0,4,2,0,1,0,0,2,4,,2,4,1,0,0,889392,0,3279,2004,0.22283490000017991,2.5060816660004873e-06,1932000,0.303,0.2752703013572579,0.126335908100614,0.27329223391798974,params,204,204,,,params_read,204.0,204.0,1.0,0.2887999999074964,0.23409999994328246,1.9998677000003227,"{""adwin_delta"": 0.002, ""buffer_size"": 1000, ""chunk_size"": 2000, ""detector"": ""ddm"", ""energy_country_iso"": ""USA"", ""eval_block"": 1000, ""floor_drop"": 0.02, ""holdout_frac"": 0.2, ""init_frac"": 0.1, ""init_holdout_frac"": 0.2, ""k"": 3, ""min_buffer"": 100, ""n_ref"": 200, ""probe_rows"": 1000, ""track_energy"": true}"
insects_gradual,sgd,AlwaysNudge,always_nudge,3,21735,1932,balanced_accuracy,4,4,0,4,0,0,0,0,0,0,4,,0,0,1,0,0,2912,0,2912,4,0.015060100000482635,1.5580477777770138e-06,1932000,0.012,0.21251437773176904,0.11764705882352942,0.22216927052644111,params,204,204,,,params_read,204.0,204.0,1.0,0.2596999997876992,0.26989999969373457,1.7961059999997815,"{""adwin_delta"": 0.002, ""buffer_size"": 1000, ""chunk_size"": 2000, ""detector"": ""ddm"", ""energy_country_iso"": ""USA"", ""eval_block"": 1000, ""floor_drop"": 0.02, ""holdout_frac"": 0.2, ""init_frac"": 0.1, ""init_holdout_frac"": 0.2, ""k"": 3, ""min_buffer"": 100, ""n_ref"": 200, ""probe_rows"": 1000, ""track_energy"": true}"
insects_gradual,sgd,NeverAdapt,never_adapt,3,21735,1932,balanced_accuracy,3,3,3,0,0,0,0,0,0,0,0,,0,0,1,0,0,0,0,0,0,0.0,1.4511638885550555e-06,1932000,0.055,0.17152058891189326,0.39185977421271545,0.2058699595780341,params,204,204,,,params_read,204.0,204.0,1.0,0.24369999982809532,0.2554999996391416,1.7657663999998476,"{""adwin_delta"": 0.002, ""buffer_size"": 1000, ""chunk_size"": 2000, ""detector"": ""ddm"", ""energy_country_iso"": ""USA"", ""eval_block"": 1000, ""floor_drop"": 0.02, ""holdout_frac"": 0.2, ""init_frac"": 0.1, ""init_holdout_frac"": 0.2, ""k"": 3, ""min_buffer"": 100, ""n_ref"": 200, ""probe_rows"": 1000, ""track_energy"": true}"
insects_gradual,gnb,AlwaysRebuild,always_rebuild,3,21735,1932,balanced_accuracy,4,4,0,0,4,0,1,0,0,1,0,,3,8,1,0,0,3100,0,3100,4,0.00752520000014556,5.651700000005042e-07,1932,0.728,0.5312169312169313,0.30736383442265797,0.5098630147242768,params,402,402,,,params_read,402.0,402.0,1.0,1.0174999997616396,0.9583000000930042,1.5818870999996761,"{""adwin_delta"": 0.002, ""buffer_size"": 1000, ""chunk_size"": 2000, ""detector"": ""ddm"", ""energy_country_iso"": ""USA"", ""eval_block"": 1000, ""floor_drop"": 0.02, ""holdout_frac"": 0.2, ""init_frac"": 0.1, ""init_holdout_frac"": 0.2, ""k"": 3, ""min_buffer"": 100, ""n_ref"": 200, ""probe_rows"": 1000, ""track_energy"": true}"
insects_gradual,gnb,MechanismSelector,mechanism_selector,3,21735,1932,balanced_accuracy,3,3,1,1,1,0,0,0,0,0,2,1,0,0,1,0,0,2600,0,2600,3,0.005302199999732693,6.426005552226824e-07,1932,0.727,0.537888198757764,0.367688651218063,0.5210053495845771,params,402,402,,,params_read,402.0,402.0,1.0,1.0281999998369429,1.0047999999187596,1.565998000000036,"{""adwin_delta"": 0.002, ""buffer_size"": 1000, ""chunk_size"": 2000, ""detector"": ""ddm"", ""energy_country_iso"": ""USA"", ""eval_block"": 1000, ""floor_drop"": 0.02, ""holdout_frac"": 0.2, ""init_frac"": 0.1, ""init_holdout_frac"": 0.2, ""k"": 3, ""min_buffer"": 100, ""n_ref"": 200, ""probe_rows"": 1000, ""track_energy"": true}"
insects_gradual,gnb,FixedSchedule(k=3),fixed_schedule,3,21735,1932,balanced_accuracy,3,3,0,2,1,0,0,0,0,0,2,,0,0,1,0,0,2600,0,2600,3,0.0038812000002508285,5.522858336678628e-07,1932,0.722,0.5494824016563147,0.34718954248366013,0.5308104807568178,params,402,402,,,params_read,402.0,402.0,1.0,1.0802999995576101,1.052200000231096,1.5544198000002325,"{""adwin_delta"": 0.002, ""buffer_size"": 1000, ""chunk_size"": 2000, ""detector"": ""ddm"", ""energy_country_iso"": ""USA"", ""eval_block"": 1000, ""floor_drop"": 0.02, ""holdout_frac"": 0.2, ""init_frac"": 0.1, ""init_holdout_frac"": 0.2, ""k"": 3, ""min_buffer"": 100, ""n_ref"": 200, ""probe_rows"": 1000, ""track_energy"": true}"
insects_gradual,gnb,AlwaysNudge,always_nudge,3,21735,1932,balanced_accuracy,3,3,0,3,0,0,0,0,0,0,3,,0,0,1,0,0,2400,0,2400,3,0.0036565000000337022,5.341947218894039e-07,1932,0.119,0.4311019093627789,0.09555555555555555,0.42001219855646826,params,402,402,,,params_read,402.0,402.0,1.0,0.9990999997171457,1.0546999997131934,1.5594756000000416,"{""adwin_delta"": 0.002, ""buffer_size"": 1000, ""chunk_size"": 2000, ""detector"": ""ddm"", ""energy_country_iso"": ""USA"", ""eval_block"": 1000, ""floor_drop"": 0.02, ""holdout_frac"": 0.2, ""init_frac"": 0.1, ""init_holdout_frac"": 0.2, ""k"": 3, ""min_buffer"": 100, ""n_ref"": 200, ""probe_rows"": 1000, ""track_energy"": true}"
insects_gradual,gnb,NeverAdapt,never_adapt,3,21735,1932,balanced_accuracy,3,3,3,0,0,0,0,0,0,0,0,,0,0,1,0,0,0,0,0,0,0.0,5.178841673327477e-07,1932,0.027,0.34156889809063723,0.09438898791839968,0.3418107321216655,params,402,402,,,params_read,402.0,402.0,1.0,1.224999999976717,0.9021999999276886,1.538788199999999,"{""adwin_delta"": 0.002, ""buffer_size"": 1000, ""chunk_size"": 2000, ""detector"": ""ddm"", ""energy_country_iso"": ""USA"", ""eval_block"": 1000, ""floor_drop"": 0.02, ""holdout_frac"": 0.2, ""init_frac"": 0.1, ""init_holdout_frac"": 0.2, ""k"": 3, ""min_buffer"": 100, ""n_ref"": 200, ""probe_rows"": 1000, ""track_energy"": true}"
insects_incremental,xgb,AlwaysRebuild,always_rebuild,3,51317,4560,balanced_accuracy,7,7,0,0,7,0,0,0,0,2,0,,0,0,0,0,0,424300,700,4243,700,5.920584800000142,4.685268777744573e-05,456000,0.525,0.5342479100493014,0.5233065839813894,0.5342548892116902,rounds,100,100,36642,3132,node_visits,3853.825,1393.613,0.3616181326344606,18.43090000011216,8.7573999999222,11.671311899999637,"{""adwin_delta"": 0.002, ""buffer_size"": 1000, ""chunk_size"": 2000, ""detector"": ""ddm"", ""energy_country_iso"": ""USA"", ""eval_block"": 1000, ""floor_drop"": 0.02, ""holdout_frac"": 0.2, ""init_frac"": 0.1, ""init_holdout_frac"": 0.2, ""k"": 3, ""min_buffer"": 100, ""n_ref"": 200, ""probe_rows"": 1000, ""track_energy"": true}"
insects_incremental,xgb,MechanismSelector,mechanism_selector,3,51317,4560,balanced_accuracy,3,3,0,2,1,0,0,0,0,0,3,2,0,0,0,0,0,82980,115,2897,115,1.6612039999995432,2.93804647228893e-05,456000,0.379,0.4734103708322778,0.3772701053406002,0.47341511147138454,rounds,100,110,36642,16040,node_visits,3853.825,3046.805,0.7905924633318846,18.198599999777798,17.512099999748898,7.769976199999746,"{""adwin_delta"": 0.002, ""buffer_size"": 1000, ""chunk_size"": 2000, ""detector"": ""ddm"", ""energy_country_iso"": ""USA"", ""eval_block"": 1000, ""floor_drop"": 0.02, ""holdout_frac"": 0.2, ""init_frac"": 0.1, ""init_holdout_frac"": 0.2, ""k"": 3, ""min_buffer"": 100, ""n_ref"": 200, ""probe_rows"": 1000, ""track_energy"": true}"
insects_incremental,xgb,FixedSchedule(k=3),fixed_schedule,3,51317,4560,balanced_accuracy,3,3,0,2,1,0,0,0,0,0,2,,0,0,0,0,0,106880,110,2376,110,1.6909617999995135,2.968998444444392e-05,456000,0.523,0.4800553422842333,0.5219290550408444,0.4800541692072029,rounds,100,100,36642,15382,node_visits,3853.825,2815.15,0.7304820535442061,18.416699999761477,15.172599999914382,7.839173600000322,"{""adwin_delta"": 0.002, ""buffer_size"": 1000, ""chunk_size"": 2000, ""detector"": ""ddm"", ""energy_country_iso"": ""USA"", ""eval_block"": 1000, ""floor_drop"": 0.02, ""holdout_frac"": 0.2, ""init_frac"": 0.1, ""init_holdout_frac"": 0.2, ""k"": 3, ""min_buffer"": 100, ""n_ref"": 200, ""probe_rows"": 1000, ""track_energy"": true}"
insects_incremental,xgb,AlwaysNudge,always_nudge,3,51317,4560,balanced_accuracy,4,4,0,4,0,0,1,0,0,1,4,,0,0,0,0,0,11280,20,2256,20,0.7291436000000431,3.156338333266693e-05,456000,0.421,0.4380809478340511,0.4193220572220357,0.43808154360300006,rounds,100,120,36642,41352,node_visits,3853.825,4493.594,1.166008835377839,16.98179999993954,19.09410000007483,7.414400999999998,"{""adwin_delta"": 0.002, ""buffer_size"": 1000, ""chunk_size"": 2000, ""detector"": ""ddm"", ""energy_country_iso"": ""USA"", ""eval_block"": 1000, ""floor_drop"": 0.02, ""holdout_frac"": 0.2, ""init_frac"": 0.1, ""init_holdout_frac"": 0.2, ""k"": 3, ""min_buffer"": 100, ""n_ref"": 200, ""probe_rows"": 1000, ""track_energy"": true}"
insects_incremental,xgb,NeverAdapt,never_adapt,3,51317,4560,balanced_accuracy,3,3,3,0,0,0,0,0,0,0,0,,0,0,0,0,0,0,0,0,0,0.0,2.3870206110776694e-05,456000,0.12,0.22012198686595086,0.1199112905812767,0.22011747061026066,rounds,100,100,36642,36642,node_visits,3853.825,3853.825,1.0,18.171600000187027,18.884799999796087,6.4363454999997884,"{""adwin_delta"": 0.002, ""buffer_size"": 1000, ""chunk_size"": 2000, ""detector"": ""ddm"", ""energy_country_iso"": ""USA"", ""eval_block"": 1000, ""floor_drop"": 0.02, ""holdout_frac"": 0.2, ""init_frac"": 0.1, ""init_holdout_frac"": 0.2, ""k"": 3, ""min_buffer"": 100, ""n_ref"": 200, ""probe_rows"": 1000, ""track_energy"": true}"
insects_incremental,rf,AlwaysRebuild,always_rebuild,3,51317,4560,balanced_accuracy,4,4,0,0,4,0,0,0,0,0,0,,0,0,0,0,0,280600,400,2806,400,2.1084655999998176,3.0425225555555517e-05,456000,0.584,0.5372878383381725,0.5826166178980539,0.5372889055133835,trees,100,100,190236,40176,node_visits,1242.911,988.423,0.7952484127986638,23.97209999980987,17.44940000025963,6.923642900000232,"{""adwin_delta"": 0.002, ""buffer_size"": 1000, ""chunk_size"": 2000, ""detector"": ""ddm"", ""energy_country_iso"": ""USA"", ""eval_block"": 1000, ""floor_drop"": 0.02, ""holdout_frac"": 0.2, ""init_frac"": 0.1, ""init_holdout_frac"": 0.2, ""k"": 3, ""min_buffer"": 100, ""n_ref"": 200, ""probe_rows"": 1000, ""track_energy"": true}"
insects_incremental,rf,MechanismSelector,mechanism_selector,3,51317,4560,balanced_accuracy,4,4,0,0,4,0,0,0,0,0,4,0,0,0,0,0,0,291820,420,5050,420,2.0004021000004286,3.5910360833667294e-05,456000,0.584,0.5372878383381725,0.5826166178980539,0.5372889055133835,trees,100,100,190236,40176,node_visits,1242.911,988.423,0.7952484127986638,37.901400000009744,18.54349999985061,7.287360799999988,"{""adwin_delta"": 0.002, ""buffer_size"": 1000, ""chunk_size"": 2000, ""detector"": ""ddm"", ""energy_country_iso"": ""USA"", ""eval_block"": 1000, ""floor_drop"": 0.02, ""holdout_frac"": 0.2, ""init_frac"": 0.1, ""init_holdout_frac"": 0.2, ""k"": 3, ""min_buffer"": 100, ""n_ref"": 200, ""probe_rows"": 1000, ""track_energy"": true}"
insects_incremental,rf,FixedSchedule(k=3),fixed_schedule,3,51317,4560,balanced_accuracy,4,4,0,3,1,0,0,0,0,0,3,,0,0,0,0,0,109585,115,2917,115,0.508270999999695,2.1011845278444288e-05,456000,0.368,0.512052536196582,0.3675276829242789,0.5120535981669468,trees,100,100,190236,41272,node_visits,1242.911,986.435,0.7936489418791851,29.86540000028981,23.420600000008562,5.529061400000046,"{""adwin_delta"": 0.002, ""buffer_size"": 1000, ""chunk_size"": 2000, ""detector"": ""ddm"", ""energy_country_iso"": ""USA"", ""eval_block"": 1000, ""floor_drop"": 0.02, ""holdout_frac"": 0.2, ""init_frac"": 0.1, ""init_holdout_frac"": 0.2, ""k"": 3, ""min_buffer"": 100, ""n_ref"": 200, ""probe_rows"": 1000, ""track_energy"": true}"
insects_incremental,rf,AlwaysNudge,always_nudge,3,51317,4560,balanced_accuracy,5,5,0,5,0,0,0,0,0,0,5,,0,0,0,0,0,17585,25,3517,25,0.09029039999995803,1.676046722188862e-05,456000,0.146,0.2518073932614923,0.14594621124276538,0.251800604779004,trees,100,100,190236,150064,node_visits,1242.911,1164.096,0.9365883800207738,27.194799999961106,21.38809999996738,5.2182112999998935,"{""adwin_delta"": 0.002, ""buffer_size"": 1000, ""chunk_size"": 2000, ""detector"": ""ddm"", ""energy_country_iso"": ""USA"", ""eval_block"": 1000, ""floor_drop"": 0.02, ""holdout_frac"": 0.2, ""init_frac"": 0.1, ""init_holdout_frac"": 0.2, ""k"": 3, ""min_buffer"": 100, ""n_ref"": 200, ""probe_rows"": 1000, ""track_energy"": true}"
insects_incremental,rf,NeverAdapt,never_adapt,3,51317,4560,balanced_accuracy,3,3,3,0,0,0,0,0,0,0,0,,0,0,0,0,0,0,0,0,0,0.0,1.804113638955512e-05,456000,0.124,0.21215191846756434,0.12402808831753681,0.2121467081982189,trees,100,100,190236,190236,node_visits,1242.911,1242.911,1.0,27.304699999604054,25.31479999970543,5.092143699999724,"{""adwin_delta"": 0.002, ""buffer_size"": 1000, ""chunk_size"": 2000, ""detector"": ""ddm"", ""energy_country_iso"": ""USA"", ""eval_block"": 1000, ""floor_drop"": 0.02, ""holdout_frac"": 0.2, ""init_frac"": 0.1, ""init_holdout_frac"": 0.2, ""k"": 3, ""min_buffer"": 100, ""n_ref"": 200, ""probe_rows"": 1000, ""track_energy"": true}"
insects_incremental,sgd,AlwaysRebuild,always_rebuild,3,51317,4560,balanced_accuracy,1,1,0,0,1,0,0,0,0,0,0,,0,0,0,0,0,88000,0,1000,88,0.057722999999896274,3.244271943777439e-06,1080720,0.218,0.21452929828321998,0.2182666432757567,0.21451696270751963,params,204,204,,,params_read,204.0,204.0,1.0,0.5479999999806751,0.31669999998484855,2.1978954999999587,"{""adwin_delta"": 0.002, ""buffer_size"": 1000, ""chunk_size"": 2000, ""detector"": ""ddm"", ""energy_country_iso"": ""USA"", ""eval_block"": 1000, ""floor_drop"": 0.02, ""holdout_frac"": 0.2, ""init_frac"": 0.1, ""init_holdout_frac"": 0.2, ""k"": 3, ""min_buffer"": 100, ""n_ref"": 200, ""probe_rows"": 1000, ""track_energy"": true}"
insects_incremental,sgd,MechanismSelector,mechanism_selector,3,51317,4560,balanced_accuracy,1,1,1,0,0,0,0,0,0,0,0,0,0,0,0,0,0,0,0,0,0,0.0,3.096325833667941e-06,1080720,0.16,0.1882222265526044,0.1587128018149201,0.18822188540980214,params,204,204,,,params_read,204.0,204.0,1.0,0.2386000001024513,0.22709999984726892,2.0772450999998,"{""adwin_delta"": 0.002, ""buffer_size"": 1000, ""chunk_size"": 2000, ""detector"": ""ddm"", ""energy_country_iso"": ""USA"", ""eval_block"": 1000, ""floor_drop"": 0.02, ""holdout_frac"": 0.2, ""init_frac"": 0.1, ""init_holdout_frac"": 0.2, ""k"": 3, ""min_buffer"": 100, ""n_ref"": 200, ""probe_rows"": 1000, ""track_energy"": true}"
insects_incremental,sgd,FixedSchedule(k=3),fixed_schedule,3,51317,4560,balanced_accuracy,1,1,0,1,0,0,0,0,0,0,1,,0,0,0,0,0,800,0,800,1,0.005323399999724643,3.3144430552227366e-06,1080720,0.205,0.20303213360095096,0.20509868897049588,0.20303525400427047,params,204,204,,,params_read,204.0,204.0,1.0,0.4349999999249121,0.3160000001116714,2.12224630000037,"{""adwin_delta"": 0.002, ""buffer_size"": 1000, ""chunk_size"": 2000, ""detector"": ""ddm"", ""energy_country_iso"": ""USA"", ""eval_block"": 1000, ""floor_drop"": 0.02, ""holdout_frac"": 0.2, ""init_frac"": 0.1, ""init_holdout_frac"": 0.2, ""k"": 3, ""min_buffer"": 100, ""n_ref"": 200, ""probe_rows"": 1000, ""track_energy"": true}"
insects_incremental,sgd,AlwaysNudge,always_nudge,3,51317,4560,balanced_accuracy,1,1,0,1,0,0,0,0,0,0,1,,0,0,0,0,0,800,0,800,1,0.003918300000350428,2.9919674996670684e-06,1080720,0.205,0.20303213360095096,0.20509868897049588,0.20303525400427047,params,204,204,,,params_read,204.0,204.0,1.0,0.3108000000793254,0.45129999989512726,2.088003200000003,"{""adwin_delta"": 0.002, ""buffer_size"": 1000, ""chunk_size"": 2000, ""detector"": ""ddm"", ""energy_country_iso"": ""USA"", ""eval_block"": 1000, ""floor_drop"": 0.02, ""holdout_frac"": 0.2, ""init_frac"": 0.1, ""init_holdout_frac"": 0.2, ""k"": 3, ""min_buffer"": 100, ""n_ref"": 200, ""probe_rows"": 1000, ""track_energy"": true}"
insects_incremental,sgd,NeverAdapt,never_adapt,3,51317,4560,balanced_accuracy,1,1,1,0,0,0,0,0,0,0,0,,0,0,0,0,0,0,0,0,0,0.0,3.065053889223362e-06,1080720,0.16,0.1882222265526044,0.1587128018149201,0.18822188540980214,params,204,204,,,params_read,204.0,204.0,1.0,0.6585999999515479,0.314899999921181,2.079026200000044,"{""adwin_delta"": 0.002, ""buffer_size"": 1000, ""chunk_size"": 2000, ""detector"": ""ddm"", ""energy_country_iso"": ""USA"", ""eval_block"": 1000, ""floor_drop"": 0.02, ""holdout_frac"": 0.2, ""init_frac"": 0.1, ""init_holdout_frac"": 0.2, ""k"": 3, ""min_buffer"": 100, ""n_ref"": 200, ""probe_rows"": 1000, ""track_energy"": true}"
insects_incremental,gnb,AlwaysRebuild,always_rebuild,3,51317,4560,balanced_accuracy,3,3,0,0,3,0,0,0,0,0,0,,0,0,0,0,0,3000,0,3000,3,0.004792200000338198,1.0263027777773688e-06,4560,0.424,0.516495508311086,0.4233310353652128,0.5164968594862552,params,402,402,,,params_read,402.0,402.0,1.0,0.9738000003380876,0.9041999996952654,1.6685016999999789,"{""adwin_delta"": 0.002, ""buffer_size"": 1000, ""chunk_size"": 2000, ""detector"": ""ddm"", ""energy_country_iso"": ""USA"", ""eval_block"": 1000, ""floor_drop"": 0.02, ""holdout_frac"": 0.2, ""init_frac"": 0.1, ""init_holdout_frac"": 0.2, ""k"": 3, ""min_buffer"": 100, ""n_ref"": 200, ""probe_rows"": 1000, ""track_energy"": true}"
insects_incremental,gnb,MechanismSelector,mechanism_selector,3,51317,4560,balanced_accuracy,3,3,0,0,3,0,0,0,0,0,3,0,0,0,0,0,0,5400,0,5400,6,0.008705000000190921,1.1179313882209403e-06,4560,0.424,0.516495508311086,0.4233310353652128,0.5164968594862552,params,402,402,,,params_read,402.0,402.0,1.0,1.053699999829405,0.9792999999262975,1.688451299999997,"{""adwin_delta"": 0.002, ""buffer_size"": 1000, ""chunk_size"": 2000, ""detector"": ""ddm"", ""energy_country_iso"": ""USA"", ""eval_block"": 1000, ""floor_drop"": 0.02, ""holdout_frac"": 0.2, ""init_frac"": 0.1, ""init_holdout_frac"": 0.2, ""k"": 3, ""min_buffer"": 100, ""n_ref"": 200, ""probe_rows"": 1000, ""track_energy"": true}"
insects_incremental,gnb,FixedSchedule(k=3),fixed_schedule,3,51317,4560,balanced_accuracy,3,3,0,2,1,0,0,0,0,0,2,,0,0,0,0,0,2600,0,2600,3,0.004449699999895529,1.271196944445282e-06,4560,0.53,0.4031022857922326,0.5296278883913205,0.40309824164043556,params,402,402,,,params_read,402.0,402.0,1.0,1.115999999910855,1.3717000001634005,1.7272444000000178,"{""adwin_delta"": 0.002, ""buffer_size"": 1000, ""chunk_size"": 2000, ""detector"": ""ddm"", ""energy_country_iso"": ""USA"", ""eval_block"": 1000, ""floor_drop"": 0.02, ""holdout_frac"": 0.2, ""init_frac"": 0.1, ""init_holdout_frac"": 0.2, ""k"": 3, ""min_buffer"": 100, ""n_ref"": 200, ""probe_rows"": 1000, ""track_energy"": true}"
insects_incremental,gnb,AlwaysNudge,always_nudge,3,51317,4560,balanced_accuracy,3,3,0,3,0,0,0,0,0,0,3,,0,0,0,0,0,2400,0,2400,3,0.004009600000244973,1.0156786114454191e-06,4560,0.264,0.3008749537190405,0.2631566046867935,0.3008686707044814,params,402,402,,,params_read,402.0,402.0,1.0,0.9103999996113998,0.9930000001077133,1.667327000000114,"{""adwin_delta"": 0.002, ""buffer_size"": 1000, ""chunk_size"": 2000, ""detector"": ""ddm"", ""energy_country_iso"": ""USA"", ""eval_block"": 1000, ""floor_drop"": 0.02, ""holdout_frac"": 0.2, ""init_frac"": 0.1, ""init_holdout_frac"": 0.2, ""k"": 3, ""min_buffer"": 100, ""n_ref"": 200, ""probe_rows"": 1000, ""track_energy"": true}"
insects_incremental,gnb,NeverAdapt,never_adapt,3,51317,4560,balanced_accuracy,4,4,4,0,0,0,0,0,0,0,0,,0,0,0,0,0,0,0,0,0,0.0,1.0066105552225525e-06,4560,0.143,0.20591616813141844,0.14298921897357636,0.2059100817198126,params,402,402,,,params_read,402.0,402.0,1.0,1.0273999996570637,1.0130000000572181,1.6566038000000844,"{""adwin_delta"": 0.002, ""buffer_size"": 1000, ""chunk_size"": 2000, ""detector"": ""ddm"", ""energy_country_iso"": ""USA"", ""eval_block"": 1000, ""floor_drop"": 0.02, ""holdout_frac"": 0.2, ""init_frac"": 0.1, ""init_holdout_frac"": 0.2, ""k"": 3, ""min_buffer"": 100, ""n_ref"": 200, ""probe_rows"": 1000, ""track_energy"": true}"
covtype,xgb,AlwaysRebuild,always_rebuild,3,90000,8000,balanced_accuracy,349,334,0,0,334,0,170,15,0,237,0,,327,1561,0,0,0,6753900,33400,67539,33400,69.00177750000012,0.0005325520066666647,800000,0.897,0.7493,0.54816431886207,0.6227396940596288,rounds,100,100,34130,1364,node_visits,3970.127,933.86,0.2352216944193473,18.702099999700295,8.636800000203948,81.16004410000005,"{""adwin_delta"": 0.002, ""buffer_size"": 1000, ""chunk_size"": 2000, ""detector"": ""ddm"", ""energy_country_iso"": ""USA"", ""eval_block"": 1000, ""floor_drop"": 0.02, ""holdout_frac"": 0.2, ""init_frac"": 0.1, ""init_holdout_frac"": 0.2, ""k"": 3, ""min_buffer"": 100, ""n_ref"": 200, ""probe_rows"": 1000, ""track_energy"": true}"
covtype,xgb,MechanismSelector,mechanism_selector,3,90000,8000,balanced_accuracy,308,301,141,17,143,130,78,7,0,121,30,17,160,845,0,0,0,2130815,14450,30507,14450,25.878153400002248,0.0002292904636111115,800000,0.796,0.6314222222222222,0.3333333333333333,0.41163635362527856,rounds,100,100,34130,700,node_visits,3970.127,700.0,0.1763167777756228,18.872299999657116,8.163999999851512,37.42908750000015,"{""adwin_delta"": 0.002, ""buffer_size"": 1000, ""chunk_size"": 2000, ""detector"": ""ddm"", ""energy_country_iso"": ""USA"", ""eval_block"": 1000, ""floor_drop"": 0.02, ""holdout_frac"": 0.2, ""init_frac"": 0.1, ""init_holdout_frac"": 0.2, ""k"": 3, ""min_buffer"": 100, ""n_ref"": 200, ""probe_rows"": 1000, ""track_energy"": true}"
covtype,xgb,FixedSchedule(k=3),fixed_schedule,3,90000,8000,balanced_accuracy,262,256,0,171,85,0,86,6,0,128,171,,255,1272,0,0,0,2228585,9355,53766,9355,28.012574700002006,0.0002750978363888891,800000,0.82,0.7746888888888889,0.6480911583679522,0.7528455627034736,rounds,100,105,34130,2013,node_visits,3970.127,1106.063,0.2785963773954839,18.68579999973008,8.836399999381683,42.857841400000325,"{""adwin_delta"": 0.002, ""buffer_size"": 1000, ""chunk_size"": 2000, ""detector"": ""ddm"", ""energy_country_iso"": ""USA"", ""eval_block"": 1000, ""floor_drop"": 0.02, ""holdout_frac"": 0.2, ""init_frac"": 0.1, ""init_holdout_frac"": 0.2, ""k"": 3, ""min_buffer"": 100, ""n_ref"": 200, ""probe_rows"": 1000, ""track_energy"": true}"
covtype,xgb,AlwaysNudge,always_nudge,3,90000,8000,balanced_accuracy,179,175,0,175,0,0,60,4,0,103,175,,174,863,0,0,0,149295,875,29859,875,47.64172849998795,0.0005772534322228898,800000,0.836,0.8131444444444444,0.5479416991279583,0.7837031913357733,rounds,100,975,34130,53523,node_visits,3970.127,13345.533,3.361487680368915,15.394899999591871,65.53280000025552,91.00860610000018,"{""adwin_delta"": 0.002, ""buffer_size"": 1000, ""chunk_size"": 2000, ""detector"": ""ddm"", ""energy_country_iso"": ""USA"", ""eval_block"": 1000, ""floor_drop"": 0.02, ""holdout_frac"": 0.2, ""init_frac"": 0.1, ""init_holdout_frac"": 0.2, ""k"": 3, ""min_buffer"": 100, ""n_ref"": 200, ""probe_rows"": 1000, ""track_energy"": true}"
covtype,xgb,NeverAdapt,never_adapt,3,90000,8000,balanced_accuracy,205,194,194,0,0,0,91,11,0,128,0,,0,0,0,0,0,0,0,0,0,0.0,6.025301972222199e-05,800000,0.795,0.8261666666666667,0.7639165120423873,0.8035559438997134,rounds,100,100,34130,34130,node_visits,3970.127,3970.127,1.0,15.798000000359025,20.17280000018218,12.315590500000326,"{""adwin_delta"": 0.002, ""buffer_size"": 1000, ""chunk_size"": 2000, ""detector"": ""ddm"", ""energy_country_iso"": ""USA"", ""eval_block"": 1000, ""floor_drop"": 0.02, ""holdout_frac"": 0.2, ""init_frac"": 0.1, ""init_holdout_frac"": 0.2, ""k"": 3, ""min_buffer"": 100, ""n_ref"": 200, ""probe_rows"": 1000, ""track_energy"": true}"
covtype,rf,AlwaysRebuild,always_rebuild,3,90000,8000,balanced_accuracy,448,431,0,0,431,0,232,17,0,333,0,,430,2131,0,0,0,7406000,43100,74060,43100,78.05895429999873,0.0005464414383333329,800000,0.889,0.7451222222222222,0.5293841703966097,0.7507435870657186,trees,100,100,285884,2004,node_visits,1581.191,407.078,0.25745023845949033,22.421599999688624,14.343400000143447,98.79472239999996,"{""adwin_delta"": 0.002, ""buffer_size"": 1000, ""chunk_size"": 2000, ""detector"": ""ddm"", ""energy_country_iso"": ""USA"", ""eval_block"": 1000, ""floor_drop"": 0.02, ""holdout_frac"": 0.2, ""init_frac"": 0.1, ""init_holdout_frac"": 0.2, ""k"": 3, ""min_buffer"": 100, ""n_ref"": 200, ""probe_rows"": 1000, ""track_energy"": true}"
covtype,rf,MechanismSelector,mechanism_selector,3,90000,8000,balanced_accuracy,423,410,108,0,302,276,188,13,0,269,26,0,301,1595,0,0,0,4371875,30330,52891,30330,50.19975359999535,0.00032788386222288603,800000,0.858,0.6916777777777777,0.5065834637669221,0.7226168103544024,trees,100,100,285884,1258,node_visits,1581.191,376.721,0.23825141934149638,19.26299999922776,11.541500000021188,68.11565530000007,"{""adwin_delta"": 0.002, ""buffer_size"": 1000, ""chunk_size"": 2000, ""detector"": ""ddm"", ""energy_country_iso"": ""USA"", ""eval_block"": 1000, ""floor_drop"": 0.02, ""holdout_frac"": 0.2, ""init_frac"": 0.1, ""init_holdout_frac"": 0.2, ""k"": 3, ""min_buffer"": 100, ""n_ref"": 200, ""probe_rows"": 1000, ""track_energy"": true}"
covtype,rf,FixedSchedule(k=3),fixed_schedule,3,90000,8000,balanced_accuracy,404,392,0,262,130,0,126,12,0,208,262,,391,1948,0,0,0,2988865,14310,73392,14310,27.18079220000709,0.00025340648916633555,800000,0.845,0.8404777777777778,0.4885875513398374,0.8164371683321004,trees,100,100,285884,2182,node_visits,1581.191,458.349,0.2898757961561886,19.283900000118592,12.756500000250526,48.06782579999981,"{""adwin_delta"": 0.002, ""buffer_size"": 1000, ""chunk_size"": 2000, ""detector"": ""ddm"", ""energy_country_iso"": ""USA"", ""eval_block"": 1000, ""floor_drop"": 0.02, ""holdout_frac"": 0.2, ""init_frac"": 0.1, ""init_holdout_frac"": 0.2, ""k"": 3, ""min_buffer"": 100, ""n_ref"": 200, ""probe_rows"": 1000, ""track_energy"": true}"
covtype,rf,AlwaysNudge,always_nudge,3,90000,8000,balanced_accuracy,370,360,0,360,0,0,108,10,0,212,360,,359,1795,0,0,0,300075,1800,60015,1800,3.863127300004635,0.00012368955444377872,800000,0.807,0.8207444444444445,0.3533697632058288,0.7668597988046326,trees,100,100,285884,3656,node_visits,1581.191,512.385,0.3240500357009368,27.12930000052438,13.435099999696831,24.258261500000117,"{""adwin_delta"": 0.002, ""buffer_size"": 1000, ""chunk_size"": 2000, ""detector"": ""ddm"", ""energy_country_iso"": ""USA"", ""eval_block"": 1000, ""floor_drop"": 0.02, ""holdout_frac"": 0.2, ""init_frac"": 0.1, ""init_holdout_frac"": 0.2, ""k"": 3, ""min_buffer"": 100, ""n_ref"": 200, ""probe_rows"": 1000, ""track_energy"": true}"
covtype,rf,NeverAdapt,never_adapt,3,90000,8000,balanced_accuracy,417,403,403,0,0,0,165,14,0,268,0,,0,0,0,0,0,0,0,0,0,0.0,9.942498333266984e-05,800000,0.856,0.825,0.782423044182662,0.809199368339623,trees,100,100,285884,285884,node_visits,1581.191,1581.191,1.0,19.024300000637595,19.832400000268535,19.989659900000333,"{""adwin_delta"": 0.002, ""buffer_size"": 1000, ""chunk_size"": 2000, ""detector"": ""ddm"", ""energy_country_iso"": ""USA"", ""eval_block"": 1000, ""floor_drop"": 0.02, ""holdout_frac"": 0.2, ""init_frac"": 0.1, ""init_holdout_frac"": 0.2, ""k"": 3, ""min_buffer"": 100, ""n_ref"": 200, ""probe_rows"": 1000, ""track_energy"": true}"
covtype,sgd,AlwaysRebuild,always_rebuild,3,90000,8000,balanced_accuracy,159,148,0,0,148,0,78,11,0,119,0,,148,730,0,0,0,27255000,0,27255,148000,14.923787599997013,8.463498250066718e-05,2000000,0.244,0.39245555555555556,0.10217755443886097,0.3327703745532448,params,385,385,,,params_read,385.0,385.0,1.0,0.3660000002128072,0.3194999999323045,18.75387689999934,"{""adwin_delta"": 0.002, ""buffer_size"": 1000, ""chunk_size"": 2000, ""detector"": ""ddm"", ""energy_country_iso"": ""USA"", ""eval_block"": 1000, ""floor_drop"": 0.02, ""holdout_frac"": 0.2, ""init_frac"": 0.1, ""init_holdout_frac"": 0.2, ""k"": 3, ""min_buffer"": 100, ""n_ref"": 200, ""probe_rows"": 1000, ""track_energy"": true}"
covtype,sgd,MechanismSelector,mechanism_selector,3,90000,8000,balanced_accuracy,176,172,53,6,113,100,67,4,0,87,19,6,113,535,0,0,0,17719850,0,23564,113019,8.888449599993692,5.4427546944444555e-05,2000000,0.752,0.37143333333333334,0.3541844010581139,0.21404242774777188,params,385,385,,,params_read,385.0,385.0,1.0,0.7654000000911765,0.28560000009747455,12.796970399999736,"{""adwin_delta"": 0.002, ""buffer_size"": 1000, ""chunk_size"": 2000, ""detector"": ""ddm"", ""energy_country_iso"": ""USA"", ""eval_block"": 1000, ""floor_drop"": 0.02, ""holdout_frac"": 0.2, ""init_frac"": 0.1, ""init_holdout_frac"": 0.2, ""k"": 3, ""min_buffer"": 100, ""n_ref"": 200, ""probe_rows"": 1000, ""track_energy"": true}"
covtype,sgd,FixedSchedule(k=3),fixed_schedule,3,90000,8000,balanced_accuracy,220,216,0,144,72,0,93,4,0,136,144,,72,348,0,0,0,14140931,0,37049,72144,8.0102198000086,5.715763055489174e-05,2000000,0.744,0.4562555555555556,0.4364010398074159,0.36360561150624704,params,385,385,,,params_read,385.0,385.0,1.0,0.2844000000550295,0.3074000005653943,12.346198500000355,"{""adwin_delta"": 0.002, ""buffer_size"": 1000, ""chunk_size"": 2000, ""detector"": ""ddm"", ""energy_country_iso"": ""USA"", ""eval_block"": 1000, ""floor_drop"": 0.02, ""holdout_frac"": 0.2, ""init_frac"": 0.1, ""init_holdout_frac"": 0.2, ""k"": 3, ""min_buffer"": 100, ""n_ref"": 200, ""probe_rows"": 1000, ""track_energy"": true}"
covtype,sgd,AlwaysNudge,always_nudge,3,90000,8000,balanced_accuracy,434,421,0,421,0,0,185,13,0,291,421,,0,0,0,0,0,64990,0,64990,421,1.970674399989548,2.9265199444779206e-05,2000000,0.821,0.7296777777777778,0.48407566063468527,0.4949596161802951,params,385,385,,,params_read,385.0,385.0,1.0,0.30949999927543104,0.6015999997543986,6.9415862999994715,"{""adwin_delta"": 0.002, ""buffer_size"": 1000, ""chunk_size"": 2000, ""detector"": ""ddm"", ""energy_country_iso"": ""USA"", ""eval_block"": 1000, ""floor_drop"": 0.02, ""holdout_frac"": 0.2, ""init_frac"": 0.1, ""init_holdout_frac"": 0.2, ""k"": 3, ""min_buffer"": 100, ""n_ref"": 200, ""probe_rows"": 1000, ""track_energy"": true}"
covtype,sgd,NeverAdapt,never_adapt,3,90000,8000,balanced_accuracy,65,65,65,0,0,0,12,0,0,25,0,,0,0,0,0,0,0,0,0,0,0.0,1.2437504444775291e-05,2000000,0.183,0.24005555555555555,0.3333333333333333,0.35778441702891073,params,385,385,,,params_read,385.0,385.0,1.0,0.2795000000332948,1.082299999325187,3.5232286000000386,"{""adwin_delta"": 0.002, ""buffer_size"": 1000, ""chunk_size"": 2000, ""detector"": ""ddm"", ""energy_country_iso"": ""USA"", ""eval_block"": 1000, ""floor_drop"": 0.02, ""holdout_frac"": 0.2, ""init_frac"": 0.1, ""init_holdout_frac"": 0.2, ""k"": 3, ""min_buffer"": 100, ""n_ref"": 200, ""probe_rows"": 1000, ""track_energy"": true}"
covtype,gnb,AlwaysRebuild,always_rebuild,3,90000,8000,balanced_accuracy,380,369,0,0,369,0,161,11,0,245,0,,369,1835,0,0,0,72660,0,72660,369,0.802648500009127,2.7426431666334064e-05,8000,0.862,0.7176666666666667,0.8677936259491577,0.6771073672654291,params,763,763,,,params_read,763.0,763.0,1.0,1.3859999999112915,2.130099999703816,5.904914699999608,"{""adwin_delta"": 0.002, ""buffer_size"": 1000, ""chunk_size"": 2000, ""detector"": ""ddm"", ""energy_country_iso"": ""USA"", ""eval_block"": 1000, ""floor_drop"": 0.02, ""holdout_frac"": 0.2, ""init_frac"": 0.1, ""init_holdout_frac"": 0.2, ""k"": 3, ""min_buffer"": 100, ""n_ref"": 200, ""probe_rows"": 1000, ""track_energy"": true}"
covtype,gnb,MechanismSelector,mechanism_selector,3,90000,8000,balanced_accuracy,290,287,126,7,154,117,69,3,0,104,44,7,154,763,0,0,0,43219,0,43219,198,0.31777680000777764,1.3230105000000482e-05,8000,0.819,0.7177777777777777,0.37522768670309653,0.662199336929864,params,763,763,,,params_read,763.0,763.0,1.0,1.449099999263126,1.8697000004976871,4.224139800000557,"{""adwin_delta"": 0.002, ""buffer_size"": 1000, ""chunk_size"": 2000, ""detector"": ""ddm"", ""energy_country_iso"": ""USA"", ""eval_block"": 1000, ""floor_drop"": 0.02, ""holdout_frac"": 0.2, ""init_frac"": 0.1, ""init_holdout_frac"": 0.2, ""k"": 3, ""min_buffer"": 100, ""n_ref"": 200, ""probe_rows"": 1000, ""track_energy"": true}"
covtype,gnb,FixedSchedule(k=3),fixed_schedule,3,90000,8000,balanced_accuracy,300,293,0,196,97,0,86,7,0,153,196,,97,474,0,0,0,55934,0,55934,293,0.3662698999924032,1.3947410277776471e-05,8000,0.856,0.7519333333333333,0.8498268077310831,0.6999145651865307,params,763,763,,,params_read,763.0,763.0,1.0,1.6419999992649537,1.8069999996441766,4.3470737999996345,"{""adwin_delta"": 0.002, ""buffer_size"": 1000, ""chunk_size"": 2000, ""detector"": ""ddm"", ""energy_country_iso"": ""USA"", ""eval_block"": 1000, ""floor_drop"": 0.02, ""holdout_frac"": 0.2, ""init_frac"": 0.1, ""init_holdout_frac"": 0.2, ""k"": 3, ""min_buffer"": 100, ""n_ref"": 200, ""probe_rows"": 1000, ""track_energy"": true}"
covtype,gnb,AlwaysNudge,always_nudge,3,90000,8000,balanced_accuracy,407,394,0,394,0,0,138,12,1,218,394,,0,0,0,0,0,64465,0,64465,394,0.44627809999747114,2.3847024166666102e-05,8000,0.822,0.6680444444444444,0.5756720762281352,0.6653761843006023,params,763,763,,,params_read,763.0,763.0,1.0,1.3808000003336929,1.493300000220188,5.567904499999713,"{""adwin_delta"": 0.002, ""buffer_size"": 1000, ""chunk_size"": 2000, ""detector"": ""ddm"", ""energy_country_iso"": ""USA"", ""eval_block"": 1000, ""floor_drop"": 0.02, ""holdout_frac"": 0.2, ""init_frac"": 0.1, ""init_holdout_frac"": 0.2, ""k"": 3, ""min_buffer"": 100, ""n_ref"": 200, ""probe_rows"": 1000, ""track_energy"": true}"
covtype,gnb,NeverAdapt,never_adapt,3,90000,8000,balanced_accuracy,397,383,383,0,0,0,160,14,0,273,0,,0,0,0,0,0,0,0,0,0,0.0,1.2803887500334587e-05,8000,0.441,0.45614444444444446,0.5074229461122944,0.6509634266193369,params,763,763,,,params_read,763.0,763.0,1.0,1.5944999995554099,1.5589999993608217,3.8427573000008124,"{""adwin_delta"": 0.002, ""buffer_size"": 1000, ""chunk_size"": 2000, ""detector"": ""ddm"", ""energy_country_iso"": ""USA"", ""eval_block"": 1000, ""floor_drop"": 0.02, ""holdout_frac"": 0.2, ""init_frac"": 0.1, ""init_holdout_frac"": 0.2, ""k"": 3, ""min_buffer"": 100, ""n_ref"": 200, ""probe_rows"": 1000, ""track_energy"": true}"
elec2,xgb,AlwaysRebuild,always_rebuild,4,40781,3624,accuracy,179,165,0,0,165,0,83,14,0,111,0,,0,0,0,0,0,3564600,16500,35646,16500,17.962887100002263,0.00010353806500066644,362400,0.79,0.759078982859665,0.7839107150748661,0.7527977075313736,rounds,100,100,4628,556,node_visits,569.399,256.923,0.45121786304507033,3.8342999996530125,2.093399999466783,21.156948800000464,"{""adwin_delta"": 0.002, ""buffer_size"": 1000, ""chunk_size"": 2000, ""detector"": ""ddm"", ""energy_country_iso"": ""USA"", ""eval_block"": 1000, ""floor_drop"": 0.02, ""holdout_frac"": 0.2, ""init_frac"": 0.1, ""init_holdout_frac"": 0.2, ""k"": 3, ""min_buffer"": 100, ""n_ref"": 200, ""probe_rows"": 1000, ""track_energy"": true}"
elec2,xgb,MechanismSelector,mechanism_selector,4,40781,3624,accuracy,182,167,2,8,157,132,83,15,0,120,33,8,0,0,0,0,0,2835970,15865,41160,15865,17.73369360000015,0.00010440784361144607,362400,0.574,0.760084353007528,0.594674401693778,0.7562447401908521,rounds,100,100,4628,628,node_visits,569.399,259.585,0.4558929678485561,3.790599999774713,2.382200000283774,21.239379000000554,"{""adwin_delta"": 0.002, ""buffer_size"": 1000, ""chunk_size"": 2000, ""detector"": ""ddm"", ""energy_country_iso"": ""USA"", ""eval_block"": 1000, ""floor_drop"": 0.02, ""holdout_frac"": 0.2, ""init_frac"": 0.1, ""init_holdout_frac"": 0.2, ""k"": 3, ""min_buffer"": 100, ""n_ref"": 200, ""probe_rows"": 1000, ""track_energy"": true}"
elec2,xgb,FixedSchedule(k=3),fixed_schedule,4,40781,3624,accuracy,166,151,0,101,50,0,75,15,0,104,101,,0,0,0,0,0,1304220,5505,29975,5505,7.873837099996308,5.869673666733329e-05,362400,0.851,0.7431156666094505,0.8500166726259586,0.7389144200987029,rounds,100,105,4628,405,node_visits,569.399,223.712,0.39289145221540606,3.592699999899196,2.3702999997112784,11.84787580000011,"{""adwin_delta"": 0.002, ""buffer_size"": 1000, ""chunk_size"": 2000, ""detector"": ""ddm"", ""energy_country_iso"": ""USA"", ""eval_block"": 1000, ""floor_drop"": 0.02, ""holdout_frac"": 0.2, ""init_frac"": 0.1, ""init_holdout_frac"": 0.2, ""k"": 3, ""min_buffer"": 100, ""n_ref"": 200, ""probe_rows"": 1000, ""track_energy"": true}"
elec2,xgb,AlwaysNudge,always_nudge,4,40781,3624,accuracy,126,123,0,123,0,0,41,3,0,69,123,,0,0,0,0,0,133245,615,26649,615,5.414463199996135,5.987634250000089e-05,362400,0.724,0.7627081238812192,0.7104627758516096,0.7489576857596327,rounds,100,715,4628,8867,node_visits,569.399,2053.173,3.605859862767584,4.166499999882944,12.085700000170618,11.491770300000098,"{""adwin_delta"": 0.002, ""buffer_size"": 1000, ""chunk_size"": 2000, ""detector"": ""ddm"", ""energy_country_iso"": ""USA"", ""eval_block"": 1000, ""floor_drop"": 0.02, ""holdout_frac"": 0.2, ""init_frac"": 0.1, ""init_holdout_frac"": 0.2, ""k"": 3, ""min_buffer"": 100, ""n_ref"": 200, ""probe_rows"": 1000, ""track_energy"": true}"
elec2,xgb,NeverAdapt,never_adapt,4,40781,3624,accuracy,128,117,117,0,0,0,37,11,0,63,0,,0,0,0,0,0,0,0,0,0,0.0,6.542586944444471e-06,362400,0.712,0.7068978200632647,0.6954935699908803,0.6694052678219897,rounds,100,100,4628,4628,node_visits,569.399,569.399,1.0,3.891199999998207,3.8107999998828745,2.7473571999998967,"{""adwin_delta"": 0.002, ""buffer_size"": 1000, ""chunk_size"": 2000, ""detector"": ""ddm"", ""energy_country_iso"": ""USA"", ""eval_block"": 1000, ""floor_drop"": 0.02, ""holdout_frac"": 0.2, ""init_frac"": 0.1, ""init_holdout_frac"": 0.2, ""k"": 3, ""min_buffer"": 100, ""n_ref"": 200, ""probe_rows"": 1000, ""track_energy"": true}"
elec2,rf,AlwaysRebuild,always_rebuild,4,40781,3624,accuracy,202,189,0,0,189,0,97,13,0,141,0,,0,0,0,0,0,3704400,18900,37044,18900,30.521279100000356,0.00019787598611110892,362400,0.761,0.7615556263946446,0.7646608627179996,0.7559529936536917,trees,100,100,67134,4540,node_visits,790.804,543.974,0.6878746187424445,13.63009999931819,12.058299999807787,39.23618440000064,"{""adwin_delta"": 0.002, ""buffer_size"": 1000, ""chunk_size"": 2000, ""detector"": ""ddm"", ""energy_country_iso"": ""USA"", ""eval_block"": 1000, ""floor_drop"": 0.02, ""holdout_frac"": 0.2, ""init_frac"": 0.1, ""init_holdout_frac"": 0.2, ""k"": 3, ""min_buffer"": 100, ""n_ref"": 200, ""probe_rows"": 1000, ""track_energy"": true}"
elec2,rf,MechanismSelector,mechanism_selector,4,40781,3624,accuracy,155,140,5,0,135,107,79,15,0,102,28,0,0,0,0,0,0,2819650,13640,39701,13640,22.751004199995805,0.00016020466972188713,362400,0.529,0.7488781540423236,0.5577636183214081,0.745476225146803,trees,100,100,67134,2328,node_visits,790.804,391.462,0.4950177287924694,12.595600000167906,10.928499999863561,30.479689200000394,"{""adwin_delta"": 0.002, ""buffer_size"": 1000, ""chunk_size"": 2000, ""detector"": ""ddm"", ""energy_country_iso"": ""USA"", ""eval_block"": 1000, ""floor_drop"": 0.02, ""holdout_frac"": 0.2, ""init_frac"": 0.1, ""init_holdout_frac"": 0.2, ""k"": 3, ""min_buffer"": 100, ""n_ref"": 200, ""probe_rows"": 1000, ""track_energy"": true}"
elec2,rf,FixedSchedule(k=3),fixed_schedule,4,40781,3624,accuracy,133,126,0,84,42,0,54,7,0,78,84,,0,0,0,0,0,1267205,4620,27512,4620,8.056283900005837,7.406179750033166e-05,362400,0.771,0.7424045511390108,0.7776213184632258,0.7344727793300714,trees,100,100,67134,3202,node_visits,790.804,458.375,0.5796316154192442,15.615600000273844,13.700700000299548,15.619193100000302,"{""adwin_delta"": 0.002, ""buffer_size"": 1000, ""chunk_size"": 2000, ""detector"": ""ddm"", ""energy_country_iso"": ""USA"", ""eval_block"": 1000, ""floor_drop"": 0.02, ""holdout_frac"": 0.2, ""init_frac"": 0.1, ""init_holdout_frac"": 0.2, ""k"": 3, ""min_buffer"": 100, ""n_ref"": 200, ""probe_rows"": 1000, ""track_energy"": true}"
elec2,rf,AlwaysNudge,always_nudge,4,40781,3624,accuracy,109,103,0,103,0,0,37,6,0,57,103,,0,0,0,0,0,120980,515,24196,515,0.9963159999979325,3.109893527777971e-05,362400,0.744,0.7540766533434687,0.7426148302003528,0.7425950582923185,trees,100,100,67134,3544,node_visits,790.804,445.635,0.5635214288243358,14.071700000386045,11.104299999715295,7.507107899999937,"{""adwin_delta"": 0.002, ""buffer_size"": 1000, ""chunk_size"": 2000, ""detector"": ""ddm"", ""energy_country_iso"": ""USA"", ""eval_block"": 1000, ""floor_drop"": 0.02, ""holdout_frac"": 0.2, ""init_frac"": 0.1, ""init_holdout_frac"": 0.2, ""k"": 3, ""min_buffer"": 100, ""n_ref"": 200, ""probe_rows"": 1000, ""track_energy"": true}"
elec2,rf,NeverAdapt,never_adapt,4,40781,3624,accuracy,163,148,148,0,0,0,58,15,0,91,0,,0,0,0,0,0,0,0,0,0,0.0,2.4692128055888145e-05,362400,0.72,0.7075598930874673,0.7020702178690376,0.6665542007089621,trees,100,100,67134,67134,node_visits,790.804,790.804,1.0,14.110400000390655,12.958700000126555,6.309467400000358,"{""adwin_delta"": 0.002, ""buffer_size"": 1000, ""chunk_size"": 2000, ""detector"": ""ddm"", ""energy_country_iso"": ""USA"", ""eval_block"": 1000, ""floor_drop"": 0.02, ""holdout_frac"": 0.2, ""init_frac"": 0.1, ""init_holdout_frac"": 0.2, ""k"": 3, ""min_buffer"": 100, ""n_ref"": 200, ""probe_rows"": 1000, ""track_energy"": true}"
elec2,sgd,AlwaysRebuild,always_rebuild,4,40781,3624,accuracy,88,82,0,0,82,0,38,6,0,54,0,,0,0,0,0,0,981781,0,20451,2958,0.20296189999589842,3.0149558336665625e-06,217440,0.685,0.6019960275618548,0.6746728750436903,0.5865714843251424,params,9,9,,,params_read,9.0,9.0,1.0,0.16980000054900302,0.17589999970368808,2.043558100000155,"{""adwin_delta"": 0.002, ""buffer_size"": 1000, ""chunk_size"": 2000, ""detector"": ""ddm"", ""energy_country_iso"": ""USA"", ""eval_block"": 1000, ""floor_drop"": 0.02, ""holdout_frac"": 0.2, ""init_frac"": 0.1, ""init_holdout_frac"": 0.2, ""k"": 3, ""min_buffer"": 100, ""n_ref"": 200, ""probe_rows"": 1000, ""track_energy"": true}"
elec2,sgd,MechanismSelector,mechanism_selector,4,40781,3624,accuracy,152,143,2,19,122,106,70,9,0,101,35,19,0,0,0,0,0,795296,0,32579,4126,0.2629700000061348,3.823335833332076e-06,217440,0.682,0.6030994826021921,0.6635062331516084,0.5872896567624798,params,9,9,,,params_read,9.0,9.0,1.0,0.20729999960167333,0.16400000004068715,2.236474100000123,"{""adwin_delta"": 0.002, ""buffer_size"": 1000, ""chunk_size"": 2000, ""detector"": ""ddm"", ""energy_country_iso"": ""USA"", ""eval_block"": 1000, ""floor_drop"": 0.02, ""holdout_frac"": 0.2, ""init_frac"": 0.1, ""init_holdout_frac"": 0.2, ""k"": 3, ""min_buffer"": 100, ""n_ref"": 200, ""probe_rows"": 1000, ""track_energy"": true}"
elec2,sgd,FixedSchedule(k=3),fixed_schedule,4,40781,3624,accuracy,114,103,0,69,34,0,51,11,0,67,69,,0,0,0,0,0,315368,0,20996,1322,0.15959659999680298,3.4313511111120846e-06,217440,0.621,0.6437556705328462,0.6015101783368353,0.6378565333842696,params,9,9,,,params_read,9.0,9.0,1.0,0.34669999968173215,0.22360000002663583,2.0791959999996834,"{""adwin_delta"": 0.002, ""buffer_size"": 1000, ""chunk_size"": 2000, ""detector"": ""ddm"", ""energy_country_iso"": ""USA"", ""eval_block"": 1000, ""floor_drop"": 0.02, ""holdout_frac"": 0.2, ""init_frac"": 0.1, ""init_holdout_frac"": 0.2, ""k"": 3, ""min_buffer"": 100, ""n_ref"": 200, ""probe_rows"": 1000, ""track_energy"": true}"
elec2,sgd,AlwaysNudge,always_nudge,4,40781,3624,accuracy,138,130,0,130,0,0,58,8,0,84,130,,0,0,0,0,0,26693,0,26693,130,0.1356547999957911,3.127044167332947e-06,217440,0.698,0.71491626002305,0.6822277842280976,0.6959760906332484,params,9,9,,,params_read,9.0,9.0,1.0,0.16619999951217324,0.3208999996786588,2.114579899999626,"{""adwin_delta"": 0.002, ""buffer_size"": 1000, ""chunk_size"": 2000, ""detector"": ""ddm"", ""energy_country_iso"": ""USA"", ""eval_block"": 1000, ""floor_drop"": 0.02, ""holdout_frac"": 0.2, ""init_frac"": 0.1, ""init_holdout_frac"": 0.2, ""k"": 3, ""min_buffer"": 100, ""n_ref"": 200, ""probe_rows"": 1000, ""track_energy"": true}"
elec2,sgd,NeverAdapt,never_adapt,4,40781,3624,accuracy,131,118,118,0,0,0,47,13,0,75,0,,0,0,0,0,0,0,0,0,0,0.0,1.7390755555572345e-06,217440,0.629,0.6646967950761384,0.6027837259100642,0.6103689267596786,params,9,9,,,params_read,9.0,9.0,1.0,0.2168000000892789,0.20570000015140977,1.7942060000004858,"{""adwin_delta"": 0.002, ""buffer_size"": 1000, ""chunk_size"": 2000, ""detector"": ""ddm"", ""energy_country_iso"": ""USA"", ""eval_block"": 1000, ""floor_drop"": 0.02, ""holdout_frac"": 0.2, ""init_frac"": 0.1, ""init_holdout_frac"": 0.2, ""k"": 3, ""min_buffer"": 100, ""n_ref"": 200, ""probe_rows"": 1000, ""track_energy"": true}"
elec2,gnb,AlwaysRebuild,always_rebuild,4,40781,3624,accuracy,212,193,0,0,193,0,99,19,0,137,0,,0,0,0,0,0,39035,0,39035,193,0.22275190000164002,5.897475277776028e-06,3624,0.696,0.7101101002918025,0.6995753502255826,0.7022823494045098,params,34,34,,,params_read,34.0,34.0,1.0,0.8423999997830833,0.5645000001095468,2.4774491999996826,"{""adwin_delta"": 0.002, ""buffer_size"": 1000, ""chunk_size"": 2000, ""detector"": ""ddm"", ""energy_country_iso"": ""USA"", ""eval_block"": 1000, ""floor_drop"": 0.02, ""holdout_frac"": 0.2, ""init_frac"": 0.1, ""init_holdout_frac"": 0.2, ""k"": 3, ""min_buffer"": 100, ""n_ref"": 200, ""probe_rows"": 1000, ""track_energy"": true}"
elec2,gnb,MechanismSelector,mechanism_selector,4,40781,3624,accuracy,197,180,1,18,161,134,85,17,0,124,45,18,0,0,0,0,0,42269,0,42269,206,0.20166199999766832,4.518267499666219e-06,3624,0.733,0.706946862509502,0.7365383611009557,0.7011246350128466,params,34,34,,,params_read,34.0,34.0,1.0,0.3037000005861046,0.3558000007615192,2.4045188999998572,"{""adwin_delta"": 0.002, ""buffer_size"": 1000, ""chunk_size"": 2000, ""detector"": ""ddm"", ""energy_country_iso"": ""USA"", ""eval_block"": 1000, ""floor_drop"": 0.02, ""holdout_frac"": 0.2, ""init_frac"": 0.1, ""init_holdout_frac"": 0.2, ""k"": 3, ""min_buffer"": 100, ""n_ref"": 200, ""probe_rows"": 1000, ""track_energy"": true}"
elec2,gnb,FixedSchedule(k=3),fixed_schedule,4,40781,3624,accuracy,165,151,0,101,50,0,71,14,0,97,101,,0,0,0,0,0,31570,0,31570,151,0.12889770000947465,3.0280591660028598e-06,3624,0.741,0.6972119369314141,0.7382096411970545,0.6920830458093821,params,34,34,,,params_read,34.0,34.0,1.0,0.2961000000141212,0.31149999995250255,2.1441797999996197,"{""adwin_delta"": 0.002, ""buffer_size"": 1000, ""chunk_size"": 2000, ""detector"": ""ddm"", ""energy_country_iso"": ""USA"", ""eval_block"": 1000, ""floor_drop"": 0.02, ""holdout_frac"": 0.2, ""init_frac"": 0.1, ""init_holdout_frac"": 0.2, ""k"": 3, ""min_buffer"": 100, ""n_ref"": 200, ""probe_rows"": 1000, ""track_energy"": true}"
elec2,gnb,AlwaysNudge,always_nudge,4,40781,3624,accuracy,128,119,0,119,0,0,45,9,0,73,119,,0,0,0,0,0,23115,0,23115,119,0.09516409999832831,2.532065277778392e-06,3624,0.774,0.7124886589343077,0.7596209086782022,0.6819382256080204,params,34,34,,,params_read,34.0,34.0,1.0,0.2979000000777887,0.29660000018338906,1.9955506999995123,"{""adwin_delta"": 0.002, ""buffer_size"": 1000, ""chunk_size"": 2000, ""detector"": ""ddm"", ""energy_country_iso"": ""USA"", ""eval_block"": 1000, ""floor_drop"": 0.02, ""holdout_frac"": 0.2, ""init_frac"": 0.1, ""init_holdout_frac"": 0.2, ""k"": 3, ""min_buffer"": 100, ""n_ref"": 200, ""probe_rows"": 1000, ""track_energy"": true}"
elec2,gnb,NeverAdapt,never_adapt,4,40781,3624,accuracy,32,30,30,0,0,0,9,2,0,13,0,,0,0,0,0,0,0,0,0,0,0.0,8.905044447783267e-07,3624,0.467,0.4804933670091464,0.5,0.5380421220500731,params,34,34,,,params_read,34.0,34.0,1.0,0.30449999940174166,0.396599999476166,1.6268159000001106,"{""adwin_delta"": 0.002, ""buffer_size"": 1000, ""chunk_size"": 2000, ""detector"": ""ddm"", ""energy_country_iso"": ""USA"", ""eval_block"": 1000, ""floor_drop"": 0.02, ""holdout_frac"": 0.2, ""init_frac"": 0.1, ""init_holdout_frac"": 0.2, ""k"": 3, ""min_buffer"": 100, ""n_ref"": 200, ""probe_rows"": 1000, ""track_energy"": true}"
insects_abrupt,xgb,AlwaysRebuild,always_rebuild,4,47564,4227,balanced_accuracy,5,5,0,0,5,0,0,0,0,0,0,,2,5,0,0,0,359500,500,3595,500,3.2369498999987627,3.7943254166666974e-05,422700,0.741,0.37778572029265833,0.22536496350364962,0.37226473733517623,rounds,100,100,29416,1940,node_visits,3673.036,928.695,0.2528412463150375,17.666000000645,8.03130000076635,8.632718399999249,"{""adwin_delta"": 0.002, ""buffer_size"": 1000, ""chunk_size"": 2000, ""detector"": ""ddm"", ""energy_country_iso"": ""USA"", ""eval_block"": 1000, ""floor_drop"": 0.02, ""holdout_frac"": 0.2, ""init_frac"": 0.1, ""init_holdout_frac"": 0.2, ""k"": 3, ""min_buffer"": 100, ""n_ref"": 200, ""probe_rows"": 1000, ""track_energy"": true}"
insects_abrupt,xgb,MechanismSelector,mechanism_selector,4,47564,4227,balanced_accuracy,3,3,1,0,2,1,0,0,0,0,1,0,0,0,0,0,0,114000,205,1900,205,1.2373458999991271,2.6564092222889446e-05,422700,0.806,0.3184551341350601,0.2484011122697254,0.3123626956531244,rounds,100,100,29416,9252,node_visits,3673.036,2033.711,0.5536866504983888,17.651500000283704,12.324000000262458,6.657132400000592,"{""adwin_delta"": 0.002, ""buffer_size"": 1000, ""chunk_size"": 2000, ""detector"": ""ddm"", ""energy_country_iso"": ""USA"", ""eval_block"": 1000, ""floor_drop"": 0.02, ""holdout_frac"": 0.2, ""init_frac"": 0.1, ""init_holdout_frac"": 0.2, ""k"": 3, ""min_buffer"": 100, ""n_ref"": 200, ""probe_rows"": 1000, ""track_energy"": true}"
insects_abrupt,xgb,FixedSchedule(k=3),fixed_schedule,4,47564,4227,balanced_accuracy,8,8,0,6,2,0,0,0,0,0,6,,3,6,0,0,0,220400,230,6080,230,3.0857963999987987,3.7225042500002436e-05,422700,0.178,0.49508031284164494,0.6369449513381995,0.4954837597529922,rounds,100,110,29416,16124,node_visits,3673.036,2948.119,0.8026381990266364,18.135999999685737,16.181399999368296,8.873929800000042,"{""adwin_delta"": 0.002, ""buffer_size"": 1000, ""chunk_size"": 2000, ""detector"": ""ddm"", ""energy_country_iso"": ""USA"", ""eval_block"": 1000, ""floor_drop"": 0.02, ""holdout_frac"": 0.2, ""init_frac"": 0.1, ""init_holdout_frac"": 0.2, ""k"": 3, ""min_buffer"": 100, ""n_ref"": 200, ""probe_rows"": 1000, ""track_energy"": true}"
insects_abrupt,xgb,AlwaysNudge,always_nudge,4,47564,4227,balanced_accuracy,11,11,0,11,0,0,1,0,0,2,11,,3,6,0,0,0,33475,55,6695,55,1.7858862000002773,3.440056277810871e-05,422700,0.449,0.5578799091750063,0.6061620177267988,0.5592900569553806,rounds,100,155,29416,39656,node_visits,3673.036,5221.266,1.4215123402003138,17.989200000556593,17.31900000049791,8.297139000000243,"{""adwin_delta"": 0.002, ""buffer_size"": 1000, ""chunk_size"": 2000, ""detector"": ""ddm"", ""energy_country_iso"": ""USA"", ""eval_block"": 1000, ""floor_drop"": 0.02, ""holdout_frac"": 0.2, ""init_frac"": 0.1, ""init_holdout_frac"": 0.2, ""k"": 3, ""min_buffer"": 100, ""n_ref"": 200, ""probe_rows"": 1000, ""track_energy"": true}"
insects_abrupt,xgb,NeverAdapt,never_adapt,4,47564,4227,balanced_accuracy,5,5,5,0,0,0,0,0,0,0,0,,0,0,0,0,0,0,0,0,0,0.0,2.0034335555891922e-05,422700,0.276,0.5618324783449667,0.6358500608272507,0.5689607474919983,rounds,100,100,29416,29416,node_visits,3673.036,3673.036,1.0,17.482100000052014,17.7640000001702,5.61991560000024,"{""adwin_delta"": 0.002, ""buffer_size"": 1000, ""chunk_size"": 2000, ""detector"": ""ddm"", ""energy_country_iso"": ""USA"", ""eval_block"": 1000, ""floor_drop"": 0.02, ""holdout_frac"": 0.2, ""init_frac"": 0.1, ""init_holdout_frac"": 0.2, ""k"": 3, ""min_buffer"": 100, ""n_ref"": 200, ""probe_rows"": 1000, ""track_energy"": true}"
insects_abrupt,rf,AlwaysRebuild,always_rebuild,4,47564,4227,balanced_accuracy,8,8,0,0,8,0,1,0,0,1,0,,5,15,0,0,0,684400,800,6844,800,2.6251995000002353,2.5583099444446017e-05,422700,0.442,0.4748339079976453,0.6457833680917622,0.4715551145479175,trees,100,100,123686,24776,node_visits,1301.64,1028.426,0.7901001813097323,20.59960000042338,16.463900000417198,6.946807000000263,"{""adwin_delta"": 0.002, ""buffer_size"": 1000, ""chunk_size"": 2000, ""detector"": ""ddm"", ""energy_country_iso"": ""USA"", ""eval_block"": 1000, ""floor_drop"": 0.02, ""holdout_frac"": 0.2, ""init_frac"": 0.1, ""init_holdout_frac"": 0.2, ""k"": 3, ""min_buffer"": 100, ""n_ref"": 200, ""probe_rows"": 1000, ""track_energy"": true}"
insects_abrupt,rf,MechanismSelector,mechanism_selector,4,47564,4227,balanced_accuracy,10,10,1,2,7,2,2,0,0,2,7,2,5,27,0,0,0,521375,735,10339,735,2.0649534999975003,2.3962023610775965e-05,422700,0.165,0.4134219157345892,0.6870600886339937,0.4114308658848575,trees,100,100,123686,2822,node_visits,1301.64,508.194,0.39042592421867794,21.398400000180118,12.363800000457559,6.444470299999921,"{""adwin_delta"": 0.002, ""buffer_size"": 1000, ""chunk_size"": 2000, ""detector"": ""ddm"", ""energy_country_iso"": ""USA"", ""eval_block"": 1000, ""floor_drop"": 0.02, ""holdout_frac"": 0.2, ""init_frac"": 0.1, ""init_holdout_frac"": 0.2, ""k"": 3, ""min_buffer"": 100, ""n_ref"": 200, ""probe_rows"": 1000, ""track_energy"": true}"
insects_abrupt,rf,FixedSchedule(k=3),fixed_schedule,4,47564,4227,balanced_accuracy,3,3,0,2,1,0,0,0,0,0,2,,2,7,0,0,0,108000,110,2600,110,0.4364523000003828,1.5721334722554653e-05,422700,0.482,0.5624211588596417,0.7368363312478277,0.569690967945625,trees,100,100,123686,25594,node_visits,1301.64,1043.031,0.8013206416520696,21.0518999992928,17.411400000128197,4.9322227000002385,"{""adwin_delta"": 0.002, ""buffer_size"": 1000, ""chunk_size"": 2000, ""detector"": ""ddm"", ""energy_country_iso"": ""USA"", ""eval_block"": 1000, ""floor_drop"": 0.02, ""holdout_frac"": 0.2, ""init_frac"": 0.1, ""init_holdout_frac"": 0.2, ""k"": 3, ""min_buffer"": 100, ""n_ref"": 200, ""probe_rows"": 1000, ""track_energy"": true}"
insects_abrupt,rf,AlwaysNudge,always_nudge,4,47564,4227,balanced_accuracy,3,3,0,3,0,0,0,0,0,0,3,,2,7,0,0,0,12000,15,2400,15,0.04634800000076211,1.3749915555890088e-05,422700,0.248,0.5575014717012867,0.6656684480361488,0.5651274294480824,trees,100,100,123686,107510,node_visits,1301.64,1191.251,0.9151923726990565,20.837299999584502,19.81069999965257,4.51017420000062,"{""adwin_delta"": 0.002, ""buffer_size"": 1000, ""chunk_size"": 2000, ""detector"": ""ddm"", ""energy_country_iso"": ""USA"", ""eval_block"": 1000, ""floor_drop"": 0.02, ""holdout_frac"": 0.2, ""init_frac"": 0.1, ""init_holdout_frac"": 0.2, ""k"": 3, ""min_buffer"": 100, ""n_ref"": 200, ""probe_rows"": 1000, ""track_energy"": true}"
insects_abrupt,rf,NeverAdapt,never_adapt,4,47564,4227,balanced_accuracy,3,3,3,0,0,0,0,0,0,0,0,,0,0,0,0,0,0,0,0,0,0.0,1.3979076667000266e-05,422700,0.219,0.557438398789,0.6627943604449079,0.5653989674181079,trees,100,100,123686,123686,node_visits,1301.64,1301.64,1.0,21.040399999947113,20.44740000019374,4.476022300000295,"{""adwin_delta"": 0.002, ""buffer_size"": 1000, ""chunk_size"": 2000, ""detector"": ""ddm"", ""energy_country_iso"": ""USA"", ""eval_block"": 1000, ""floor_drop"": 0.02, ""holdout_frac"": 0.2, ""init_frac"": 0.1, ""init_holdout_frac"": 0.2, ""k"": 3, ""min_buffer"": 100, ""n_ref"": 200, ""probe_rows"": 1000, ""track_energy"": true}"
insects_abrupt,sgd,AlwaysRebuild,always_rebuild,4,47564,4227,balanced_accuracy,0,0,0,0,0,0,0,0,0,0,0,,0,0,0,0,0,0,0,0,0,0.0,2.3376397215552587e-06,811584,0.072,0.19823816331679422,0.2986607142857143,0.20201687915438735,params,204,204,,,params_read,204.0,204.0,1.0,0.24470000062137842,0.2466000005370006,1.9836976999995386,"{""adwin_delta"": 0.002, ""buffer_size"": 1000, ""chunk_size"": 2000, ""detector"": ""ddm"", ""energy_country_iso"": ""USA"", ""eval_block"": 1000, ""floor_drop"": 0.02, ""holdout_frac"": 0.2, ""init_frac"": 0.1, ""init_holdout_frac"": 0.2, ""k"": 3, ""min_buffer"": 100, ""n_ref"": 200, ""probe_rows"": 1000, ""track_energy"": true}"
insects_abrupt,sgd,MechanismSelector,mechanism_selector,4,47564,4227,balanced_accuracy,0,0,0,0,0,0,0,0,0,0,0,0,0,0,0,0,0,0,0,0,0,0.0,2.347245277777304e-06,811584,0.072,0.19823816331679422,0.2986607142857143,0.20201687915438735,params,204,204,,,params_read,204.0,204.0,1.0,0.2610000001368462,0.25120000009337673,1.958909300000414,"{""adwin_delta"": 0.002, ""buffer_size"": 1000, ""chunk_size"": 2000, ""detector"": ""ddm"", ""energy_country_iso"": ""USA"", ""eval_block"": 1000, ""floor_drop"": 0.02, ""holdout_frac"": 0.2, ""init_frac"": 0.1, ""init_holdout_frac"": 0.2, ""k"": 3, ""min_buffer"": 100, ""n_ref"": 200, ""probe_rows"": 1000, ""track_energy"": true}"
insects_abrupt,sgd,FixedSchedule(k=3),fixed_schedule,4,47564,4227,balanced_accuracy,0,0,0,0,0,0,0,0,0,0,0,,0,0,0,0,0,0,0,0,0,0.0,2.502597777445698e-06,811584,0.072,0.19823816331679422,0.2986607142857143,0.20201687915438735,params,204,204,,,params_read,204.0,204.0,1.0,0.2598999999463558,0.25210000057995785,1.985881600000539,"{""adwin_delta"": 0.002, ""buffer_size"": 1000, ""chunk_size"": 2000, ""detector"": ""ddm"", ""energy_country_iso"": ""USA"", ""eval_block"": 1000, ""floor_drop"": 0.02, ""holdout_frac"": 0.2, ""init_frac"": 0.1, ""init_holdout_frac"": 0.2, ""k"": 3, ""min_buffer"": 100, ""n_ref"": 200, ""probe_rows"": 1000, ""track_energy"": true}"
insects_abrupt,sgd,AlwaysNudge,always_nudge,4,47564,4227,balanced_accuracy,0,0,0,0,0,0,0,0,0,0,0,,0,0,0,0,0,0,0,0,0,0.0,2.8638963892237253e-06,811584,0.072,0.19823816331679422,0.2986607142857143,0.20201687915438735,params,204,204,,,params_read,204.0,204.0,1.0,0.6060000005163602,0.3027000002475688,1.992495599999529,"{""adwin_delta"": 0.002, ""buffer_size"": 1000, ""chunk_size"": 2000, ""detector"": ""ddm"", ""energy_country_iso"": ""USA"", ""eval_block"": 1000, ""floor_drop"": 0.02, ""holdout_frac"": 0.2, ""init_frac"": 0.1, ""init_holdout_frac"": 0.2, ""k"": 3, ""min_buffer"": 100, ""n_ref"": 200, ""probe_rows"": 1000, ""track_energy"": true}"
insects_abrupt,sgd,NeverAdapt,never_adapt,4,47564,4227,balanced_accuracy,0,0,0,0,0,0,0,0,0,0,0,,0,0,0,0,0,0,0,0,0,0.0,2.440887778444354e-06,811584,0.072,0.19823816331679422,0.2986607142857143,0.20201687915438735,params,204,204,,,params_read,204.0,204.0,1.0,0.24540000049455557,0.37030000021331944,2.004112499999792,"{""adwin_delta"": 0.002, ""buffer_size"": 1000, ""chunk_size"": 2000, ""detector"": ""ddm"", ""energy_country_iso"": ""USA"", ""eval_block"": 1000, ""floor_drop"": 0.02, ""holdout_frac"": 0.2, ""init_frac"": 0.1, ""init_holdout_frac"": 0.2, ""k"": 3, ""min_buffer"": 100, ""n_ref"": 200, ""probe_rows"": 1000, ""track_energy"": true}"
insects_abrupt,gnb,AlwaysRebuild,always_rebuild,4,47564,4227,balanced_accuracy,8,8,0,0,8,0,1,0,0,0,0,,3,5,0,0,0,7100,0,7100,8,0.01354799999990064,1.1286974993335364e-06,4227,0.339,0.5456647884955008,0.7001574991310393,0.5464635165256614,params,402,402,,,params_read,402.0,402.0,1.0,0.8889999999155407,0.9090000003197929,1.6888248999994175,"{""adwin_delta"": 0.002, ""buffer_size"": 1000, ""chunk_size"": 2000, ""detector"": ""ddm"", ""energy_country_iso"": ""USA"", ""eval_block"": 1000, ""floor_drop"": 0.02, ""holdout_frac"": 0.2, ""init_frac"": 0.1, ""init_holdout_frac"": 0.2, ""k"": 3, ""min_buffer"": 100, ""n_ref"": 200, ""probe_rows"": 1000, ""track_energy"": true}"
insects_abrupt,gnb,MechanismSelector,mechanism_selector,4,47564,4227,balanced_accuracy,7,7,1,1,5,1,1,0,0,0,5,1,1,1,0,0,0,8100,0,8100,10,0.015050299996801186,1.1645869437763942e-06,4227,0.807,0.5355310739214532,0.5741603667014251,0.5354724970163266,params,402,402,,,params_read,402.0,402.0,1.0,0.8817999996608705,1.1190999994141748,1.6827291999998124,"{""adwin_delta"": 0.002, ""buffer_size"": 1000, ""chunk_size"": 2000, ""detector"": ""ddm"", ""energy_country_iso"": ""USA"", ""eval_block"": 1000, ""floor_drop"": 0.02, ""holdout_frac"": 0.2, ""init_frac"": 0.1, ""init_holdout_frac"": 0.2, ""k"": 3, ""min_buffer"": 100, ""n_ref"": 200, ""probe_rows"": 1000, ""track_energy"": true}"
insects_abrupt,gnb,FixedSchedule(k=3),fixed_schedule,4,47564,4227,balanced_accuracy,2,2,0,2,0,0,1,0,0,0,2,,0,0,0,0,0,880,0,880,2,0.001979899999241752,9.232141659978867e-07,4227,0.718,0.4932301740812379,0.6484239224887036,0.4918037053538679,params,402,402,,,params_read,402.0,402.0,1.0,0.9482999994361307,0.9023000002343906,1.646218200000476,"{""adwin_delta"": 0.002, ""buffer_size"": 1000, ""chunk_size"": 2000, ""detector"": ""ddm"", ""energy_country_iso"": ""USA"", ""eval_block"": 1000, ""floor_drop"": 0.02, ""holdout_frac"": 0.2, ""init_frac"": 0.1, ""init_holdout_frac"": 0.2, ""k"": 3, ""min_buffer"": 100, ""n_ref"": 200, ""probe_rows"": 1000, ""track_energy"": true}"
insects_abrupt,gnb,AlwaysNudge,always_nudge,4,47564,4227,balanced_accuracy,2,2,0,2,0,0,1,0,0,0,2,,0,0,0,0,0,880,0,880,2,0.0020078999987163115,9.857494441119372e-07,4227,0.718,0.4932301740812379,0.6484239224887036,0.4918037053538679,params,402,402,,,params_read,402.0,402.0,1.0,1.012300000184041,0.9981999992305646,1.6482246000005034,"{""adwin_delta"": 0.002, ""buffer_size"": 1000, ""chunk_size"": 2000, ""detector"": ""ddm"", ""energy_country_iso"": ""USA"", ""eval_block"": 1000, ""floor_drop"": 0.02, ""holdout_frac"": 0.2, ""init_frac"": 0.1, ""init_holdout_frac"": 0.2, ""k"": 3, ""min_buffer"": 100, ""n_ref"": 200, ""probe_rows"": 1000, ""track_energy"": true}"
insects_abrupt,gnb,NeverAdapt,never_adapt,4,47564,4227,balanced_accuracy,2,2,2,0,0,0,1,0,0,0,0,,0,0,0,0,0,0,0,0,0,0.0,1.0890272225527355e-06,4227,0.701,0.4918425700109326,0.6579531630170317,0.49116669023416265,params,402,402,,,params_read,402.0,402.0,1.0,1.7668999998932122,1.0071999995489023,1.6694707999995444,"{""adwin_delta"": 0.002, ""buffer_size"": 1000, ""chunk_size"": 2000, ""detector"": ""ddm"", ""energy_country_iso"": ""USA"", ""eval_block"": 1000, ""floor_drop"": 0.02, ""holdout_frac"": 0.2, ""init_frac"": 0.1, ""init_holdout_frac"": 0.2, ""k"": 3, ""min_buffer"": 100, ""n_ref"": 200, ""probe_rows"": 1000, ""track_energy"": true}"
insects_gradual,xgb,AlwaysRebuild,always_rebuild,4,21735,1932,balanced_accuracy,11,11,0,0,11,0,2,0,0,5,0,,8,23,1,0,0,563100,1100,5631,1100,4.790947500002403,3.0132245278112778e-05,193200,0.694,0.5645272601794341,0.7313428401663696,0.5572097783705801,rounds,100,100,8232,1844,node_visits,1833.129,1004.235,0.5478256031081282,11.385499999960302,8.30489999952988,7.73545009999998,"{""adwin_delta"": 0.002, ""buffer_size"": 1000, ""chunk_size"": 2000, ""detector"": ""ddm"", ""energy_country_iso"": ""USA"", ""eval_block"": 1000, ""floor_drop"": 0.02, ""holdout_frac"": 0.2, ""init_frac"": 0.1, ""init_holdout_frac"": 0.2, ""k"": 3, ""min_buffer"": 100, ""n_ref"": 200, ""probe_rows"": 1000, ""track_energy"": true}"
insects_gradual,xgb,MechanismSelector,mechanism_selector,4,21735,1932,balanced_accuracy,5,5,0,1,4,1,1,0,0,1,4,1,4,19,1,0,0,311020,420,6040,420,2.114021200000934,1.877700777744536e-05,193200,0.61,0.43648493213710604,0.2636601307189543,0.4367018944653583,rounds,100,100,8232,1546,node_visits,1833.129,931.409,0.5080979025480477,11.54339999993681,7.685900000069523,5.155832599999485,"{""adwin_delta"": 0.002, ""buffer_size"": 1000, ""chunk_size"": 2000, ""detector"": ""ddm"", ""energy_country_iso"": ""USA"", ""eval_block"": 1000, ""floor_drop"": 0.02, ""holdout_frac"": 0.2, ""init_frac"": 0.1, ""init_holdout_frac"": 0.2, ""k"": 3, ""min_buffer"": 100, ""n_ref"": 200, ""probe_rows"": 1000, ""track_energy"": true}"
insects_gradual,xgb,FixedSchedule(k=3),fixed_schedule,4,21735,1932,balanced_accuracy,2,2,0,2,0,0,0,0,0,0,2,,2,4,1,0,0,7420,10,1484,10,0.19914439999956812,1.1065420000331551e-05,193200,0.9,0.267586841499885,0.3333333333333333,0.28021337792175677,rounds,100,110,8232,8786,node_visits,1833.129,1989.59,1.0853518764909615,11.925800000426534,12.076300000444462,3.4320368000007875,"{""adwin_delta"": 0.002, ""buffer_size"": 1000, ""chunk_size"": 2000, ""detector"": ""ddm"", ""energy_country_iso"": ""USA"", ""eval_block"": 1000, ""floor_drop"": 0.02, ""holdout_frac"": 0.2, ""init_frac"": 0.1, ""init_holdout_frac"": 0.2, ""k"": 3, ""min_buffer"": 100, ""n_ref"": 200, ""probe_rows"": 1000, ""track_energy"": true}"
insects_gradual,xgb,AlwaysNudge,always_nudge,4,21735,1932,balanced_accuracy,2,2,0,2,0,0,0,0,0,0,2,,2,4,1,0,0,7420,10,1484,10,0.20914470000025176,1.0793239722224957e-05,193200,0.9,0.267586841499885,0.3333333333333333,0.28021337792175677,rounds,100,110,8232,8786,node_visits,1833.129,1989.59,1.0853518764909615,13.129200000548735,12.783900000613357,3.388535299999603,"{""adwin_delta"": 0.002, ""buffer_size"": 1000, ""chunk_size"": 2000, ""detector"": ""ddm"", ""energy_country_iso"": ""USA"", ""eval_block"": 1000, ""floor_drop"": 0.02, ""holdout_frac"": 0.2, ""init_frac"": 0.1, ""init_holdout_frac"": 0.2, ""k"": 3, ""min_buffer"": 100, ""n_ref"": 200, ""probe_rows"": 1000, ""track_energy"": true}"
insects_gradual,xgb,NeverAdapt,never_adapt,4,21735,1932,balanced_accuracy,4,4,4,0,0,0,0,0,0,0,0,,0,0,1,0,0,0,0,0,0,0.0,8.200691110778407e-06,193200,0.034,0.2782608695652174,0.2335115864527629,0.3060491100450692,rounds,100,100,8232,8232,node_visits,1833.129,1833.129,1.0,12.259699999958684,12.446699999600241,3.1524405000000115,"{""adwin_delta"": 0.002, ""buffer_size"": 1000, ""chunk_size"": 2000, ""detector"": ""ddm"", ""energy_country_iso"": ""USA"", ""eval_block"": 1000, ""floor_drop"": 0.02, ""holdout_frac"": 0.2, ""init_frac"": 0.1, ""init_holdout_frac"": 0.2, ""k"": 3, ""min_buffer"": 100, ""n_ref"": 200, ""probe_rows"": 1000, ""track_energy"": true}"
insects_gradual,rf,AlwaysRebuild,always_rebuild,4,21735,1932,balanced_accuracy,4,4,0,0,4,0,0,0,0,1,0,,4,9,1,0,0,301800,400,3018,400,1.0930960000005143,1.151439222221991e-05,193200,0.695,0.4048309178743961,0.36534363240245593,0.4143052736273299,trees,100,100,26628,6082,node_visits,866.509,587.497,0.6780044985106906,16.5978000004543,13.511299999663606,3.922769900000276,"{""adwin_delta"": 0.002, ""buffer_size"": 1000, ""chunk_size"": 2000, ""detector"": ""ddm"", ""energy_country_iso"": ""USA"", ""eval_block"": 1000, ""floor_drop"": 0.02, ""holdout_frac"": 0.2, ""init_frac"": 0.1, ""init_holdout_frac"": 0.2, ""k"": 3, ""min_buffer"": 100, ""n_ref"": 200, ""probe_rows"": 1000, ""track_energy"": true}"
insects_gradual,rf,MechanismSelector,mechanism_selector,4,21735,1932,balanced_accuracy,7,7,1,0,6,3,1,0,0,3,3,0,5,23,1,0,0,336900,615,5535,615,1.568913899999643,1.4249635555220934e-05,193200,0.687,0.4671267540832758,0.36238066943949293,0.47108371347236094,trees,100,100,26628,5860,node_visits,866.509,597.728,0.689811646503383,15.45440000063536,12.64069999979256,4.539758300000358,"{""adwin_delta"": 0.002, ""buffer_size"": 1000, ""chunk_size"": 2000, ""detector"": ""ddm"", ""energy_country_iso"": ""USA"", ""eval_block"": 1000, ""floor_drop"": 0.02, ""holdout_frac"": 0.2, ""init_frac"": 0.1, ""init_holdout_frac"": 0.2, ""k"": 3, ""min_buffer"": 100, ""n_ref"": 200, ""probe_rows"": 1000, ""track_energy"": true}"
insects_gradual,rf,FixedSchedule(k=3),fixed_schedule,4,21735,1932,balanced_accuracy,6,6,0,4,2,0,0,0,0,1,4,,4,14,1,0,0,131880,220,3633,220,0.634281299999202,9.617076111111584e-06,193200,0.683,0.39365079365079364,0.34217864923747277,0.4021183414048409,trees,100,100,26628,7904,node_visits,866.509,648.579,0.7484965534114475,17.824900000050548,13.873200000489305,3.6367245999999795,"{""adwin_delta"": 0.002, ""buffer_size"": 1000, ""chunk_size"": 2000, ""detector"": ""ddm"", ""energy_country_iso"": ""USA"", ""eval_block"": 1000, ""floor_drop"": 0.02, ""holdout_frac"": 0.2, ""init_frac"": 0.1, ""init_holdout_frac"": 0.2, ""k"": 3, ""min_buffer"": 100, ""n_ref"": 200, ""probe_rows"": 1000, ""track_energy"": true}"
insects_gradual,rf,AlwaysNudge,always_nudge,4,21735,1932,balanced_accuracy,4,4,0,4,0,0,0,0,0,0,4,,3,7,1,0,0,15425,20,3085,20,0.06936899999982415,8.118773332667383e-06,193200,0.031,0.2528180354267311,0.21360665478312538,0.2819785432497255,trees,100,100,26628,24096,node_visits,866.509,850.516,0.9815431807401884,17.374699999891163,15.946599999551836,2.9765565999996397,"{""adwin_delta"": 0.002, ""buffer_size"": 1000, ""chunk_size"": 2000, ""detector"": ""ddm"", ""energy_country_iso"": ""USA"", ""eval_block"": 1000, ""floor_drop"": 0.02, ""holdout_frac"": 0.2, ""init_frac"": 0.1, ""init_holdout_frac"": 0.2, ""k"": 3, ""min_buffer"": 100, ""n_ref"": 200, ""probe_rows"": 1000, ""track_energy"": true}"
insects_gradual,rf,NeverAdapt,never_adapt,4,21735,1932,balanced_accuracy,3,3,3,0,0,0,0,0,0,0,0,,0,0,1,0,0,0,0,0,0,0.0,7.044055555555843e-06,193200,0.033,0.25129974695192087,0.21895424836601307,0.28095676050284135,trees,100,100,26628,26628,node_visits,866.509,866.509,1.0,15.971800000443181,17.93290000023262,2.895386000000144,"{""adwin_delta"": 0.002, ""buffer_size"": 1000, ""chunk_size"": 2000, ""detector"": ""ddm"", ""energy_country_iso"": ""USA"", ""eval_block"": 1000, ""floor_drop"": 0.02, ""holdout_frac"": 0.2, ""init_frac"": 0.1, ""init_holdout_frac"": 0.2, ""k"": 3, ""min_buffer"": 100, ""n_ref"": 200, ""probe_rows"": 1000, ""track_energy"": true}"
insects_gradual,sgd,AlwaysRebuild,always_rebuild,4,21735,1932,balanced_accuracy,5,5,0,0,5,0,1,0,0,1,0,,4,10,1,0,0,2999000,0,3894,4105,0.696007899999131,4.851869722889493e-06,1932000,0.219,0.24228203358638142,0.34459100812041993,0.2573579986720586,params,204,204,,,params_read,204.0,204.0,1.0,0.34669999968173215,0.24219999977503903,2.5379548000000796,"{""adwin_delta"": 0.002, ""buffer_size"": 1000, ""chunk_size"": 2000, ""detector"": ""ddm"", ""energy_country_iso"": ""USA"", ""eval_block"": 1000, ""floor_drop"": 0.02, ""holdout_frac"": 0.2, ""init_frac"": 0.1, ""init_holdout_frac"": 0.2, ""k"": 3, ""min_buffer"": 100, ""n_ref"": 200, ""probe_rows"": 1000, ""track_energy"": true}"
insects_gradual,sgd,MechanismSelector,mechanism_selector,4,21735,1932,balanced_accuracy,3,3,1,0,2,1,1,0,0,1,1,0,1,5,1,0,0,195800,0,1900,1096,0.10952450000058889,2.711817499667425e-06,1932000,0.643,0.23515067862893949,0.37021786492374725,0.23323389226180757,params,204,204,,,params_read,204.0,204.0,1.0,0.28340000062598847,0.4398000000946922,2.0244683000000805,"{""adwin_delta"": 0.002, ""buffer_size"": 1000, ""chunk_size"": 2000, ""detector"": ""ddm"", ""energy_country_iso"": ""USA"", ""eval_block"": 1000, ""floor_drop"": 0.02, ""holdout_frac"": 0.2, ""init_frac"": 0.1, ""init_holdout_frac"": 0.2, ""k"": 3, ""min_buffer"": 100, ""n_ref"": 200, ""probe_rows"": 1000, ""track_energy"": true}"
insects_gradual,sgd,FixedSchedule(k=3),fixed_schedule,4,21735,1932,balanced_accuracy,6,6,0,4,2,0,0,0,0,2,4,,1,3,1,0,0,227485,0,3586,1128,0.1072797000006176,2.1330997228862087e-06,1932000,0.653,0.2777087646652864,0.4022222222222222,0.27976275732835076,params,204,204,,,params_read,204.0,204.0,1.0,0.2567999999882886,0.2403999997113715,1.959208199999921,"{""adwin_delta"": 0.002, ""buffer_size"": 1000, ""chunk_size"": 2000, ""detector"": ""ddm"", ""energy_country_iso"": ""USA"", ""eval_block"": 1000, ""floor_drop"": 0.02, ""holdout_frac"": 0.2, ""init_frac"": 0.1, ""init_holdout_frac"": 0.2, ""k"": 3, ""min_buffer"": 100, ""n_ref"": 200, ""probe_rows"": 1000, ""track_energy"": true}"
insects_gradual,sgd,AlwaysNudge,always_nudge,4,21735,1932,balanced_accuracy,6,6,0,6,0,0,0,0,0,1,6,,0,0,1,0,0,3518,0,3518,6,0.029166600000280596,2.1413861111096193e-06,1932000,0.571,0.20432482171612606,0.3103505644682115,0.20032777827968537,params,204,204,,,params_read,204.0,204.0,1.0,0.30729999980394496,0.3388999994058395,1.8576439000007667,"{""adwin_delta"": 0.002, ""buffer_size"": 1000, ""chunk_size"": 2000, ""detector"": ""ddm"", ""energy_country_iso"": ""USA"", ""eval_block"": 1000, ""floor_drop"": 0.02, ""holdout_frac"": 0.2, ""init_frac"": 0.1, ""init_holdout_frac"": 0.2, ""k"": 3, ""min_buffer"": 100, ""n_ref"": 200, ""probe_rows"": 1000, ""track_energy"": true}"
insects_gradual,sgd,NeverAdapt,never_adapt,4,21735,1932,balanced_accuracy,2,2,2,0,0,0,0,0,0,0,0,,0,0,1,0,0,0,0,0,0,0.0,1.959996943778234e-06,1932000,0.016,0.20630319760754542,0.13799564270152506,0.20707619514040584,params,204,204,,,params_read,204.0,204.0,1.0,0.2486000003045774,0.242400000388443,1.8522156999997605,"{""adwin_delta"": 0.002, ""buffer_size"": 1000, ""chunk_size"": 2000, ""detector"": ""ddm"", ""energy_country_iso"": ""USA"", ""eval_block"": 1000, ""floor_drop"": 0.02, ""holdout_frac"": 0.2, ""init_frac"": 0.1, ""init_holdout_frac"": 0.2, ""k"": 3, ""min_buffer"": 100, ""n_ref"": 200, ""probe_rows"": 1000, ""track_energy"": true}"
insects_gradual,gnb,AlwaysRebuild,always_rebuild,4,21735,1932,balanced_accuracy,4,4,0,0,4,0,1,0,0,1,0,,3,8,1,0,0,3100,0,3100,4,0.007946300000185147,6.257405558920416e-07,1932,0.728,0.5312169312169313,0.30736383442265797,0.5098630147242768,params,402,402,,,params_read,402.0,402.0,1.0,0.8974000002126559,0.8972999994512065,1.6049042000004192,"{""adwin_delta"": 0.002, ""buffer_size"": 1000, ""chunk_size"": 2000, ""detector"": ""ddm"", ""energy_country_iso"": ""USA"", ""eval_block"": 1000, ""floor_drop"": 0.02, ""holdout_frac"": 0.2, ""init_frac"": 0.1, ""init_holdout_frac"": 0.2, ""k"": 3, ""min_buffer"": 100, ""n_ref"": 200, ""probe_rows"": 1000, ""track_energy"": true}"
insects_gradual,gnb,MechanismSelector,mechanism_selector,4,21735,1932,balanced_accuracy,3,3,1,1,1,0,0,0,0,0,2,1,0,0,1,0,0,2600,0,2600,3,0.003784799999266397,6.375858333322891e-07,1932,0.727,0.537888198757764,0.367688651218063,0.5210053495845771,params,402,402,,,params_read,402.0,402.0,1.0,0.9052000004885485,1.0169999995923718,1.5539136000006692,"{""adwin_delta"": 0.002, ""buffer_size"": 1000, ""chunk_size"": 2000, ""detector"": ""ddm"", ""energy_country_iso"": ""USA"", ""eval_block"": 1000, ""floor_drop"": 0.02, ""holdout_frac"": 0.2, ""init_frac"": 0.1, ""init_holdout_frac"": 0.2, ""k"": 3, ""min_buffer"": 100, ""n_ref"": 200, ""probe_rows"": 1000, ""track_energy"": true}"
insects_gradual,gnb,FixedSchedule(k=3),fixed_schedule,4,21735,1932,balanced_accuracy,3,3,0,2,1,0,0,0,0,0,2,,0,0,1,0,0,2600,0,2600,3,0.004051599999002065,5.362102777765219e-07,1932,0.722,0.5494824016563147,0.34718954248366013,0.5308104807568178,params,402,402,,,params_read,402.0,402.0,1.0,0.8897999996406725,0.8819000004223199,1.5450173999997787,"{""adwin_delta"": 0.002, ""buffer_size"": 1000, ""chunk_size"": 2000, ""detector"": ""ddm"", ""energy_country_iso"": ""USA"", ""eval_block"": 1000, ""floor_drop"": 0.02, ""holdout_frac"": 0.2, ""init_frac"": 0.1, ""init_holdout_frac"": 0.2, ""k"": 3, ""min_buffer"": 100, ""n_ref"": 200, ""probe_rows"": 1000, ""track_energy"": true}"
insects_gradual,gnb,AlwaysNudge,always_nudge,4,21735,1932,balanced_accuracy,3,3,0,3,0,0,0,0,0,0,3,,0,0,1,0,0,2400,0,2400,3,0.0037542999989454984,5.460394444441694e-07,1932,0.119,0.4311019093627789,0.09555555555555555,0.42001219855646826,params,402,402,,,params_read,402.0,402.0,1.0,0.9910999997373438,0.9931000004144153,1.5845531000004485,"{""adwin_delta"": 0.002, ""buffer_size"": 1000, ""chunk_size"": 2000, ""detector"": ""ddm"", ""energy_country_iso"": ""USA"", ""eval_block"": 1000, ""floor_drop"": 0.02, ""holdout_frac"": 0.2, ""init_frac"": 0.1, ""init_holdout_frac"": 0.2, ""k"": 3, ""min_buffer"": 100, ""n_ref"": 200, ""probe_rows"": 1000, ""track_energy"": true}"
insects_gradual,gnb,NeverAdapt,never_adapt,4,21735,1932,balanced_accuracy,3,3,3,0,0,0,0,0,0,0,0,,0,0,1,0,0,0,0,0,0,0.0,5.054338882215139e-07,1932,0.027,0.34156889809063723,0.09438898791839968,0.3418107321216655,params,402,402,,,params_read,402.0,402.0,1.0,0.8907000001272536,0.9896999999909895,1.5569353000000774,"{""adwin_delta"": 0.002, ""buffer_size"": 1000, ""chunk_size"": 2000, ""detector"": ""ddm"", ""energy_country_iso"": ""USA"", ""eval_block"": 1000, ""floor_drop"": 0.02, ""holdout_frac"": 0.2, ""init_frac"": 0.1, ""init_holdout_frac"": 0.2, ""k"": 3, ""min_buffer"": 100, ""n_ref"": 200, ""probe_rows"": 1000, ""track_energy"": true}"
insects_incremental,xgb,AlwaysRebuild,always_rebuild,4,51317,4560,balanced_accuracy,7,7,0,0,7,0,0,0,0,2,0,,0,0,0,0,0,424300,700,4243,700,6.040086800001518,4.987983472155189e-05,456000,0.525,0.5342479100493014,0.5233065839813894,0.5342548892116902,rounds,100,100,36642,3132,node_visits,3853.825,1393.613,0.3616181326344606,17.528400000628608,8.445700000265788,11.85972479999964,"{""adwin_delta"": 0.002, ""buffer_size"": 1000, ""chunk_size"": 2000, ""detector"": ""ddm"", ""energy_country_iso"": ""USA"", ""eval_block"": 1000, ""floor_drop"": 0.02, ""holdout_frac"": 0.2, ""init_frac"": 0.1, ""init_holdout_frac"": 0.2, ""k"": 3, ""min_buffer"": 100, ""n_ref"": 200, ""probe_rows"": 1000, ""track_energy"": true}"
insects_incremental,xgb,MechanismSelector,mechanism_selector,4,51317,4560,balanced_accuracy,3,3,0,2,1,0,0,0,0,0,3,2,0,0,0,0,0,82980,115,2897,115,1.6658626000007644,3.1329316111442494e-05,456000,0.379,0.4734103708322778,0.3772701053406002,0.47341511147138454,rounds,100,110,36642,16040,node_visits,3853.825,3046.805,0.7905924633318846,18.006399999649148,15.960699999595818,7.803815199999917,"{""adwin_delta"": 0.002, ""buffer_size"": 1000, ""chunk_size"": 2000, ""detector"": ""ddm"", ""energy_country_iso"": ""USA"", ""eval_block"": 1000, ""floor_drop"": 0.02, ""holdout_frac"": 0.2, ""init_frac"": 0.1, ""init_holdout_frac"": 0.2, ""k"": 3, ""min_buffer"": 100, ""n_ref"": 200, ""probe_rows"": 1000, ""track_energy"": true}"
insects_incremental,xgb,FixedSchedule(k=3),fixed_schedule,4,51317,4560,balanced_accuracy,3,3,0,2,1,0,0,0,0,0,2,,0,0,0,0,0,106880,110,2376,110,1.7937941000000137,3.3332738056222555e-05,456000,0.523,0.4800553422842333,0.5219290550408444,0.4800541692072029,rounds,100,100,36642,15382,node_visits,3853.825,2815.15,0.7304820535442061,17.059700000572775,15.592900000228838,8.20345290000023,"{""adwin_delta"": 0.002, ""buffer_size"": 1000, ""chunk_size"": 2000, ""detector"": ""ddm"", ""energy_country_iso"": ""USA"", ""eval_block"": 1000, ""floor_drop"": 0.02, ""holdout_frac"": 0.2, ""init_frac"": 0.1, ""init_holdout_frac"": 0.2, ""k"": 3, ""min_buffer"": 100, ""n_ref"": 200, ""probe_rows"": 1000, ""track_energy"": true}"
insects_incremental,xgb,AlwaysNudge,always_nudge,4,51317,4560,balanced_accuracy,4,4,0,4,0,0,1,0,0,1,4,,0,0,0,0,0,11280,20,2256,20,0.6997201999993194,2.903084916666562e-05,456000,0.421,0.4380809478340511,0.4193220572220357,0.43808154360300006,rounds,100,120,36642,41352,node_visits,3853.825,4493.594,1.166008835377839,18.45210000010411,17.246200000045064,7.479073900000003,"{""adwin_delta"": 0.002, ""buffer_size"": 1000, ""chunk_size"": 2000, ""detector"": ""ddm"", ""energy_country_iso"": ""USA"", ""eval_block"": 1000, ""floor_drop"": 0.02, ""holdout_frac"": 0.2, ""init_frac"": 0.1, ""init_holdout_frac"": 0.2, ""k"": 3, ""min_buffer"": 100, ""n_ref"": 200, ""probe_rows"": 1000, ""track_energy"": true}"
insects_incremental,xgb,NeverAdapt,never_adapt,4,51317,4560,balanced_accuracy,3,3,3,0,0,0,0,0,0,0,0,,0,0,0,0,0,0,0,0,0,0.0,2.3954778888887593e-05,456000,0.12,0.22012198686595086,0.1199112905812767,0.22011747061026066,rounds,100,100,36642,36642,node_visits,3853.825,3853.825,1.0,17.72140000048239,18.342999999731546,6.4361934999997175,"{""adwin_delta"": 0.002, ""buffer_size"": 1000, ""chunk_size"": 2000, ""detector"": ""ddm"", ""energy_country_iso"": ""USA"", ""eval_block"": 1000, ""floor_drop"": 0.02, ""holdout_frac"": 0.2, ""init_frac"": 0.1, ""init_holdout_frac"": 0.2, ""k"": 3, ""min_buffer"": 100, ""n_ref"": 200, ""probe_rows"": 1000, ""track_energy"": true}"
insects_incremental,rf,AlwaysRebuild,always_rebuild,4,51317,4560,balanced_accuracy,9,9,0,0,9,0,0,0,0,1,0,,0,0,0,0,0,762500,900,7625,900,3.3684806000001117,3.6594900833000224e-05,456000,0.681,0.6220160960305552,0.6799736607496051,0.6220186322112187,trees,100,100,189946,37296,node_visits,1247.098,1000.946,0.802620162970352,87.25709999998799,19.37259999976959,8.478920600000492,"{""adwin_delta"": 0.002, ""buffer_size"": 1000, ""chunk_size"": 2000, ""detector"": ""ddm"", ""energy_country_iso"": ""USA"", ""eval_block"": 1000, ""floor_drop"": 0.02, ""holdout_frac"": 0.2, ""init_frac"": 0.1, ""init_holdout_frac"": 0.2, ""k"": 3, ""min_buffer"": 100, ""n_ref"": 200, ""probe_rows"": 1000, ""track_energy"": true}"
insects_incremental,rf,MechanismSelector,mechanism_selector,4,51317,4560,balanced_accuracy,4,4,0,1,3,0,0,0,0,0,4,1,0,0,0,0,0,303725,320,5987,320,1.3400811000010435,2.2452064444111432e-05,456000,0.46,0.5706880760761541,0.45886202794299785,0.5706896165313091,trees,100,100,189946,40594,node_visits,1247.098,983.468,0.7886052258924319,30.18679999968299,18.845499999770254,6.122022500000639,"{""adwin_delta"": 0.002, ""buffer_size"": 1000, ""chunk_size"": 2000, ""detector"": ""ddm"", ""energy_country_iso"": ""USA"", ""eval_block"": 1000, ""floor_drop"": 0.02, ""holdout_frac"": 0.2, ""init_frac"": 0.1, ""init_holdout_frac"": 0.2, ""k"": 3, ""min_buffer"": 100, ""n_ref"": 200, ""probe_rows"": 1000, ""track_energy"": true}"
insects_incremental,rf,FixedSchedule(k=3),fixed_schedule,4,51317,4560,balanced_accuracy,4,4,0,3,1,0,0,0,0,0,3,,0,0,0,0,0,111525,115,3305,115,0.46562060000087513,1.6993750555555876e-05,456000,0.526,0.480172262603036,0.5243744649208472,0.4801702142204178,trees,100,100,189946,39028,node_visits,1247.098,982.522,0.7878466648170394,23.56899999995221,17.412499999409192,5.250995500000499,"{""adwin_delta"": 0.002, ""buffer_size"": 1000, ""chunk_size"": 2000, ""detector"": ""ddm"", ""energy_country_iso"": ""USA"", ""eval_block"": 1000, ""floor_drop"": 0.02, ""holdout_frac"": 0.2, ""init_frac"": 0.1, ""init_holdout_frac"": 0.2, ""k"": 3, ""min_buffer"": 100, ""n_ref"": 200, ""probe_rows"": 1000, ""track_energy"": true}"
insects_incremental,rf,AlwaysNudge,always_nudge,4,51317,4560,balanced_accuracy,4,4,0,4,0,0,0,0,0,0,4,,0,0,0,0,0,15525,20,3105,20,0.0801365999996051,1.6547377499335027e-05,456000,0.153,0.24709160706978195,0.15260037815039892,0.24708535180336888,trees,100,100,189946,158454,node_visits,1247.098,1189.445,0.9537702730659499,24.79719999973895,22.745099999156082,5.001140500000474,"{""adwin_delta"": 0.002, ""buffer_size"": 1000, ""chunk_size"": 2000, ""detector"": ""ddm"", ""energy_country_iso"": ""USA"", ""eval_block"": 1000, ""floor_drop"": 0.02, ""holdout_frac"": 0.2, ""init_frac"": 0.1, ""init_holdout_frac"": 0.2, ""k"": 3, ""min_buffer"": 100, ""n_ref"": 200, ""probe_rows"": 1000, ""track_energy"": true}"
insects_incremental,rf,NeverAdapt,never_adapt,4,51317,4560,balanced_accuracy,2,2,2,0,0,0,0,0,0,0,0,,0,0,0,0,0,0,0,0,0,0.0,1.5680371111112996e-05,456000,0.114,0.21597131554845372,0.11363090397623972,0.21596726530061996,trees,100,100,189946,189946,node_visits,1247.098,1247.098,1.0,23.836200000005192,24.194700000407465,4.8210705999999846,"{""adwin_delta"": 0.002, ""buffer_size"": 1000, ""chunk_size"": 2000, ""detector"": ""ddm"", ""energy_country_iso"": ""USA"", ""eval_block"": 1000, ""floor_drop"": 0.02, ""holdout_frac"": 0.2, ""init_frac"": 0.1, ""init_holdout_frac"": 0.2, ""k"": 3, ""min_buffer"": 100, ""n_ref"": 200, ""probe_rows"": 1000, ""track_energy"": true}"
insects_incremental,sgd,AlwaysRebuild,always_rebuild,4,51317,4560,balanced_accuracy,1,1,0,0,1,0,0,0,0,0,0,,0,0,0,0,0,134000,0,1000,134,0.05646510000042326,3.1284163882218546e-06,738720,0.154,0.19589999415398407,0.15731726730587903,0.19587065740490392,params,204,204,,,params_read,204.0,204.0,1.0,0.8125000003929017,0.2347999998164596,2.0804754999999204,"{""adwin_delta"": 0.002, ""buffer_size"": 1000, ""chunk_size"": 2000, ""detector"": ""ddm"", ""energy_country_iso"": ""USA"", ""eval_block"": 1000, ""floor_drop"": 0.02, ""holdout_frac"": 0.2, ""init_frac"": 0.1, ""init_holdout_frac"": 0.2, ""k"": 3, ""min_buffer"": 100, ""n_ref"": 200, ""probe_rows"": 1000, ""track_energy"": true}"
insects_incremental,sgd,MechanismSelector,mechanism_selector,4,51317,4560,balanced_accuracy,1,1,0,1,0,0,0,0,0,0,1,1,0,0,0,0,0,800,0,800,1,0.0037109000004420523,2.751723610776417e-06,738720,0.223,0.24173275912465655,0.22328313444436157,0.24173227114814874,params,204,204,,,params_read,204.0,204.0,1.0,0.2629000000524684,0.24869999924703734,2.032097000000249,"{""adwin_delta"": 0.002, ""buffer_size"": 1000, ""chunk_size"": 2000, ""detector"": ""ddm"", ""energy_country_iso"": ""USA"", ""eval_block"": 1000, ""floor_drop"": 0.02, ""holdout_frac"": 0.2, ""init_frac"": 0.1, ""init_holdout_frac"": 0.2, ""k"": 3, ""min_buffer"": 100, ""n_ref"": 200, ""probe_rows"": 1000, ""track_energy"": true}"
insects_incremental,sgd,FixedSchedule(k=3),fixed_schedule,4,51317,4560,balanced_accuracy,1,1,0,1,0,0,0,0,0,0,1,,0,0,0,0,0,800,0,800,1,0.003771799999412906,2.709854722554029e-06,738720,0.223,0.24173275912465655,0.22328313444436157,0.24173227114814874,params,204,204,,,params_read,204.0,204.0,1.0,0.2583999994385522,0.24470000062137842,2.037305500000002,"{""adwin_delta"": 0.002, ""buffer_size"": 1000, ""chunk_size"": 2000, ""detector"": ""ddm"", ""energy_country_iso"": ""USA"", ""eval_block"": 1000, ""floor_drop"": 0.02, ""holdout_frac"": 0.2, ""init_frac"": 0.1, ""init_holdout_frac"": 0.2, ""k"": 3, ""min_buffer"": 100, ""n_ref"": 200, ""probe_rows"": 1000, ""track_energy"": true}"
insects_incremental,sgd,AlwaysNudge,always_nudge,4,51317,4560,balanced_accuracy,1,1,0,1,0,0,0,0,0,0,1,,0,0,0,0,0,800,0,800,1,0.006549000000632077,3.430115000667854e-06,738720,0.223,0.24173275912465655,0.22328313444436157,0.24173227114814874,params,204,204,,,params_read,204.0,204.0,1.0,0.25379999988217605,0.2435000005789334,2.1106191999997463,"{""adwin_delta"": 0.002, ""buffer_size"": 1000, ""chunk_size"": 2000, ""detector"": ""ddm"", ""energy_country_iso"": ""USA"", ""eval_block"": 1000, ""floor_drop"": 0.02, ""holdout_frac"": 0.2, ""init_frac"": 0.1, ""init_holdout_frac"": 0.2, ""k"": 3, ""min_buffer"": 100, ""n_ref"": 200, ""probe_rows"": 1000, ""track_energy"": true}"
insects_incremental,sgd,NeverAdapt,never_adapt,4,51317,4560,balanced_accuracy,1,1,1,0,0,0,0,0,0,0,0,,0,0,0,0,0,0,0,0,0,0.0,2.6589113888894577e-06,738720,0.257,0.26671473390884115,0.25577965984340584,0.26670666006800164,params,204,204,,,params_read,204.0,204.0,1.0,0.24109999958454864,0.23939999937283574,2.0605194999998275,"{""adwin_delta"": 0.002, ""buffer_size"": 1000, ""chunk_size"": 2000, ""detector"": ""ddm"", ""energy_country_iso"": ""USA"", ""eval_block"": 1000, ""floor_drop"": 0.02, ""holdout_frac"": 0.2, ""init_frac"": 0.1, ""init_holdout_frac"": 0.2, ""k"": 3, ""min_buffer"": 100, ""n_ref"": 200, ""probe_rows"": 1000, ""track_energy"": true}"
insects_incremental,gnb,AlwaysRebuild,always_rebuild,4,51317,4560,balanced_accuracy,3,3,0,0,3,0,0,0,0,0,0,,0,0,0,0,0,3000,0,3000,3,0.0053832000003239955,1.0905330552235645e-06,4560,0.424,0.516495508311086,0.4233310353652128,0.5164968594862552,params,402,402,,,params_read,402.0,402.0,1.0,0.8904000005713897,0.8709000003364054,1.6586568000002444,"{""adwin_delta"": 0.002, ""buffer_size"": 1000, ""chunk_size"": 2000, ""detector"": ""ddm"", ""energy_country_iso"": ""USA"", ""eval_block"": 1000, ""floor_drop"": 0.02, ""holdout_frac"": 0.2, ""init_frac"": 0.1, ""init_holdout_frac"": 0.2, ""k"": 3, ""min_buffer"": 100, ""n_ref"": 200, ""probe_rows"": 1000, ""track_energy"": true}"
insects_incremental,gnb,MechanismSelector,mechanism_selector,4,51317,4560,balanced_accuracy,3,3,0,0,3,0,0,0,0,0,3,0,0,0,0,0,0,5400,0,5400,6,0.008283699999992677,1.0927994444438328e-06,4560,0.424,0.516495508311086,0.4233310353652128,0.5164968594862552,params,402,402,,,params_read,402.0,402.0,1.0,0.9060000002136803,0.8738000005905633,1.6795282000002771,"{""adwin_delta"": 0.002, ""buffer_size"": 1000, ""chunk_size"": 2000, ""detector"": ""ddm"", ""energy_country_iso"": ""USA"", ""eval_block"": 1000, ""floor_drop"": 0.02, ""holdout_frac"": 0.2, ""init_frac"": 0.1, ""init_holdout_frac"": 0.2, ""k"": 3, ""min_buffer"": 100, ""n_ref"": 200, ""probe_rows"": 1000, ""track_energy"": true}"
insects_incremental,gnb,FixedSchedule(k=3),fixed_schedule,4,51317,4560,balanced_accuracy,3,3,0,2,1,0,0,0,0,0,2,,0,0,0,0,0,2600,0,2600,3,0.005329400000846363,1.0555097222207817e-06,4560,0.53,0.4031022857922326,0.5296278883913205,0.40309824164043556,params,402,402,,,params_read,402.0,402.0,1.0,0.8513000002494664,0.9075999996639439,1.6810455000004367,"{""adwin_delta"": 0.002, ""buffer_size"": 1000, ""chunk_size"": 2000, ""detector"": ""ddm"", ""energy_country_iso"": ""USA"", ""eval_block"": 1000, ""floor_drop"": 0.02, ""holdout_frac"": 0.2, ""init_frac"": 0.1, ""init_holdout_frac"": 0.2, ""k"": 3, ""min_buffer"": 100, ""n_ref"": 200, ""probe_rows"": 1000, ""track_energy"": true}"
insects_incremental,gnb,AlwaysNudge,always_nudge,4,51317,4560,balanced_accuracy,3,3,0,3,0,0,0,0,0,0,3,,0,0,0,0,0,2400,0,2400,3,0.003968100000747654,1.054599444441848e-06,4560,0.264,0.3008749537190405,0.2631566046867935,0.3008686707044814,params,402,402,,,params_read,402.0,402.0,1.0,0.8610000004409812,0.9190000000671716,1.6734882000000653,"{""adwin_delta"": 0.002, ""buffer_size"": 1000, ""chunk_size"": 2000, ""detector"": ""ddm"", ""energy_country_iso"": ""USA"", ""eval_block"": 1000, ""floor_drop"": 0.02, ""holdout_frac"": 0.2, ""init_frac"": 0.1, ""init_holdout_frac"": 0.2, ""k"": 3, ""min_buffer"": 100, ""n_ref"": 200, ""probe_rows"": 1000, ""track_energy"": true}"
insects_incremental,gnb,NeverAdapt,never_adapt,4,51317,4560,balanced_accuracy,4,4,4,0,0,0,0,0,0,0,0,,0,0,0,0,0,0,0,0,0,0.0,1.0092927777785662e-06,4560,0.143,0.20591616813141844,0.14298921897357636,0.2059100817198126,params,402,402,,,params_read,402.0,402.0,1.0,0.8585999994465965,1.0104999992108787,1.662467000000106,"{""adwin_delta"": 0.002, ""buffer_size"": 1000, ""chunk_size"": 2000, ""detector"": ""ddm"", ""energy_country_iso"": ""USA"", ""eval_block"": 1000, ""floor_drop"": 0.02, ""holdout_frac"": 0.2, ""init_frac"": 0.1, ""init_holdout_frac"": 0.2, ""k"": 3, ""min_buffer"": 100, ""n_ref"": 200, ""probe_rows"": 1000, ""track_energy"": true}"
covtype,xgb,AlwaysRebuild,always_rebuild,4,90000,8000,balanced_accuracy,349,334,0,0,334,0,170,15,0,237,0,,327,1561,0,0,0,6753900,33400,67539,33400,51.603586899999755,0.00029644003333366534,800000,0.897,0.7493,0.54816431886207,0.6227396940596288,rounds,100,100,34130,1364,node_visits,3970.127,933.86,0.2352216944193473,18.66299999983312,8.460400000330992,61.95130169999993,"{""adwin_delta"": 0.002, ""buffer_size"": 1000, ""chunk_size"": 2000, ""detector"": ""ddm"", ""energy_country_iso"": ""USA"", ""eval_block"": 1000, ""floor_drop"": 0.02, ""holdout_frac"": 0.2, ""init_frac"": 0.1, ""init_holdout_frac"": 0.2, ""k"": 3, ""min_buffer"": 100, ""n_ref"": 200, ""probe_rows"": 1000, ""track_energy"": true}"
covtype,xgb,MechanismSelector,mechanism_selector,4,90000,8000,balanced_accuracy,308,301,141,17,143,130,78,7,0,121,30,17,160,845,0,0,0,2130815,14450,30507,14450,22.817517999998927,0.0001560524105548862,800000,0.796,0.6314222222222222,0.3333333333333333,0.41163635362527856,rounds,100,100,34130,700,node_visits,3970.127,700.0,0.1763167777756228,19.27010000053997,8.221699999921839,32.84948700000041,"{""adwin_delta"": 0.002, ""buffer_size"": 1000, ""chunk_size"": 2000, ""detector"": ""ddm"", ""energy_country_iso"": ""USA"", ""eval_block"": 1000, ""floor_drop"": 0.02, ""holdout_frac"": 0.2, ""init_frac"": 0.1, ""init_holdout_frac"": 0.2, ""k"": 3, ""min_buffer"": 100, ""n_ref"": 200, ""probe_rows"": 1000, ""track_energy"": true}"
covtype,xgb,FixedSchedule(k=3),fixed_schedule,4,90000,8000,balanced_accuracy,262,256,0,171,85,0,86,6,0,128,171,,255,1272,0,0,0,2228585,9355,53766,9355,26.18360520000624,0.00022408401638855416,800000,0.82,0.7746888888888889,0.6480911583679522,0.7528455627034736,rounds,100,105,34130,2013,node_visits,3970.127,1106.063,0.2785963773954839,20.45150000049034,9.556200000588433,39.972515499999645,"{""adwin_delta"": 0.002, ""buffer_size"": 1000, ""chunk_size"": 2000, ""detector"": ""ddm"", ""energy_country_iso"": ""USA"", ""eval_block"": 1000, ""floor_drop"": 0.02, ""holdout_frac"": 0.2, ""init_frac"": 0.1, ""init_holdout_frac"": 0.2, ""k"": 3, ""min_buffer"": 100, ""n_ref"": 200, ""probe_rows"": 1000, ""track_energy"": true}"
covtype,xgb,AlwaysNudge,always_nudge,4,90000,8000,balanced_accuracy,179,175,0,175,0,0,60,4,0,103,175,,174,863,0,0,0,149295,875,29859,875,46.14439699999912,0.0005371210180558928,800000,0.836,0.8131444444444444,0.5479416991279583,0.7837031913357733,rounds,100,975,34130,53523,node_visits,3970.127,13345.533,3.361487680368915,17.595400000573136,71.50730000012118,89.00226550000025,"{""adwin_delta"": 0.002, ""buffer_size"": 1000, ""chunk_size"": 2000, ""detector"": ""ddm"", ""energy_country_iso"": ""USA"", ""eval_block"": 1000, ""floor_drop"": 0.02, ""holdout_frac"": 0.2, ""init_frac"": 0.1, ""init_holdout_frac"": 0.2, ""k"": 3, ""min_buffer"": 100, ""n_ref"": 200, ""probe_rows"": 1000, ""track_energy"": true}"
covtype,xgb,NeverAdapt,never_adapt,4,90000,8000,balanced_accuracy,205,194,194,0,0,0,91,11,0,128,0,,0,0,0,0,0,0,0,0,0,0.0,5.563547027744305e-05,800000,0.795,0.8261666666666667,0.7639165120423873,0.8035559438997134,rounds,100,100,34130,34130,node_visits,3970.127,3970.127,1.0,17.70810000016354,17.717100000481878,11.91981290000058,"{""adwin_delta"": 0.002, ""buffer_size"": 1000, ""chunk_size"": 2000, ""detector"": ""ddm"", ""energy_country_iso"": ""USA"", ""eval_block"": 1000, ""floor_drop"": 0.02, ""holdout_frac"": 0.2, ""init_frac"": 0.1, ""init_holdout_frac"": 0.2, ""k"": 3, ""min_buffer"": 100, ""n_ref"": 200, ""probe_rows"": 1000, ""track_energy"": true}"
covtype,rf,AlwaysRebuild,always_rebuild,4,90000,8000,balanced_accuracy,470,451,0,0,451,0,239,19,0,363,0,,450,2239,0,0,0,7654000,45100,76540,45100,79.8646959000016,0.0005104508216669985,800000,0.89,0.7450111111111111,0.555052127669312,0.7350033336160037,trees,100,100,288384,2014,node_visits,1599.646,440.308,0.27525339981470903,18.472200000360317,13.082500000564323,100.64441110000007,"{""adwin_delta"": 0.002, ""buffer_size"": 1000, ""chunk_size"": 2000, ""detector"": ""ddm"", ""energy_country_iso"": ""USA"", ""eval_block"": 1000, ""floor_drop"": 0.02, ""holdout_frac"": 0.2, ""init_frac"": 0.1, ""init_holdout_frac"": 0.2, ""k"": 3, ""min_buffer"": 100, ""n_ref"": 200, ""probe_rows"": 1000, ""track_energy"": true}"
covtype,rf,MechanismSelector,mechanism_selector,4,90000,8000,balanced_accuracy,351,328,118,2,208,184,136,22,1,181,26,2,209,1132,0,0,0,3273125,20930,42274,20930,33.18835570000556,0.00021658931777711056,800000,0.745,0.7236444444444444,0.38073466473664186,0.7347672452667959,trees,100,100,288384,978,node_visits,1599.646,321.181,0.2007825481387757,25.2106999996613,12.552999999570602,47.6874786999997,"{""adwin_delta"": 0.002, ""buffer_size"": 1000, ""chunk_size"": 2000, ""detector"": ""ddm"", ""energy_country_iso"": ""USA"", ""eval_block"": 1000, ""floor_drop"": 0.02, ""holdout_frac"": 0.2, ""init_frac"": 0.1, ""init_holdout_frac"": 0.2, ""k"": 3, ""min_buffer"": 100, ""n_ref"": 200, ""probe_rows"": 1000, ""track_energy"": true}"
covtype,rf,FixedSchedule(k=3),fixed_schedule,4,90000,8000,balanced_accuracy,381,374,0,250,124,0,114,7,0,193,250,,373,1848,0,0,0,3056980,13650,72765,13650,24.74550630000067,0.0002091956397225538,800000,0.75,0.8491888888888889,0.6018725555960914,0.8122240365351274,trees,100,100,288384,5004,node_visits,1599.646,580.87,0.36312409120517913,23.766600000271865,14.37290000012581,44.42300100000011,"{""adwin_delta"": 0.002, ""buffer_size"": 1000, ""chunk_size"": 2000, ""detector"": ""ddm"", ""energy_country_iso"": ""USA"", ""eval_block"": 1000, ""floor_drop"": 0.02, ""holdout_frac"": 0.2, ""init_frac"": 0.1, ""init_holdout_frac"": 0.2, ""k"": 3, ""min_buffer"": 100, ""n_ref"": 200, ""probe_rows"": 1000, ""track_energy"": true}"
covtype,rf,AlwaysNudge,always_nudge,4,90000,8000,balanced_accuracy,430,415,0,415,0,0,128,15,0,240,415,,414,2062,0,0,0,340090,2075,68018,2075,4.443321699985063,0.0001355591883326663,800000,0.806,0.8244888888888889,0.3515482695810565,0.7738435453525554,trees,100,100,288384,2940,node_visits,1599.646,477.955,0.2987879818409823,18.64350000050763,11.722999999619788,26.932443100000455,"{""adwin_delta"": 0.002, ""buffer_size"": 1000, ""chunk_size"": 2000, ""detector"": ""ddm"", ""energy_country_iso"": ""USA"", ""eval_block"": 1000, ""floor_drop"": 0.02, ""holdout_frac"": 0.2, ""init_frac"": 0.1, ""init_holdout_frac"": 0.2, ""k"": 3, ""min_buffer"": 100, ""n_ref"": 200, ""probe_rows"": 1000, ""track_energy"": true}"
covtype,rf,NeverAdapt,never_adapt,4,90000,8000,balanced_accuracy,396,379,379,0,0,0,145,17,0,249,0,,0,0,0,0,0,0,0,0,0,0.0,0.00010061390361044186,800000,0.874,0.8247333333333333,0.8208692434328814,0.8108970078246805,trees,100,100,288384,288384,node_visits,1599.646,1599.646,1.0,21.687399999791523,18.47719999932451,20.06083320000016,"{""adwin_delta"": 0.002, ""buffer_size"": 1000, ""chunk_size"": 2000, ""detector"": ""ddm"", ""energy_country_iso"": ""USA"", ""eval_block"": 1000, ""floor_drop"": 0.02, ""holdout_frac"": 0.2, ""init_frac"": 0.1, ""init_holdout_frac"": 0.2, ""k"": 3, ""min_buffer"": 100, ""n_ref"": 200, ""probe_rows"": 1000, ""track_energy"": true}"
covtype,sgd,AlwaysRebuild,always_rebuild,4,90000,8000,balanced_accuracy,300,293,0,0,293,0,151,7,0,213,0,,288,1413,0,0,0,53781282,0,54748,290204,27.662905600003796,0.00015599340055488318,1592000,0.796,0.6404,0.3333333333333333,0.40631509256978404,params,385,385,,,params_read,385.0,385.0,1.0,0.3490999997666222,0.3099999994446989,32.072326699999394,"{""adwin_delta"": 0.002, ""buffer_size"": 1000, ""chunk_size"": 2000, ""detector"": ""ddm"", ""energy_country_iso"": ""USA"", ""eval_block"": 1000, ""floor_drop"": 0.02, ""holdout_frac"": 0.2, ""init_frac"": 0.1, ""init_holdout_frac"": 0.2, ""k"": 3, ""min_buffer"": 100, ""n_ref"": 200, ""probe_rows"": 1000, ""track_energy"": true}"
covtype,sgd,MechanismSelector,mechanism_selector,4,90000,8000,balanced_accuracy,74,73,11,4,58,53,35,1,0,52,9,4,57,284,0,0,0,7918323,0,13124,57122,4.48692189999565,3.465030722155552e-05,1592000,0.796,0.42486666666666667,0.3333333333333333,0.4647330266995361,params,385,385,,,params_read,385.0,385.0,1.0,0.288899999759451,0.27690000024449546,8.309783200000311,"{""adwin_delta"": 0.002, ""buffer_size"": 1000, ""chunk_size"": 2000, ""detector"": ""ddm"", ""energy_country_iso"": ""USA"", ""eval_block"": 1000, ""floor_drop"": 0.02, ""holdout_frac"": 0.2, ""init_frac"": 0.1, ""init_holdout_frac"": 0.2, ""k"": 3, ""min_buffer"": 100, ""n_ref"": 200, ""probe_rows"": 1000, ""track_energy"": true}"
covtype,sgd,FixedSchedule(k=3),fixed_schedule,4,90000,8000,balanced_accuracy,263,257,0,172,85,0,105,6,0,160,172,,85,413,0,0,0,17934399,0,46305,85172,9.678280400003132,6.549085388889129e-05,1592000,0.624,0.4542111111111111,0.355289654099276,0.2810762801423706,params,385,385,,,params_read,385.0,385.0,1.0,0.3858999998556101,0.32929999997577397,14.027044599999499,"{""adwin_delta"": 0.002, ""buffer_size"": 1000, ""chunk_size"": 2000, ""detector"": ""ddm"", ""energy_country_iso"": ""USA"", ""eval_block"": 1000, ""floor_drop"": 0.02, ""holdout_frac"": 0.2, ""init_frac"": 0.1, ""init_holdout_frac"": 0.2, ""k"": 3, ""min_buffer"": 100, ""n_ref"": 200, ""probe_rows"": 1000, ""track_energy"": true}"
covtype,sgd,AlwaysNudge,always_nudge,4,90000,8000,balanced_accuracy,318,309,0,309,0,0,126,9,0,205,309,,0,0,0,0,0,51261,0,51261,309,1.3469131999981983,2.412498166733085e-05,1592000,0.829,0.7677555555555555,0.4663847470503703,0.5414577491255373,params,385,385,,,params_read,385.0,385.0,1.0,0.3453999997873325,0.27289999979984714,6.140507799999796,"{""adwin_delta"": 0.002, ""buffer_size"": 1000, ""chunk_size"": 2000, ""detector"": ""ddm"", ""energy_country_iso"": ""USA"", ""eval_block"": 1000, ""floor_drop"": 0.02, ""holdout_frac"": 0.2, ""init_frac"": 0.1, ""init_holdout_frac"": 0.2, ""k"": 3, ""min_buffer"": 100, ""n_ref"": 200, ""probe_rows"": 1000, ""track_energy"": true}"
covtype,sgd,NeverAdapt,never_adapt,4,90000,8000,balanced_accuracy,324,323,323,0,0,0,36,1,0,122,0,,0,0,0,0,0,0,0,0,0,0.0,1.2701581944443964e-05,1592000,0.077,0.4885777777777778,0.373616717467117,0.4986618164199403,params,385,385,,,params_read,385.0,385.0,1.0,0.2823000004354981,0.2824000002874527,4.101419099999475,"{""adwin_delta"": 0.002, ""buffer_size"": 1000, ""chunk_size"": 2000, ""detector"": ""ddm"", ""energy_country_iso"": ""USA"", ""eval_block"": 1000, ""floor_drop"": 0.02, ""holdout_frac"": 0.2, ""init_frac"": 0.1, ""init_holdout_frac"": 0.2, ""k"": 3, ""min_buffer"": 100, ""n_ref"": 200, ""probe_rows"": 1000, ""track_energy"": true}"
covtype,gnb,AlwaysRebuild,always_rebuild,4,90000,8000,balanced_accuracy,380,369,0,0,369,0,161,11,0,245,0,,369,1835,0,0,0,72660,0,72660,369,0.7062470999881043,2.140700777777771e-05,8000,0.862,0.7176666666666667,0.8677936259491577,0.6771073672654291,params,763,763,,,params_read,763.0,763.0,1.0,2.0046999998157844,1.5798999993421603,5.483250499999485,"{""adwin_delta"": 0.002, ""buffer_size"": 1000, ""chunk_size"": 2000, ""detector"": ""ddm"", ""energy_country_iso"": ""USA"", ""eval_block"": 1000, ""floor_drop"": 0.02, ""holdout_frac"": 0.2, ""init_frac"": 0.1, ""init_holdout_frac"": 0.2, ""k"": 3, ""min_buffer"": 100, ""n_ref"": 200, ""probe_rows"": 1000, ""track_energy"": true}"
covtype,gnb,MechanismSelector,mechanism_selector,4,90000,8000,balanced_accuracy,290,287,126,7,154,117,69,3,0,104,44,7,154,763,0,0,0,43219,0,43219,198,0.3203306000023076,1.26657777774452e-05,8000,0.819,0.7177777777777777,0.37522768670309653,0.662199336929864,params,763,763,,,params_read,763.0,763.0,1.0,2.108599999701255,1.6623000001345645,4.15320630000042,"{""adwin_delta"": 0.002, ""buffer_size"": 1000, ""chunk_size"": 2000, ""detector"": ""ddm"", ""energy_country_iso"": ""USA"", ""eval_block"": 1000, ""floor_drop"": 0.02, ""holdout_frac"": 0.2, ""init_frac"": 0.1, ""init_holdout_frac"": 0.2, ""k"": 3, ""min_buffer"": 100, ""n_ref"": 200, ""probe_rows"": 1000, ""track_energy"": true}"
covtype,gnb,FixedSchedule(k=3),fixed_schedule,4,90000,8000,balanced_accuracy,300,293,0,196,97,0,86,7,0,153,196,,97,474,0,0,0,55934,0,55934,293,0.41229489999659563,1.4883145833666045e-05,8000,0.856,0.7519333333333333,0.8498268077310831,0.6999145651865307,params,763,763,,,params_read,763.0,763.0,1.0,1.4522000001306878,1.7993000001297332,4.449052199999642,"{""adwin_delta"": 0.002, ""buffer_size"": 1000, ""chunk_size"": 2000, ""detector"": ""ddm"", ""energy_country_iso"": ""USA"", ""eval_block"": 1000, ""floor_drop"": 0.02, ""holdout_frac"": 0.2, ""init_frac"": 0.1, ""init_holdout_frac"": 0.2, ""k"": 3, ""min_buffer"": 100, ""n_ref"": 200, ""probe_rows"": 1000, ""track_energy"": true}"
covtype,gnb,AlwaysNudge,always_nudge,4,90000,8000,balanced_accuracy,407,394,0,394,0,0,138,12,1,218,394,,0,0,0,0,0,64465,0,64465,394,0.383089599982668,1.7455190278110405e-05,8000,0.822,0.6680444444444444,0.5756720762281352,0.6653761843006023,params,763,763,,,params_read,763.0,763.0,1.0,1.3801000004605157,1.352999999653548,5.050147699999798,"{""adwin_delta"": 0.002, ""buffer_size"": 1000, ""chunk_size"": 2000, ""detector"": ""ddm"", ""energy_country_iso"": ""USA"", ""eval_block"": 1000, ""floor_drop"": 0.02, ""holdout_frac"": 0.2, ""init_frac"": 0.1, ""init_holdout_frac"": 0.2, ""k"": 3, ""min_buffer"": 100, ""n_ref"": 200, ""probe_rows"": 1000, ""track_energy"": true}"
covtype,gnb,NeverAdapt,never_adapt,4,90000,8000,balanced_accuracy,397,383,383,0,0,0,160,14,0,273,0,,0,0,0,0,0,0,0,0,0,0.0,1.142188250000169e-05,8000,0.441,0.45614444444444446,0.5074229461122944,0.6509634266193369,params,763,763,,,params_read,763.0,763.0,1.0,1.9253000000389875,1.3849999995727558,3.7743258000000424,"{""adwin_delta"": 0.002, ""buffer_size"": 1000, ""chunk_size"": 2000, ""detector"": ""ddm"", ""energy_country_iso"": ""USA"", ""eval_block"": 1000, ""floor_drop"": 0.02, ""holdout_frac"": 0.2, ""init_frac"": 0.1, ""init_holdout_frac"": 0.2, ""k"": 3, ""min_buffer"": 100, ""n_ref"": 200, ""probe_rows"": 1000, ""track_energy"": true}"
