stream,model,policy_key,confirm_rows,seed,alarm_row,outcome,action,truth,alarm_direction,work_units
agrawal_abrupt_iid,gnb,always_rebuild,200,0,12615,adapted,REBUILD,true,error_up,1000
agrawal_abrupt_iid,gnb,always_rebuild,200,0,25159,adapted,REBUILD,true,error_up,1000
agrawal_abrupt_iid,gnb,always_rebuild,200,0,25415,adapted,REBUILD,true,error_down,256
agrawal_abrupt_iid,gnb,always_rebuild,200,0,37671,adapted,REBUILD,true,error_up,1000
agrawal_abrupt_iid,gnb,always_rebuild,200,1,12615,adapted,REBUILD,true,error_up,1000
agrawal_abrupt_iid,gnb,always_rebuild,200,1,25095,adapted,REBUILD,true,error_up,1000
agrawal_abrupt_iid,gnb,always_rebuild,200,1,25383,adapted,REBUILD,true,error_down,288
agrawal_abrupt_iid,gnb,always_rebuild,200,1,37607,adapted,REBUILD,true,error_up,1000
agrawal_abrupt_iid,gnb,always_rebuild,200,2,12583,adapted,REBUILD,true,error_up,1000
agrawal_abrupt_iid,gnb,always_rebuild,200,2,25063,adapted,REBUILD,true,error_up,1000
agrawal_abrupt_iid,gnb,always_rebuild,200,2,25319,adapted,REBUILD,true,error_down,256
agrawal_abrupt_iid,gnb,always_rebuild,200,2,37575,adapted,REBUILD,true,error_up,1000
agrawal_abrupt_iid,gnb,always_rebuild,200,3,12615,adapted,REBUILD,true,error_up,1000
agrawal_abrupt_iid,gnb,always_rebuild,200,3,25191,adapted,REBUILD,true,error_up,1000
agrawal_abrupt_iid,gnb,always_rebuild,200,3,25447,adapted,REBUILD,true,error_down,256
agrawal_abrupt_iid,gnb,always_rebuild,200,3,37575,adapted,REBUILD,true,error_up,1000
agrawal_abrupt_iid,gnb,always_rebuild,200,4,12743,adapted,REBUILD,true,error_up,1000
agrawal_abrupt_iid,gnb,always_rebuild,200,4,25127,adapted,REBUILD,true,error_up,1000
agrawal_abrupt_iid,gnb,always_rebuild,200,4,25415,adapted,REBUILD,true,error_down,288
agrawal_abrupt_iid,gnb,always_rebuild,200,4,37543,adapted,REBUILD,true,error_up,1000
agrawal_abrupt_iid,gnb,always_rebuild,500,0,12615,adapted,REBUILD,true,error_up,1000
agrawal_abrupt_iid,gnb,always_rebuild,500,0,25159,adapted,REBUILD,true,error_up,1000
agrawal_abrupt_iid,gnb,always_rebuild,500,0,25735,adapted,REBUILD,true,error_down,576
agrawal_abrupt_iid,gnb,always_rebuild,500,0,37671,adapted,REBUILD,true,error_up,1000
agrawal_abrupt_iid,gnb,always_rebuild,500,0,38279,adapted,REBUILD,true,error_down,608
agrawal_abrupt_iid,gnb,always_rebuild,500,1,12615,adapted,REBUILD,true,error_up,1000
agrawal_abrupt_iid,gnb,always_rebuild,500,1,25127,adapted,REBUILD,true,error_up,1000
agrawal_abrupt_iid,gnb,always_rebuild,500,1,25671,adapted,REBUILD,true,error_down,544
agrawal_abrupt_iid,gnb,always_rebuild,500,1,37575,adapted,REBUILD,true,error_up,1000
agrawal_abrupt_iid,gnb,always_rebuild,500,1,38183,adapted,REBUILD,true,error_down,608
agrawal_abrupt_iid,gnb,always_rebuild,500,2,12583,adapted,REBUILD,true,error_up,1000
agrawal_abrupt_iid,gnb,always_rebuild,500,2,25063,adapted,REBUILD,true,error_up,1000
agrawal_abrupt_iid,gnb,always_rebuild,500,2,25607,adapted,REBUILD,true,error_down,544
agrawal_abrupt_iid,gnb,always_rebuild,500,2,37575,adapted,REBUILD,true,error_up,1000
agrawal_abrupt_iid,gnb,always_rebuild,500,2,38151,adapted,REBUILD,true,error_down,576
agrawal_abrupt_iid,gnb,always_rebuild,500,2,40327,adapted,REBUILD,false,error_down,1000
agrawal_abrupt_iid,gnb,always_rebuild,500,3,12615,adapted,REBUILD,true,error_up,1000
agrawal_abrupt_iid,gnb,always_rebuild,500,3,25255,adapted,REBUILD,true,error_up,1000
agrawal_abrupt_iid,gnb,always_rebuild,500,3,25831,adapted,REBUILD,true,error_down,576
agrawal_abrupt_iid,gnb,always_rebuild,500,3,37575,adapted,REBUILD,true,error_up,1000
agrawal_abrupt_iid,gnb,always_rebuild,500,3,38183,adapted,REBUILD,true,error_down,608
agrawal_abrupt_iid,gnb,always_rebuild,500,4,12743,adapted,REBUILD,true,error_up,1000
agrawal_abrupt_iid,gnb,always_rebuild,500,4,25223,adapted,REBUILD,true,error_up,1000
agrawal_abrupt_iid,gnb,always_rebuild,500,4,25831,adapted,REBUILD,true,error_down,608
agrawal_abrupt_iid,gnb,always_rebuild,500,4,37543,adapted,REBUILD,true,error_up,1000
agrawal_abrupt_iid,gnb,always_rebuild,500,4,38151,adapted,REBUILD,true,error_down,608
agrawal_abrupt_iid,gnb,mechanism_selector,200,0,12615,adapted,REBUILD,true,error_up,1800
agrawal_abrupt_iid,gnb,mechanism_selector,200,0,25159,adapted,REBUILD,true,error_up,1800
agrawal_abrupt_iid,gnb,mechanism_selector,200,0,25415,adapted,REBUILD,true,error_down,460
agrawal_abrupt_iid,gnb,mechanism_selector,200,0,37671,adapted,REBUILD,true,error_up,1800
agrawal_abrupt_iid,gnb,mechanism_selector,200,1,12615,adapted,REBUILD,true,error_up,1800
agrawal_abrupt_iid,gnb,mechanism_selector,200,1,25095,adapted,REBUILD,true,error_up,1800
agrawal_abrupt_iid,gnb,mechanism_selector,200,1,25383,adapted,NUDGE,true,error_down,230
agrawal_abrupt_iid,gnb,mechanism_selector,200,1,37575,adapted,REBUILD,true,error_up,1800
agrawal_abrupt_iid,gnb,mechanism_selector,200,2,12583,adapted,REBUILD,true,error_up,1800
agrawal_abrupt_iid,gnb,mechanism_selector,200,2,25063,adapted,REBUILD,true,error_up,1800
agrawal_abrupt_iid,gnb,mechanism_selector,200,2,25319,adapted,SKIP,true,error_down,0
agrawal_abrupt_iid,gnb,mechanism_selector,200,2,37671,adapted,REBUILD,true,error_up,1800
agrawal_abrupt_iid,gnb,mechanism_selector,200,3,12615,adapted,REBUILD,true,error_up,1800
agrawal_abrupt_iid,gnb,mechanism_selector,200,3,25191,adapted,NUDGE,true,error_up,800
agrawal_abrupt_iid,gnb,mechanism_selector,200,3,40167,adapted,NUDGE,false,error_up,800
agrawal_abrupt_iid,gnb,mechanism_selector,200,3,40423,adapted,NUDGE,false,error_down,204
agrawal_abrupt_iid,gnb,mechanism_selector,200,4,12743,adapted,REBUILD,true,error_up,1800
agrawal_abrupt_iid,gnb,mechanism_selector,200,4,25127,adapted,REBUILD,true,error_up,1800
agrawal_abrupt_iid,gnb,mechanism_selector,200,4,25415,adapted,SKIP,true,error_down,0
agrawal_abrupt_iid,gnb,mechanism_selector,200,4,37575,adapted,REBUILD,true,error_up,1800
agrawal_abrupt_iid,gnb,mechanism_selector,500,0,12615,adapted,REBUILD,true,error_up,1800
agrawal_abrupt_iid,gnb,mechanism_selector,500,0,25159,adapted,NUDGE,true,error_up,800
agrawal_abrupt_iid,gnb,mechanism_selector,500,0,25735,adapted,SKIP,true,error_down,0
agrawal_abrupt_iid,gnb,mechanism_selector,500,0,37639,adapted,REBUILD,true,error_up,1800
agrawal_abrupt_iid,gnb,mechanism_selector,500,0,38279,adapted,SKIP,true,error_down,0
agrawal_abrupt_iid,gnb,mechanism_selector,500,1,12615,adapted,REBUILD,true,error_up,1800
agrawal_abrupt_iid,gnb,mechanism_selector,500,1,25127,adapted,NUDGE,true,error_up,800
agrawal_abrupt_iid,gnb,mechanism_selector,500,1,25735,adapted,SKIP,true,error_down,0
agrawal_abrupt_iid,gnb,mechanism_selector,500,1,37703,adapted,NUDGE,true,error_up,800
agrawal_abrupt_iid,gnb,mechanism_selector,500,1,38439,adapted,NUDGE,true,error_down,588
agrawal_abrupt_iid,gnb,mechanism_selector,500,1,39143,adapted,NUDGE,false,error_down,563
agrawal_abrupt_iid,gnb,mechanism_selector,500,2,12583,adapted,REBUILD,true,error_up,1800
agrawal_abrupt_iid,gnb,mechanism_selector,500,2,25063,adapted,NUDGE,true,error_up,800
agrawal_abrupt_iid,gnb,mechanism_selector,500,2,25639,adapted,SKIP,true,error_down,0
agrawal_abrupt_iid,gnb,mechanism_selector,500,2,37767,adapted,NUDGE,true,error_up,800
agrawal_abrupt_iid,gnb,mechanism_selector,500,2,38471,adapted,SKIP,true,error_down,0
agrawal_abrupt_iid,gnb,mechanism_selector,500,3,12615,adapted,REBUILD,true,error_up,1800
agrawal_abrupt_iid,gnb,mechanism_selector,500,3,25255,adapted,NUDGE,true,error_up,800
agrawal_abrupt_iid,gnb,mechanism_selector,500,3,25863,adapted,SKIP,true,error_down,0
agrawal_abrupt_iid,gnb,mechanism_selector,500,3,37575,adapted,REBUILD,true,error_up,1800
agrawal_abrupt_iid,gnb,mechanism_selector,500,3,38183,adapted,SKIP,true,error_down,0
agrawal_abrupt_iid,gnb,mechanism_selector,500,4,12743,adapted,REBUILD,true,error_up,1800
agrawal_abrupt_iid,gnb,mechanism_selector,500,4,25223,adapted,NUDGE,true,error_up,800
agrawal_abrupt_iid,gnb,mechanism_selector,500,4,25863,adapted,SKIP,true,error_down,0
agrawal_abrupt_iid,gnb,mechanism_selector,500,4,37671,adapted,REBUILD,true,error_up,1800
agrawal_abrupt_iid,gnb,mechanism_selector,500,4,38247,adapted,NUDGE,true,error_down,460
agrawal_abrupt_iid,rf,always_rebuild,200,0,12519,adapted,REBUILD,true,error_up,100000
agrawal_abrupt_iid,rf,always_rebuild,200,0,31975,adapted,REBUILD,false,error_down,100000
agrawal_abrupt_iid,rf,always_rebuild,200,0,32231,adapted,REBUILD,false,error_down,25600
agrawal_abrupt_iid,rf,always_rebuild,200,0,37607,adapted,REBUILD,true,error_up,100000
agrawal_abrupt_iid,rf,always_rebuild,200,1,12519,adapted,REBUILD,true,error_up,100000
agrawal_abrupt_iid,rf,always_rebuild,200,1,29351,adapted,REBUILD,false,error_down,100000
agrawal_abrupt_iid,rf,always_rebuild,200,1,29639,adapted,REBUILD,false,error_down,28800
agrawal_abrupt_iid,rf,always_rebuild,200,1,37575,adapted,REBUILD,true,error_up,100000
agrawal_abrupt_iid,rf,always_rebuild,200,2,12551,adapted,REBUILD,true,error_up,100000
agrawal_abrupt_iid,rf,always_rebuild,200,2,18055,adapted,REBUILD,false,error_down,100000
agrawal_abrupt_iid,rf,always_rebuild,200,2,18311,adapted,REBUILD,false,error_down,25600
agrawal_abrupt_iid,rf,always_rebuild,200,2,25063,adapted,REBUILD,true,error_up,100000
agrawal_abrupt_iid,rf,always_rebuild,200,2,38951,adapted,REBUILD,false,error_up,100000
agrawal_abrupt_iid,rf,always_rebuild,200,2,39239,adapted,REBUILD,false,error_down,28800
agrawal_abrupt_iid,rf,always_rebuild,200,3,12551,adapted,REBUILD,true,error_up,100000
agrawal_abrupt_iid,rf,always_rebuild,200,3,33639,adapted,REBUILD,false,error_down,100000
agrawal_abrupt_iid,rf,always_rebuild,200,3,33927,adapted,REBUILD,false,error_down,28800
agrawal_abrupt_iid,rf,always_rebuild,200,3,37543,adapted,REBUILD,true,error_up,100000
agrawal_abrupt_iid,rf,always_rebuild,200,4,12551,adapted,REBUILD,true,error_up,100000
agrawal_abrupt_iid,rf,always_rebuild,500,0,12519,adapted,REBUILD,true,error_up,100000
agrawal_abrupt_iid,rf,always_rebuild,500,0,13255,adapted,REBUILD,true,error_down,73600
agrawal_abrupt_iid,rf,always_rebuild,500,0,13863,adapted,REBUILD,false,error_down,60800
agrawal_abrupt_iid,rf,always_rebuild,500,0,25031,adapted,REBUILD,true,error_up,100000
agrawal_abrupt_iid,rf,always_rebuild,500,0,25671,adapted,REBUILD,true,error_down,64000
agrawal_abrupt_iid,rf,always_rebuild,500,0,26535,adapted,REBUILD,false,error_down,86400
agrawal_abrupt_iid,rf,always_rebuild,500,0,37575,adapted,REBUILD,true,error_up,100000
agrawal_abrupt_iid,rf,always_rebuild,500,0,38247,adapted,REBUILD,true,error_down,67200
agrawal_abrupt_iid,rf,always_rebuild,500,0,39015,adapted,REBUILD,false,error_down,76800
agrawal_abrupt_iid,rf,always_rebuild,500,1,12519,adapted,REBUILD,true,error_up,100000
agrawal_abrupt_iid,rf,always_rebuild,500,1,13255,adapted,REBUILD,true,error_down,73600
agrawal_abrupt_iid,rf,always_rebuild,500,1,13863,adapted,REBUILD,false,error_down,60800
agrawal_abrupt_iid,rf,always_rebuild,500,1,25031,adapted,REBUILD,true,error_up,100000
agrawal_abrupt_iid,rf,always_rebuild,500,1,25607,adapted,REBUILD,true,error_down,57600
agrawal_abrupt_iid,rf,always_rebuild,500,1,28327,adapted,REBUILD,false,error_down,100000
agrawal_abrupt_iid,rf,always_rebuild,500,1,37543,adapted,REBUILD,true,error_up,100000
agrawal_abrupt_iid,rf,always_rebuild,500,1,38215,adapted,REBUILD,true,error_down,67200
agrawal_abrupt_iid,rf,always_rebuild,500,1,38951,adapted,REBUILD,false,error_down,73600
agrawal_abrupt_iid,rf,always_rebuild,500,2,12551,adapted,REBUILD,true,error_up,100000
agrawal_abrupt_iid,rf,always_rebuild,500,2,13191,adapted,REBUILD,true,error_down,64000
agrawal_abrupt_iid,rf,always_rebuild,500,2,13831,adapted,REBUILD,false,error_down,64000
agrawal_abrupt_iid,rf,always_rebuild,500,2,25031,adapted,REBUILD,true,error_up,100000
agrawal_abrupt_iid,rf,always_rebuild,500,2,25703,adapted,REBUILD,true,error_down,67200
agrawal_abrupt_iid,rf,always_rebuild,500,2,26567,adapted,REBUILD,false,error_down,86400
agrawal_abrupt_iid,rf,always_rebuild,500,2,37543,adapted,REBUILD,true,error_up,100000
agrawal_abrupt_iid,rf,always_rebuild,500,2,38151,adapted,REBUILD,true,error_down,60800
agrawal_abrupt_iid,rf,always_rebuild,500,2,38823,adapted,REBUILD,false,error_down,67200
agrawal_abrupt_iid,rf,always_rebuild,500,3,12551,adapted,REBUILD,true,error_up,100000
agrawal_abrupt_iid,rf,always_rebuild,500,3,13159,adapted,REBUILD,true,error_down,60800
agrawal_abrupt_iid,rf,always_rebuild,500,3,13767,adapted,REBUILD,false,error_down,60800
agrawal_abrupt_iid,rf,always_rebuild,500,3,25031,adapted,REBUILD,true,error_up,100000
agrawal_abrupt_iid,rf,always_rebuild,500,3,25639,adapted,REBUILD,true,error_down,60800
agrawal_abrupt_iid,rf,always_rebuild,500,3,26663,adapted,REBUILD,false,error_down,100000
agrawal_abrupt_iid,rf,always_rebuild,500,3,37543,adapted,REBUILD,true,error_up,100000
agrawal_abrupt_iid,rf,always_rebuild,500,3,38119,adapted,REBUILD,true,error_down,57600
agrawal_abrupt_iid,rf,always_rebuild,500,3,41863,adapted,REBUILD,false,error_down,100000
agrawal_abrupt_iid,rf,always_rebuild,500,4,12551,adapted,REBUILD,true,error_up,100000
agrawal_abrupt_iid,rf,always_rebuild,500,4,13127,adapted,REBUILD,true,error_down,57600
agrawal_abrupt_iid,rf,always_rebuild,500,4,13799,adapted,REBUILD,false,error_down,67200
agrawal_abrupt_iid,rf,always_rebuild,500,4,25031,adapted,REBUILD,true,error_up,100000
agrawal_abrupt_iid,rf,always_rebuild,500,4,25639,adapted,REBUILD,true,error_down,60800
agrawal_abrupt_iid,rf,always_rebuild,500,4,26407,adapted,REBUILD,false,error_down,76800
agrawal_abrupt_iid,rf,always_rebuild,500,4,37543,adapted,REBUILD,true,error_up,100000
agrawal_abrupt_iid,rf,always_rebuild,500,4,38151,adapted,REBUILD,true,error_down,60800
agrawal_abrupt_iid,rf,always_rebuild,500,4,38823,adapted,REBUILD,false,error_down,67200
agrawal_abrupt_iid,rf,mechanism_selector,200,0,12519,adapted,REBUILD,true,error_up,104000
agrawal_abrupt_iid,rf,mechanism_selector,200,0,31975,adapted,SKIP,false,error_down,0
agrawal_abrupt_iid,rf,mechanism_selector,200,1,12519,adapted,REBUILD,true,error_up,104000
agrawal_abrupt_iid,rf,mechanism_selector,200,1,29351,adapted,SKIP,false,error_down,0
agrawal_abrupt_iid,rf,mechanism_selector,200,2,12551,adapted,REBUILD,true,error_up,104000
agrawal_abrupt_iid,rf,mechanism_selector,200,2,18055,adapted,REBUILD,false,error_down,104000
agrawal_abrupt_iid,rf,mechanism_selector,200,2,18311,adapted,SKIP,false,error_down,0
agrawal_abrupt_iid,rf,mechanism_selector,200,2,25031,adapted,REBUILD,true,error_up,104000
agrawal_abrupt_iid,rf,mechanism_selector,200,3,12551,adapted,REBUILD,true,error_up,104000
agrawal_abrupt_iid,rf,mechanism_selector,200,3,33639,adapted,SKIP,false,error_down,0
agrawal_abrupt_iid,rf,mechanism_selector,200,4,12551,adapted,REBUILD,true,error_up,104000
agrawal_abrupt_iid,rf,mechanism_selector,500,0,12519,adapted,REBUILD,true,error_up,104000
agrawal_abrupt_iid,rf,mechanism_selector,500,0,13255,adapted,REBUILD,true,error_down,76540
agrawal_abrupt_iid,rf,mechanism_selector,500,0,13863,adapted,SKIP,false,error_down,0
agrawal_abrupt_iid,rf,mechanism_selector,500,0,25031,adapted,REBUILD,true,error_up,104000
agrawal_abrupt_iid,rf,mechanism_selector,500,0,25671,adapted,SKIP,true,error_down,0
agrawal_abrupt_iid,rf,mechanism_selector,500,0,37639,adapted,REBUILD,true,error_up,104000
agrawal_abrupt_iid,rf,mechanism_selector,500,0,38279,adapted,SKIP,true,error_down,0
agrawal_abrupt_iid,rf,mechanism_selector,500,1,12519,adapted,REBUILD,true,error_up,104000
agrawal_abrupt_iid,rf,mechanism_selector,500,1,13255,adapted,SKIP,true,error_down,0
agrawal_abrupt_iid,rf,mechanism_selector,500,1,25095,adapted,REBUILD,true,error_up,104000
agrawal_abrupt_iid,rf,mechanism_selector,500,1,25703,adapted,SKIP,true,error_down,0
agrawal_abrupt_iid,rf,mechanism_selector,500,1,37543,adapted,REBUILD,true,error_up,104000
agrawal_abrupt_iid,rf,mechanism_selector,500,1,38183,adapted,SKIP,true,error_down,0
agrawal_abrupt_iid,rf,mechanism_selector,500,2,12551,adapted,REBUILD,true,error_up,104000
agrawal_abrupt_iid,rf,mechanism_selector,500,2,13191,adapted,NUDGE,true,error_down,2560
agrawal_abrupt_iid,rf,mechanism_selector,500,2,25063,adapted,REBUILD,true,error_up,104000
agrawal_abrupt_iid,rf,mechanism_selector,500,2,25735,adapted,SKIP,true,error_down,0
agrawal_abrupt_iid,rf,mechanism_selector,500,2,37607,adapted,REBUILD,true,error_up,104000
agrawal_abrupt_iid,rf,mechanism_selector,500,2,38247,adapted,SKIP,true,error_down,0
agrawal_abrupt_iid,rf,mechanism_selector,500,3,12551,adapted,REBUILD,true,error_up,104000
agrawal_abrupt_iid,rf,mechanism_selector,500,3,13159,adapted,NUDGE,true,error_down,2430
agrawal_abrupt_iid,rf,mechanism_selector,500,3,25063,adapted,REBUILD,true,error_up,104000
agrawal_abrupt_iid,rf,mechanism_selector,500,3,25639,adapted,REBUILD,true,error_down,59900
agrawal_abrupt_iid,rf,mechanism_selector,500,3,26855,adapted,SKIP,false,error_down,0
agrawal_abrupt_iid,rf,mechanism_selector,500,3,37543,adapted,REBUILD,true,error_up,104000
agrawal_abrupt_iid,rf,mechanism_selector,500,3,38119,adapted,SKIP,true,error_down,0
agrawal_abrupt_iid,rf,mechanism_selector,500,4,12551,adapted,REBUILD,true,error_up,104000
agrawal_abrupt_iid,rf,mechanism_selector,500,4,13127,adapted,NUDGE,true,error_down,2300
agrawal_abrupt_iid,rf,mechanism_selector,500,4,25095,adapted,REBUILD,true,error_up,104000
agrawal_abrupt_iid,rf,mechanism_selector,500,4,25703,adapted,SKIP,true,error_down,0
agrawal_abrupt_iid,rf,mechanism_selector,500,4,37575,adapted,REBUILD,true,error_up,104000
agrawal_abrupt_iid,rf,mechanism_selector,500,4,38151,adapted,REBUILD,true,error_down,59900
agrawal_abrupt_iid,rf,mechanism_selector,500,4,38919,adapted,REBUILD,false,error_down,79870
agrawal_abrupt_iid,sgd,always_rebuild,200,0,12839,adapted,REBUILD,true,error_up,51000
agrawal_abrupt_iid,sgd,always_rebuild,200,0,25159,adapted,REBUILD,true,error_up,59000
agrawal_abrupt_iid,sgd,always_rebuild,200,0,46983,adapted,REBUILD,false,error_down,60000
agrawal_abrupt_iid,sgd,always_rebuild,200,0,47239,adapted,REBUILD,false,error_down,6144
agrawal_abrupt_iid,sgd,always_rebuild,200,1,37671,adapted,REBUILD,true,error_up,75000
agrawal_abrupt_iid,sgd,always_rebuild,200,1,37927,adapted,REBUILD,true,error_down,8192
agrawal_abrupt_iid,sgd,always_rebuild,200,2,28903,adapted,REBUILD,false,error_up,71000
agrawal_abrupt_iid,sgd,always_rebuild,200,2,29191,adapted,REBUILD,false,error_down,15840
agrawal_abrupt_iid,sgd,always_rebuild,200,2,37575,adapted,REBUILD,true,error_up,53000
agrawal_abrupt_iid,sgd,always_rebuild,200,2,37895,adapted,REBUILD,true,error_down,15680
agrawal_abrupt_iid,sgd,always_rebuild,200,3,12679,adapted,REBUILD,true,error_up,79000
agrawal_abrupt_iid,sgd,always_rebuild,200,3,25127,adapted,REBUILD,true,error_up,70000
agrawal_abrupt_iid,sgd,always_rebuild,200,3,37575,adapted,REBUILD,true,error_down,128000
agrawal_abrupt_iid,sgd,always_rebuild,200,3,40231,adapted,REBUILD,false,error_down,83000
agrawal_abrupt_iid,sgd,always_rebuild,200,3,40807,adapted,REBUILD,false,error_down,39168
agrawal_abrupt_iid,sgd,always_rebuild,200,4,12807,adapted,REBUILD,true,error_up,74000
agrawal_abrupt_iid,sgd,always_rebuild,200,4,25159,adapted,REBUILD,true,error_up,78000
agrawal_abrupt_iid,sgd,always_rebuild,200,4,37575,adapted,REBUILD,true,error_down,83000
agrawal_abrupt_iid,sgd,always_rebuild,500,0,12839,adapted,REBUILD,true,error_up,99000
agrawal_abrupt_iid,sgd,always_rebuild,500,0,25095,adapted,REBUILD,true,error_up,77000
agrawal_abrupt_iid,sgd,always_rebuild,500,0,26919,adapted,REBUILD,false,error_down,74000
agrawal_abrupt_iid,sgd,always_rebuild,500,0,27495,adapted,REBUILD,false,error_down,38016
agrawal_abrupt_iid,sgd,always_rebuild,500,0,37703,adapted,REBUILD,true,error_up,76000
agrawal_abrupt_iid,sgd,always_rebuild,500,0,38823,adapted,REBUILD,false,error_down,44000
agrawal_abrupt_iid,sgd,always_rebuild,500,0,39431,adapted,REBUILD,false,error_down,25536
agrawal_abrupt_iid,sgd,always_rebuild,500,1,37671,adapted,REBUILD,true,error_up,61000
agrawal_abrupt_iid,sgd,always_rebuild,500,1,38311,adapted,REBUILD,true,error_down,35200
agrawal_abrupt_iid,sgd,always_rebuild,500,1,38919,adapted,REBUILD,false,error_down,27968
agrawal_abrupt_iid,sgd,always_rebuild,500,2,28903,adapted,REBUILD,false,error_up,128000
agrawal_abrupt_iid,sgd,always_rebuild,500,2,29511,adapted,REBUILD,false,error_down,31616
agrawal_abrupt_iid,sgd,always_rebuild,500,2,37575,adapted,REBUILD,true,error_up,87000
agrawal_abrupt_iid,sgd,always_rebuild,500,2,41575,adapted,REBUILD,false,error_down,56000
agrawal_abrupt_iid,sgd,always_rebuild,500,2,42151,adapted,REBUILD,false,error_down,24768
agrawal_abrupt_iid,sgd,always_rebuild,500,3,12679,adapted,REBUILD,true,error_up,36000
agrawal_abrupt_iid,sgd,always_rebuild,500,3,25255,adapted,REBUILD,true,error_up,81000
agrawal_abrupt_iid,sgd,always_rebuild,500,3,25831,adapted,REBUILD,true,error_down,28224
agrawal_abrupt_iid,sgd,always_rebuild,500,3,26375,adapted,REBUILD,false,error_up,17952
agrawal_abrupt_iid,sgd,always_rebuild,500,3,26983,adapted,REBUILD,false,error_down,32832
agrawal_abrupt_iid,sgd,always_rebuild,500,3,27847,adapted,REBUILD,false,error_down,71712
agrawal_abrupt_iid,sgd,always_rebuild,500,3,37575,adapted,REBUILD,true,error_up,69000
agrawal_abrupt_iid,sgd,always_rebuild,500,3,38215,adapted,REBUILD,true,error_down,30080
agrawal_abrupt_iid,sgd,always_rebuild,500,3,38983,adapted,REBUILD,false,error_down,41472
agrawal_abrupt_iid,sgd,always_rebuild,500,4,12807,adapted,REBUILD,true,error_up,115000
agrawal_abrupt_iid,sgd,always_rebuild,500,4,25095,adapted,REBUILD,true,error_up,72000
agrawal_abrupt_iid,sgd,always_rebuild,500,4,25639,adapted,REBUILD,true,error_down,27744
agrawal_abrupt_iid,sgd,always_rebuild,500,4,37767,adapted,REBUILD,true,error_up,100000
agrawal_abrupt_iid,sgd,always_rebuild,500,4,38343,adapted,REBUILD,true,error_down,42048
agrawal_abrupt_iid,sgd,mechanism_selector,200,0,12839,adapted,REBUILD,true,error_up,51800
agrawal_abrupt_iid,sgd,mechanism_selector,200,0,25159,adapted,REBUILD,true,error_up,59800
agrawal_abrupt_iid,sgd,mechanism_selector,200,0,46983,adapted,SKIP,false,error_down,0
agrawal_abrupt_iid,sgd,mechanism_selector,200,1,37671,adapted,NUDGE,true,error_up,800
agrawal_abrupt_iid,sgd,mechanism_selector,200,1,37959,adapted,SKIP,true,error_down,0
agrawal_abrupt_iid,sgd,mechanism_selector,200,2,28903,adapted,REBUILD,false,error_up,71800
agrawal_abrupt_iid,sgd,mechanism_selector,200,2,29191,adapted,SKIP,false,error_down,0
agrawal_abrupt_iid,sgd,mechanism_selector,200,2,37575,adapted,REBUILD,true,error_up,53800
agrawal_abrupt_iid,sgd,mechanism_selector,200,2,37895,adapted,REBUILD,true,error_down,15936
agrawal_abrupt_iid,sgd,mechanism_selector,200,3,12679,adapted,REBUILD,true,error_up,79800
agrawal_abrupt_iid,sgd,mechanism_selector,200,3,25127,adapted,REBUILD,true,error_up,70800
agrawal_abrupt_iid,sgd,mechanism_selector,200,3,37575,adapted,SKIP,true,error_down,0
agrawal_abrupt_iid,sgd,mechanism_selector,200,4,12807,adapted,REBUILD,true,error_up,74800
agrawal_abrupt_iid,sgd,mechanism_selector,200,4,25159,adapted,REBUILD,true,error_up,78800
agrawal_abrupt_iid,sgd,mechanism_selector,200,4,37575,adapted,SKIP,true,error_down,0
agrawal_abrupt_iid,sgd,mechanism_selector,500,0,12839,adapted,REBUILD,true,error_up,99800
agrawal_abrupt_iid,sgd,mechanism_selector,500,0,25095,adapted,NUDGE,true,error_up,800
agrawal_abrupt_iid,sgd,mechanism_selector,500,0,25639,adapted,SKIP,true,error_down,0
agrawal_abrupt_iid,sgd,mechanism_selector,500,0,37671,adapted,NUDGE,true,error_up,800
agrawal_abrupt_iid,sgd,mechanism_selector,500,0,38247,adapted,SKIP,true,error_down,0
agrawal_abrupt_iid,sgd,mechanism_selector,500,1,37671,adapted,NUDGE,true,error_up,800
agrawal_abrupt_iid,sgd,mechanism_selector,500,1,38215,adapted,SKIP,true,error_down,0
agrawal_abrupt_iid,sgd,mechanism_selector,500,2,28903,adapted,SKIP,false,error_up,0
agrawal_abrupt_iid,sgd,mechanism_selector,500,2,38247,adapted,SKIP,true,error_down,0
agrawal_abrupt_iid,sgd,mechanism_selector,500,3,12679,adapted,REBUILD,true,error_up,36800
agrawal_abrupt_iid,sgd,mechanism_selector,500,3,25255,adapted,REBUILD,true,error_up,81800
agrawal_abrupt_iid,sgd,mechanism_selector,500,3,25831,adapted,SKIP,true,error_down,0
agrawal_abrupt_iid,sgd,mechanism_selector,500,3,37575,adapted,NUDGE,true,error_up,800
agrawal_abrupt_iid,sgd,mechanism_selector,500,3,38215,adapted,REBUILD,true,error_down,30592
agrawal_abrupt_iid,sgd,mechanism_selector,500,3,39175,adapted,SKIP,false,error_down,0
agrawal_abrupt_iid,sgd,mechanism_selector,500,4,12807,adapted,REBUILD,true,error_up,115800
agrawal_abrupt_iid,sgd,mechanism_selector,500,4,25095,adapted,NUDGE,true,error_up,800
agrawal_abrupt_iid,sgd,mechanism_selector,500,4,25639,adapted,REBUILD,true,error_down,28179
agrawal_abrupt_iid,sgd,mechanism_selector,500,4,37767,adapted,SKIP,true,error_up,0
agrawal_abrupt_iid,xgb,always_rebuild,200,0,12551,adapted,REBUILD,true,error_up,100000
agrawal_abrupt_iid,xgb,always_rebuild,200,0,38759,adapted,REBUILD,false,error_up,100000
agrawal_abrupt_iid,xgb,always_rebuild,200,0,39047,adapted,REBUILD,false,error_down,28800
agrawal_abrupt_iid,xgb,always_rebuild,200,1,12519,adapted,REBUILD,true,error_up,100000
agrawal_abrupt_iid,xgb,always_rebuild,200,2,12551,adapted,REBUILD,true,error_up,100000
agrawal_abrupt_iid,xgb,always_rebuild,200,2,13511,adapted,REBUILD,false,error_down,96000
agrawal_abrupt_iid,xgb,always_rebuild,200,2,13799,adapted,REBUILD,false,error_down,28800
agrawal_abrupt_iid,xgb,always_rebuild,200,2,25031,adapted,REBUILD,true,error_up,100000
agrawal_abrupt_iid,xgb,always_rebuild,200,3,12551,adapted,REBUILD,true,error_up,100000
agrawal_abrupt_iid,xgb,always_rebuild,200,3,26407,adapted,REBUILD,false,error_up,100000
agrawal_abrupt_iid,xgb,always_rebuild,200,3,26695,adapted,REBUILD,false,error_down,28800
agrawal_abrupt_iid,xgb,always_rebuild,200,3,37543,adapted,REBUILD,true,error_up,100000
agrawal_abrupt_iid,xgb,always_rebuild,200,4,12551,adapted,REBUILD,true,error_up,100000
agrawal_abrupt_iid,xgb,always_rebuild,200,4,26855,adapted,REBUILD,false,error_up,100000
agrawal_abrupt_iid,xgb,always_rebuild,200,4,27143,adapted,REBUILD,false,error_down,28800
agrawal_abrupt_iid,xgb,always_rebuild,200,4,37543,adapted,REBUILD,true,error_up,100000
agrawal_abrupt_iid,xgb,always_rebuild,500,0,12551,adapted,REBUILD,true,error_up,100000
agrawal_abrupt_iid,xgb,always_rebuild,500,0,13351,adapted,REBUILD,true,error_down,80000
agrawal_abrupt_iid,xgb,always_rebuild,500,0,13959,adapted,REBUILD,false,error_down,60800
agrawal_abrupt_iid,xgb,always_rebuild,500,0,25031,adapted,REBUILD,true,error_up,100000
agrawal_abrupt_iid,xgb,always_rebuild,500,0,25703,adapted,REBUILD,true,error_down,67200
agrawal_abrupt_iid,xgb,always_rebuild,500,0,26407,adapted,REBUILD,false,error_down,70400
agrawal_abrupt_iid,xgb,always_rebuild,500,0,37575,adapted,REBUILD,true,error_up,100000
agrawal_abrupt_iid,xgb,always_rebuild,500,0,38247,adapted,REBUILD,true,error_down,67200
agrawal_abrupt_iid,xgb,always_rebuild,500,0,39015,adapted,REBUILD,false,error_down,76800
agrawal_abrupt_iid,xgb,always_rebuild,500,1,12519,adapted,REBUILD,true,error_up,100000
agrawal_abrupt_iid,xgb,always_rebuild,500,1,13159,adapted,REBUILD,true,error_down,64000
agrawal_abrupt_iid,xgb,always_rebuild,500,1,13831,adapted,REBUILD,false,error_down,67200
agrawal_abrupt_iid,xgb,always_rebuild,500,1,25031,adapted,REBUILD,true,error_up,100000
agrawal_abrupt_iid,xgb,always_rebuild,500,1,25639,adapted,REBUILD,true,error_down,60800
agrawal_abrupt_iid,xgb,always_rebuild,500,1,26439,adapted,REBUILD,false,error_down,80000
agrawal_abrupt_iid,xgb,always_rebuild,500,1,37543,adapted,REBUILD,true,error_up,100000
agrawal_abrupt_iid,xgb,always_rebuild,500,1,38183,adapted,REBUILD,true,error_down,64000
agrawal_abrupt_iid,xgb,always_rebuild,500,1,38887,adapted,REBUILD,false,error_down,70400
agrawal_abrupt_iid,xgb,always_rebuild,500,2,12551,adapted,REBUILD,true,error_up,100000
agrawal_abrupt_iid,xgb,always_rebuild,500,2,13191,adapted,REBUILD,true,error_down,64000
agrawal_abrupt_iid,xgb,always_rebuild,500,2,13799,adapted,REBUILD,false,error_down,60800
agrawal_abrupt_iid,xgb,always_rebuild,500,2,25031,adapted,REBUILD,true,error_up,100000
agrawal_abrupt_iid,xgb,always_rebuild,500,2,25735,adapted,REBUILD,true,error_down,70400
agrawal_abrupt_iid,xgb,always_rebuild,500,2,26407,adapted,REBUILD,false,error_down,67200
agrawal_abrupt_iid,xgb,always_rebuild,500,2,37543,adapted,REBUILD,true,error_up,100000
agrawal_abrupt_iid,xgb,always_rebuild,500,2,38183,adapted,REBUILD,true,error_down,64000
agrawal_abrupt_iid,xgb,always_rebuild,500,2,38823,adapted,REBUILD,false,error_down,64000
agrawal_abrupt_iid,xgb,always_rebuild,500,3,12551,adapted,REBUILD,true,error_up,100000
agrawal_abrupt_iid,xgb,always_rebuild,500,3,13159,adapted,REBUILD,true,error_down,60800
agrawal_abrupt_iid,xgb,always_rebuild,500,3,13799,adapted,REBUILD,false,error_down,64000
agrawal_abrupt_iid,xgb,always_rebuild,500,3,25031,adapted,REBUILD,true,error_up,100000
agrawal_abrupt_iid,xgb,always_rebuild,500,3,25671,adapted,REBUILD,true,error_down,64000
agrawal_abrupt_iid,xgb,always_rebuild,500,3,26471,adapted,REBUILD,false,error_down,80000
agrawal_abrupt_iid,xgb,always_rebuild,500,3,37543,adapted,REBUILD,true,error_up,100000
agrawal_abrupt_iid,xgb,always_rebuild,500,3,38151,adapted,REBUILD,true,error_down,60800
agrawal_abrupt_iid,xgb,always_rebuild,500,3,39015,adapted,REBUILD,false,error_down,86400
agrawal_abrupt_iid,xgb,always_rebuild,500,4,12551,adapted,REBUILD,true,error_up,100000
agrawal_abrupt_iid,xgb,always_rebuild,500,4,13159,adapted,REBUILD,true,error_down,60800
agrawal_abrupt_iid,xgb,always_rebuild,500,4,13863,adapted,REBUILD,false,error_down,70400
agrawal_abrupt_iid,xgb,always_rebuild,500,4,25031,adapted,REBUILD,true,error_up,100000
agrawal_abrupt_iid,xgb,always_rebuild,500,4,25703,adapted,REBUILD,true,error_down,67200
agrawal_abrupt_iid,xgb,always_rebuild,500,4,26375,adapted,REBUILD,false,error_down,67200
agrawal_abrupt_iid,xgb,always_rebuild,500,4,37543,adapted,REBUILD,true,error_up,100000
agrawal_abrupt_iid,xgb,always_rebuild,500,4,38151,adapted,REBUILD,true,error_down,60800
agrawal_abrupt_iid,xgb,always_rebuild,500,4,38823,adapted,REBUILD,false,error_down,67200
agrawal_abrupt_iid,xgb,mechanism_selector,200,0,12551,adapted,REBUILD,true,error_up,104000
agrawal_abrupt_iid,xgb,mechanism_selector,200,0,38759,adapted,NUDGE,false,error_up,4000
agrawal_abrupt_iid,xgb,mechanism_selector,200,0,39079,adapted,SKIP,false,error_down,0
agrawal_abrupt_iid,xgb,mechanism_selector,200,1,12519,adapted,REBUILD,true,error_up,104000
agrawal_abrupt_iid,xgb,mechanism_selector,200,2,12551,adapted,REBUILD,true,error_up,104000
agrawal_abrupt_iid,xgb,mechanism_selector,200,2,13511,adapted,SKIP,false,error_down,0
agrawal_abrupt_iid,xgb,mechanism_selector,200,2,26023,adapted,NUDGE,false,error_up,4000
agrawal_abrupt_iid,xgb,mechanism_selector,200,2,26311,adapted,SKIP,false,error_down,0
agrawal_abrupt_iid,xgb,mechanism_selector,200,2,37575,adapted,REBUILD,true,error_up,104000
agrawal_abrupt_iid,xgb,mechanism_selector,200,3,12551,adapted,REBUILD,true,error_up,104000
agrawal_abrupt_iid,xgb,mechanism_selector,200,3,26407,adapted,SKIP,false,error_up,0
agrawal_abrupt_iid,xgb,mechanism_selector,200,4,12551,adapted,REBUILD,true,error_up,104000
agrawal_abrupt_iid,xgb,mechanism_selector,200,4,26855,adapted,SKIP,false,error_up,0
agrawal_abrupt_iid,xgb,mechanism_selector,500,0,12551,adapted,REBUILD,true,error_up,104000
agrawal_abrupt_iid,xgb,mechanism_selector,500,0,13351,adapted,NUDGE,true,error_down,3200
agrawal_abrupt_iid,xgb,mechanism_selector,500,0,13991,adapted,SKIP,false,error_down,0
agrawal_abrupt_iid,xgb,mechanism_selector,500,0,25031,adapted,REBUILD,true,error_up,104000
agrawal_abrupt_iid,xgb,mechanism_selector,500,0,25703,adapted,NUDGE,true,error_down,2685
agrawal_abrupt_iid,xgb,mechanism_selector,500,0,26503,adapted,SKIP,false,error_down,0
agrawal_abrupt_iid,xgb,mechanism_selector,500,0,37575,adapted,REBUILD,true,error_up,104000
agrawal_abrupt_iid,xgb,mechanism_selector,500,0,38247,adapted,SKIP,true,error_down,0
agrawal_abrupt_iid,xgb,mechanism_selector,500,1,12519,adapted,REBUILD,true,error_up,104000
agrawal_abrupt_iid,xgb,mechanism_selector,500,1,13159,adapted,SKIP,true,error_down,0
agrawal_abrupt_iid,xgb,mechanism_selector,500,1,25095,adapted,REBUILD,true,error_up,104000
agrawal_abrupt_iid,xgb,mechanism_selector,500,1,25703,adapted,NUDGE,true,error_down,2430
agrawal_abrupt_iid,xgb,mechanism_selector,500,1,27399,adapted,NUDGE,false,error_down,4000
agrawal_abrupt_iid,xgb,mechanism_selector,500,1,37543,adapted,REBUILD,true,error_up,104000
agrawal_abrupt_iid,xgb,mechanism_selector,500,1,38215,adapted,SKIP,true,error_down,0
agrawal_abrupt_iid,xgb,mechanism_selector,500,2,12551,adapted,REBUILD,true,error_up,104000
agrawal_abrupt_iid,xgb,mechanism_selector,500,2,13191,adapted,NUDGE,true,error_down,2560
agrawal_abrupt_iid,xgb,mechanism_selector,500,2,13831,adapted,SKIP,false,error_down,0
agrawal_abrupt_iid,xgb,mechanism_selector,500,2,25031,adapted,REBUILD,true,error_up,104000
agrawal_abrupt_iid,xgb,mechanism_selector,500,2,25703,adapted,SKIP,true,error_down,0
agrawal_abrupt_iid,xgb,mechanism_selector,500,2,37735,adapted,NUDGE,true,error_up,4000
agrawal_abrupt_iid,xgb,mechanism_selector,500,2,38631,adapted,SKIP,false,error_down,0
agrawal_abrupt_iid,xgb,mechanism_selector,500,3,12551,adapted,REBUILD,true,error_up,104000
agrawal_abrupt_iid,xgb,mechanism_selector,500,3,13159,adapted,NUDGE,true,error_down,2430
agrawal_abrupt_iid,xgb,mechanism_selector,500,3,13831,adapted,NUDGE,false,error_down,2685
agrawal_abrupt_iid,xgb,mechanism_selector,500,3,25031,adapted,REBUILD,true,error_up,104000
agrawal_abrupt_iid,xgb,mechanism_selector,500,3,25671,adapted,NUDGE,true,error_down,2560
agrawal_abrupt_iid,xgb,mechanism_selector,500,3,37543,adapted,REBUILD,true,error_up,104000
agrawal_abrupt_iid,xgb,mechanism_selector,500,3,38151,adapted,SKIP,true,error_down,0
agrawal_abrupt_iid,xgb,mechanism_selector,500,4,12551,adapted,REBUILD,true,error_up,104000
agrawal_abrupt_iid,xgb,mechanism_selector,500,4,13159,adapted,NUDGE,true,error_down,2430
agrawal_abrupt_iid,xgb,mechanism_selector,500,4,13863,adapted,NUDGE,false,error_down,2815
agrawal_abrupt_iid,xgb,mechanism_selector,500,4,25031,adapted,REBUILD,true,error_up,104000
agrawal_abrupt_iid,xgb,mechanism_selector,500,4,25703,adapted,SKIP,true,error_down,0
agrawal_abrupt_iid,xgb,mechanism_selector,500,4,37607,adapted,REBUILD,true,error_up,104000
agrawal_abrupt_iid,xgb,mechanism_selector,500,4,38183,adapted,NUDGE,true,error_down,2300
agrawal_abrupt_iid,xgb,mechanism_selector,500,4,39495,adapted,REBUILD,false,error_down,104000
agrawal_abrupt_iid,xgb,mechanism_selector,500,4,42279,adapted,SKIP,false,error_down,0
agrawal_abrupt_sticky,gnb,always_rebuild,200,0,7847,adapted,REBUILD,false,error_down,1000
agrawal_abrupt_sticky,gnb,always_rebuild,200,0,8167,adapted,REBUILD,false,error_up,320
agrawal_abrupt_sticky,gnb,always_rebuild,200,0,8807,adapted,REBUILD,false,error_down,640
agrawal_abrupt_sticky,gnb,always_rebuild,200,0,12583,adapted,REBUILD,true,error_up,1000
agrawal_abrupt_sticky,gnb,always_rebuild,200,0,12999,adapted,REBUILD,true,error_up,416
agrawal_abrupt_sticky,gnb,always_rebuild,200,0,13479,adapted,REBUILD,true,error_up,480
agrawal_abrupt_sticky,gnb,always_rebuild,200,0,25607,adapted,REBUILD,true,error_down,1000
agrawal_abrupt_sticky,gnb,always_rebuild,200,0,26471,adapted,REBUILD,false,error_up,864
agrawal_abrupt_sticky,gnb,always_rebuild,200,0,26887,adapted,REBUILD,false,error_up,416
agrawal_abrupt_sticky,gnb,always_rebuild,200,0,27527,adapted,REBUILD,false,error_up,640
agrawal_abrupt_sticky,gnb,always_rebuild,200,0,28071,adapted,REBUILD,false,error_down,544
agrawal_abrupt_sticky,gnb,always_rebuild,200,0,30151,adapted,REBUILD,false,error_up,1000
agrawal_abrupt_sticky,gnb,always_rebuild,200,0,31655,adapted,REBUILD,false,error_down,1000
agrawal_abrupt_sticky,gnb,always_rebuild,200,0,32199,adapted,REBUILD,false,error_down,544
agrawal_abrupt_sticky,gnb,always_rebuild,200,0,32615,adapted,REBUILD,false,error_up,416
agrawal_abrupt_sticky,gnb,always_rebuild,200,0,33607,adapted,REBUILD,false,error_up,992
agrawal_abrupt_sticky,gnb,always_rebuild,200,0,34023,adapted,REBUILD,false,error_up,416
agrawal_abrupt_sticky,gnb,always_rebuild,200,0,34727,adapted,REBUILD,false,error_down,704
agrawal_abrupt_sticky,gnb,always_rebuild,200,0,35687,adapted,REBUILD,false,error_up,960
agrawal_abrupt_sticky,gnb,always_rebuild,200,0,36007,adapted,REBUILD,false,error_up,320
agrawal_abrupt_sticky,gnb,always_rebuild,200,0,36519,adapted,REBUILD,false,error_down,512
agrawal_abrupt_sticky,gnb,always_rebuild,200,0,37095,adapted,REBUILD,false,error_up,576
agrawal_abrupt_sticky,gnb,always_rebuild,200,0,37415,adapted,REBUILD,false,error_up,320
agrawal_abrupt_sticky,gnb,always_rebuild,200,0,41671,adapted,REBUILD,false,error_up,1000
agrawal_abrupt_sticky,gnb,always_rebuild,200,0,42087,adapted,REBUILD,false,error_down,416
agrawal_abrupt_sticky,gnb,always_rebuild,200,1,5319,adapted,REBUILD,false,error_up,520
agrawal_abrupt_sticky,gnb,always_rebuild,200,1,5863,adapted,REBUILD,false,error_up,544
agrawal_abrupt_sticky,gnb,always_rebuild,200,1,6183,adapted,REBUILD,false,error_up,320
agrawal_abrupt_sticky,gnb,always_rebuild,200,1,6567,adapted,REBUILD,false,error_down,384
agrawal_abrupt_sticky,gnb,always_rebuild,200,1,7111,adapted,REBUILD,false,error_up,544
agrawal_abrupt_sticky,gnb,always_rebuild,200,1,7815,adapted,REBUILD,false,error_up,704
agrawal_abrupt_sticky,gnb,always_rebuild,200,1,8263,adapted,REBUILD,false,error_up,448
agrawal_abrupt_sticky,gnb,always_rebuild,200,1,8967,adapted,REBUILD,false,error_up,704
agrawal_abrupt_sticky,gnb,always_rebuild,200,1,9767,adapted,REBUILD,false,error_up,800
agrawal_abrupt_sticky,gnb,always_rebuild,200,1,10247,adapted,REBUILD,false,error_up,480
agrawal_abrupt_sticky,gnb,always_rebuild,200,1,10599,adapted,REBUILD,false,error_down,352
agrawal_abrupt_sticky,gnb,always_rebuild,200,1,12551,adapted,REBUILD,true,error_up,1000
agrawal_abrupt_sticky,gnb,always_rebuild,200,1,13095,adapted,REBUILD,true,error_down,544
agrawal_abrupt_sticky,gnb,always_rebuild,200,1,13351,adapted,REBUILD,true,error_down,256
agrawal_abrupt_sticky,gnb,always_rebuild,200,1,15911,adapted,REBUILD,false,error_down,1000
agrawal_abrupt_sticky,gnb,always_rebuild,200,1,16455,adapted,REBUILD,false,error_down,544
agrawal_abrupt_sticky,gnb,always_rebuild,200,1,19175,adapted,REBUILD,false,error_up,1000
agrawal_abrupt_sticky,gnb,always_rebuild,200,1,21383,adapted,REBUILD,false,error_down,1000
agrawal_abrupt_sticky,gnb,always_rebuild,200,1,22439,adapted,REBUILD,false,error_up,1000
agrawal_abrupt_sticky,gnb,always_rebuild,200,1,25287,adapted,REBUILD,true,error_up,1000
agrawal_abrupt_sticky,gnb,always_rebuild,200,1,25639,adapted,REBUILD,true,error_down,352
agrawal_abrupt_sticky,gnb,always_rebuild,200,1,26087,adapted,REBUILD,false,error_up,448
agrawal_abrupt_sticky,gnb,always_rebuild,200,1,26727,adapted,REBUILD,false,error_up,640
agrawal_abrupt_sticky,gnb,always_rebuild,200,1,27015,adapted,REBUILD,false,error_up,288
agrawal_abrupt_sticky,gnb,always_rebuild,200,1,27495,adapted,REBUILD,false,error_down,480
agrawal_abrupt_sticky,gnb,always_rebuild,200,1,27719,adapted,REBUILD,false,error_up,224
agrawal_abrupt_sticky,gnb,always_rebuild,200,1,34695,adapted,REBUILD,false,error_up,1000
agrawal_abrupt_sticky,gnb,always_rebuild,200,1,35847,adapted,REBUILD,false,error_up,1000
agrawal_abrupt_sticky,gnb,always_rebuild,200,1,36295,adapted,REBUILD,false,error_up,448
agrawal_abrupt_sticky,gnb,always_rebuild,200,1,36967,adapted,REBUILD,false,error_up,672
agrawal_abrupt_sticky,gnb,always_rebuild,200,1,37543,adapted,REBUILD,true,error_up,576
agrawal_abrupt_sticky,gnb,always_rebuild,200,1,41287,adapted,REBUILD,false,error_down,1000
agrawal_abrupt_sticky,gnb,always_rebuild,200,1,41703,adapted,REBUILD,false,error_down,416
agrawal_abrupt_sticky,gnb,always_rebuild,200,2,5607,adapted,REBUILD,false,error_up,808
agrawal_abrupt_sticky,gnb,always_rebuild,200,2,6471,adapted,REBUILD,false,error_up,864
agrawal_abrupt_sticky,gnb,always_rebuild,200,2,7143,adapted,REBUILD,false,error_up,672
agrawal_abrupt_sticky,gnb,always_rebuild,200,2,7463,adapted,REBUILD,false,error_down,320
agrawal_abrupt_sticky,gnb,always_rebuild,200,2,12583,adapted,REBUILD,true,error_up,1000
agrawal_abrupt_sticky,gnb,always_rebuild,200,2,14791,adapted,REBUILD,false,error_down,1000
agrawal_abrupt_sticky,gnb,always_rebuild,200,2,22439,adapted,REBUILD,false,error_down,1000
agrawal_abrupt_sticky,gnb,always_rebuild,200,2,23943,adapted,REBUILD,false,error_up,1000
agrawal_abrupt_sticky,gnb,always_rebuild,200,2,25159,adapted,REBUILD,true,error_up,1000
agrawal_abrupt_sticky,gnb,always_rebuild,200,2,25799,adapted,REBUILD,true,error_down,640
agrawal_abrupt_sticky,gnb,always_rebuild,200,2,27655,adapted,REBUILD,false,error_up,1000
agrawal_abrupt_sticky,gnb,always_rebuild,200,2,30311,adapted,REBUILD,false,error_up,1000
agrawal_abrupt_sticky,gnb,always_rebuild,200,2,30599,adapted,REBUILD,false,error_up,288
agrawal_abrupt_sticky,gnb,always_rebuild,200,2,31943,adapted,REBUILD,false,error_up,1000
agrawal_abrupt_sticky,gnb,always_rebuild,200,2,32199,adapted,REBUILD,false,error_down,256
agrawal_abrupt_sticky,gnb,always_rebuild,200,2,33191,adapted,REBUILD,false,error_up,992
agrawal_abrupt_sticky,gnb,always_rebuild,200,2,34823,adapted,REBUILD,false,error_down,1000
agrawal_abrupt_sticky,gnb,always_rebuild,200,2,35399,adapted,REBUILD,false,error_up,576
agrawal_abrupt_sticky,gnb,always_rebuild,200,2,35655,adapted,REBUILD,false,error_up,256
agrawal_abrupt_sticky,gnb,always_rebuild,200,2,36167,adapted,REBUILD,false,error_up,512
agrawal_abrupt_sticky,gnb,always_rebuild,200,2,37607,adapted,REBUILD,true,error_up,1000
agrawal_abrupt_sticky,gnb,always_rebuild,200,2,37831,adapted,REBUILD,true,error_down,224
agrawal_abrupt_sticky,gnb,always_rebuild,200,2,38087,adapted,REBUILD,true,error_down,256
agrawal_abrupt_sticky,gnb,always_rebuild,200,3,5319,adapted,REBUILD,false,error_down,520
agrawal_abrupt_sticky,gnb,always_rebuild,200,3,5607,adapted,REBUILD,false,error_down,288
agrawal_abrupt_sticky,gnb,always_rebuild,200,3,6311,adapted,REBUILD,false,error_up,704
agrawal_abrupt_sticky,gnb,always_rebuild,200,3,6599,adapted,REBUILD,false,error_down,288
agrawal_abrupt_sticky,gnb,always_rebuild,200,3,11463,adapted,REBUILD,false,error_down,1000
agrawal_abrupt_sticky,gnb,always_rebuild,200,3,11719,adapted,REBUILD,false,error_up,256
agrawal_abrupt_sticky,gnb,always_rebuild,200,3,12071,adapted,REBUILD,false,error_down,352
agrawal_abrupt_sticky,gnb,always_rebuild,200,3,12583,adapted,REBUILD,true,error_up,512
agrawal_abrupt_sticky,gnb,always_rebuild,200,3,13191,adapted,REBUILD,true,error_down,608
agrawal_abrupt_sticky,gnb,always_rebuild,200,3,37735,adapted,REBUILD,true,error_up,1000
agrawal_abrupt_sticky,gnb,always_rebuild,200,3,38087,adapted,REBUILD,true,error_down,352
agrawal_abrupt_sticky,gnb,always_rebuild,200,3,38407,adapted,REBUILD,true,error_down,320
agrawal_abrupt_sticky,gnb,always_rebuild,200,4,12519,adapted,REBUILD,true,error_up,1000
agrawal_abrupt_sticky,gnb,always_rebuild,200,4,13159,adapted,REBUILD,true,error_down,640
agrawal_abrupt_sticky,gnb,always_rebuild,200,4,25703,adapted,REBUILD,true,error_up,1000
agrawal_abrupt_sticky,gnb,always_rebuild,200,4,26183,adapted,REBUILD,false,error_down,480
agrawal_abrupt_sticky,gnb,always_rebuild,200,4,28871,adapted,REBUILD,false,error_up,1000
agrawal_abrupt_sticky,gnb,always_rebuild,200,4,29191,adapted,REBUILD,false,error_up,320
agrawal_abrupt_sticky,gnb,always_rebuild,200,4,33351,adapted,REBUILD,false,error_down,1000
agrawal_abrupt_sticky,gnb,always_rebuild,200,4,34247,adapted,REBUILD,false,error_up,896
agrawal_abrupt_sticky,gnb,always_rebuild,200,4,34631,adapted,REBUILD,false,error_up,384
agrawal_abrupt_sticky,gnb,always_rebuild,200,4,35111,adapted,REBUILD,false,error_down,480
agrawal_abrupt_sticky,gnb,always_rebuild,200,4,35431,adapted,REBUILD,false,error_up,320
agrawal_abrupt_sticky,gnb,always_rebuild,200,4,37575,adapted,REBUILD,true,error_up,1000
agrawal_abrupt_sticky,gnb,always_rebuild,200,4,38503,adapted,REBUILD,false,error_down,928
agrawal_abrupt_sticky,gnb,always_rebuild,200,4,39239,adapted,REBUILD,false,error_down,736
agrawal_abrupt_sticky,gnb,always_rebuild,500,0,7847,adapted,REBUILD,false,error_down,1000
agrawal_abrupt_sticky,gnb,always_rebuild,500,0,8391,adapted,REBUILD,false,error_up,544
agrawal_abrupt_sticky,gnb,always_rebuild,500,0,12583,adapted,REBUILD,true,error_up,1000
agrawal_abrupt_sticky,gnb,always_rebuild,500,0,13159,adapted,REBUILD,true,error_down,576
agrawal_abrupt_sticky,gnb,always_rebuild,500,0,25479,adapted,REBUILD,true,error_up,1000
agrawal_abrupt_sticky,gnb,always_rebuild,500,0,26055,adapted,REBUILD,false,error_down,576
agrawal_abrupt_sticky,gnb,always_rebuild,500,0,26599,adapted,REBUILD,false,error_down,544
agrawal_abrupt_sticky,gnb,always_rebuild,500,0,27143,adapted,REBUILD,false,error_down,544
agrawal_abrupt_sticky,gnb,always_rebuild,500,0,27719,adapted,REBUILD,false,error_up,576
agrawal_abrupt_sticky,gnb,always_rebuild,500,0,30151,adapted,REBUILD,false,error_up,1000
agrawal_abrupt_sticky,gnb,always_rebuild,500,0,31047,adapted,REBUILD,false,error_up,896
agrawal_abrupt_sticky,gnb,always_rebuild,500,0,31847,adapted,REBUILD,false,error_up,800
agrawal_abrupt_sticky,gnb,always_rebuild,500,0,32647,adapted,REBUILD,false,error_up,800
agrawal_abrupt_sticky,gnb,always_rebuild,500,0,33607,adapted,REBUILD,false,error_up,960
agrawal_abrupt_sticky,gnb,always_rebuild,500,0,34663,adapted,REBUILD,false,error_down,1000
agrawal_abrupt_sticky,gnb,always_rebuild,500,0,35687,adapted,REBUILD,false,error_up,1000
agrawal_abrupt_sticky,gnb,always_rebuild,500,0,36519,adapted,REBUILD,false,error_down,832
agrawal_abrupt_sticky,gnb,always_rebuild,500,0,37095,adapted,REBUILD,false,error_up,576
agrawal_abrupt_sticky,gnb,always_rebuild,500,0,38183,adapted,REBUILD,true,error_up,1000
agrawal_abrupt_sticky,gnb,always_rebuild,500,0,38695,adapted,REBUILD,false,error_down,512
agrawal_abrupt_sticky,gnb,always_rebuild,500,1,5319,adapted,REBUILD,false,error_up,820
agrawal_abrupt_sticky,gnb,always_rebuild,500,1,5863,adapted,REBUILD,false,error_up,544
agrawal_abrupt_sticky,gnb,always_rebuild,500,1,6567,adapted,REBUILD,false,error_down,704
agrawal_abrupt_sticky,gnb,always_rebuild,500,1,7111,adapted,REBUILD,false,error_up,544
agrawal_abrupt_sticky,gnb,always_rebuild,500,1,7815,adapted,REBUILD,false,error_up,704
agrawal_abrupt_sticky,gnb,always_rebuild,500,1,12551,adapted,REBUILD,true,error_up,1000
agrawal_abrupt_sticky,gnb,always_rebuild,500,1,13127,adapted,REBUILD,true,error_down,576
agrawal_abrupt_sticky,gnb,always_rebuild,500,1,14055,adapted,REBUILD,false,error_down,928
agrawal_abrupt_sticky,gnb,always_rebuild,500,1,27175,adapted,REBUILD,false,error_up,1000
agrawal_abrupt_sticky,gnb,always_rebuild,500,1,27975,adapted,REBUILD,false,error_down,800
agrawal_abrupt_sticky,gnb,always_rebuild,500,1,28871,adapted,REBUILD,false,error_up,896
agrawal_abrupt_sticky,gnb,always_rebuild,500,1,30087,adapted,REBUILD,false,error_down,1000
agrawal_abrupt_sticky,gnb,always_rebuild,500,1,30791,adapted,REBUILD,false,error_up,704
agrawal_abrupt_sticky,gnb,always_rebuild,500,1,31751,adapted,REBUILD,false,error_up,960
agrawal_abrupt_sticky,gnb,always_rebuild,500,1,34535,adapted,REBUILD,false,error_up,1000
agrawal_abrupt_sticky,gnb,always_rebuild,500,1,35175,adapted,REBUILD,false,error_up,640
agrawal_abrupt_sticky,gnb,always_rebuild,500,1,35751,adapted,REBUILD,false,error_up,576
agrawal_abrupt_sticky,gnb,always_rebuild,500,1,36967,adapted,REBUILD,false,error_up,1000
agrawal_abrupt_sticky,gnb,always_rebuild,500,1,37543,adapted,REBUILD,true,error_up,576
agrawal_abrupt_sticky,gnb,always_rebuild,500,1,38119,adapted,REBUILD,true,error_down,576
agrawal_abrupt_sticky,gnb,always_rebuild,500,2,5607,adapted,REBUILD,false,error_up,1000
agrawal_abrupt_sticky,gnb,always_rebuild,500,2,6439,adapted,REBUILD,false,error_up,832
agrawal_abrupt_sticky,gnb,always_rebuild,500,2,7239,adapted,REBUILD,false,error_up,800
agrawal_abrupt_sticky,gnb,always_rebuild,500,2,8007,adapted,REBUILD,false,error_down,768
agrawal_abrupt_sticky,gnb,always_rebuild,500,2,9543,adapted,REBUILD,false,error_up,1000
agrawal_abrupt_sticky,gnb,always_rebuild,500,2,11623,adapted,REBUILD,false,error_up,1000
agrawal_abrupt_sticky,gnb,always_rebuild,500,2,12423,adapted,REBUILD,false,error_down,800
agrawal_abrupt_sticky,gnb,always_rebuild,500,2,13703,adapted,REBUILD,false,error_up,1000
agrawal_abrupt_sticky,gnb,always_rebuild,500,2,26407,adapted,REBUILD,false,error_down,1000
agrawal_abrupt_sticky,gnb,always_rebuild,500,2,26983,adapted,REBUILD,false,error_down,576
agrawal_abrupt_sticky,gnb,always_rebuild,500,2,27655,adapted,REBUILD,false,error_up,672
agrawal_abrupt_sticky,gnb,always_rebuild,500,2,30599,adapted,REBUILD,false,error_up,1000
agrawal_abrupt_sticky,gnb,always_rebuild,500,2,31943,adapted,REBUILD,false,error_up,1000
agrawal_abrupt_sticky,gnb,always_rebuild,500,2,33031,adapted,REBUILD,false,error_up,1000
agrawal_abrupt_sticky,gnb,always_rebuild,500,2,33703,adapted,REBUILD,false,error_down,672
agrawal_abrupt_sticky,gnb,always_rebuild,500,2,34535,adapted,REBUILD,false,error_down,832
agrawal_abrupt_sticky,gnb,always_rebuild,500,2,35399,adapted,REBUILD,false,error_up,864
agrawal_abrupt_sticky,gnb,always_rebuild,500,2,36167,adapted,REBUILD,false,error_up,768
agrawal_abrupt_sticky,gnb,always_rebuild,500,2,37351,adapted,REBUILD,false,error_up,1000
agrawal_abrupt_sticky,gnb,always_rebuild,500,2,38215,adapted,REBUILD,true,error_up,864
agrawal_abrupt_sticky,gnb,always_rebuild,500,2,38791,adapted,REBUILD,false,error_down,576
agrawal_abrupt_sticky,gnb,always_rebuild,500,3,5319,adapted,REBUILD,false,error_down,820
agrawal_abrupt_sticky,gnb,always_rebuild,500,3,6727,adapted,REBUILD,false,error_up,1000
agrawal_abrupt_sticky,gnb,always_rebuild,500,3,12551,adapted,REBUILD,true,error_up,1000
agrawal_abrupt_sticky,gnb,always_rebuild,500,3,15495,adapted,REBUILD,false,error_down,1000
agrawal_abrupt_sticky,gnb,always_rebuild,500,3,19815,adapted,REBUILD,false,error_down,1000
agrawal_abrupt_sticky,gnb,always_rebuild,500,3,25127,adapted,REBUILD,true,error_up,1000
agrawal_abrupt_sticky,gnb,always_rebuild,500,3,25671,adapted,REBUILD,true,error_down,544
agrawal_abrupt_sticky,gnb,always_rebuild,500,3,26215,adapted,REBUILD,false,error_up,544
agrawal_abrupt_sticky,gnb,always_rebuild,500,3,26919,adapted,REBUILD,false,error_down,704
agrawal_abrupt_sticky,gnb,always_rebuild,500,3,28775,adapted,REBUILD,false,error_up,1000
agrawal_abrupt_sticky,gnb,always_rebuild,500,3,29543,adapted,REBUILD,false,error_up,768
agrawal_abrupt_sticky,gnb,always_rebuild,500,3,30247,adapted,REBUILD,false,error_up,704
agrawal_abrupt_sticky,gnb,always_rebuild,500,3,31367,adapted,REBUILD,false,error_down,1000
agrawal_abrupt_sticky,gnb,always_rebuild,500,3,32199,adapted,REBUILD,false,error_up,832
agrawal_abrupt_sticky,gnb,always_rebuild,500,3,33191,adapted,REBUILD,false,error_down,992
agrawal_abrupt_sticky,gnb,always_rebuild,500,3,33799,adapted,REBUILD,false,error_up,608
agrawal_abrupt_sticky,gnb,always_rebuild,500,3,34631,adapted,REBUILD,false,error_up,832
agrawal_abrupt_sticky,gnb,always_rebuild,500,3,36135,adapted,REBUILD,false,error_up,1000
agrawal_abrupt_sticky,gnb,always_rebuild,500,3,36711,adapted,REBUILD,false,error_up,576
agrawal_abrupt_sticky,gnb,always_rebuild,500,3,37479,adapted,REBUILD,false,error_down,768
agrawal_abrupt_sticky,gnb,always_rebuild,500,3,38439,adapted,REBUILD,true,error_up,960
agrawal_abrupt_sticky,gnb,always_rebuild,500,3,39239,adapted,REBUILD,false,error_down,800
agrawal_abrupt_sticky,gnb,always_rebuild,500,4,12519,adapted,REBUILD,true,error_up,1000
agrawal_abrupt_sticky,gnb,always_rebuild,500,4,13159,adapted,REBUILD,true,error_down,640
agrawal_abrupt_sticky,gnb,always_rebuild,500,4,16071,adapted,REBUILD,false,error_up,1000
agrawal_abrupt_sticky,gnb,always_rebuild,500,4,24551,adapted,REBUILD,false,error_down,1000
agrawal_abrupt_sticky,gnb,always_rebuild,500,4,25767,adapted,REBUILD,true,error_up,1000
agrawal_abrupt_sticky,gnb,always_rebuild,500,4,26439,adapted,REBUILD,false,error_down,672
agrawal_abrupt_sticky,gnb,always_rebuild,500,4,28647,adapted,REBUILD,false,error_up,1000
agrawal_abrupt_sticky,gnb,always_rebuild,500,4,29191,adapted,REBUILD,false,error_up,544
agrawal_abrupt_sticky,gnb,always_rebuild,500,4,29767,adapted,REBUILD,false,error_down,576
agrawal_abrupt_sticky,gnb,always_rebuild,500,4,30279,adapted,REBUILD,false,error_up,512
agrawal_abrupt_sticky,gnb,always_rebuild,500,4,30823,adapted,REBUILD,false,error_down,544
agrawal_abrupt_sticky,gnb,always_rebuild,500,4,31559,adapted,REBUILD,false,error_up,736
agrawal_abrupt_sticky,gnb,always_rebuild,500,4,32519,adapted,REBUILD,false,error_up,960
agrawal_abrupt_sticky,gnb,always_rebuild,500,4,33415,adapted,REBUILD,false,error_up,896
agrawal_abrupt_sticky,gnb,always_rebuild,500,4,34247,adapted,REBUILD,false,error_up,832
agrawal_abrupt_sticky,gnb,always_rebuild,500,4,35111,adapted,REBUILD,false,error_down,864
agrawal_abrupt_sticky,gnb,always_rebuild,500,4,36743,adapted,REBUILD,false,error_up,1000
agrawal_abrupt_sticky,gnb,always_rebuild,500,4,37383,adapted,REBUILD,false,error_up,640
agrawal_abrupt_sticky,gnb,always_rebuild,500,4,37991,adapted,REBUILD,true,error_down,608
agrawal_abrupt_sticky,gnb,mechanism_selector,200,0,7847,adapted,SKIP,false,error_down,0
agrawal_abrupt_sticky,gnb,mechanism_selector,200,0,12615,adapted,REBUILD,true,error_up,1800
agrawal_abrupt_sticky,gnb,mechanism_selector,200,0,12999,adapted,SKIP,true,error_up,0
agrawal_abrupt_sticky,gnb,mechanism_selector,200,0,13287,adapted,REBUILD,true,error_up,518
agrawal_abrupt_sticky,gnb,mechanism_selector,200,0,14311,adapted,SKIP,false,error_down,0
agrawal_abrupt_sticky,gnb,mechanism_selector,200,0,15015,adapted,REBUILD,false,error_up,1267
agrawal_abrupt_sticky,gnb,mechanism_selector,200,0,25383,adapted,NUDGE,true,error_up,800
agrawal_abrupt_sticky,gnb,mechanism_selector,200,0,25767,adapted,SKIP,true,error_down,0
agrawal_abrupt_sticky,gnb,mechanism_selector,200,0,37575,adapted,REBUILD,true,error_up,1800
agrawal_abrupt_sticky,gnb,mechanism_selector,200,0,38279,adapted,NUDGE,true,error_up,563
agrawal_abrupt_sticky,gnb,mechanism_selector,200,0,38599,adapted,SKIP,false,error_down,0
agrawal_abrupt_sticky,gnb,mechanism_selector,200,0,42535,adapted,NUDGE,false,error_down,800
agrawal_abrupt_sticky,gnb,mechanism_selector,200,1,5319,adapted,SKIP,false,error_up,0
agrawal_abrupt_sticky,gnb,mechanism_selector,200,1,5863,adapted,SKIP,false,error_up,0
agrawal_abrupt_sticky,gnb,mechanism_selector,200,1,6183,adapted,REBUILD,false,error_up,576
agrawal_abrupt_sticky,gnb,mechanism_selector,200,1,6567,adapted,SKIP,false,error_down,0
agrawal_abrupt_sticky,gnb,mechanism_selector,200,1,7815,adapted,SKIP,false,error_up,0
agrawal_abrupt_sticky,gnb,mechanism_selector,200,1,8967,adapted,SKIP,false,error_up,0
agrawal_abrupt_sticky,gnb,mechanism_selector,200,1,12647,adapted,REBUILD,true,error_up,1800
agrawal_abrupt_sticky,gnb,mechanism_selector,200,1,13095,adapted,REBUILD,true,error_down,806
agrawal_abrupt_sticky,gnb,mechanism_selector,200,1,24263,adapted,SKIP,false,error_up,0
agrawal_abrupt_sticky,gnb,mechanism_selector,200,1,25223,adapted,NUDGE,true,error_up,768
agrawal_abrupt_sticky,gnb,mechanism_selector,200,1,25735,adapted,SKIP,true,error_down,0
agrawal_abrupt_sticky,gnb,mechanism_selector,200,1,37607,adapted,REBUILD,true,error_up,1800
agrawal_abrupt_sticky,gnb,mechanism_selector,200,1,38375,adapted,SKIP,true,error_down,0
agrawal_abrupt_sticky,gnb,mechanism_selector,200,1,41159,adapted,SKIP,false,error_down,0
agrawal_abrupt_sticky,gnb,mechanism_selector,200,1,45223,adapted,SKIP,false,error_down,0
agrawal_abrupt_sticky,gnb,mechanism_selector,200,2,5607,adapted,SKIP,false,error_up,0
agrawal_abrupt_sticky,gnb,mechanism_selector,200,2,6535,adapted,SKIP,false,error_up,0
agrawal_abrupt_sticky,gnb,mechanism_selector,200,2,6919,adapted,REBUILD,false,error_up,691
agrawal_abrupt_sticky,gnb,mechanism_selector,200,2,8295,adapted,SKIP,false,error_down,0
agrawal_abrupt_sticky,gnb,mechanism_selector,200,2,11623,adapted,SKIP,false,error_up,0
agrawal_abrupt_sticky,gnb,mechanism_selector,200,2,12583,adapted,REBUILD,true,error_up,1728
agrawal_abrupt_sticky,gnb,mechanism_selector,200,2,20807,adapted,REBUILD,false,error_down,1800
agrawal_abrupt_sticky,gnb,mechanism_selector,200,2,21831,adapted,NUDGE,false,error_down,800
agrawal_abrupt_sticky,gnb,mechanism_selector,200,2,22407,adapted,SKIP,false,error_down,0
agrawal_abrupt_sticky,gnb,mechanism_selector,200,2,25063,adapted,REBUILD,true,error_up,1800
agrawal_abrupt_sticky,gnb,mechanism_selector,200,2,38087,adapted,NUDGE,true,error_up,800
agrawal_abrupt_sticky,gnb,mechanism_selector,200,2,38503,adapted,SKIP,false,error_down,0
agrawal_abrupt_sticky,gnb,mechanism_selector,200,3,5319,adapted,SKIP,false,error_down,0
agrawal_abrupt_sticky,gnb,mechanism_selector,200,3,5767,adapted,SKIP,false,error_down,0
agrawal_abrupt_sticky,gnb,mechanism_selector,200,3,6343,adapted,REBUILD,false,error_up,1036
agrawal_abrupt_sticky,gnb,mechanism_selector,200,3,9543,adapted,SKIP,false,error_down,0
agrawal_abrupt_sticky,gnb,mechanism_selector,200,3,11751,adapted,SKIP,false,error_up,0
agrawal_abrupt_sticky,gnb,mechanism_selector,200,3,12583,adapted,REBUILD,true,error_up,1497
agrawal_abrupt_sticky,gnb,mechanism_selector,200,3,15047,adapted,SKIP,false,error_down,0
agrawal_abrupt_sticky,gnb,mechanism_selector,200,3,15431,adapted,REBUILD,false,error_down,691
agrawal_abrupt_sticky,gnb,mechanism_selector,200,3,19911,adapted,REBUILD,false,error_down,1800
agrawal_abrupt_sticky,gnb,mechanism_selector,200,3,20295,adapted,SKIP,false,error_up,0
agrawal_abrupt_sticky,gnb,mechanism_selector,200,3,20903,adapted,SKIP,false,error_up,0
agrawal_abrupt_sticky,gnb,mechanism_selector,200,3,22215,adapted,SKIP,false,error_down,0
agrawal_abrupt_sticky,gnb,mechanism_selector,200,3,22919,adapted,REBUILD,false,error_down,1267
agrawal_abrupt_sticky,gnb,mechanism_selector,200,3,25095,adapted,REBUILD,true,error_up,1800
agrawal_abrupt_sticky,gnb,mechanism_selector,200,3,25351,adapted,SKIP,true,error_down,0
agrawal_abrupt_sticky,gnb,mechanism_selector,200,3,37575,adapted,NUDGE,true,error_up,800
agrawal_abrupt_sticky,gnb,mechanism_selector,200,3,38279,adapted,REBUILD,true,error_up,1267
agrawal_abrupt_sticky,gnb,mechanism_selector,200,4,12519,adapted,REBUILD,true,error_up,1800
agrawal_abrupt_sticky,gnb,mechanism_selector,200,4,13159,adapted,SKIP,true,error_down,0
agrawal_abrupt_sticky,gnb,mechanism_selector,200,4,13447,adapted,SKIP,true,error_up,0
agrawal_abrupt_sticky,gnb,mechanism_selector,200,4,15303,adapted,REBUILD,false,error_up,1800
agrawal_abrupt_sticky,gnb,mechanism_selector,200,4,16711,adapted,SKIP,false,error_down,0
agrawal_abrupt_sticky,gnb,mechanism_selector,200,4,26727,adapted,SKIP,false,error_down,0
agrawal_abrupt_sticky,gnb,mechanism_selector,200,4,38247,adapted,NUDGE,true,error_up,800
agrawal_abrupt_sticky,gnb,mechanism_selector,200,4,38535,adapted,SKIP,false,error_down,0
agrawal_abrupt_sticky,gnb,mechanism_selector,500,0,7847,adapted,SKIP,false,error_down,0
agrawal_abrupt_sticky,gnb,mechanism_selector,500,0,12615,adapted,REBUILD,true,error_up,1800
agrawal_abrupt_sticky,gnb,mechanism_selector,500,0,13319,adapted,SKIP,true,error_up,0
agrawal_abrupt_sticky,gnb,mechanism_selector,500,0,14183,adapted,REBUILD,false,error_down,1555
agrawal_abrupt_sticky,gnb,mechanism_selector,500,0,36711,adapted,SKIP,false,error_up,0
agrawal_abrupt_sticky,gnb,mechanism_selector,500,1,5319,adapted,SKIP,false,error_up,0
agrawal_abrupt_sticky,gnb,mechanism_selector,500,1,5863,adapted,REBUILD,false,error_up,979
agrawal_abrupt_sticky,gnb,mechanism_selector,500,1,6535,adapted,SKIP,false,error_down,0
agrawal_abrupt_sticky,gnb,mechanism_selector,500,1,7111,adapted,SKIP,false,error_up,0
agrawal_abrupt_sticky,gnb,mechanism_selector,500,1,7815,adapted,REBUILD,false,error_up,1267
agrawal_abrupt_sticky,gnb,mechanism_selector,500,1,12551,adapted,REBUILD,true,error_up,1800
agrawal_abrupt_sticky,gnb,mechanism_selector,500,1,13127,adapted,REBUILD,true,error_down,1036
agrawal_abrupt_sticky,gnb,mechanism_selector,500,1,14055,adapted,SKIP,false,error_down,0
agrawal_abrupt_sticky,gnb,mechanism_selector,500,1,25191,adapted,SKIP,true,error_down,0
agrawal_abrupt_sticky,gnb,mechanism_selector,500,1,37543,adapted,REBUILD,true,error_up,1800
agrawal_abrupt_sticky,gnb,mechanism_selector,500,1,38119,adapted,SKIP,true,error_down,0
agrawal_abrupt_sticky,gnb,mechanism_selector,500,2,5607,adapted,SKIP,false,error_up,0
agrawal_abrupt_sticky,gnb,mechanism_selector,500,2,6535,adapted,REBUILD,false,error_up,1670
agrawal_abrupt_sticky,gnb,mechanism_selector,500,2,7975,adapted,SKIP,false,error_down,0
agrawal_abrupt_sticky,gnb,mechanism_selector,500,2,10855,adapted,SKIP,false,error_up,0
agrawal_abrupt_sticky,gnb,mechanism_selector,500,2,12583,adapted,REBUILD,true,error_up,1800
agrawal_abrupt_sticky,gnb,mechanism_selector,500,2,13735,adapted,REBUILD,false,error_up,1800
agrawal_abrupt_sticky,gnb,mechanism_selector,500,2,25319,adapted,SKIP,true,error_down,0
agrawal_abrupt_sticky,gnb,mechanism_selector,500,2,37607,adapted,REBUILD,true,error_up,1800
agrawal_abrupt_sticky,gnb,mechanism_selector,500,2,38151,adapted,SKIP,true,error_down,0
agrawal_abrupt_sticky,gnb,mechanism_selector,500,2,39143,adapted,SKIP,false,error_down,0
agrawal_abrupt_sticky,gnb,mechanism_selector,500,2,44391,adapted,SKIP,false,error_down,0
agrawal_abrupt_sticky,gnb,mechanism_selector,500,3,5319,adapted,SKIP,false,error_down,0
agrawal_abrupt_sticky,gnb,mechanism_selector,500,3,6343,adapted,REBUILD,false,error_up,1800
agrawal_abrupt_sticky,gnb,mechanism_selector,500,3,7847,adapted,NUDGE,false,error_down,800
agrawal_abrupt_sticky,gnb,mechanism_selector,500,3,9415,adapted,SKIP,false,error_down,0
agrawal_abrupt_sticky,gnb,mechanism_selector,500,3,12551,adapted,REBUILD,true,error_up,1800
agrawal_abrupt_sticky,gnb,mechanism_selector,500,3,14247,adapted,SKIP,false,error_down,0
agrawal_abrupt_sticky,gnb,mechanism_selector,500,3,20423,adapted,REBUILD,false,error_up,1800
agrawal_abrupt_sticky,gnb,mechanism_selector,500,3,26823,adapted,SKIP,false,error_down,0
agrawal_abrupt_sticky,gnb,mechanism_selector,500,3,37895,adapted,NUDGE,true,error_up,800
agrawal_abrupt_sticky,gnb,mechanism_selector,500,3,38503,adapted,SKIP,false,error_down,0
agrawal_abrupt_sticky,gnb,mechanism_selector,500,3,49031,adapted,NUDGE,false,error_up,800
agrawal_abrupt_sticky,gnb,mechanism_selector,500,4,12519,adapted,REBUILD,true,error_up,1800
agrawal_abrupt_sticky,gnb,mechanism_selector,500,4,13159,adapted,SKIP,true,error_down,0
agrawal_abrupt_sticky,gnb,mechanism_selector,500,4,15303,adapted,SKIP,false,error_up,0
agrawal_abrupt_sticky,gnb,mechanism_selector,500,4,16007,adapted,SKIP,false,error_up,0
agrawal_abrupt_sticky,gnb,mechanism_selector,500,4,16583,adapted,SKIP,false,error_up,0
agrawal_abrupt_sticky,gnb,mechanism_selector,500,4,17863,adapted,SKIP,false,error_down,0
agrawal_abrupt_sticky,gnb,mechanism_selector,500,4,18599,adapted,REBUILD,false,error_down,1324
agrawal_abrupt_sticky,gnb,mechanism_selector,500,4,25767,adapted,NUDGE,true,error_up,800
agrawal_abrupt_sticky,gnb,mechanism_selector,500,4,26567,adapted,SKIP,false,error_down,0
agrawal_abrupt_sticky,gnb,mechanism_selector,500,4,34631,adapted,SKIP,false,error_up,0
agrawal_abrupt_sticky,gnb,mechanism_selector,500,4,37575,adapted,REBUILD,true,error_up,1800
agrawal_abrupt_sticky,gnb,mechanism_selector,500,4,38151,adapted,NUDGE,true,error_down,460
agrawal_abrupt_sticky,rf,always_rebuild,200,0,12551,adapted,REBUILD,true,error_up,100000
agrawal_abrupt_sticky,rf,always_rebuild,200,0,21191,adapted,REBUILD,false,error_down,100000
agrawal_abrupt_sticky,rf,always_rebuild,200,0,21447,adapted,REBUILD,false,error_down,25600
agrawal_abrupt_sticky,rf,always_rebuild,200,0,25031,adapted,REBUILD,true,error_up,100000
agrawal_abrupt_sticky,rf,always_rebuild,200,0,39559,adapted,REBUILD,false,error_up,100000
agrawal_abrupt_sticky,rf,always_rebuild,200,0,39815,adapted,REBUILD,false,error_down,25600
agrawal_abrupt_sticky,rf,always_rebuild,200,1,12551,adapted,REBUILD,true,error_up,100000
agrawal_abrupt_sticky,rf,always_rebuild,200,1,29575,adapted,REBUILD,false,error_down,100000
agrawal_abrupt_sticky,rf,always_rebuild,200,1,29863,adapted,REBUILD,false,error_down,28800
agrawal_abrupt_sticky,rf,always_rebuild,200,1,31751,adapted,REBUILD,false,error_up,100000
agrawal_abrupt_sticky,rf,always_rebuild,200,1,37543,adapted,REBUILD,true,error_up,100000
agrawal_abrupt_sticky,rf,always_rebuild,200,1,42311,adapted,REBUILD,false,error_down,100000
agrawal_abrupt_sticky,rf,always_rebuild,200,1,42599,adapted,REBUILD,false,error_down,28800
agrawal_abrupt_sticky,rf,always_rebuild,200,2,12551,adapted,REBUILD,true,error_up,100000
agrawal_abrupt_sticky,rf,always_rebuild,200,2,36231,adapted,REBUILD,false,error_down,100000
agrawal_abrupt_sticky,rf,always_rebuild,200,2,36519,adapted,REBUILD,false,error_down,28800
agrawal_abrupt_sticky,rf,always_rebuild,200,2,37511,adapted,REBUILD,true,error_up,99200
agrawal_abrupt_sticky,rf,always_rebuild,200,2,38215,adapted,REBUILD,true,error_up,70400
agrawal_abrupt_sticky,rf,always_rebuild,200,2,38471,adapted,REBUILD,true,error_down,25600
agrawal_abrupt_sticky,rf,always_rebuild,200,3,12551,adapted,REBUILD,true,error_up,100000
agrawal_abrupt_sticky,rf,always_rebuild,200,3,29159,adapted,REBUILD,false,error_down,100000
agrawal_abrupt_sticky,rf,always_rebuild,200,3,29415,adapted,REBUILD,false,error_down,25600
agrawal_abrupt_sticky,rf,always_rebuild,200,3,30279,adapted,REBUILD,false,error_up,86400
agrawal_abrupt_sticky,rf,always_rebuild,200,3,37543,adapted,REBUILD,true,error_up,100000
agrawal_abrupt_sticky,rf,always_rebuild,200,3,38279,adapted,REBUILD,true,error_up,73600
agrawal_abrupt_sticky,rf,always_rebuild,200,3,38503,adapted,REBUILD,false,error_down,22400
agrawal_abrupt_sticky,rf,always_rebuild,200,4,12519,adapted,REBUILD,true,error_up,100000
agrawal_abrupt_sticky,rf,always_rebuild,200,4,25991,adapted,REBUILD,true,error_down,100000
agrawal_abrupt_sticky,rf,always_rebuild,200,4,26279,adapted,REBUILD,false,error_down,28800
agrawal_abrupt_sticky,rf,always_rebuild,200,4,28647,adapted,REBUILD,false,error_up,100000
agrawal_abrupt_sticky,rf,always_rebuild,200,4,37543,adapted,REBUILD,true,error_up,100000
agrawal_abrupt_sticky,rf,always_rebuild,200,4,39783,adapted,REBUILD,false,error_down,100000
agrawal_abrupt_sticky,rf,always_rebuild,200,4,40071,adapted,REBUILD,false,error_down,28800
agrawal_abrupt_sticky,rf,always_rebuild,500,0,12551,adapted,REBUILD,true,error_up,100000
agrawal_abrupt_sticky,rf,always_rebuild,500,0,13159,adapted,REBUILD,true,error_down,60800
agrawal_abrupt_sticky,rf,always_rebuild,500,0,13799,adapted,REBUILD,false,error_down,64000
agrawal_abrupt_sticky,rf,always_rebuild,500,0,25031,adapted,REBUILD,true,error_up,100000
agrawal_abrupt_sticky,rf,always_rebuild,500,0,25703,adapted,REBUILD,true,error_down,67200
agrawal_abrupt_sticky,rf,always_rebuild,500,0,26983,adapted,REBUILD,false,error_down,100000
agrawal_abrupt_sticky,rf,always_rebuild,500,0,37543,adapted,REBUILD,true,error_up,100000
agrawal_abrupt_sticky,rf,always_rebuild,500,0,39047,adapted,REBUILD,false,error_down,100000
agrawal_abrupt_sticky,rf,always_rebuild,500,0,39655,adapted,REBUILD,false,error_down,60800
agrawal_abrupt_sticky,rf,always_rebuild,500,1,12551,adapted,REBUILD,true,error_up,100000
agrawal_abrupt_sticky,rf,always_rebuild,500,1,13159,adapted,REBUILD,true,error_down,60800
agrawal_abrupt_sticky,rf,always_rebuild,500,1,13767,adapted,REBUILD,false,error_down,60800
agrawal_abrupt_sticky,rf,always_rebuild,500,1,25063,adapted,REBUILD,true,error_up,100000
agrawal_abrupt_sticky,rf,always_rebuild,500,1,25639,adapted,REBUILD,true,error_down,57600
agrawal_abrupt_sticky,rf,always_rebuild,500,1,26663,adapted,REBUILD,false,error_down,100000
agrawal_abrupt_sticky,rf,always_rebuild,500,1,37543,adapted,REBUILD,true,error_up,100000
agrawal_abrupt_sticky,rf,always_rebuild,500,1,38119,adapted,REBUILD,true,error_down,57600
agrawal_abrupt_sticky,rf,always_rebuild,500,1,38855,adapted,REBUILD,false,error_down,73600
agrawal_abrupt_sticky,rf,always_rebuild,500,2,12551,adapted,REBUILD,true,error_up,100000
agrawal_abrupt_sticky,rf,always_rebuild,500,2,13223,adapted,REBUILD,true,error_down,67200
agrawal_abrupt_sticky,rf,always_rebuild,500,2,13863,adapted,REBUILD,false,error_down,64000
agrawal_abrupt_sticky,rf,always_rebuild,500,2,25031,adapted,REBUILD,true,error_up,100000
agrawal_abrupt_sticky,rf,always_rebuild,500,2,25767,adapted,REBUILD,true,error_down,73600
agrawal_abrupt_sticky,rf,always_rebuild,500,2,26471,adapted,REBUILD,false,error_down,70400
agrawal_abrupt_sticky,rf,always_rebuild,500,2,36199,adapted,REBUILD,false,error_up,100000
agrawal_abrupt_sticky,rf,always_rebuild,500,2,37543,adapted,REBUILD,true,error_up,100000
agrawal_abrupt_sticky,rf,always_rebuild,500,2,38183,adapted,REBUILD,true,error_down,64000
agrawal_abrupt_sticky,rf,always_rebuild,500,2,38791,adapted,REBUILD,false,error_down,60800
agrawal_abrupt_sticky,rf,always_rebuild,500,3,12551,adapted,REBUILD,true,error_up,100000
agrawal_abrupt_sticky,rf,always_rebuild,500,3,13095,adapted,REBUILD,true,error_down,54400
agrawal_abrupt_sticky,rf,always_rebuild,500,3,13735,adapted,REBUILD,false,error_down,64000
agrawal_abrupt_sticky,rf,always_rebuild,500,3,25031,adapted,REBUILD,true,error_up,100000
agrawal_abrupt_sticky,rf,always_rebuild,500,3,25735,adapted,REBUILD,true,error_down,70400
agrawal_abrupt_sticky,rf,always_rebuild,500,3,26535,adapted,REBUILD,false,error_down,80000
agrawal_abrupt_sticky,rf,always_rebuild,500,3,28775,adapted,REBUILD,false,error_up,100000
agrawal_abrupt_sticky,rf,always_rebuild,500,3,30119,adapted,REBUILD,false,error_down,100000
agrawal_abrupt_sticky,rf,always_rebuild,500,3,37543,adapted,REBUILD,true,error_up,100000
agrawal_abrupt_sticky,rf,always_rebuild,500,3,38183,adapted,REBUILD,true,error_down,64000
agrawal_abrupt_sticky,rf,always_rebuild,500,3,38759,adapted,REBUILD,false,error_down,57600
agrawal_abrupt_sticky,rf,always_rebuild,500,4,12519,adapted,REBUILD,true,error_up,100000
agrawal_abrupt_sticky,rf,always_rebuild,500,4,13095,adapted,REBUILD,true,error_down,57600
agrawal_abrupt_sticky,rf,always_rebuild,500,4,13799,adapted,REBUILD,false,error_down,70400
agrawal_abrupt_sticky,rf,always_rebuild,500,4,25031,adapted,REBUILD,true,error_up,100000
agrawal_abrupt_sticky,rf,always_rebuild,500,4,25671,adapted,REBUILD,true,error_down,64000
agrawal_abrupt_sticky,rf,always_rebuild,500,4,26471,adapted,REBUILD,false,error_down,80000
agrawal_abrupt_sticky,rf,always_rebuild,500,4,28871,adapted,REBUILD,false,error_up,100000
agrawal_abrupt_sticky,rf,always_rebuild,500,4,37543,adapted,REBUILD,true,error_up,100000
agrawal_abrupt_sticky,rf,always_rebuild,500,4,38119,adapted,REBUILD,true,error_down,57600
agrawal_abrupt_sticky,rf,always_rebuild,500,4,38983,adapted,REBUILD,false,error_down,86400
agrawal_abrupt_sticky,rf,mechanism_selector,200,0,12551,adapted,REBUILD,true,error_up,104000
agrawal_abrupt_sticky,rf,mechanism_selector,200,0,21191,adapted,REBUILD,false,error_down,104000
agrawal_abrupt_sticky,rf,mechanism_selector,200,0,21447,adapted,REBUILD,false,error_down,26620
agrawal_abrupt_sticky,rf,mechanism_selector,200,0,25031,adapted,REBUILD,true,error_up,104000
agrawal_abrupt_sticky,rf,mechanism_selector,200,0,39559,adapted,REBUILD,false,error_up,104000
agrawal_abrupt_sticky,rf,mechanism_selector,200,0,39815,adapted,SKIP,false,error_down,0
agrawal_abrupt_sticky,rf,mechanism_selector,200,1,12551,adapted,REBUILD,true,error_up,104000
agrawal_abrupt_sticky,rf,mechanism_selector,200,1,29575,adapted,REBUILD,false,error_down,104000
agrawal_abrupt_sticky,rf,mechanism_selector,200,1,29863,adapted,SKIP,false,error_down,0
agrawal_abrupt_sticky,rf,mechanism_selector,200,1,37511,adapted,REBUILD,true,error_up,104000
agrawal_abrupt_sticky,rf,mechanism_selector,200,1,41095,adapted,SKIP,false,error_down,0
agrawal_abrupt_sticky,rf,mechanism_selector,200,1,45479,adapted,SKIP,false,error_down,0
agrawal_abrupt_sticky,rf,mechanism_selector,200,1,46055,adapted,SKIP,false,error_down,0
agrawal_abrupt_sticky,rf,mechanism_selector,200,1,48295,adapted,NUDGE,false,error_up,4000
agrawal_abrupt_sticky,rf,mechanism_selector,200,2,12551,adapted,REBUILD,true,error_up,104000
agrawal_abrupt_sticky,rf,mechanism_selector,200,2,36231,adapted,SKIP,false,error_down,0
agrawal_abrupt_sticky,rf,mechanism_selector,200,2,48583,adapted,REBUILD,false,error_up,104000
agrawal_abrupt_sticky,rf,mechanism_selector,200,2,48871,adapted,SKIP,false,error_down,0
agrawal_abrupt_sticky,rf,mechanism_selector,200,3,12551,adapted,REBUILD,true,error_up,104000
agrawal_abrupt_sticky,rf,mechanism_selector,200,3,29159,adapted,SKIP,false,error_down,0
agrawal_abrupt_sticky,rf,mechanism_selector,200,4,12519,adapted,REBUILD,true,error_up,104000
agrawal_abrupt_sticky,rf,mechanism_selector,200,4,25991,adapted,SKIP,true,error_down,0
agrawal_abrupt_sticky,rf,mechanism_selector,500,0,12551,adapted,REBUILD,true,error_up,104000
agrawal_abrupt_sticky,rf,mechanism_selector,500,0,13159,adapted,NUDGE,true,error_down,2430
agrawal_abrupt_sticky,rf,mechanism_selector,500,0,25095,adapted,REBUILD,true,error_up,104000
agrawal_abrupt_sticky,rf,mechanism_selector,500,0,25703,adapted,SKIP,true,error_down,0
agrawal_abrupt_sticky,rf,mechanism_selector,500,0,37543,adapted,REBUILD,true,error_up,104000
agrawal_abrupt_sticky,rf,mechanism_selector,500,0,39015,adapted,SKIP,false,error_down,0
agrawal_abrupt_sticky,rf,mechanism_selector,500,0,39911,adapted,SKIP,false,error_down,0
agrawal_abrupt_sticky,rf,mechanism_selector,500,0,42535,adapted,SKIP,false,error_down,0
agrawal_abrupt_sticky,rf,mechanism_selector,500,0,43559,adapted,NUDGE,false,error_up,4000
agrawal_abrupt_sticky,rf,mechanism_selector,500,0,44775,adapted,REBUILD,false,error_down,104000
agrawal_abrupt_sticky,rf,mechanism_selector,500,0,45415,adapted,SKIP,false,error_down,0
agrawal_abrupt_sticky,rf,mechanism_selector,500,1,12551,adapted,REBUILD,true,error_up,104000
agrawal_abrupt_sticky,rf,mechanism_selector,500,1,13159,adapted,SKIP,true,error_down,0
agrawal_abrupt_sticky,rf,mechanism_selector,500,1,25063,adapted,REBUILD,true,error_up,104000
agrawal_abrupt_sticky,rf,mechanism_selector,500,1,25607,adapted,REBUILD,true,error_down,56575
agrawal_abrupt_sticky,rf,mechanism_selector,500,1,27719,adapted,SKIP,false,error_up,0
agrawal_abrupt_sticky,rf,mechanism_selector,500,1,31751,adapted,SKIP,false,error_up,0
agrawal_abrupt_sticky,rf,mechanism_selector,500,1,34695,adapted,REBUILD,false,error_up,104000
agrawal_abrupt_sticky,rf,mechanism_selector,500,1,37543,adapted,REBUILD,true,error_up,104000
agrawal_abrupt_sticky,rf,mechanism_selector,500,1,38119,adapted,SKIP,true,error_down,0
agrawal_abrupt_sticky,rf,mechanism_selector,500,2,12551,adapted,REBUILD,true,error_up,104000
agrawal_abrupt_sticky,rf,mechanism_selector,500,2,13223,adapted,REBUILD,true,error_down,69885
agrawal_abrupt_sticky,rf,mechanism_selector,500,2,13863,adapted,SKIP,false,error_down,0
agrawal_abrupt_sticky,rf,mechanism_selector,500,2,25031,adapted,REBUILD,true,error_up,104000
agrawal_abrupt_sticky,rf,mechanism_selector,500,2,25799,adapted,SKIP,true,error_down,0
agrawal_abrupt_sticky,rf,mechanism_selector,500,2,37767,adapted,REBUILD,true,error_up,104000
agrawal_abrupt_sticky,rf,mechanism_selector,500,2,38407,adapted,SKIP,true,error_down,0
agrawal_abrupt_sticky,rf,mechanism_selector,500,3,12551,adapted,REBUILD,true,error_up,104000
agrawal_abrupt_sticky,rf,mechanism_selector,500,3,13095,adapted,REBUILD,true,error_down,56575
agrawal_abrupt_sticky,rf,mechanism_selector,500,3,13735,adapted,REBUILD,false,error_down,66560
agrawal_abrupt_sticky,rf,mechanism_selector,500,3,25031,adapted,REBUILD,true,error_up,104000
agrawal_abrupt_sticky,rf,mechanism_selector,500,3,25735,adapted,REBUILD,true,error_down,73215
agrawal_abrupt_sticky,rf,mechanism_selector,500,3,26535,adapted,SKIP,false,error_down,0
agrawal_abrupt_sticky,rf,mechanism_selector,500,3,37543,adapted,REBUILD,true,error_up,104000
agrawal_abrupt_sticky,rf,mechanism_selector,500,3,38215,adapted,REBUILD,true,error_down,69885
agrawal_abrupt_sticky,rf,mechanism_selector,500,3,38759,adapted,SKIP,false,error_down,0
agrawal_abrupt_sticky,rf,mechanism_selector,500,4,12519,adapted,REBUILD,true,error_up,104000
agrawal_abrupt_sticky,rf,mechanism_selector,500,4,13095,adapted,REBUILD,true,error_down,59900
agrawal_abrupt_sticky,rf,mechanism_selector,500,4,13799,adapted,SKIP,false,error_down,0
agrawal_abrupt_sticky,rf,mechanism_selector,500,4,25031,adapted,REBUILD,true,error_up,104000
agrawal_abrupt_sticky,rf,mechanism_selector,500,4,25671,adapted,SKIP,true,error_down,0
agrawal_abrupt_sticky,rf,mechanism_selector,500,4,37575,adapted,REBUILD,true,error_up,104000
agrawal_abrupt_sticky,rf,mechanism_selector,500,4,38151,adapted,SKIP,true,error_down,0
agrawal_abrupt_sticky,sgd,always_rebuild,200,0,5127,adapted,REBUILD,false,error_down,20008
agrawal_abrupt_sticky,sgd,always_rebuild,200,0,11559,adapted,REBUILD,false,error_up,68000
agrawal_abrupt_sticky,sgd,always_rebuild,200,0,12359,adapted,REBUILD,false,error_down,73600
agrawal_abrupt_sticky,sgd,always_rebuild,200,0,12967,adapted,REBUILD,true,error_up,51680
agrawal_abrupt_sticky,sgd,always_rebuild,200,0,25383,adapted,REBUILD,true,error_down,53000
agrawal_abrupt_sticky,sgd,always_rebuild,200,0,26055,adapted,REBUILD,false,error_up,55776
agrawal_abrupt_sticky,sgd,always_rebuild,200,0,26343,adapted,REBUILD,false,error_down,19008
agrawal_abrupt_sticky,sgd,always_rebuild,200,0,43431,adapted,REBUILD,false,error_down,65000
agrawal_abrupt_sticky,sgd,always_rebuild,200,0,43719,adapted,REBUILD,false,error_down,8928
agrawal_abrupt_sticky,sgd,always_rebuild,200,1,25607,adapted,REBUILD,true,error_up,65000
agrawal_abrupt_sticky,sgd,always_rebuild,200,1,25895,adapted,REBUILD,true,error_down,12960
agrawal_abrupt_sticky,sgd,always_rebuild,200,1,26567,adapted,REBUILD,false,error_down,45024
agrawal_abrupt_sticky,sgd,always_rebuild,200,1,26887,adapted,REBUILD,false,error_up,15680
agrawal_abrupt_sticky,sgd,always_rebuild,200,1,27559,adapted,REBUILD,false,error_up,54432
agrawal_abrupt_sticky,sgd,always_rebuild,200,1,27975,adapted,REBUILD,false,error_down,29952
agrawal_abrupt_sticky,sgd,always_rebuild,200,1,28871,adapted,REBUILD,false,error_up,51072
agrawal_abrupt_sticky,sgd,always_rebuild,200,1,30087,adapted,REBUILD,false,error_down,74000
agrawal_abrupt_sticky,sgd,always_rebuild,200,1,30791,adapted,REBUILD,false,error_up,35200
agrawal_abrupt_sticky,sgd,always_rebuild,200,1,31751,adapted,REBUILD,false,error_up,70080
agrawal_abrupt_sticky,sgd,always_rebuild,200,1,32039,adapted,REBUILD,false,error_up,18144
agrawal_abrupt_sticky,sgd,always_rebuild,200,1,32295,adapted,REBUILD,false,error_down,8448
agrawal_abrupt_sticky,sgd,always_rebuild,200,1,32551,adapted,REBUILD,false,error_up,10752
agrawal_abrupt_sticky,sgd,always_rebuild,200,1,33575,adapted,REBUILD,false,error_up,78000
agrawal_abrupt_sticky,sgd,always_rebuild,200,1,34535,adapted,REBUILD,false,error_up,57600
agrawal_abrupt_sticky,sgd,always_rebuild,200,1,34759,adapted,REBUILD,false,error_down,4480
agrawal_abrupt_sticky,sgd,always_rebuild,200,1,35207,adapted,REBUILD,false,error_up,21056
agrawal_abrupt_sticky,sgd,always_rebuild,200,1,35847,adapted,REBUILD,false,error_up,30720
agrawal_abrupt_sticky,sgd,always_rebuild,200,1,36295,adapted,REBUILD,false,error_up,24640
agrawal_abrupt_sticky,sgd,always_rebuild,200,1,36935,adapted,REBUILD,false,error_up,53760
agrawal_abrupt_sticky,sgd,always_rebuild,200,1,37575,adapted,REBUILD,true,error_up,28160
agrawal_abrupt_sticky,sgd,always_rebuild,200,1,37959,adapted,REBUILD,true,error_down,12672
agrawal_abrupt_sticky,sgd,always_rebuild,200,1,38215,adapted,REBUILD,true,error_down,2816
agrawal_abrupt_sticky,sgd,always_rebuild,200,2,5607,adapted,REBUILD,false,error_up,42016
agrawal_abrupt_sticky,sgd,always_rebuild,200,2,6471,adapted,REBUILD,false,error_up,94176
agrawal_abrupt_sticky,sgd,always_rebuild,200,2,6791,adapted,REBUILD,false,error_down,10880
agrawal_abrupt_sticky,sgd,always_rebuild,200,2,7079,adapted,REBUILD,false,error_up,20160
agrawal_abrupt_sticky,sgd,always_rebuild,200,2,7303,adapted,REBUILD,false,error_up,15008
agrawal_abrupt_sticky,sgd,always_rebuild,200,2,7687,adapted,REBUILD,false,error_up,26496
agrawal_abrupt_sticky,sgd,always_rebuild,200,2,13095,adapted,REBUILD,true,error_up,66000
agrawal_abrupt_sticky,sgd,always_rebuild,200,2,25095,adapted,REBUILD,true,error_up,83000
agrawal_abrupt_sticky,sgd,always_rebuild,200,2,25735,adapted,REBUILD,true,error_down,28800
agrawal_abrupt_sticky,sgd,always_rebuild,200,2,27655,adapted,REBUILD,false,error_down,64000
agrawal_abrupt_sticky,sgd,always_rebuild,200,2,27943,adapted,REBUILD,false,error_down,20736
agrawal_abrupt_sticky,sgd,always_rebuild,200,2,36199,adapted,REBUILD,false,error_down,54000
agrawal_abrupt_sticky,sgd,always_rebuild,200,2,36487,adapted,REBUILD,false,error_down,9216
agrawal_abrupt_sticky,sgd,always_rebuild,200,2,36743,adapted,REBUILD,false,error_down,10752
agrawal_abrupt_sticky,sgd,always_rebuild,200,2,37511,adapted,REBUILD,true,error_up,47616
agrawal_abrupt_sticky,sgd,always_rebuild,200,2,37799,adapted,REBUILD,true,error_down,6624
agrawal_abrupt_sticky,sgd,always_rebuild,200,2,38183,adapted,REBUILD,true,error_down,27264
agrawal_abrupt_sticky,sgd,always_rebuild,200,3,13543,adapted,REBUILD,false,error_down,78000
agrawal_abrupt_sticky,sgd,always_rebuild,200,3,25095,adapted,REBUILD,true,error_up,67000
agrawal_abrupt_sticky,sgd,always_rebuild,200,3,25351,adapted,REBUILD,true,error_down,9984
agrawal_abrupt_sticky,sgd,always_rebuild,200,3,26215,adapted,REBUILD,false,error_up,80352
agrawal_abrupt_sticky,sgd,always_rebuild,200,3,29159,adapted,REBUILD,false,error_up,58000
agrawal_abrupt_sticky,sgd,always_rebuild,200,3,29799,adapted,REBUILD,false,error_down,31360
agrawal_abrupt_sticky,sgd,always_rebuild,200,3,30279,adapted,REBUILD,false,error_up,42240
agrawal_abrupt_sticky,sgd,always_rebuild,200,3,30599,adapted,REBUILD,false,error_down,24640
agrawal_abrupt_sticky,sgd,always_rebuild,200,3,31399,adapted,REBUILD,false,error_down,72800
agrawal_abrupt_sticky,sgd,always_rebuild,200,3,31655,adapted,REBUILD,false,error_up,13056
agrawal_abrupt_sticky,sgd,always_rebuild,200,3,31879,adapted,REBUILD,false,error_down,7168
agrawal_abrupt_sticky,sgd,always_rebuild,200,3,32327,adapted,REBUILD,false,error_down,29568
agrawal_abrupt_sticky,sgd,always_rebuild,200,3,32583,adapted,REBUILD,false,error_up,9216
agrawal_abrupt_sticky,sgd,always_rebuild,200,3,32839,adapted,REBUILD,false,error_down,11264
agrawal_abrupt_sticky,sgd,always_rebuild,200,3,33095,adapted,REBUILD,false,error_down,11776
agrawal_abrupt_sticky,sgd,always_rebuild,200,3,33383,adapted,REBUILD,false,error_up,16128
agrawal_abrupt_sticky,sgd,always_rebuild,200,3,33735,adapted,REBUILD,false,error_down,11616
agrawal_abrupt_sticky,sgd,always_rebuild,200,3,38087,adapted,REBUILD,true,error_up,54000
agrawal_abrupt_sticky,sgd,always_rebuild,200,3,38503,adapted,REBUILD,false,error_down,15808
agrawal_abrupt_sticky,sgd,always_rebuild,200,3,38727,adapted,REBUILD,false,error_down,14336
agrawal_abrupt_sticky,sgd,always_rebuild,200,3,49511,adapted,REBUILD,false,error_down,35000
agrawal_abrupt_sticky,sgd,always_rebuild,200,4,6183,adapted,REBUILD,false,error_down,93000
agrawal_abrupt_sticky,sgd,always_rebuild,200,4,6823,adapted,REBUILD,false,error_up,50560
agrawal_abrupt_sticky,sgd,always_rebuild,200,4,7175,adapted,REBUILD,false,error_down,9856
agrawal_abrupt_sticky,sgd,always_rebuild,200,4,7591,adapted,REBUILD,false,error_up,27872
agrawal_abrupt_sticky,sgd,always_rebuild,200,4,27463,adapted,REBUILD,false,error_down,37000
agrawal_abrupt_sticky,sgd,always_rebuild,200,4,27911,adapted,REBUILD,false,error_down,14336
agrawal_abrupt_sticky,sgd,always_rebuild,200,4,28615,adapted,REBUILD,false,error_up,40832
agrawal_abrupt_sticky,sgd,always_rebuild,200,4,28871,adapted,REBUILD,false,error_up,12288
agrawal_abrupt_sticky,sgd,always_rebuild,200,4,29191,adapted,REBUILD,false,error_up,16960
agrawal_abrupt_sticky,sgd,always_rebuild,200,4,31111,adapted,REBUILD,false,error_up,69000
agrawal_abrupt_sticky,sgd,always_rebuild,200,4,31527,adapted,REBUILD,false,error_down,23296
agrawal_abrupt_sticky,sgd,always_rebuild,200,4,32103,adapted,REBUILD,false,error_down,32832
agrawal_abrupt_sticky,sgd,always_rebuild,200,4,32519,adapted,REBUILD,false,error_up,21216
agrawal_abrupt_sticky,sgd,always_rebuild,200,4,32935,adapted,REBUILD,false,error_down,19968
agrawal_abrupt_sticky,sgd,always_rebuild,200,4,33415,adapted,REBUILD,false,error_up,33600
agrawal_abrupt_sticky,sgd,always_rebuild,200,4,34247,adapted,REBUILD,false,error_up,44928
agrawal_abrupt_sticky,sgd,always_rebuild,200,4,34631,adapted,REBUILD,false,error_up,23808
agrawal_abrupt_sticky,sgd,always_rebuild,200,4,35111,adapted,REBUILD,false,error_down,23040
agrawal_abrupt_sticky,sgd,always_rebuild,200,4,35367,adapted,REBUILD,false,error_up,12800
agrawal_abrupt_sticky,sgd,always_rebuild,200,4,35719,adapted,REBUILD,false,error_down,15488
agrawal_abrupt_sticky,sgd,always_rebuild,200,4,36135,adapted,REBUILD,false,error_up,19136
agrawal_abrupt_sticky,sgd,always_rebuild,200,4,36551,adapted,REBUILD,false,error_up,19552
agrawal_abrupt_sticky,sgd,always_rebuild,200,4,36903,adapted,REBUILD,false,error_up,34496
agrawal_abrupt_sticky,sgd,always_rebuild,200,4,37255,adapted,REBUILD,false,error_down,14432
agrawal_abrupt_sticky,sgd,always_rebuild,200,4,37543,adapted,REBUILD,true,error_up,10368
agrawal_abrupt_sticky,sgd,always_rebuild,200,4,37831,adapted,REBUILD,true,error_down,6336
agrawal_abrupt_sticky,sgd,always_rebuild,500,0,5127,adapted,REBUILD,false,error_down,64684
agrawal_abrupt_sticky,sgd,always_rebuild,500,0,5959,adapted,REBUILD,false,error_down,54080
agrawal_abrupt_sticky,sgd,always_rebuild,500,0,6695,adapted,REBUILD,false,error_up,51520
agrawal_abrupt_sticky,sgd,always_rebuild,500,0,7271,adapted,REBUILD,false,error_down,27072
agrawal_abrupt_sticky,sgd,always_rebuild,500,0,7815,adapted,REBUILD,false,error_up,19584
agrawal_abrupt_sticky,sgd,always_rebuild,500,0,8743,adapted,REBUILD,false,error_down,74240
agrawal_abrupt_sticky,sgd,always_rebuild,500,0,9287,adapted,REBUILD,false,error_up,38080
agrawal_abrupt_sticky,sgd,always_rebuild,500,0,9959,adapted,REBUILD,false,error_down,57120
agrawal_abrupt_sticky,sgd,always_rebuild,500,0,10695,adapted,REBUILD,false,error_down,42688
agrawal_abrupt_sticky,sgd,always_rebuild,500,0,11399,adapted,REBUILD,false,error_up,43648
agrawal_abrupt_sticky,sgd,always_rebuild,500,0,12039,adapted,REBUILD,false,error_down,39040
agrawal_abrupt_sticky,sgd,always_rebuild,500,0,12775,adapted,REBUILD,true,error_up,52992
agrawal_abrupt_sticky,sgd,always_rebuild,500,0,17927,adapted,REBUILD,false,error_up,122000
agrawal_abrupt_sticky,sgd,always_rebuild,500,0,18983,adapted,REBUILD,false,error_down,80000
agrawal_abrupt_sticky,sgd,always_rebuild,500,0,20167,adapted,REBUILD,false,error_down,43000
agrawal_abrupt_sticky,sgd,always_rebuild,500,0,21255,adapted,REBUILD,false,error_down,70000
agrawal_abrupt_sticky,sgd,always_rebuild,500,0,25095,adapted,REBUILD,true,error_up,95000
agrawal_abrupt_sticky,sgd,always_rebuild,500,0,38183,adapted,REBUILD,true,error_down,58000
agrawal_abrupt_sticky,sgd,always_rebuild,500,0,38759,adapted,REBUILD,false,error_down,17280
agrawal_abrupt_sticky,sgd,always_rebuild,500,1,25607,adapted,REBUILD,true,error_up,147000
agrawal_abrupt_sticky,sgd,always_rebuild,500,1,26247,adapted,REBUILD,false,error_down,39680
agrawal_abrupt_sticky,sgd,always_rebuild,500,1,37543,adapted,REBUILD,true,error_up,86000
agrawal_abrupt_sticky,sgd,always_rebuild,500,1,38279,adapted,REBUILD,true,error_down,26496
agrawal_abrupt_sticky,sgd,always_rebuild,500,1,38823,adapted,REBUILD,false,error_down,24480
agrawal_abrupt_sticky,sgd,always_rebuild,500,2,5607,adapted,REBUILD,false,error_up,89000
agrawal_abrupt_sticky,sgd,always_rebuild,500,2,6215,adapted,REBUILD,false,error_up,38304
agrawal_abrupt_sticky,sgd,always_rebuild,500,2,7143,adapted,REBUILD,false,error_down,69600
agrawal_abrupt_sticky,sgd,always_rebuild,500,2,7847,adapted,REBUILD,false,error_down,56320
agrawal_abrupt_sticky,sgd,always_rebuild,500,2,9159,adapted,REBUILD,false,error_down,65000
agrawal_abrupt_sticky,sgd,always_rebuild,500,2,13959,adapted,REBUILD,false,error_up,96000
agrawal_abrupt_sticky,sgd,always_rebuild,500,2,14695,adapted,REBUILD,false,error_down,44896
agrawal_abrupt_sticky,sgd,always_rebuild,500,2,27111,adapted,REBUILD,false,error_down,86000
agrawal_abrupt_sticky,sgd,always_rebuild,500,2,27847,adapted,REBUILD,false,error_down,51520
agrawal_abrupt_sticky,sgd,always_rebuild,500,2,30311,adapted,REBUILD,false,error_up,80000
agrawal_abrupt_sticky,sgd,always_rebuild,500,2,31943,adapted,REBUILD,false,error_up,99000
agrawal_abrupt_sticky,sgd,always_rebuild,500,2,33191,adapted,REBUILD,false,error_up,48000
agrawal_abrupt_sticky,sgd,always_rebuild,500,2,33767,adapted,REBUILD,false,error_up,44928
agrawal_abrupt_sticky,sgd,always_rebuild,500,2,34311,adapted,REBUILD,false,error_down,19584
agrawal_abrupt_sticky,sgd,always_rebuild,500,2,35015,adapted,REBUILD,false,error_up,42944
agrawal_abrupt_sticky,sgd,always_rebuild,500,2,36167,adapted,REBUILD,false,error_up,97000
agrawal_abrupt_sticky,sgd,always_rebuild,500,2,37543,adapted,REBUILD,true,error_up,57000
agrawal_abrupt_sticky,sgd,always_rebuild,500,2,38215,adapted,REBUILD,true,error_up,45696
agrawal_abrupt_sticky,sgd,always_rebuild,500,2,38759,adapted,REBUILD,false,error_down,28288
agrawal_abrupt_sticky,sgd,always_rebuild,500,3,13543,adapted,REBUILD,false,error_down,147000
agrawal_abrupt_sticky,sgd,always_rebuild,500,3,14599,adapted,REBUILD,false,error_up,78000
agrawal_abrupt_sticky,sgd,always_rebuild,500,3,15399,adapted,REBUILD,false,error_down,67200
agrawal_abrupt_sticky,sgd,always_rebuild,500,3,16039,adapted,REBUILD,false,error_up,58880
agrawal_abrupt_sticky,sgd,always_rebuild,500,3,17095,adapted,REBUILD,false,error_up,71000
agrawal_abrupt_sticky,sgd,always_rebuild,500,3,17927,adapted,REBUILD,false,error_down,68224
agrawal_abrupt_sticky,sgd,always_rebuild,500,3,18951,adapted,REBUILD,false,error_up,92000
agrawal_abrupt_sticky,sgd,always_rebuild,500,3,19815,adapted,REBUILD,false,error_down,52704
agrawal_abrupt_sticky,sgd,always_rebuild,500,3,20391,adapted,REBUILD,false,error_down,40896
agrawal_abrupt_sticky,sgd,always_rebuild,500,3,25511,adapted,REBUILD,true,error_up,58000
agrawal_abrupt_sticky,sgd,always_rebuild,500,3,26087,adapted,REBUILD,false,error_down,31680
agrawal_abrupt_sticky,sgd,always_rebuild,500,3,26823,adapted,REBUILD,false,error_down,34592
agrawal_abrupt_sticky,sgd,always_rebuild,500,3,28775,adapted,REBUILD,false,error_up,92000
agrawal_abrupt_sticky,sgd,always_rebuild,500,3,29543,adapted,REBUILD,false,error_up,66816
agrawal_abrupt_sticky,sgd,always_rebuild,500,3,30055,adapted,REBUILD,false,error_up,27648
agrawal_abrupt_sticky,sgd,always_rebuild,500,3,30631,adapted,REBUILD,false,error_down,36864
agrawal_abrupt_sticky,sgd,always_rebuild,500,3,31175,adapted,REBUILD,false,error_down,28288
agrawal_abrupt_sticky,sgd,always_rebuild,500,3,31687,adapted,REBUILD,false,error_up,20992
agrawal_abrupt_sticky,sgd,always_rebuild,500,3,32231,adapted,REBUILD,false,error_down,26112
agrawal_abrupt_sticky,sgd,always_rebuild,500,3,33767,adapted,REBUILD,false,error_up,73000
agrawal_abrupt_sticky,sgd,always_rebuild,500,3,34343,adapted,REBUILD,false,error_down,27648
agrawal_abrupt_sticky,sgd,always_rebuild,500,3,34887,adapted,REBUILD,false,error_up,48960
agrawal_abrupt_sticky,sgd,always_rebuild,500,3,36135,adapted,REBUILD,false,error_up,50000
agrawal_abrupt_sticky,sgd,always_rebuild,500,3,36711,adapted,REBUILD,false,error_up,50112
agrawal_abrupt_sticky,sgd,always_rebuild,500,3,37575,adapted,REBUILD,true,error_up,61344
agrawal_abrupt_sticky,sgd,always_rebuild,500,3,38311,adapted,REBUILD,true,error_down,40480
agrawal_abrupt_sticky,sgd,always_rebuild,500,3,39047,adapted,REBUILD,false,error_down,39008
agrawal_abrupt_sticky,sgd,always_rebuild,500,4,6183,adapted,REBUILD,false,error_down,77000
agrawal_abrupt_sticky,sgd,always_rebuild,500,4,15591,adapted,REBUILD,false,error_up,86000
agrawal_abrupt_sticky,sgd,always_rebuild,500,4,26471,adapted,REBUILD,false,error_up,120000
agrawal_abrupt_sticky,sgd,always_rebuild,500,4,27047,adapted,REBUILD,false,error_down,37440
agrawal_abrupt_sticky,sgd,always_rebuild,500,4,28551,adapted,REBUILD,false,error_up,55000
agrawal_abrupt_sticky,sgd,always_rebuild,500,4,29191,adapted,REBUILD,false,error_up,64640
agrawal_abrupt_sticky,sgd,always_rebuild,500,4,34631,adapted,REBUILD,false,error_up,68000
agrawal_abrupt_sticky,sgd,always_rebuild,500,4,37543,adapted,REBUILD,true,error_up,86000
agrawal_abrupt_sticky,sgd,always_rebuild,500,4,38087,adapted,REBUILD,true,error_down,28288
agrawal_abrupt_sticky,sgd,always_rebuild,500,4,38759,adapted,REBUILD,false,error_down,32928
agrawal_abrupt_sticky,sgd,mechanism_selector,200,0,5127,adapted,SKIP,false,error_down,0
agrawal_abrupt_sticky,sgd,mechanism_selector,200,0,5959,adapted,SKIP,false,error_down,0
agrawal_abrupt_sticky,sgd,mechanism_selector,200,0,6183,adapted,REBUILD,false,error_up,7392
agrawal_abrupt_sticky,sgd,mechanism_selector,200,0,13927,adapted,SKIP,false,error_down,0
agrawal_abrupt_sticky,sgd,mechanism_selector,200,0,26183,adapted,SKIP,false,error_down,0
agrawal_abrupt_sticky,sgd,mechanism_selector,200,0,37735,adapted,REBUILD,true,error_up,87800
agrawal_abrupt_sticky,sgd,mechanism_selector,200,0,38055,adapted,NUDGE,true,error_down,256
agrawal_abrupt_sticky,sgd,mechanism_selector,200,0,38311,adapted,SKIP,true,error_down,0
agrawal_abrupt_sticky,sgd,mechanism_selector,200,1,25607,adapted,NUDGE,true,error_up,800
agrawal_abrupt_sticky,sgd,mechanism_selector,200,1,25863,adapted,REBUILD,true,error_down,10700
agrawal_abrupt_sticky,sgd,mechanism_selector,200,1,27303,adapted,SKIP,false,error_up,0
agrawal_abrupt_sticky,sgd,mechanism_selector,200,1,27655,adapted,SKIP,false,error_up,0
agrawal_abrupt_sticky,sgd,mechanism_selector,200,1,28135,adapted,SKIP,false,error_down,0
agrawal_abrupt_sticky,sgd,mechanism_selector,200,1,31751,adapted,REBUILD,false,error_up,63800
agrawal_abrupt_sticky,sgd,mechanism_selector,200,1,32199,adapted,SKIP,false,error_down,0
agrawal_abrupt_sticky,sgd,mechanism_selector,200,1,33575,adapted,SKIP,false,error_up,0
agrawal_abrupt_sticky,sgd,mechanism_selector,200,1,34535,adapted,REBUILD,false,error_up,58368
agrawal_abrupt_sticky,sgd,mechanism_selector,200,1,34759,adapted,REBUILD,false,error_down,4480
agrawal_abrupt_sticky,sgd,mechanism_selector,200,1,35207,adapted,SKIP,false,error_up,0
agrawal_abrupt_sticky,sgd,mechanism_selector,200,1,37575,adapted,NUDGE,true,error_up,800
agrawal_abrupt_sticky,sgd,mechanism_selector,200,1,37895,adapted,SKIP,true,error_down,0
agrawal_abrupt_sticky,sgd,mechanism_selector,200,2,5607,adapted,SKIP,false,error_up,0
agrawal_abrupt_sticky,sgd,mechanism_selector,200,2,6247,adapted,REBUILD,false,error_up,36992
agrawal_abrupt_sticky,sgd,mechanism_selector,200,2,7239,adapted,SKIP,false,error_down,0
agrawal_abrupt_sticky,sgd,mechanism_selector,200,2,14343,adapted,REBUILD,false,error_down,43800
agrawal_abrupt_sticky,sgd,mechanism_selector,200,2,25671,adapted,SKIP,true,error_down,0
agrawal_abrupt_sticky,sgd,mechanism_selector,200,2,29159,adapted,SKIP,false,error_down,0
agrawal_abrupt_sticky,sgd,mechanism_selector,200,2,36231,adapted,NUDGE,false,error_up,800
agrawal_abrupt_sticky,sgd,mechanism_selector,200,2,36711,adapted,SKIP,false,error_down,0
agrawal_abrupt_sticky,sgd,mechanism_selector,200,2,37543,adapted,REBUILD,true,error_up,56409
agrawal_abrupt_sticky,sgd,mechanism_selector,200,3,13543,adapted,SKIP,false,error_down,0
agrawal_abrupt_sticky,sgd,mechanism_selector,200,3,25127,adapted,SKIP,true,error_down,0
agrawal_abrupt_sticky,sgd,mechanism_selector,200,3,25799,adapted,REBUILD,true,error_up,52281
agrawal_abrupt_sticky,sgd,mechanism_selector,200,3,26215,adapted,SKIP,false,error_up,0
agrawal_abrupt_sticky,sgd,mechanism_selector,200,3,26855,adapted,SKIP,false,error_down,0
agrawal_abrupt_sticky,sgd,mechanism_selector,200,3,27335,adapted,SKIP,false,error_up,0
agrawal_abrupt_sticky,sgd,mechanism_selector,200,3,28775,adapted,SKIP,false,error_up,0
agrawal_abrupt_sticky,sgd,mechanism_selector,200,3,29159,adapted,SKIP,false,error_up,0
agrawal_abrupt_sticky,sgd,mechanism_selector,200,3,29543,adapted,SKIP,false,error_up,0
agrawal_abrupt_sticky,sgd,mechanism_selector,200,3,30055,adapted,REBUILD,false,error_up,24985
agrawal_abrupt_sticky,sgd,mechanism_selector,200,3,30631,adapted,SKIP,false,error_down,0
agrawal_abrupt_sticky,sgd,mechanism_selector,200,3,31399,adapted,SKIP,false,error_down,0
agrawal_abrupt_sticky,sgd,mechanism_selector,200,3,31815,adapted,SKIP,false,error_up,0
agrawal_abrupt_sticky,sgd,mechanism_selector,200,3,32199,adapted,SKIP,false,error_up,0
agrawal_abrupt_sticky,sgd,mechanism_selector,200,3,33191,adapted,SKIP,false,error_down,0
agrawal_abrupt_sticky,sgd,mechanism_selector,200,3,33543,adapted,SKIP,false,error_up,0
agrawal_abrupt_sticky,sgd,mechanism_selector,200,3,33799,adapted,SKIP,false,error_up,0
agrawal_abrupt_sticky,sgd,mechanism_selector,200,3,34183,adapted,SKIP,false,error_down,0
agrawal_abrupt_sticky,sgd,mechanism_selector,200,3,34631,adapted,SKIP,false,error_up,0
agrawal_abrupt_sticky,sgd,mechanism_selector,200,3,34855,adapted,REBUILD,false,error_up,8512
agrawal_abrupt_sticky,sgd,mechanism_selector,200,3,38279,adapted,SKIP,true,error_down,0
agrawal_abrupt_sticky,sgd,mechanism_selector,200,4,6183,adapted,SKIP,false,error_down,0
agrawal_abrupt_sticky,sgd,mechanism_selector,200,4,12711,adapted,SKIP,true,error_down,0
agrawal_abrupt_sticky,sgd,mechanism_selector,200,4,16199,adapted,NUDGE,false,error_down,800
agrawal_abrupt_sticky,sgd,mechanism_selector,200,4,16807,adapted,NUDGE,false,error_down,486
agrawal_abrupt_sticky,sgd,mechanism_selector,200,4,17863,adapted,SKIP,false,error_up,0
agrawal_abrupt_sticky,sgd,mechanism_selector,200,4,18471,adapted,REBUILD,false,error_up,29062
agrawal_abrupt_sticky,sgd,mechanism_selector,200,4,18727,adapted,SKIP,false,error_down,0
agrawal_abrupt_sticky,sgd,mechanism_selector,200,4,19527,adapted,SKIP,false,error_up,0
agrawal_abrupt_sticky,sgd,mechanism_selector,200,4,20647,adapted,SKIP,false,error_up,0
agrawal_abrupt_sticky,sgd,mechanism_selector,200,4,21031,adapted,SKIP,false,error_down,0
agrawal_abrupt_sticky,sgd,mechanism_selector,200,4,21959,adapted,REBUILD,false,error_down,73126
agrawal_abrupt_sticky,sgd,mechanism_selector,200,4,38023,adapted,NUDGE,true,error_up,800
agrawal_abrupt_sticky,sgd,mechanism_selector,200,4,38279,adapted,NUDGE,true,error_down,204
agrawal_abrupt_sticky,sgd,mechanism_selector,200,4,38887,adapted,SKIP,false,error_down,0
agrawal_abrupt_sticky,sgd,mechanism_selector,500,0,5127,adapted,SKIP,false,error_down,0
agrawal_abrupt_sticky,sgd,mechanism_selector,500,0,5959,adapted,SKIP,false,error_down,0
agrawal_abrupt_sticky,sgd,mechanism_selector,500,0,6695,adapted,SKIP,false,error_down,0
agrawal_abrupt_sticky,sgd,mechanism_selector,500,0,8231,adapted,REBUILD,false,error_up,88800
agrawal_abrupt_sticky,sgd,mechanism_selector,500,0,8807,adapted,SKIP,false,error_up,0
agrawal_abrupt_sticky,sgd,mechanism_selector,500,0,11335,adapted,SKIP,false,error_down,0
agrawal_abrupt_sticky,sgd,mechanism_selector,500,0,12327,adapted,SKIP,false,error_up,0
agrawal_abrupt_sticky,sgd,mechanism_selector,500,0,12999,adapted,REBUILD,true,error_down,42873
agrawal_abrupt_sticky,sgd,mechanism_selector,500,0,14183,adapted,NUDGE,false,error_down,800
agrawal_abrupt_sticky,sgd,mechanism_selector,500,0,17927,adapted,NUDGE,false,error_up,800
agrawal_abrupt_sticky,sgd,mechanism_selector,500,0,25095,adapted,SKIP,true,error_down,0
agrawal_abrupt_sticky,sgd,mechanism_selector,500,0,47911,adapted,NUDGE,false,error_up,800
agrawal_abrupt_sticky,sgd,mechanism_selector,500,0,48647,adapted,SKIP,false,error_down,0
agrawal_abrupt_sticky,sgd,mechanism_selector,500,1,25607,adapted,SKIP,true,error_up,0
agrawal_abrupt_sticky,sgd,mechanism_selector,500,1,38439,adapted,SKIP,true,error_down,0
agrawal_abrupt_sticky,sgd,mechanism_selector,500,2,5607,adapted,SKIP,false,error_up,0
agrawal_abrupt_sticky,sgd,mechanism_selector,500,2,6247,adapted,SKIP,false,error_up,0
agrawal_abrupt_sticky,sgd,mechanism_selector,500,2,7143,adapted,REBUILD,false,error_up,73292
agrawal_abrupt_sticky,sgd,mechanism_selector,500,2,7687,adapted,SKIP,false,error_up,0
agrawal_abrupt_sticky,sgd,mechanism_selector,500,2,10855,adapted,NUDGE,false,error_down,800
agrawal_abrupt_sticky,sgd,mechanism_selector,500,2,11463,adapted,REBUILD,false,error_down,33926
agrawal_abrupt_sticky,sgd,mechanism_selector,500,2,13159,adapted,SKIP,true,error_up,0
agrawal_abrupt_sticky,sgd,mechanism_selector,500,2,14855,adapted,SKIP,false,error_down,0
agrawal_abrupt_sticky,sgd,mechanism_selector,500,2,20807,adapted,NUDGE,false,error_down,800
agrawal_abrupt_sticky,sgd,mechanism_selector,500,2,25159,adapted,SKIP,true,error_down,0
agrawal_abrupt_sticky,sgd,mechanism_selector,500,2,38407,adapted,SKIP,true,error_up,0
agrawal_abrupt_sticky,sgd,mechanism_selector,500,2,45031,adapted,SKIP,false,error_up,0
agrawal_abrupt_sticky,sgd,mechanism_selector,500,3,13543,adapted,SKIP,false,error_down,0
agrawal_abrupt_sticky,sgd,mechanism_selector,500,3,25127,adapted,SKIP,true,error_down,0
agrawal_abrupt_sticky,sgd,mechanism_selector,500,3,25799,adapted,NUDGE,true,error_up,537
agrawal_abrupt_sticky,sgd,mechanism_selector,500,3,37639,adapted,NUDGE,true,error_up,800
agrawal_abrupt_sticky,sgd,mechanism_selector,500,3,38311,adapted,SKIP,true,error_up,0
agrawal_abrupt_sticky,sgd,mechanism_selector,500,3,39207,adapted,SKIP,false,error_down,0
agrawal_abrupt_sticky,sgd,mechanism_selector,500,3,39975,adapted,SKIP,false,error_down,0
agrawal_abrupt_sticky,sgd,mechanism_selector,500,3,40551,adapted,SKIP,false,error_up,0
agrawal_abrupt_sticky,sgd,mechanism_selector,500,3,41607,adapted,SKIP,false,error_up,0
agrawal_abrupt_sticky,sgd,mechanism_selector,500,3,42951,adapted,NUDGE,false,error_up,800
agrawal_abrupt_sticky,sgd,mechanism_selector,500,3,43943,adapted,NUDGE,false,error_down,793
agrawal_abrupt_sticky,sgd,mechanism_selector,500,4,6183,adapted,SKIP,false,error_down,0
agrawal_abrupt_sticky,sgd,mechanism_selector,500,4,12711,adapted,SKIP,true,error_down,0
agrawal_abrupt_sticky,sgd,mechanism_selector,500,4,16199,adapted,SKIP,false,error_down,0
agrawal_abrupt_sticky,sgd,mechanism_selector,500,4,25543,adapted,SKIP,true,error_down,0
agrawal_abrupt_sticky,sgd,mechanism_selector,500,4,37607,adapted,NUDGE,true,error_up,800
agrawal_abrupt_sticky,sgd,mechanism_selector,500,4,38279,adapted,SKIP,true,error_down,0
agrawal_abrupt_sticky,sgd,mechanism_selector,500,4,41095,adapted,NUDGE,false,error_down,800
agrawal_abrupt_sticky,sgd,mechanism_selector,500,4,41831,adapted,SKIP,false,error_down,0
agrawal_abrupt_sticky,xgb,always_rebuild,200,0,12551,adapted,REBUILD,true,error_up,100000
agrawal_abrupt_sticky,xgb,always_rebuild,200,0,33319,adapted,REBUILD,false,error_up,100000
agrawal_abrupt_sticky,xgb,always_rebuild,200,0,33607,adapted,REBUILD,false,error_down,28800
agrawal_abrupt_sticky,xgb,always_rebuild,200,0,37543,adapted,REBUILD,true,error_up,100000
agrawal_abrupt_sticky,xgb,always_rebuild,200,0,39911,adapted,REBUILD,false,error_down,100000
agrawal_abrupt_sticky,xgb,always_rebuild,200,0,40199,adapted,REBUILD,false,error_down,28800
agrawal_abrupt_sticky,xgb,always_rebuild,200,1,12551,adapted,REBUILD,true,error_up,100000
agrawal_abrupt_sticky,xgb,always_rebuild,200,1,34695,adapted,REBUILD,false,error_down,100000
agrawal_abrupt_sticky,xgb,always_rebuild,200,1,34983,adapted,REBUILD,false,error_down,28800
agrawal_abrupt_sticky,xgb,always_rebuild,200,1,37543,adapted,REBUILD,true,error_up,100000
agrawal_abrupt_sticky,xgb,always_rebuild,200,1,46087,adapted,REBUILD,false,error_down,100000
agrawal_abrupt_sticky,xgb,always_rebuild,200,1,46439,adapted,REBUILD,false,error_down,35200
agrawal_abrupt_sticky,xgb,always_rebuild,200,2,12551,adapted,REBUILD,true,error_up,100000
agrawal_abrupt_sticky,xgb,always_rebuild,200,2,26759,adapted,REBUILD,false,error_up,100000
agrawal_abrupt_sticky,xgb,always_rebuild,200,2,27015,adapted,REBUILD,false,error_down,25600
agrawal_abrupt_sticky,xgb,always_rebuild,200,2,36199,adapted,REBUILD,false,error_up,100000
agrawal_abrupt_sticky,xgb,always_rebuild,200,2,37543,adapted,REBUILD,true,error_up,100000
agrawal_abrupt_sticky,xgb,always_rebuild,200,2,38407,adapted,REBUILD,true,error_up,86400
agrawal_abrupt_sticky,xgb,always_rebuild,200,2,38695,adapted,REBUILD,false,error_down,28800
agrawal_abrupt_sticky,xgb,always_rebuild,200,3,12551,adapted,REBUILD,true,error_up,100000
agrawal_abrupt_sticky,xgb,always_rebuild,200,3,26471,adapted,REBUILD,false,error_up,100000
agrawal_abrupt_sticky,xgb,always_rebuild,200,3,26727,adapted,REBUILD,false,error_down,25600
agrawal_abrupt_sticky,xgb,always_rebuild,200,3,26983,adapted,REBUILD,false,error_up,25600
agrawal_abrupt_sticky,xgb,always_rebuild,200,3,37543,adapted,REBUILD,true,error_up,100000
agrawal_abrupt_sticky,xgb,always_rebuild,200,3,38279,adapted,REBUILD,true,error_up,73600
agrawal_abrupt_sticky,xgb,always_rebuild,200,3,38503,adapted,REBUILD,false,error_down,22400
agrawal_abrupt_sticky,xgb,always_rebuild,200,4,12519,adapted,REBUILD,true,error_up,100000
agrawal_abrupt_sticky,xgb,always_rebuild,200,4,28231,adapted,REBUILD,false,error_up,100000
agrawal_abrupt_sticky,xgb,always_rebuild,200,4,28487,adapted,REBUILD,false,error_down,25600
agrawal_abrupt_sticky,xgb,always_rebuild,200,4,37543,adapted,REBUILD,true,error_up,100000
agrawal_abrupt_sticky,xgb,always_rebuild,200,4,45735,adapted,REBUILD,false,error_down,100000
agrawal_abrupt_sticky,xgb,always_rebuild,200,4,45991,adapted,REBUILD,false,error_down,25600
agrawal_abrupt_sticky,xgb,always_rebuild,500,0,12551,adapted,REBUILD,true,error_up,100000
agrawal_abrupt_sticky,xgb,always_rebuild,500,0,13191,adapted,REBUILD,true,error_down,64000
agrawal_abrupt_sticky,xgb,always_rebuild,500,0,13831,adapted,REBUILD,false,error_down,64000
agrawal_abrupt_sticky,xgb,always_rebuild,500,0,25031,adapted,REBUILD,true,error_up,100000
agrawal_abrupt_sticky,xgb,always_rebuild,500,0,25703,adapted,REBUILD,true,error_down,67200
agrawal_abrupt_sticky,xgb,always_rebuild,500,0,26535,adapted,REBUILD,false,error_down,83200
agrawal_abrupt_sticky,xgb,always_rebuild,500,0,37543,adapted,REBUILD,true,error_up,100000
agrawal_abrupt_sticky,xgb,always_rebuild,500,0,38727,adapted,REBUILD,false,error_down,100000
agrawal_abrupt_sticky,xgb,always_rebuild,500,0,39367,adapted,REBUILD,false,error_down,64000
agrawal_abrupt_sticky,xgb,always_rebuild,500,1,12551,adapted,REBUILD,true,error_up,100000
agrawal_abrupt_sticky,xgb,always_rebuild,500,1,13159,adapted,REBUILD,true,error_down,60800
agrawal_abrupt_sticky,xgb,always_rebuild,500,1,13799,adapted,REBUILD,false,error_down,64000
agrawal_abrupt_sticky,xgb,always_rebuild,500,1,25031,adapted,REBUILD,true,error_up,100000
agrawal_abrupt_sticky,xgb,always_rebuild,500,1,25607,adapted,REBUILD,true,error_down,57600
agrawal_abrupt_sticky,xgb,always_rebuild,500,1,26343,adapted,REBUILD,false,error_down,73600
agrawal_abrupt_sticky,xgb,always_rebuild,500,1,37543,adapted,REBUILD,true,error_up,100000
agrawal_abrupt_sticky,xgb,always_rebuild,500,1,38183,adapted,REBUILD,true,error_down,64000
agrawal_abrupt_sticky,xgb,always_rebuild,500,1,38919,adapted,REBUILD,false,error_down,73600
agrawal_abrupt_sticky,xgb,always_rebuild,500,2,12551,adapted,REBUILD,true,error_up,100000
agrawal_abrupt_sticky,xgb,always_rebuild,500,2,13223,adapted,REBUILD,true,error_down,67200
agrawal_abrupt_sticky,xgb,always_rebuild,500,2,13895,adapted,REBUILD,false,error_down,67200
agrawal_abrupt_sticky,xgb,always_rebuild,500,2,25031,adapted,REBUILD,true,error_up,100000
agrawal_abrupt_sticky,xgb,always_rebuild,500,2,25799,adapted,REBUILD,true,error_down,76800
agrawal_abrupt_sticky,xgb,always_rebuild,500,2,26439,adapted,REBUILD,false,error_down,64000
agrawal_abrupt_sticky,xgb,always_rebuild,500,2,37543,adapted,REBUILD,true,error_up,100000
agrawal_abrupt_sticky,xgb,always_rebuild,500,2,38151,adapted,REBUILD,true,error_down,60800
agrawal_abrupt_sticky,xgb,always_rebuild,500,2,38727,adapted,REBUILD,false,error_down,57600
agrawal_abrupt_sticky,xgb,always_rebuild,500,3,12551,adapted,REBUILD,true,error_up,100000
agrawal_abrupt_sticky,xgb,always_rebuild,500,3,13127,adapted,REBUILD,true,error_down,57600
agrawal_abrupt_sticky,xgb,always_rebuild,500,3,13735,adapted,REBUILD,false,error_down,60800
agrawal_abrupt_sticky,xgb,always_rebuild,500,3,25031,adapted,REBUILD,true,error_up,100000
agrawal_abrupt_sticky,xgb,always_rebuild,500,3,25767,adapted,REBUILD,true,error_down,73600
agrawal_abrupt_sticky,xgb,always_rebuild,500,3,26407,adapted,REBUILD,false,error_down,64000
agrawal_abrupt_sticky,xgb,always_rebuild,500,3,28775,adapted,REBUILD,false,error_up,100000
agrawal_abrupt_sticky,xgb,always_rebuild,500,3,33319,adapted,REBUILD,false,error_down,100000
agrawal_abrupt_sticky,xgb,always_rebuild,500,3,37543,adapted,REBUILD,true,error_up,100000
agrawal_abrupt_sticky,xgb,always_rebuild,500,3,38183,adapted,REBUILD,true,error_down,64000
agrawal_abrupt_sticky,xgb,always_rebuild,500,3,38791,adapted,REBUILD,false,error_down,60800
agrawal_abrupt_sticky,xgb,always_rebuild,500,4,12519,adapted,REBUILD,true,error_up,100000
agrawal_abrupt_sticky,xgb,always_rebuild,500,4,13095,adapted,REBUILD,true,error_down,57600
agrawal_abrupt_sticky,xgb,always_rebuild,500,4,13767,adapted,REBUILD,false,error_down,67200
agrawal_abrupt_sticky,xgb,always_rebuild,500,4,25031,adapted,REBUILD,true,error_up,100000
agrawal_abrupt_sticky,xgb,always_rebuild,500,4,25767,adapted,REBUILD,true,error_down,73600
agrawal_abrupt_sticky,xgb,always_rebuild,500,4,26471,adapted,REBUILD,false,error_down,70400
agrawal_abrupt_sticky,xgb,always_rebuild,500,4,37543,adapted,REBUILD,true,error_up,100000
agrawal_abrupt_sticky,xgb,always_rebuild,500,4,38119,adapted,REBUILD,true,error_down,57600
agrawal_abrupt_sticky,xgb,always_rebuild,500,4,38791,adapted,REBUILD,false,error_down,67200
agrawal_abrupt_sticky,xgb,mechanism_selector,200,0,12551,adapted,REBUILD,true,error_up,104000
agrawal_abrupt_sticky,xgb,mechanism_selector,200,0,33319,adapted,NUDGE,false,error_up,4000
agrawal_abrupt_sticky,xgb,mechanism_selector,200,0,33703,adapted,SKIP,false,error_down,0
agrawal_abrupt_sticky,xgb,mechanism_selector,200,0,37575,adapted,REBUILD,true,error_up,104000
agrawal_abrupt_sticky,xgb,mechanism_selector,200,0,39879,adapted,SKIP,false,error_down,0
agrawal_abrupt_sticky,xgb,mechanism_selector,200,0,42503,adapted,SKIP,false,error_down,0
agrawal_abrupt_sticky,xgb,mechanism_selector,200,0,43527,adapted,NUDGE,false,error_up,4000
agrawal_abrupt_sticky,xgb,mechanism_selector,200,0,43783,adapted,SKIP,false,error_down,0
agrawal_abrupt_sticky,xgb,mechanism_selector,200,1,12551,adapted,REBUILD,true,error_up,104000
agrawal_abrupt_sticky,xgb,mechanism_selector,200,1,34695,adapted,NUDGE,false,error_down,4000
agrawal_abrupt_sticky,xgb,mechanism_selector,200,1,35047,adapted,SKIP,false,error_down,0
agrawal_abrupt_sticky,xgb,mechanism_selector,200,1,37543,adapted,REBUILD,true,error_up,104000
agrawal_abrupt_sticky,xgb,mechanism_selector,200,1,46087,adapted,SKIP,false,error_down,0
agrawal_abrupt_sticky,xgb,mechanism_selector,200,2,12551,adapted,REBUILD,true,error_up,104000
agrawal_abrupt_sticky,xgb,mechanism_selector,200,2,26759,adapted,NUDGE,false,error_up,4000
agrawal_abrupt_sticky,xgb,mechanism_selector,200,2,27047,adapted,REBUILD,false,error_down,29950
agrawal_abrupt_sticky,xgb,mechanism_selector,200,2,37543,adapted,REBUILD,true,error_up,104000
agrawal_abrupt_sticky,xgb,mechanism_selector,200,2,38407,adapted,NUDGE,true,error_up,3455
agrawal_abrupt_sticky,xgb,mechanism_selector,200,2,38695,adapted,REBUILD,false,error_down,29950
agrawal_abrupt_sticky,xgb,mechanism_selector,200,3,12551,adapted,REBUILD,true,error_up,104000
agrawal_abrupt_sticky,xgb,mechanism_selector,200,3,26471,adapted,SKIP,false,error_up,0
agrawal_abrupt_sticky,xgb,mechanism_selector,200,3,29287,adapted,SKIP,false,error_down,0
agrawal_abrupt_sticky,xgb,mechanism_selector,200,4,12519,adapted,REBUILD,true,error_up,104000
agrawal_abrupt_sticky,xgb,mechanism_selector,200,4,28231,adapted,NUDGE,false,error_up,4000
agrawal_abrupt_sticky,xgb,mechanism_selector,200,4,28551,adapted,SKIP,false,error_down,0
agrawal_abrupt_sticky,xgb,mechanism_selector,200,4,37543,adapted,REBUILD,true,error_up,104000
agrawal_abrupt_sticky,xgb,mechanism_selector,200,4,45767,adapted,NUDGE,false,error_down,4000
agrawal_abrupt_sticky,xgb,mechanism_selector,200,4,46023,adapted,NUDGE,false,error_down,1020
agrawal_abrupt_sticky,xgb,mechanism_selector,500,0,12551,adapted,REBUILD,true,error_up,104000
agrawal_abrupt_sticky,xgb,mechanism_selector,500,0,13191,adapted,NUDGE,true,error_down,2560
agrawal_abrupt_sticky,xgb,mechanism_selector,500,0,13927,adapted,SKIP,false,error_down,0
agrawal_abrupt_sticky,xgb,mechanism_selector,500,0,25031,adapted,REBUILD,true,error_up,104000
agrawal_abrupt_sticky,xgb,mechanism_selector,500,0,25703,adapted,NUDGE,true,error_down,2685
agrawal_abrupt_sticky,xgb,mechanism_selector,500,0,26983,adapted,SKIP,false,error_down,0
agrawal_abrupt_sticky,xgb,mechanism_selector,500,0,37575,adapted,NUDGE,true,error_up,4000
agrawal_abrupt_sticky,xgb,mechanism_selector,500,0,39911,adapted,SKIP,false,error_down,0
agrawal_abrupt_sticky,xgb,mechanism_selector,500,0,42535,adapted,SKIP,false,error_down,0
agrawal_abrupt_sticky,xgb,mechanism_selector,500,0,43559,adapted,NUDGE,false,error_up,4000
agrawal_abrupt_sticky,xgb,mechanism_selector,500,0,44199,adapted,SKIP,false,error_down,0
agrawal_abrupt_sticky,xgb,mechanism_selector,500,1,12551,adapted,REBUILD,true,error_up,104000
agrawal_abrupt_sticky,xgb,mechanism_selector,500,1,13159,adapted,SKIP,true,error_down,0
agrawal_abrupt_sticky,xgb,mechanism_selector,500,1,25063,adapted,REBUILD,true,error_up,104000
agrawal_abrupt_sticky,xgb,mechanism_selector,500,1,25639,adapted,SKIP,true,error_down,0
agrawal_abrupt_sticky,xgb,mechanism_selector,500,1,37575,adapted,REBUILD,true,error_up,104000
agrawal_abrupt_sticky,xgb,mechanism_selector,500,1,38183,adapted,SKIP,true,error_down,0
agrawal_abrupt_sticky,xgb,mechanism_selector,500,2,12551,adapted,REBUILD,true,error_up,104000
agrawal_abrupt_sticky,xgb,mechanism_selector,500,2,13223,adapted,NUDGE,true,error_down,2685
agrawal_abrupt_sticky,xgb,mechanism_selector,500,2,13991,adapted,SKIP,false,error_down,0
agrawal_abrupt_sticky,xgb,mechanism_selector,500,2,25031,adapted,REBUILD,true,error_up,104000
agrawal_abrupt_sticky,xgb,mechanism_selector,500,2,25799,adapted,SKIP,true,error_down,0
agrawal_abrupt_sticky,xgb,mechanism_selector,500,2,37927,adapted,NUDGE,true,error_up,4000
agrawal_abrupt_sticky,xgb,mechanism_selector,500,2,38503,adapted,SKIP,false,error_down,0
agrawal_abrupt_sticky,xgb,mechanism_selector,500,3,12551,adapted,REBUILD,true,error_up,104000
agrawal_abrupt_sticky,xgb,mechanism_selector,500,3,13127,adapted,SKIP,true,error_down,0
agrawal_abrupt_sticky,xgb,mechanism_selector,500,3,25063,adapted,REBUILD,true,error_up,104000
agrawal_abrupt_sticky,xgb,mechanism_selector,500,3,25735,adapted,NUDGE,true,error_down,2685
agrawal_abrupt_sticky,xgb,mechanism_selector,500,3,26535,adapted,SKIP,false,error_down,0
agrawal_abrupt_sticky,xgb,mechanism_selector,500,3,37543,adapted,REBUILD,true,error_up,104000
agrawal_abrupt_sticky,xgb,mechanism_selector,500,3,38215,adapted,NUDGE,true,error_down,2685
agrawal_abrupt_sticky,xgb,mechanism_selector,500,3,38823,adapted,NUDGE,false,error_down,2430
agrawal_abrupt_sticky,xgb,mechanism_selector,500,4,12519,adapted,REBUILD,true,error_up,104000
agrawal_abrupt_sticky,xgb,mechanism_selector,500,4,13095,adapted,NUDGE,true,error_down,2300
agrawal_abrupt_sticky,xgb,mechanism_selector,500,4,13831,adapted,SKIP,false,error_down,0
agrawal_abrupt_sticky,xgb,mechanism_selector,500,4,25031,adapted,REBUILD,true,error_up,104000
agrawal_abrupt_sticky,xgb,mechanism_selector,500,4,25767,adapted,SKIP,true,error_down,0
agrawal_abrupt_sticky,xgb,mechanism_selector,500,4,37575,adapted,REBUILD,true,error_up,104000
agrawal_abrupt_sticky,xgb,mechanism_selector,500,4,38183,adapted,NUDGE,true,error_down,2430
agrawal_abrupt_sticky,xgb,mechanism_selector,500,4,39207,adapted,SKIP,false,error_down,0
agrawal_none_sticky,gnb,always_rebuild,200,0,7847,adapted,REBUILD,false,error_down,1000
agrawal_none_sticky,gnb,always_rebuild,200,0,8167,adapted,REBUILD,false,error_up,320
agrawal_none_sticky,gnb,always_rebuild,200,0,8807,adapted,REBUILD,false,error_down,640
agrawal_none_sticky,gnb,always_rebuild,200,1,5319,adapted,REBUILD,false,error_up,520
agrawal_none_sticky,gnb,always_rebuild,200,1,5863,adapted,REBUILD,false,error_up,544
agrawal_none_sticky,gnb,always_rebuild,200,1,6183,adapted,REBUILD,false,error_up,320
agrawal_none_sticky,gnb,always_rebuild,200,1,6567,adapted,REBUILD,false,error_down,384
agrawal_none_sticky,gnb,always_rebuild,200,1,7111,adapted,REBUILD,false,error_up,544
agrawal_none_sticky,gnb,always_rebuild,200,1,7815,adapted,REBUILD,false,error_up,704
agrawal_none_sticky,gnb,always_rebuild,200,1,8263,adapted,REBUILD,false,error_up,448
agrawal_none_sticky,gnb,always_rebuild,200,1,8967,adapted,REBUILD,false,error_up,704
agrawal_none_sticky,gnb,always_rebuild,200,1,9767,adapted,REBUILD,false,error_up,800
agrawal_none_sticky,gnb,always_rebuild,200,1,10247,adapted,REBUILD,false,error_up,480
agrawal_none_sticky,gnb,always_rebuild,200,1,10599,adapted,REBUILD,false,error_down,352
agrawal_none_sticky,gnb,always_rebuild,200,2,5607,adapted,REBUILD,false,error_up,808
agrawal_none_sticky,gnb,always_rebuild,200,2,6471,adapted,REBUILD,false,error_up,864
agrawal_none_sticky,gnb,always_rebuild,200,2,7143,adapted,REBUILD,false,error_up,672
agrawal_none_sticky,gnb,always_rebuild,200,2,7463,adapted,REBUILD,false,error_down,320
agrawal_none_sticky,gnb,always_rebuild,200,3,5319,adapted,REBUILD,false,error_down,520
agrawal_none_sticky,gnb,always_rebuild,200,3,5607,adapted,REBUILD,false,error_down,288
agrawal_none_sticky,gnb,always_rebuild,200,3,6311,adapted,REBUILD,false,error_up,704
agrawal_none_sticky,gnb,always_rebuild,200,3,6599,adapted,REBUILD,false,error_down,288
agrawal_none_sticky,gnb,always_rebuild,200,3,11463,adapted,REBUILD,false,error_down,1000
agrawal_none_sticky,gnb,always_rebuild,200,3,11719,adapted,REBUILD,false,error_up,256
agrawal_none_sticky,gnb,always_rebuild,200,3,12071,adapted,REBUILD,false,error_down,352
agrawal_none_sticky,gnb,always_rebuild,200,4,14695,adapted,REBUILD,false,error_up,1000
agrawal_none_sticky,gnb,always_rebuild,200,4,15079,adapted,REBUILD,false,error_up,384
agrawal_none_sticky,gnb,always_rebuild,200,4,15335,adapted,REBUILD,false,error_up,256
agrawal_none_sticky,gnb,always_rebuild,200,4,16167,adapted,REBUILD,false,error_down,832
agrawal_none_sticky,gnb,always_rebuild,200,4,16615,adapted,REBUILD,false,error_up,448
agrawal_none_sticky,gnb,always_rebuild,200,4,17127,adapted,REBUILD,false,error_up,512
agrawal_none_sticky,gnb,always_rebuild,200,4,18023,adapted,REBUILD,false,error_down,896
agrawal_none_sticky,gnb,always_rebuild,500,0,7847,adapted,REBUILD,false,error_down,1000
agrawal_none_sticky,gnb,always_rebuild,500,0,8391,adapted,REBUILD,false,error_up,544
agrawal_none_sticky,gnb,always_rebuild,500,1,5319,adapted,REBUILD,false,error_up,820
agrawal_none_sticky,gnb,always_rebuild,500,1,5863,adapted,REBUILD,false,error_up,544
agrawal_none_sticky,gnb,always_rebuild,500,1,6567,adapted,REBUILD,false,error_down,704
agrawal_none_sticky,gnb,always_rebuild,500,1,7111,adapted,REBUILD,false,error_up,544
agrawal_none_sticky,gnb,always_rebuild,500,1,7815,adapted,REBUILD,false,error_up,704
agrawal_none_sticky,gnb,always_rebuild,500,1,34471,adapted,REBUILD,false,error_up,1000
agrawal_none_sticky,gnb,always_rebuild,500,1,35303,adapted,REBUILD,false,error_up,832
agrawal_none_sticky,gnb,always_rebuild,500,1,35975,adapted,REBUILD,false,error_up,672
agrawal_none_sticky,gnb,always_rebuild,500,1,36647,adapted,REBUILD,false,error_down,672
agrawal_none_sticky,gnb,always_rebuild,500,1,37319,adapted,REBUILD,false,error_up,672
agrawal_none_sticky,gnb,always_rebuild,500,1,39367,adapted,REBUILD,false,error_up,1000
agrawal_none_sticky,gnb,always_rebuild,500,1,40423,adapted,REBUILD,false,error_up,1000
agrawal_none_sticky,gnb,always_rebuild,500,1,40967,adapted,REBUILD,false,error_down,544
agrawal_none_sticky,gnb,always_rebuild,500,2,5607,adapted,REBUILD,false,error_up,1000
agrawal_none_sticky,gnb,always_rebuild,500,2,6439,adapted,REBUILD,false,error_up,832
agrawal_none_sticky,gnb,always_rebuild,500,2,7239,adapted,REBUILD,false,error_up,800
agrawal_none_sticky,gnb,always_rebuild,500,2,8007,adapted,REBUILD,false,error_down,768
agrawal_none_sticky,gnb,always_rebuild,500,2,9543,adapted,REBUILD,false,error_up,1000
agrawal_none_sticky,gnb,always_rebuild,500,2,11623,adapted,REBUILD,false,error_up,1000
agrawal_none_sticky,gnb,always_rebuild,500,2,12423,adapted,REBUILD,false,error_down,800
agrawal_none_sticky,gnb,always_rebuild,500,2,13063,adapted,REBUILD,false,error_up,640
agrawal_none_sticky,gnb,always_rebuild,500,2,14727,adapted,REBUILD,false,error_down,1000
agrawal_none_sticky,gnb,always_rebuild,500,2,16807,adapted,REBUILD,false,error_up,1000
agrawal_none_sticky,gnb,always_rebuild,500,2,17863,adapted,REBUILD,false,error_down,1000
agrawal_none_sticky,gnb,always_rebuild,500,2,20455,adapted,REBUILD,false,error_down,1000
agrawal_none_sticky,gnb,always_rebuild,500,2,21159,adapted,REBUILD,false,error_up,704
agrawal_none_sticky,gnb,always_rebuild,500,2,21831,adapted,REBUILD,false,error_down,672
agrawal_none_sticky,gnb,always_rebuild,500,2,22631,adapted,REBUILD,false,error_up,800
agrawal_none_sticky,gnb,always_rebuild,500,2,23751,adapted,REBUILD,false,error_up,1000
agrawal_none_sticky,gnb,always_rebuild,500,2,24263,adapted,REBUILD,false,error_down,512
agrawal_none_sticky,gnb,always_rebuild,500,2,25159,adapted,REBUILD,false,error_up,896
agrawal_none_sticky,gnb,always_rebuild,500,2,25959,adapted,REBUILD,false,error_up,800
agrawal_none_sticky,gnb,always_rebuild,500,2,26663,adapted,REBUILD,false,error_down,704
agrawal_none_sticky,gnb,always_rebuild,500,2,27463,adapted,REBUILD,false,error_up,800
agrawal_none_sticky,gnb,always_rebuild,500,2,28295,adapted,REBUILD,false,error_down,832
agrawal_none_sticky,gnb,always_rebuild,500,2,29639,adapted,REBUILD,false,error_up,1000
agrawal_none_sticky,gnb,always_rebuild,500,2,30247,adapted,REBUILD,false,error_down,608
agrawal_none_sticky,gnb,always_rebuild,500,2,30887,adapted,REBUILD,false,error_up,640
agrawal_none_sticky,gnb,always_rebuild,500,2,31751,adapted,REBUILD,false,error_up,864
agrawal_none_sticky,gnb,always_rebuild,500,3,5319,adapted,REBUILD,false,error_down,820
agrawal_none_sticky,gnb,always_rebuild,500,3,6727,adapted,REBUILD,false,error_up,1000
agrawal_none_sticky,gnb,always_rebuild,500,4,14695,adapted,REBUILD,false,error_up,1000
agrawal_none_sticky,gnb,always_rebuild,500,4,15303,adapted,REBUILD,false,error_up,608
agrawal_none_sticky,gnb,always_rebuild,500,4,16039,adapted,REBUILD,false,error_up,736
agrawal_none_sticky,gnb,always_rebuild,500,4,16615,adapted,REBUILD,false,error_up,576
agrawal_none_sticky,gnb,always_rebuild,500,4,17383,adapted,REBUILD,false,error_down,768
agrawal_none_sticky,gnb,always_rebuild,500,4,18631,adapted,REBUILD,false,error_down,1000
agrawal_none_sticky,gnb,always_rebuild,500,4,19207,adapted,REBUILD,false,error_up,576
agrawal_none_sticky,gnb,always_rebuild,500,4,42023,adapted,REBUILD,false,error_up,1000
agrawal_none_sticky,gnb,mechanism_selector,200,0,7847,adapted,SKIP,false,error_down,0
agrawal_none_sticky,gnb,mechanism_selector,200,0,14311,adapted,SKIP,false,error_up,0
agrawal_none_sticky,gnb,mechanism_selector,200,0,15463,adapted,SKIP,false,error_up,0
agrawal_none_sticky,gnb,mechanism_selector,200,0,17927,adapted,SKIP,false,error_up,0
agrawal_none_sticky,gnb,mechanism_selector,200,0,18215,adapted,SKIP,false,error_up,0
agrawal_none_sticky,gnb,mechanism_selector,200,0,20519,adapted,SKIP,false,error_up,0
agrawal_none_sticky,gnb,mechanism_selector,200,0,22183,adapted,REBUILD,false,error_up,1800
agrawal_none_sticky,gnb,mechanism_selector,200,0,22791,adapted,REBUILD,false,error_up,1094
agrawal_none_sticky,gnb,mechanism_selector,200,0,23111,adapted,REBUILD,false,error_down,576
agrawal_none_sticky,gnb,mechanism_selector,200,0,34343,adapted,SKIP,false,error_up,0
agrawal_none_sticky,gnb,mechanism_selector,200,1,5319,adapted,SKIP,false,error_up,0
agrawal_none_sticky,gnb,mechanism_selector,200,1,5863,adapted,SKIP,false,error_up,0
agrawal_none_sticky,gnb,mechanism_selector,200,1,6183,adapted,REBUILD,false,error_up,576
agrawal_none_sticky,gnb,mechanism_selector,200,1,6567,adapted,SKIP,false,error_down,0
agrawal_none_sticky,gnb,mechanism_selector,200,1,7815,adapted,SKIP,false,error_up,0
agrawal_none_sticky,gnb,mechanism_selector,200,1,8967,adapted,SKIP,false,error_up,0
agrawal_none_sticky,gnb,mechanism_selector,200,1,13383,adapted,NUDGE,false,error_up,800
agrawal_none_sticky,gnb,mechanism_selector,200,1,15591,adapted,SKIP,false,error_down,0
agrawal_none_sticky,gnb,mechanism_selector,200,1,22439,adapted,SKIP,false,error_up,0
agrawal_none_sticky,gnb,mechanism_selector,200,1,34471,adapted,SKIP,false,error_up,0
agrawal_none_sticky,gnb,mechanism_selector,200,2,5607,adapted,SKIP,false,error_up,0
agrawal_none_sticky,gnb,mechanism_selector,200,2,6535,adapted,SKIP,false,error_up,0
agrawal_none_sticky,gnb,mechanism_selector,200,2,6919,adapted,REBUILD,false,error_up,691
agrawal_none_sticky,gnb,mechanism_selector,200,2,8295,adapted,SKIP,false,error_down,0
agrawal_none_sticky,gnb,mechanism_selector,200,2,11623,adapted,SKIP,false,error_up,0
agrawal_none_sticky,gnb,mechanism_selector,200,2,16807,adapted,SKIP,false,error_up,0
agrawal_none_sticky,gnb,mechanism_selector,200,2,22343,adapted,SKIP,false,error_down,0
agrawal_none_sticky,gnb,mechanism_selector,200,2,29767,adapted,NUDGE,false,error_up,800
agrawal_none_sticky,gnb,mechanism_selector,200,3,5319,adapted,SKIP,false,error_down,0
agrawal_none_sticky,gnb,mechanism_selector,200,3,5767,adapted,SKIP,false,error_down,0
agrawal_none_sticky,gnb,mechanism_selector,200,3,6343,adapted,REBUILD,false,error_up,1036
agrawal_none_sticky,gnb,mechanism_selector,200,3,9543,adapted,SKIP,false,error_down,0
agrawal_none_sticky,gnb,mechanism_selector,200,3,11751,adapted,SKIP,false,error_up,0
agrawal_none_sticky,gnb,mechanism_selector,200,3,23495,adapted,SKIP,false,error_up,0
agrawal_none_sticky,gnb,mechanism_selector,200,3,37543,adapted,NUDGE,false,error_up,800
agrawal_none_sticky,gnb,mechanism_selector,200,3,45095,adapted,SKIP,false,error_down,0
agrawal_none_sticky,gnb,mechanism_selector,200,4,14695,adapted,SKIP,false,error_up,0
agrawal_none_sticky,gnb,mechanism_selector,500,0,7847,adapted,SKIP,false,error_down,0
agrawal_none_sticky,gnb,mechanism_selector,500,0,14311,adapted,SKIP,false,error_up,0
agrawal_none_sticky,gnb,mechanism_selector,500,0,15463,adapted,REBUILD,false,error_up,1800
agrawal_none_sticky,gnb,mechanism_selector,500,0,18215,adapted,SKIP,false,error_up,0
agrawal_none_sticky,gnb,mechanism_selector,500,0,20071,adapted,NUDGE,false,error_up,800
agrawal_none_sticky,gnb,mechanism_selector,500,0,20775,adapted,SKIP,false,error_down,0
agrawal_none_sticky,gnb,mechanism_selector,500,1,5319,adapted,SKIP,false,error_up,0
agrawal_none_sticky,gnb,mechanism_selector,500,1,5863,adapted,REBUILD,false,error_up,979
agrawal_none_sticky,gnb,mechanism_selector,500,1,6535,adapted,SKIP,false,error_down,0
agrawal_none_sticky,gnb,mechanism_selector,500,1,7111,adapted,SKIP,false,error_up,0
agrawal_none_sticky,gnb,mechanism_selector,500,1,7815,adapted,REBUILD,false,error_up,1267
agrawal_none_sticky,gnb,mechanism_selector,500,1,34471,adapted,REBUILD,false,error_up,1800
agrawal_none_sticky,gnb,mechanism_selector,500,1,35303,adapted,SKIP,false,error_up,0
agrawal_none_sticky,gnb,mechanism_selector,500,1,41319,adapted,NUDGE,false,error_up,800
agrawal_none_sticky,gnb,mechanism_selector,500,1,43815,adapted,SKIP,false,error_down,0
agrawal_none_sticky,gnb,mechanism_selector,500,2,5607,adapted,SKIP,false,error_up,0
agrawal_none_sticky,gnb,mechanism_selector,500,2,6535,adapted,REBUILD,false,error_up,1670
agrawal_none_sticky,gnb,mechanism_selector,500,2,7975,adapted,SKIP,false,error_down,0
agrawal_none_sticky,gnb,mechanism_selector,500,2,10855,adapted,SKIP,false,error_up,0
agrawal_none_sticky,gnb,mechanism_selector,500,2,13831,adapted,SKIP,false,error_up,0
agrawal_none_sticky,gnb,mechanism_selector,500,2,14343,adapted,SKIP,false,error_up,0
agrawal_none_sticky,gnb,mechanism_selector,500,2,16807,adapted,REBUILD,false,error_up,1800
agrawal_none_sticky,gnb,mechanism_selector,500,2,17863,adapted,SKIP,false,error_down,0
agrawal_none_sticky,gnb,mechanism_selector,500,2,20743,adapted,SKIP,false,error_down,0
agrawal_none_sticky,gnb,mechanism_selector,500,2,22407,adapted,SKIP,false,error_down,0
agrawal_none_sticky,gnb,mechanism_selector,500,2,23079,adapted,REBUILD,false,error_up,1209
agrawal_none_sticky,gnb,mechanism_selector,500,2,23943,adapted,SKIP,false,error_up,0
agrawal_none_sticky,gnb,mechanism_selector,500,2,25703,adapted,REBUILD,false,error_down,1800
agrawal_none_sticky,gnb,mechanism_selector,500,2,26663,adapted,REBUILD,false,error_down,1728
agrawal_none_sticky,gnb,mechanism_selector,500,2,27335,adapted,REBUILD,false,error_down,1209
agrawal_none_sticky,gnb,mechanism_selector,500,2,29159,adapted,NUDGE,false,error_up,800
agrawal_none_sticky,gnb,mechanism_selector,500,2,29863,adapted,SKIP,false,error_down,0
agrawal_none_sticky,gnb,mechanism_selector,500,2,31751,adapted,REBUILD,false,error_up,1800
agrawal_none_sticky,gnb,mechanism_selector,500,2,33511,adapted,SKIP,false,error_down,0
agrawal_none_sticky,gnb,mechanism_selector,500,2,38695,adapted,REBUILD,false,error_down,1800
agrawal_none_sticky,gnb,mechanism_selector,500,2,39271,adapted,SKIP,false,error_up,0
agrawal_none_sticky,gnb,mechanism_selector,500,2,40551,adapted,SKIP,false,error_down,0
agrawal_none_sticky,gnb,mechanism_selector,500,2,41127,adapted,REBUILD,false,error_down,1036
agrawal_none_sticky,gnb,mechanism_selector,500,2,41927,adapted,REBUILD,false,error_up,1440
agrawal_none_sticky,gnb,mechanism_selector,500,2,43367,adapted,SKIP,false,error_down,0
agrawal_none_sticky,gnb,mechanism_selector,500,2,46247,adapted,REBUILD,false,error_up,1800
agrawal_none_sticky,gnb,mechanism_selector,500,2,46823,adapted,REBUILD,false,error_up,1036
agrawal_none_sticky,gnb,mechanism_selector,500,2,48583,adapted,SKIP,false,error_up,0
agrawal_none_sticky,gnb,mechanism_selector,500,3,5319,adapted,SKIP,false,error_down,0
agrawal_none_sticky,gnb,mechanism_selector,500,3,6343,adapted,REBUILD,false,error_up,1800
agrawal_none_sticky,gnb,mechanism_selector,500,3,7847,adapted,NUDGE,false,error_down,800
agrawal_none_sticky,gnb,mechanism_selector,500,3,9415,adapted,SKIP,false,error_down,0
agrawal_none_sticky,gnb,mechanism_selector,500,4,14695,adapted,SKIP,false,error_up,0
agrawal_none_sticky,sgd,always_rebuild,200,0,5127,adapted,REBUILD,false,error_down,20008
agrawal_none_sticky,sgd,always_rebuild,200,0,11559,adapted,REBUILD,false,error_up,68000
agrawal_none_sticky,sgd,always_rebuild,200,0,12359,adapted,REBUILD,false,error_down,56800
agrawal_none_sticky,sgd,always_rebuild,200,0,12967,adapted,REBUILD,false,error_up,35872
agrawal_none_sticky,sgd,always_rebuild,200,0,20391,adapted,REBUILD,false,error_up,105000
agrawal_none_sticky,sgd,always_rebuild,200,0,20775,adapted,REBUILD,false,error_down,22656
agrawal_none_sticky,sgd,always_rebuild,200,0,22151,adapted,REBUILD,false,error_up,89000
agrawal_none_sticky,sgd,always_rebuild,200,0,22567,adapted,REBUILD,false,error_up,14976
agrawal_none_sticky,sgd,always_rebuild,200,0,23591,adapted,REBUILD,false,error_down,114000
agrawal_none_sticky,sgd,always_rebuild,200,0,23943,adapted,REBUILD,false,error_up,17952
agrawal_none_sticky,sgd,always_rebuild,200,2,5607,adapted,REBUILD,false,error_up,42016
agrawal_none_sticky,sgd,always_rebuild,200,2,6471,adapted,REBUILD,false,error_up,94176
agrawal_none_sticky,sgd,always_rebuild,200,2,6791,adapted,REBUILD,false,error_down,10880
agrawal_none_sticky,sgd,always_rebuild,200,2,7079,adapted,REBUILD,false,error_up,20160
agrawal_none_sticky,sgd,always_rebuild,200,2,7303,adapted,REBUILD,false,error_up,15008
agrawal_none_sticky,sgd,always_rebuild,200,2,7687,adapted,REBUILD,false,error_up,26496
agrawal_none_sticky,sgd,always_rebuild,200,2,12967,adapted,REBUILD,false,error_down,76000
agrawal_none_sticky,sgd,always_rebuild,200,2,14343,adapted,REBUILD,false,error_up,94000
agrawal_none_sticky,sgd,always_rebuild,200,2,15271,adapted,REBUILD,false,error_up,64960
agrawal_none_sticky,sgd,always_rebuild,200,2,16423,adapted,REBUILD,false,error_down,69000
agrawal_none_sticky,sgd,always_rebuild,200,2,16775,adapted,REBUILD,false,error_up,14432
agrawal_none_sticky,sgd,always_rebuild,200,2,23719,adapted,REBUILD,false,error_up,127000
agrawal_none_sticky,sgd,always_rebuild,200,2,24423,adapted,REBUILD,false,error_down,33792
agrawal_none_sticky,sgd,always_rebuild,200,2,25159,adapted,REBUILD,false,error_up,32384
agrawal_none_sticky,sgd,always_rebuild,200,2,29639,adapted,REBUILD,false,error_up,60000
agrawal_none_sticky,sgd,always_rebuild,200,2,30663,adapted,REBUILD,false,error_down,81000
agrawal_none_sticky,sgd,always_rebuild,200,3,38183,adapted,REBUILD,false,error_down,107000
agrawal_none_sticky,sgd,always_rebuild,200,3,38503,adapted,REBUILD,false,error_down,13440
agrawal_none_sticky,sgd,always_rebuild,200,3,39207,adapted,REBUILD,false,error_up,35904
agrawal_none_sticky,sgd,always_rebuild,200,4,6183,adapted,REBUILD,false,error_down,93000
agrawal_none_sticky,sgd,always_rebuild,200,4,6823,adapted,REBUILD,false,error_up,50560
agrawal_none_sticky,sgd,always_rebuild,200,4,7175,adapted,REBUILD,false,error_down,9856
agrawal_none_sticky,sgd,always_rebuild,200,4,7591,adapted,REBUILD,false,error_up,27872
agrawal_none_sticky,sgd,always_rebuild,500,0,5127,adapted,REBUILD,false,error_down,64684
agrawal_none_sticky,sgd,always_rebuild,500,0,5959,adapted,REBUILD,false,error_down,54080
agrawal_none_sticky,sgd,always_rebuild,500,0,6695,adapted,REBUILD,false,error_up,51520
agrawal_none_sticky,sgd,always_rebuild,500,0,7271,adapted,REBUILD,false,error_down,27072
agrawal_none_sticky,sgd,always_rebuild,500,0,7815,adapted,REBUILD,false,error_up,19584
agrawal_none_sticky,sgd,always_rebuild,500,0,8743,adapted,REBUILD,false,error_down,74240
agrawal_none_sticky,sgd,always_rebuild,500,0,9287,adapted,REBUILD,false,error_up,38080
agrawal_none_sticky,sgd,always_rebuild,500,0,9959,adapted,REBUILD,false,error_down,57120
agrawal_none_sticky,sgd,always_rebuild,500,0,10695,adapted,REBUILD,false,error_down,42688
agrawal_none_sticky,sgd,always_rebuild,500,0,11399,adapted,REBUILD,false,error_up,43648
agrawal_none_sticky,sgd,always_rebuild,500,0,12039,adapted,REBUILD,false,error_down,39040
agrawal_none_sticky,sgd,always_rebuild,500,0,12967,adapted,REBUILD,false,error_up,77024
agrawal_none_sticky,sgd,always_rebuild,500,0,13511,adapted,REBUILD,false,error_up,42432
agrawal_none_sticky,sgd,always_rebuild,500,0,15143,adapted,REBUILD,false,error_down,52000
agrawal_none_sticky,sgd,always_rebuild,500,0,15847,adapted,REBUILD,false,error_up,28864
agrawal_none_sticky,sgd,always_rebuild,500,0,16711,adapted,REBUILD,false,error_down,72576
agrawal_none_sticky,sgd,always_rebuild,500,0,17287,adapted,REBUILD,false,error_down,20736
agrawal_none_sticky,sgd,always_rebuild,500,0,17831,adapted,REBUILD,false,error_up,23392
agrawal_none_sticky,sgd,always_rebuild,500,0,18503,adapted,REBUILD,false,error_down,65856
agrawal_none_sticky,sgd,always_rebuild,500,0,21319,adapted,REBUILD,false,error_down,48000
agrawal_none_sticky,sgd,always_rebuild,500,0,22151,adapted,REBUILD,false,error_up,55744
agrawal_none_sticky,sgd,always_rebuild,500,0,23047,adapted,REBUILD,false,error_up,54656
agrawal_none_sticky,sgd,always_rebuild,500,0,23911,adapted,REBUILD,false,error_up,51840
agrawal_none_sticky,sgd,always_rebuild,500,0,24583,adapted,REBUILD,false,error_down,47712
agrawal_none_sticky,sgd,always_rebuild,500,0,25223,adapted,REBUILD,false,error_up,51840
agrawal_none_sticky,sgd,always_rebuild,500,0,25895,adapted,REBUILD,false,error_down,63168
agrawal_none_sticky,sgd,always_rebuild,500,0,28103,adapted,REBUILD,false,error_up,63000
agrawal_none_sticky,sgd,always_rebuild,500,0,28871,adapted,REBUILD,false,error_up,54528
agrawal_none_sticky,sgd,always_rebuild,500,0,29671,adapted,REBUILD,false,error_down,52000
agrawal_none_sticky,sgd,always_rebuild,500,0,30215,adapted,REBUILD,false,error_up,16320
agrawal_none_sticky,sgd,always_rebuild,500,0,30887,adapted,REBUILD,false,error_up,43008
agrawal_none_sticky,sgd,always_rebuild,500,0,31495,adapted,REBUILD,false,error_up,34656
agrawal_none_sticky,sgd,always_rebuild,500,0,32039,adapted,REBUILD,false,error_up,33728
agrawal_none_sticky,sgd,always_rebuild,500,0,34823,adapted,REBUILD,false,error_down,72000
agrawal_none_sticky,sgd,always_rebuild,500,0,35463,adapted,REBUILD,false,error_down,30720
agrawal_none_sticky,sgd,always_rebuild,500,0,36487,adapted,REBUILD,false,error_up,103000
agrawal_none_sticky,sgd,always_rebuild,500,0,38183,adapted,REBUILD,false,error_down,69000
agrawal_none_sticky,sgd,always_rebuild,500,0,39015,adapted,REBUILD,false,error_up,76544
agrawal_none_sticky,sgd,always_rebuild,500,0,39815,adapted,REBUILD,false,error_up,48800
agrawal_none_sticky,sgd,always_rebuild,500,0,40487,adapted,REBUILD,false,error_up,49056
agrawal_none_sticky,sgd,always_rebuild,500,0,41063,adapted,REBUILD,false,error_down,28800
agrawal_none_sticky,sgd,always_rebuild,500,0,42535,adapted,REBUILD,false,error_up,81000
agrawal_none_sticky,sgd,always_rebuild,500,0,43367,adapted,REBUILD,false,error_up,43264
agrawal_none_sticky,sgd,always_rebuild,500,0,44103,adapted,REBUILD,false,error_up,69184
agrawal_none_sticky,sgd,always_rebuild,500,2,5607,adapted,REBUILD,false,error_up,89000
agrawal_none_sticky,sgd,always_rebuild,500,2,6215,adapted,REBUILD,false,error_up,38304
agrawal_none_sticky,sgd,always_rebuild,500,2,7143,adapted,REBUILD,false,error_down,69600
agrawal_none_sticky,sgd,always_rebuild,500,2,7847,adapted,REBUILD,false,error_down,56320
agrawal_none_sticky,sgd,always_rebuild,500,2,9159,adapted,REBUILD,false,error_down,65000
agrawal_none_sticky,sgd,always_rebuild,500,3,38183,adapted,REBUILD,false,error_down,85000
agrawal_none_sticky,sgd,always_rebuild,500,3,38759,adapted,REBUILD,false,error_down,38016
agrawal_none_sticky,sgd,always_rebuild,500,3,39623,adapted,REBUILD,false,error_down,91584
agrawal_none_sticky,sgd,always_rebuild,500,3,40647,adapted,REBUILD,false,error_down,63000
agrawal_none_sticky,sgd,always_rebuild,500,3,41319,adapted,REBUILD,false,error_up,51744
agrawal_none_sticky,sgd,always_rebuild,500,3,41895,adapted,REBUILD,false,error_down,54144
agrawal_none_sticky,sgd,always_rebuild,500,3,43175,adapted,REBUILD,false,error_down,80000
agrawal_none_sticky,sgd,always_rebuild,500,3,43815,adapted,REBUILD,false,error_up,70400
agrawal_none_sticky,sgd,always_rebuild,500,3,44423,adapted,REBUILD,false,error_down,25536
agrawal_none_sticky,sgd,always_rebuild,500,3,44999,adapted,REBUILD,false,error_up,39744
agrawal_none_sticky,sgd,always_rebuild,500,3,46183,adapted,REBUILD,false,error_up,76000
agrawal_none_sticky,sgd,always_rebuild,500,3,46919,adapted,REBUILD,false,error_up,30912
agrawal_none_sticky,sgd,always_rebuild,500,3,47655,adapted,REBUILD,false,error_up,78752
agrawal_none_sticky,sgd,always_rebuild,500,3,48327,adapted,REBUILD,false,error_up,52416
agrawal_none_sticky,sgd,always_rebuild,500,3,48903,adapted,REBUILD,false,error_down,32256
agrawal_none_sticky,sgd,always_rebuild,500,4,6183,adapted,REBUILD,false,error_down,77000
agrawal_none_sticky,sgd,mechanism_selector,200,0,5127,adapted,SKIP,false,error_down,0
agrawal_none_sticky,sgd,mechanism_selector,200,0,5959,adapted,SKIP,false,error_down,0
agrawal_none_sticky,sgd,mechanism_selector,200,0,6183,adapted,REBUILD,false,error_up,7392
agrawal_none_sticky,sgd,mechanism_selector,200,2,5607,adapted,SKIP,false,error_up,0
agrawal_none_sticky,sgd,mechanism_selector,200,2,6247,adapted,REBUILD,false,error_up,36992
agrawal_none_sticky,sgd,mechanism_selector,200,2,7239,adapted,SKIP,false,error_down,0
agrawal_none_sticky,sgd,mechanism_selector,200,2,18983,adapted,NUDGE,false,error_down,800
agrawal_none_sticky,sgd,mechanism_selector,200,2,19559,adapted,SKIP,false,error_down,0
agrawal_none_sticky,sgd,mechanism_selector,200,2,20295,adapted,SKIP,false,error_down,0
agrawal_none_sticky,sgd,mechanism_selector,200,2,21959,adapted,SKIP,false,error_down,0
agrawal_none_sticky,sgd,mechanism_selector,200,2,23911,adapted,REBUILD,false,error_up,65800
agrawal_none_sticky,sgd,mechanism_selector,200,2,24487,adapted,SKIP,false,error_down,0
agrawal_none_sticky,sgd,mechanism_selector,200,2,25159,adapted,REBUILD,false,error_up,40185
agrawal_none_sticky,sgd,mechanism_selector,200,2,25415,adapted,SKIP,false,error_up,0
agrawal_none_sticky,sgd,mechanism_selector,200,2,25831,adapted,SKIP,false,error_down,0
agrawal_none_sticky,sgd,mechanism_selector,200,2,26663,adapted,NUDGE,false,error_up,665
agrawal_none_sticky,sgd,mechanism_selector,200,2,26919,adapted,SKIP,false,error_down,0
agrawal_none_sticky,sgd,mechanism_selector,200,2,27335,adapted,REBUILD,false,error_down,25292
agrawal_none_sticky,sgd,mechanism_selector,200,2,29671,adapted,REBUILD,false,error_up,73800
agrawal_none_sticky,sgd,mechanism_selector,200,2,30663,adapted,SKIP,false,error_down,0
agrawal_none_sticky,sgd,mechanism_selector,200,2,30887,adapted,REBUILD,false,error_up,6720
agrawal_none_sticky,sgd,mechanism_selector,200,2,31751,adapted,REBUILD,false,error_up,49939
agrawal_none_sticky,sgd,mechanism_selector,200,2,32135,adapted,SKIP,false,error_up,0
agrawal_none_sticky,sgd,mechanism_selector,200,2,33447,adapted,SKIP,false,error_down,0
agrawal_none_sticky,sgd,mechanism_selector,200,2,33959,adapted,SKIP,false,error_down,0
agrawal_none_sticky,sgd,mechanism_selector,200,2,34823,adapted,SKIP,false,error_up,0
agrawal_none_sticky,sgd,mechanism_selector,200,2,36327,adapted,SKIP,false,error_up,0
agrawal_none_sticky,sgd,mechanism_selector,200,2,37287,adapted,REBUILD,false,error_down,77568
agrawal_none_sticky,sgd,mechanism_selector,200,2,38631,adapted,SKIP,false,error_down,0
agrawal_none_sticky,sgd,mechanism_selector,200,2,41415,adapted,SKIP,false,error_down,0
agrawal_none_sticky,sgd,mechanism_selector,200,2,48327,adapted,SKIP,false,error_up,0
agrawal_none_sticky,sgd,mechanism_selector,200,2,48583,adapted,SKIP,false,error_up,0
agrawal_none_sticky,sgd,mechanism_selector,200,3,38183,adapted,SKIP,false,error_down,0
agrawal_none_sticky,sgd,mechanism_selector,200,4,6183,adapted,SKIP,false,error_down,0
agrawal_none_sticky,sgd,mechanism_selector,200,4,32359,adapted,NUDGE,false,error_down,800
agrawal_none_sticky,sgd,mechanism_selector,200,4,32775,adapted,REBUILD,false,error_down,13644
agrawal_none_sticky,sgd,mechanism_selector,200,4,32999,adapted,REBUILD,false,error_down,4704
agrawal_none_sticky,sgd,mechanism_selector,200,4,33415,adapted,REBUILD,false,error_up,21964
agrawal_none_sticky,sgd,mechanism_selector,200,4,33671,adapted,SKIP,false,error_down,0
agrawal_none_sticky,sgd,mechanism_selector,200,4,34183,adapted,SKIP,false,error_down,0
agrawal_none_sticky,sgd,mechanism_selector,200,4,34535,adapted,REBUILD,false,error_down,16825
agrawal_none_sticky,sgd,mechanism_selector,200,4,36135,adapted,SKIP,false,error_down,0
agrawal_none_sticky,sgd,mechanism_selector,200,4,36743,adapted,SKIP,false,error_up,0
agrawal_none_sticky,sgd,mechanism_selector,200,4,37831,adapted,NUDGE,false,error_up,800
agrawal_none_sticky,sgd,mechanism_selector,200,4,38087,adapted,SKIP,false,error_down,0
agrawal_none_sticky,sgd,mechanism_selector,200,4,38471,adapted,SKIP,false,error_up,0
agrawal_none_sticky,sgd,mechanism_selector,200,4,38983,adapted,REBUILD,false,error_up,48537
agrawal_none_sticky,sgd,mechanism_selector,200,4,39335,adapted,REBUILD,false,error_up,15769
agrawal_none_sticky,sgd,mechanism_selector,200,4,39879,adapted,REBUILD,false,error_up,26003
agrawal_none_sticky,sgd,mechanism_selector,200,4,40455,adapted,NUDGE,false,error_down,460
agrawal_none_sticky,sgd,mechanism_selector,500,0,5127,adapted,SKIP,false,error_down,0
agrawal_none_sticky,sgd,mechanism_selector,500,0,5959,adapted,SKIP,false,error_down,0
agrawal_none_sticky,sgd,mechanism_selector,500,0,6695,adapted,SKIP,false,error_down,0
agrawal_none_sticky,sgd,mechanism_selector,500,0,8231,adapted,REBUILD,false,error_up,88800
agrawal_none_sticky,sgd,mechanism_selector,500,0,8807,adapted,SKIP,false,error_up,0
agrawal_none_sticky,sgd,mechanism_selector,500,0,11335,adapted,SKIP,false,error_down,0
agrawal_none_sticky,sgd,mechanism_selector,500,0,12327,adapted,NUDGE,false,error_up,793
agrawal_none_sticky,sgd,mechanism_selector,500,0,12935,adapted,SKIP,false,error_down,0
agrawal_none_sticky,sgd,mechanism_selector,500,0,14183,adapted,REBUILD,false,error_down,85800
agrawal_none_sticky,sgd,mechanism_selector,500,0,14791,adapted,SKIP,false,error_down,0
agrawal_none_sticky,sgd,mechanism_selector,500,0,15463,adapted,REBUILD,false,error_up,63705
agrawal_none_sticky,sgd,mechanism_selector,500,0,16007,adapted,SKIP,false,error_up,0
agrawal_none_sticky,sgd,mechanism_selector,500,0,16711,adapted,SKIP,false,error_up,0
agrawal_none_sticky,sgd,mechanism_selector,500,0,17895,adapted,SKIP,false,error_up,0
agrawal_none_sticky,sgd,mechanism_selector,500,0,18951,adapted,REBUILD,false,error_up,48800
agrawal_none_sticky,sgd,mechanism_selector,500,0,37031,adapted,REBUILD,false,error_up,82800
agrawal_none_sticky,sgd,mechanism_selector,500,0,38183,adapted,SKIP,false,error_down,0
agrawal_none_sticky,sgd,mechanism_selector,500,0,38951,adapted,REBUILD,false,error_up,51302
agrawal_none_sticky,sgd,mechanism_selector,500,0,39815,adapted,REBUILD,false,error_up,63763
agrawal_none_sticky,sgd,mechanism_selector,500,0,40327,adapted,SKIP,false,error_down,0
agrawal_none_sticky,sgd,mechanism_selector,500,0,42599,adapted,SKIP,false,error_up,0
agrawal_none_sticky,sgd,mechanism_selector,500,0,45191,adapted,SKIP,false,error_down,0
agrawal_none_sticky,sgd,mechanism_selector,500,0,46407,adapted,REBUILD,false,error_up,82800
agrawal_none_sticky,sgd,mechanism_selector,500,0,46951,adapted,REBUILD,false,error_down,30899
agrawal_none_sticky,sgd,mechanism_selector,500,0,47495,adapted,SKIP,false,error_up,0
agrawal_none_sticky,sgd,mechanism_selector,500,2,5607,adapted,SKIP,false,error_up,0
agrawal_none_sticky,sgd,mechanism_selector,500,2,6247,adapted,SKIP,false,error_up,0
agrawal_none_sticky,sgd,mechanism_selector,500,2,7143,adapted,REBUILD,false,error_up,73292
agrawal_none_sticky,sgd,mechanism_selector,500,2,7687,adapted,SKIP,false,error_up,0
agrawal_none_sticky,sgd,mechanism_selector,500,2,10855,adapted,NUDGE,false,error_down,800
agrawal_none_sticky,sgd,mechanism_selector,500,2,11463,adapted,REBUILD,false,error_down,33926
agrawal_none_sticky,sgd,mechanism_selector,500,2,13031,adapted,SKIP,false,error_down,0
agrawal_none_sticky,sgd,mechanism_selector,500,2,16487,adapted,SKIP,false,error_down,0
agrawal_none_sticky,sgd,mechanism_selector,500,2,17095,adapted,SKIP,false,error_up,0
agrawal_none_sticky,sgd,mechanism_selector,500,2,18983,adapted,SKIP,false,error_up,0
agrawal_none_sticky,sgd,mechanism_selector,500,2,20295,adapted,NUDGE,false,error_down,800
agrawal_none_sticky,sgd,mechanism_selector,500,2,23975,adapted,SKIP,false,error_up,0
agrawal_none_sticky,sgd,mechanism_selector,500,3,38183,adapted,NUDGE,false,error_down,800
agrawal_none_sticky,sgd,mechanism_selector,500,3,38759,adapted,REBUILD,false,error_down,38476
agrawal_none_sticky,sgd,mechanism_selector,500,3,39623,adapted,REBUILD,false,error_down,92275
agrawal_none_sticky,sgd,mechanism_selector,500,3,40647,adapted,SKIP,false,error_down,0
agrawal_none_sticky,sgd,mechanism_selector,500,3,41703,adapted,REBUILD,false,error_down,67800
agrawal_none_sticky,sgd,mechanism_selector,500,3,46183,adapted,REBUILD,false,error_up,76800
agrawal_none_sticky,sgd,mechanism_selector,500,3,46919,adapted,SKIP,false,error_up,0
agrawal_none_sticky,sgd,mechanism_selector,500,3,47655,adapted,REBUILD,false,error_up,79340
agrawal_none_sticky,sgd,mechanism_selector,500,3,48327,adapted,NUDGE,false,error_up,537
agrawal_none_sticky,sgd,mechanism_selector,500,3,48903,adapted,SKIP,false,error_down,0
agrawal_none_sticky,sgd,mechanism_selector,500,4,6183,adapted,SKIP,false,error_down,0
agrawal_none_sticky,sgd,mechanism_selector,500,4,32359,adapted,SKIP,false,error_down,0
agrawal_none_sticky,sgd,mechanism_selector,500,4,42055,adapted,NUDGE,false,error_down,800
agrawal_none_sticky,sgd,mechanism_selector,500,4,43111,adapted,REBUILD,false,error_down,70800
agrawal_none_sticky,sgd,mechanism_selector,500,4,43975,adapted,NUDGE,false,error_up,691
agrawal_none_sticky,sgd,mechanism_selector,500,4,44615,adapted,REBUILD,false,error_down,35712
sea_abrupt_iid,gnb,always_rebuild,200,0,14215,adapted,REBUILD,false,error_up,1000
sea_abrupt_iid,gnb,always_rebuild,200,0,25223,adapted,REBUILD,true,error_up,1000
sea_abrupt_iid,gnb,always_rebuild,200,0,39399,adapted,REBUILD,false,error_up,1000
sea_abrupt_iid,gnb,always_rebuild,200,1,25607,adapted,REBUILD,true,error_up,1000
sea_abrupt_iid,gnb,always_rebuild,200,1,40103,adapted,REBUILD,false,error_up,1000
sea_abrupt_iid,gnb,always_rebuild,200,2,26215,adapted,REBUILD,false,error_up,1000
sea_abrupt_iid,gnb,always_rebuild,200,2,44295,adapted,REBUILD,false,error_up,1000
sea_abrupt_iid,gnb,always_rebuild,200,3,14311,adapted,REBUILD,false,error_up,1000
sea_abrupt_iid,gnb,always_rebuild,200,3,25319,adapted,REBUILD,true,error_up,1000
sea_abrupt_iid,gnb,always_rebuild,200,3,38791,adapted,REBUILD,false,error_up,1000
sea_abrupt_iid,gnb,always_rebuild,200,4,17799,adapted,REBUILD,false,error_up,1000
sea_abrupt_iid,gnb,always_rebuild,200,4,25319,adapted,REBUILD,true,error_up,1000
sea_abrupt_iid,gnb,always_rebuild,200,4,41863,adapted,REBUILD,false,error_up,1000
sea_abrupt_iid,gnb,always_rebuild,500,0,14215,adapted,REBUILD,false,error_up,1000
sea_abrupt_iid,gnb,always_rebuild,500,0,25223,adapted,REBUILD,true,error_up,1000
sea_abrupt_iid,gnb,always_rebuild,500,0,26503,adapted,REBUILD,false,error_down,1000
sea_abrupt_iid,gnb,always_rebuild,500,0,41799,adapted,REBUILD,false,error_up,1000
sea_abrupt_iid,gnb,always_rebuild,500,1,25607,adapted,REBUILD,true,error_up,1000
sea_abrupt_iid,gnb,always_rebuild,500,2,26215,adapted,REBUILD,false,error_up,1000
sea_abrupt_iid,gnb,always_rebuild,500,2,28487,adapted,REBUILD,false,error_down,1000
sea_abrupt_iid,gnb,always_rebuild,500,2,41255,adapted,REBUILD,false,error_up,1000
sea_abrupt_iid,gnb,always_rebuild,500,3,14311,adapted,REBUILD,false,error_up,1000
sea_abrupt_iid,gnb,always_rebuild,500,3,25287,adapted,REBUILD,true,error_up,1000
sea_abrupt_iid,gnb,always_rebuild,500,3,29255,adapted,REBUILD,false,error_down,1000
sea_abrupt_iid,gnb,always_rebuild,500,3,38215,adapted,REBUILD,true,error_up,1000
sea_abrupt_iid,gnb,always_rebuild,500,4,17799,adapted,REBUILD,false,error_up,1000
sea_abrupt_iid,gnb,always_rebuild,500,4,25319,adapted,REBUILD,true,error_up,1000
sea_abrupt_iid,gnb,always_rebuild,500,4,28967,adapted,REBUILD,false,error_down,1000
sea_abrupt_iid,gnb,always_rebuild,500,4,43783,adapted,REBUILD,false,error_up,1000
sea_abrupt_iid,gnb,mechanism_selector,200,0,14215,adapted,SKIP,false,error_up,0
sea_abrupt_iid,gnb,mechanism_selector,200,0,38407,adapted,REBUILD,true,error_up,1800
sea_abrupt_iid,gnb,mechanism_selector,200,1,25607,adapted,REBUILD,true,error_up,1800
sea_abrupt_iid,gnb,mechanism_selector,200,1,40103,adapted,SKIP,false,error_up,0
sea_abrupt_iid,gnb,mechanism_selector,200,2,26215,adapted,REBUILD,false,error_up,1800
sea_abrupt_iid,gnb,mechanism_selector,200,2,44295,adapted,REBUILD,false,error_up,1800
sea_abrupt_iid,gnb,mechanism_selector,200,3,14311,adapted,REBUILD,false,error_up,1800
sea_abrupt_iid,gnb,mechanism_selector,200,3,25319,adapted,REBUILD,true,error_up,1800
sea_abrupt_iid,gnb,mechanism_selector,200,3,38791,adapted,REBUILD,false,error_up,1800
sea_abrupt_iid,gnb,mechanism_selector,200,4,17799,adapted,NUDGE,false,error_up,800
sea_abrupt_iid,gnb,mechanism_selector,200,4,25735,adapted,SKIP,true,error_up,0
sea_abrupt_iid,gnb,mechanism_selector,200,4,40359,adapted,SKIP,false,error_up,0
sea_abrupt_iid,gnb,mechanism_selector,500,0,14215,adapted,REBUILD,false,error_up,1800
sea_abrupt_iid,gnb,mechanism_selector,500,0,25223,adapted,NUDGE,true,error_up,800
sea_abrupt_iid,gnb,mechanism_selector,500,0,40295,adapted,REBUILD,false,error_up,1800
sea_abrupt_iid,gnb,mechanism_selector,500,0,41991,adapted,SKIP,false,error_down,0
sea_abrupt_iid,gnb,mechanism_selector,500,1,25607,adapted,NUDGE,true,error_up,800
sea_abrupt_iid,gnb,mechanism_selector,500,1,39975,adapted,SKIP,false,error_up,0
sea_abrupt_iid,gnb,mechanism_selector,500,2,26215,adapted,REBUILD,false,error_up,1800
sea_abrupt_iid,gnb,mechanism_selector,500,2,28487,adapted,SKIP,false,error_down,0
sea_abrupt_iid,gnb,mechanism_selector,500,3,14311,adapted,REBUILD,false,error_up,1800
sea_abrupt_iid,gnb,mechanism_selector,500,3,25287,adapted,NUDGE,true,error_up,800
sea_abrupt_iid,gnb,mechanism_selector,500,3,38727,adapted,REBUILD,false,error_up,1800
sea_abrupt_iid,gnb,mechanism_selector,500,3,39783,adapted,REBUILD,false,error_down,1800
sea_abrupt_iid,gnb,mechanism_selector,500,4,17799,adapted,REBUILD,false,error_up,1800
sea_abrupt_iid,gnb,mechanism_selector,500,4,25319,adapted,REBUILD,true,error_up,1800
sea_abrupt_iid,gnb,mechanism_selector,500,4,28967,adapted,SKIP,false,error_down,0
sea_abrupt_iid,gnb,mechanism_selector,500,4,42087,adapted,NUDGE,false,error_up,800
sea_abrupt_iid,rf,always_rebuild,200,0,13383,adapted,REBUILD,true,error_up,100000
sea_abrupt_iid,rf,always_rebuild,200,0,25255,adapted,REBUILD,true,error_up,100000
sea_abrupt_iid,rf,always_rebuild,200,0,40807,adapted,REBUILD,false,error_up,100000
sea_abrupt_iid,rf,always_rebuild,200,1,13415,adapted,REBUILD,true,error_up,100000
sea_abrupt_iid,rf,always_rebuild,200,1,25319,adapted,REBUILD,true,error_up,100000
sea_abrupt_iid,rf,always_rebuild,200,1,44615,adapted,REBUILD,false,error_up,100000
sea_abrupt_iid,rf,always_rebuild,200,2,13095,adapted,REBUILD,true,error_up,100000
sea_abrupt_iid,rf,always_rebuild,200,2,25351,adapted,REBUILD,true,error_up,100000
sea_abrupt_iid,rf,always_rebuild,200,2,44551,adapted,REBUILD,false,error_up,100000
sea_abrupt_iid,rf,always_rebuild,200,3,13447,adapted,REBUILD,true,error_up,100000
sea_abrupt_iid,rf,always_rebuild,200,3,25351,adapted,REBUILD,true,error_up,100000
sea_abrupt_iid,rf,always_rebuild,200,3,38695,adapted,REBUILD,false,error_up,100000
sea_abrupt_iid,rf,always_rebuild,200,4,13831,adapted,REBUILD,false,error_up,100000
sea_abrupt_iid,rf,always_rebuild,200,4,25319,adapted,REBUILD,true,error_up,100000
sea_abrupt_iid,rf,always_rebuild,200,4,45127,adapted,REBUILD,false,error_up,100000
sea_abrupt_iid,rf,always_rebuild,500,0,13383,adapted,REBUILD,true,error_up,100000
sea_abrupt_iid,rf,always_rebuild,500,0,25287,adapted,REBUILD,true,error_up,100000
sea_abrupt_iid,rf,always_rebuild,500,0,27303,adapted,REBUILD,false,error_down,100000
sea_abrupt_iid,rf,always_rebuild,500,0,49031,adapted,REBUILD,false,error_up,100000
sea_abrupt_iid,rf,always_rebuild,500,1,13415,adapted,REBUILD,true,error_up,100000
sea_abrupt_iid,rf,always_rebuild,500,1,25287,adapted,REBUILD,true,error_up,100000
sea_abrupt_iid,rf,always_rebuild,500,1,26279,adapted,REBUILD,false,error_down,99200
sea_abrupt_iid,rf,always_rebuild,500,2,13095,adapted,REBUILD,true,error_up,100000
sea_abrupt_iid,rf,always_rebuild,500,2,25511,adapted,REBUILD,true,error_up,100000
sea_abrupt_iid,rf,always_rebuild,500,3,13447,adapted,REBUILD,true,error_up,100000
sea_abrupt_iid,rf,always_rebuild,500,3,25351,adapted,REBUILD,true,error_up,100000
sea_abrupt_iid,rf,always_rebuild,500,3,28935,adapted,REBUILD,false,error_down,100000
sea_abrupt_iid,rf,always_rebuild,500,3,38727,adapted,REBUILD,false,error_up,100000
sea_abrupt_iid,rf,always_rebuild,500,4,13831,adapted,REBUILD,false,error_up,100000
sea_abrupt_iid,rf,always_rebuild,500,4,25319,adapted,REBUILD,true,error_up,100000
sea_abrupt_iid,rf,always_rebuild,500,4,28711,adapted,REBUILD,false,error_down,100000
sea_abrupt_iid,rf,mechanism_selector,200,0,13383,adapted,REBUILD,true,error_up,104000
sea_abrupt_iid,rf,mechanism_selector,200,0,25255,adapted,REBUILD,true,error_up,104000
sea_abrupt_iid,rf,mechanism_selector,200,0,40807,adapted,REBUILD,false,error_up,104000
sea_abrupt_iid,rf,mechanism_selector,200,1,13415,adapted,REBUILD,true,error_up,104000
sea_abrupt_iid,rf,mechanism_selector,200,1,25319,adapted,REBUILD,true,error_up,104000
sea_abrupt_iid,rf,mechanism_selector,200,1,44615,adapted,SKIP,false,error_up,0
sea_abrupt_iid,rf,mechanism_selector,200,2,13095,adapted,REBUILD,true,error_up,104000
sea_abrupt_iid,rf,mechanism_selector,200,2,25351,adapted,REBUILD,true,error_up,104000
sea_abrupt_iid,rf,mechanism_selector,200,2,44551,adapted,SKIP,false,error_up,0
sea_abrupt_iid,rf,mechanism_selector,200,3,13447,adapted,REBUILD,true,error_up,104000
sea_abrupt_iid,rf,mechanism_selector,200,3,25351,adapted,REBUILD,true,error_up,104000
sea_abrupt_iid,rf,mechanism_selector,200,3,38695,adapted,REBUILD,false,error_up,104000
sea_abrupt_iid,rf,mechanism_selector,200,4,13831,adapted,REBUILD,false,error_up,104000
sea_abrupt_iid,rf,mechanism_selector,200,4,25319,adapted,REBUILD,true,error_up,104000
sea_abrupt_iid,rf,mechanism_selector,200,4,45127,adapted,SKIP,false,error_up,0
sea_abrupt_iid,rf,mechanism_selector,500,0,13383,adapted,SKIP,true,error_up,0
sea_abrupt_iid,rf,mechanism_selector,500,0,39399,adapted,REBUILD,false,error_up,104000
sea_abrupt_iid,rf,mechanism_selector,500,1,13415,adapted,REBUILD,true,error_up,104000
sea_abrupt_iid,rf,mechanism_selector,500,1,25287,adapted,REBUILD,true,error_up,104000
sea_abrupt_iid,rf,mechanism_selector,500,1,26279,adapted,SKIP,false,error_down,0
sea_abrupt_iid,rf,mechanism_selector,500,1,48295,adapted,NUDGE,false,error_up,4000
sea_abrupt_iid,rf,mechanism_selector,500,2,13095,adapted,REBUILD,true,error_up,104000
sea_abrupt_iid,rf,mechanism_selector,500,2,25511,adapted,REBUILD,true,error_up,104000
sea_abrupt_iid,rf,mechanism_selector,500,3,13447,adapted,REBUILD,true,error_up,104000
sea_abrupt_iid,rf,mechanism_selector,500,3,25351,adapted,REBUILD,true,error_up,104000
sea_abrupt_iid,rf,mechanism_selector,500,3,28935,adapted,REBUILD,false,error_down,104000
sea_abrupt_iid,rf,mechanism_selector,500,3,38727,adapted,REBUILD,false,error_up,104000
sea_abrupt_iid,rf,mechanism_selector,500,4,13831,adapted,SKIP,false,error_up,0
sea_abrupt_iid,rf,mechanism_selector,500,4,40135,adapted,REBUILD,false,error_up,104000
sea_abrupt_iid,rf,mechanism_selector,500,4,44583,adapted,REBUILD,false,error_down,104000
sea_abrupt_iid,sgd,always_rebuild,200,0,15719,adapted,REBUILD,false,error_up,75000
sea_abrupt_iid,sgd,always_rebuild,200,0,16103,adapted,REBUILD,false,error_down,17664
sea_abrupt_iid,sgd,always_rebuild,200,0,25223,adapted,REBUILD,true,error_up,90000
sea_abrupt_iid,sgd,always_rebuild,200,0,25607,adapted,REBUILD,true,error_up,16896
sea_abrupt_iid,sgd,always_rebuild,200,0,25895,adapted,REBUILD,true,error_down,26208
sea_abrupt_iid,sgd,always_rebuild,200,0,41831,adapted,REBUILD,false,error_up,100000
sea_abrupt_iid,sgd,always_rebuild,200,1,13671,adapted,REBUILD,false,error_up,89000
sea_abrupt_iid,sgd,always_rebuild,200,1,25351,adapted,REBUILD,true,error_up,109000
sea_abrupt_iid,sgd,always_rebuild,200,1,26055,adapted,REBUILD,false,error_down,76032
sea_abrupt_iid,sgd,always_rebuild,200,2,13991,adapted,REBUILD,false,error_up,130000
sea_abrupt_iid,sgd,always_rebuild,200,2,14247,adapted,REBUILD,false,error_down,12288
sea_abrupt_iid,sgd,always_rebuild,200,2,28103,adapted,REBUILD,false,error_up,109000
sea_abrupt_iid,sgd,always_rebuild,200,2,41447,adapted,REBUILD,false,error_up,79000
sea_abrupt_iid,sgd,always_rebuild,200,3,14311,adapted,REBUILD,false,error_up,75000
sea_abrupt_iid,sgd,always_rebuild,200,3,28519,adapted,REBUILD,false,error_up,139000
sea_abrupt_iid,sgd,always_rebuild,200,4,13287,adapted,REBUILD,true,error_down,120000
sea_abrupt_iid,sgd,always_rebuild,200,4,25575,adapted,REBUILD,true,error_up,98000
sea_abrupt_iid,sgd,always_rebuild,200,4,26311,adapted,REBUILD,false,error_up,107456
sea_abrupt_iid,sgd,always_rebuild,200,4,26695,adapted,REBUILD,false,error_down,22272
sea_abrupt_iid,sgd,always_rebuild,200,4,40359,adapted,REBUILD,false,error_up,81000
sea_abrupt_iid,sgd,always_rebuild,500,0,15719,adapted,REBUILD,false,error_up,67000
sea_abrupt_iid,sgd,always_rebuild,500,0,16743,adapted,REBUILD,false,error_down,79000
sea_abrupt_iid,sgd,always_rebuild,500,0,25447,adapted,REBUILD,true,error_up,117000
sea_abrupt_iid,sgd,always_rebuild,500,0,43207,adapted,REBUILD,false,error_up,96000
sea_abrupt_iid,sgd,always_rebuild,500,1,13671,adapted,REBUILD,false,error_up,115000
sea_abrupt_iid,sgd,always_rebuild,500,1,14343,adapted,REBUILD,false,error_down,52416
sea_abrupt_iid,sgd,always_rebuild,500,1,25319,adapted,REBUILD,true,error_up,98000
sea_abrupt_iid,sgd,always_rebuild,500,1,26631,adapted,REBUILD,false,error_down,78000
sea_abrupt_iid,sgd,always_rebuild,500,2,13991,adapted,REBUILD,false,error_up,88000
sea_abrupt_iid,sgd,always_rebuild,500,2,14535,adapted,REBUILD,false,error_down,41888
sea_abrupt_iid,sgd,always_rebuild,500,2,25287,adapted,REBUILD,true,error_up,74000
sea_abrupt_iid,sgd,always_rebuild,500,2,26023,adapted,REBUILD,false,error_down,66976
sea_abrupt_iid,sgd,always_rebuild,500,2,41607,adapted,REBUILD,false,error_up,125000
sea_abrupt_iid,sgd,always_rebuild,500,3,14311,adapted,REBUILD,false,error_up,60000
sea_abrupt_iid,sgd,always_rebuild,500,3,25287,adapted,REBUILD,true,error_up,125000
sea_abrupt_iid,sgd,always_rebuild,500,3,38823,adapted,REBUILD,false,error_up,81000
sea_abrupt_iid,sgd,always_rebuild,500,4,13287,adapted,REBUILD,true,error_down,80000
sea_abrupt_iid,sgd,always_rebuild,500,4,25767,adapted,REBUILD,true,error_up,58000
sea_abrupt_iid,sgd,always_rebuild,500,4,39623,adapted,REBUILD,false,error_up,86000
sea_abrupt_iid,sgd,mechanism_selector,200,0,15719,adapted,NUDGE,false,error_up,800
sea_abrupt_iid,sgd,mechanism_selector,200,0,16167,adapted,REBUILD,false,error_down,48742
sea_abrupt_iid,sgd,mechanism_selector,200,0,25447,adapted,NUDGE,true,error_up,800
sea_abrupt_iid,sgd,mechanism_selector,200,1,13671,adapted,NUDGE,false,error_up,800
sea_abrupt_iid,sgd,mechanism_selector,200,1,14119,adapted,SKIP,false,error_down,0
sea_abrupt_iid,sgd,mechanism_selector,200,1,25351,adapted,NUDGE,true,error_up,800
sea_abrupt_iid,sgd,mechanism_selector,200,1,38855,adapted,SKIP,false,error_up,0
sea_abrupt_iid,sgd,mechanism_selector,200,2,13991,adapted,SKIP,false,error_up,0
sea_abrupt_iid,sgd,mechanism_selector,200,2,25319,adapted,SKIP,true,error_down,0
sea_abrupt_iid,sgd,mechanism_selector,200,2,42055,adapted,SKIP,false,error_down,0
sea_abrupt_iid,sgd,mechanism_selector,200,3,14311,adapted,REBUILD,false,error_up,75800
sea_abrupt_iid,sgd,mechanism_selector,200,3,28519,adapted,REBUILD,false,error_up,139800
sea_abrupt_iid,sgd,mechanism_selector,200,4,13287,adapted,SKIP,true,error_down,0
sea_abrupt_iid,sgd,mechanism_selector,200,4,25415,adapted,REBUILD,true,error_up,79800
sea_abrupt_iid,sgd,mechanism_selector,500,0,15719,adapted,NUDGE,false,error_up,800
sea_abrupt_iid,sgd,mechanism_selector,500,0,16551,adapted,NUDGE,false,error_down,665
sea_abrupt_iid,sgd,mechanism_selector,500,0,25607,adapted,SKIP,true,error_down,0
sea_abrupt_iid,sgd,mechanism_selector,500,0,44647,adapted,REBUILD,false,error_up,85800
sea_abrupt_iid,sgd,mechanism_selector,500,1,13671,adapted,NUDGE,false,error_up,800
sea_abrupt_iid,sgd,mechanism_selector,500,1,14663,adapted,SKIP,false,error_down,0
sea_abrupt_iid,sgd,mechanism_selector,500,1,25543,adapted,NUDGE,true,error_up,800
sea_abrupt_iid,sgd,mechanism_selector,500,1,27143,adapted,SKIP,false,error_down,0
sea_abrupt_iid,sgd,mechanism_selector,500,1,41575,adapted,NUDGE,false,error_up,800
sea_abrupt_iid,sgd,mechanism_selector,500,2,13991,adapted,NUDGE,false,error_up,800
sea_abrupt_iid,sgd,mechanism_selector,500,2,14535,adapted,SKIP,false,error_down,0
sea_abrupt_iid,sgd,mechanism_selector,500,2,25319,adapted,REBUILD,true,error_up,73800
sea_abrupt_iid,sgd,mechanism_selector,500,3,14311,adapted,REBUILD,false,error_up,60800
sea_abrupt_iid,sgd,mechanism_selector,500,3,25287,adapted,NUDGE,true,error_up,800
sea_abrupt_iid,sgd,mechanism_selector,500,3,27335,adapted,SKIP,false,error_down,0
sea_abrupt_iid,sgd,mechanism_selector,500,3,42919,adapted,REBUILD,false,error_up,101800
sea_abrupt_iid,sgd,mechanism_selector,500,3,43751,adapted,NUDGE,false,error_up,665
sea_abrupt_iid,sgd,mechanism_selector,500,3,47559,adapted,SKIP,false,error_down,0
sea_abrupt_iid,sgd,mechanism_selector,500,4,13287,adapted,SKIP,true,error_down,0
sea_abrupt_iid,sgd,mechanism_selector,500,4,25415,adapted,NUDGE,true,error_up,800
sea_abrupt_iid,sgd,mechanism_selector,500,4,42567,adapted,NUDGE,false,error_up,800
sea_abrupt_iid,xgb,always_rebuild,200,0,14215,adapted,REBUILD,false,error_up,100000
sea_abrupt_iid,xgb,always_rebuild,200,0,25223,adapted,REBUILD,true,error_up,100000
sea_abrupt_iid,xgb,always_rebuild,200,0,46055,adapted,REBUILD,false,error_up,100000
sea_abrupt_iid,xgb,always_rebuild,200,1,13671,adapted,REBUILD,false,error_up,100000
sea_abrupt_iid,xgb,always_rebuild,200,1,25319,adapted,REBUILD,true,error_up,100000
sea_abrupt_iid,xgb,always_rebuild,200,2,14023,adapted,REBUILD,false,error_up,100000
sea_abrupt_iid,xgb,always_rebuild,200,2,25511,adapted,REBUILD,true,error_up,100000
sea_abrupt_iid,xgb,always_rebuild,200,3,13927,adapted,REBUILD,false,error_up,100000
sea_abrupt_iid,xgb,always_rebuild,200,3,25479,adapted,REBUILD,true,error_up,100000
sea_abrupt_iid,xgb,always_rebuild,200,3,42119,adapted,REBUILD,false,error_up,100000
sea_abrupt_iid,xgb,always_rebuild,200,4,13831,adapted,REBUILD,false,error_up,100000
sea_abrupt_iid,xgb,always_rebuild,200,4,25287,adapted,REBUILD,true,error_up,100000
sea_abrupt_iid,xgb,always_rebuild,500,0,14215,adapted,REBUILD,false,error_up,100000
sea_abrupt_iid,xgb,always_rebuild,500,0,25287,adapted,REBUILD,true,error_up,100000
sea_abrupt_iid,xgb,always_rebuild,500,0,27975,adapted,REBUILD,false,error_down,100000
sea_abrupt_iid,xgb,always_rebuild,500,1,13671,adapted,REBUILD,false,error_up,100000
sea_abrupt_iid,xgb,always_rebuild,500,1,25287,adapted,REBUILD,true,error_up,100000
sea_abrupt_iid,xgb,always_rebuild,500,1,26183,adapted,REBUILD,false,error_down,89600
sea_abrupt_iid,xgb,always_rebuild,500,2,14023,adapted,REBUILD,false,error_up,100000
sea_abrupt_iid,xgb,always_rebuild,500,2,25351,adapted,REBUILD,true,error_up,100000
sea_abrupt_iid,xgb,always_rebuild,500,3,13927,adapted,REBUILD,false,error_up,100000
sea_abrupt_iid,xgb,always_rebuild,500,3,25511,adapted,REBUILD,true,error_up,100000
sea_abrupt_iid,xgb,always_rebuild,500,4,13831,adapted,REBUILD,false,error_up,100000
sea_abrupt_iid,xgb,always_rebuild,500,4,25319,adapted,REBUILD,true,error_up,100000
sea_abrupt_iid,xgb,always_rebuild,500,4,28711,adapted,REBUILD,false,error_down,100000
sea_abrupt_iid,xgb,mechanism_selector,200,0,14215,adapted,REBUILD,false,error_up,104000
sea_abrupt_iid,xgb,mechanism_selector,200,0,25223,adapted,REBUILD,true,error_up,104000
sea_abrupt_iid,xgb,mechanism_selector,200,0,46055,adapted,REBUILD,false,error_up,104000
sea_abrupt_iid,xgb,mechanism_selector,200,1,13671,adapted,REBUILD,false,error_up,104000
sea_abrupt_iid,xgb,mechanism_selector,200,1,25319,adapted,REBUILD,true,error_up,104000
sea_abrupt_iid,xgb,mechanism_selector,200,2,14023,adapted,REBUILD,false,error_up,104000
sea_abrupt_iid,xgb,mechanism_selector,200,2,25511,adapted,REBUILD,true,error_up,104000
sea_abrupt_iid,xgb,mechanism_selector,200,3,13927,adapted,REBUILD,false,error_up,104000
sea_abrupt_iid,xgb,mechanism_selector,200,3,25479,adapted,REBUILD,true,error_up,104000
sea_abrupt_iid,xgb,mechanism_selector,200,3,42119,adapted,REBUILD,false,error_up,104000
sea_abrupt_iid,xgb,mechanism_selector,200,4,13831,adapted,REBUILD,false,error_up,104000
sea_abrupt_iid,xgb,mechanism_selector,200,4,25287,adapted,REBUILD,true,error_up,104000
sea_abrupt_iid,xgb,mechanism_selector,500,0,14215,adapted,REBUILD,false,error_up,104000
sea_abrupt_iid,xgb,mechanism_selector,500,0,25287,adapted,REBUILD,true,error_up,104000
sea_abrupt_iid,xgb,mechanism_selector,500,0,27975,adapted,REBUILD,false,error_down,104000
sea_abrupt_iid,xgb,mechanism_selector,500,1,13671,adapted,SKIP,false,error_up,0
sea_abrupt_iid,xgb,mechanism_selector,500,1,38503,adapted,REBUILD,false,error_up,104000
sea_abrupt_iid,xgb,mechanism_selector,500,2,14023,adapted,REBUILD,false,error_up,104000
sea_abrupt_iid,xgb,mechanism_selector,500,2,25351,adapted,REBUILD,true,error_up,104000
sea_abrupt_iid,xgb,mechanism_selector,500,3,13927,adapted,REBUILD,false,error_up,104000
sea_abrupt_iid,xgb,mechanism_selector,500,3,25511,adapted,REBUILD,true,error_up,104000
sea_abrupt_iid,xgb,mechanism_selector,500,4,13831,adapted,SKIP,false,error_up,0
sea_abrupt_iid,xgb,mechanism_selector,500,4,40071,adapted,NUDGE,false,error_up,4000
sea_abrupt_sticky,gnb,always_rebuild,200,0,13383,adapted,REBUILD,true,error_up,1000
sea_abrupt_sticky,gnb,always_rebuild,200,0,25223,adapted,REBUILD,true,error_up,1000
sea_abrupt_sticky,gnb,always_rebuild,200,0,27559,adapted,REBUILD,false,error_down,1000
sea_abrupt_sticky,gnb,always_rebuild,200,0,28231,adapted,REBUILD,false,error_up,672
sea_abrupt_sticky,gnb,always_rebuild,200,1,25319,adapted,REBUILD,true,error_up,1000
sea_abrupt_sticky,gnb,always_rebuild,200,1,41223,adapted,REBUILD,false,error_up,1000
sea_abrupt_sticky,gnb,always_rebuild,200,2,26535,adapted,REBUILD,false,error_up,1000
sea_abrupt_sticky,gnb,always_rebuild,200,2,44583,adapted,REBUILD,false,error_up,1000
sea_abrupt_sticky,gnb,always_rebuild,200,3,26919,adapted,REBUILD,false,error_up,1000
sea_abrupt_sticky,gnb,always_rebuild,200,3,37767,adapted,REBUILD,true,error_up,1000
sea_abrupt_sticky,gnb,always_rebuild,200,4,13735,adapted,REBUILD,false,error_up,1000
sea_abrupt_sticky,gnb,always_rebuild,200,4,25191,adapted,REBUILD,true,error_up,1000
sea_abrupt_sticky,gnb,always_rebuild,200,4,29735,adapted,REBUILD,false,error_down,1000
sea_abrupt_sticky,gnb,always_rebuild,200,4,33383,adapted,REBUILD,false,error_up,1000
sea_abrupt_sticky,gnb,always_rebuild,500,0,13383,adapted,REBUILD,true,error_up,1000
sea_abrupt_sticky,gnb,always_rebuild,500,0,25255,adapted,REBUILD,true,error_up,1000
sea_abrupt_sticky,gnb,always_rebuild,500,0,26663,adapted,REBUILD,false,error_down,1000
sea_abrupt_sticky,gnb,always_rebuild,500,0,32775,adapted,REBUILD,false,error_up,1000
sea_abrupt_sticky,gnb,always_rebuild,500,1,25319,adapted,REBUILD,true,error_up,1000
sea_abrupt_sticky,gnb,always_rebuild,500,1,41799,adapted,REBUILD,false,error_up,1000
sea_abrupt_sticky,gnb,always_rebuild,500,2,26535,adapted,REBUILD,false,error_up,1000
sea_abrupt_sticky,gnb,always_rebuild,500,2,44455,adapted,REBUILD,false,error_up,1000
sea_abrupt_sticky,gnb,always_rebuild,500,3,26919,adapted,REBUILD,false,error_up,1000
sea_abrupt_sticky,gnb,always_rebuild,500,3,37767,adapted,REBUILD,true,error_up,1000
sea_abrupt_sticky,gnb,always_rebuild,500,4,13735,adapted,REBUILD,false,error_up,1000
sea_abrupt_sticky,gnb,always_rebuild,500,4,25191,adapted,REBUILD,true,error_up,1000
sea_abrupt_sticky,gnb,always_rebuild,500,4,26407,adapted,REBUILD,false,error_down,1000
sea_abrupt_sticky,gnb,always_rebuild,500,4,42183,adapted,REBUILD,false,error_up,1000
sea_abrupt_sticky,gnb,mechanism_selector,200,0,13383,adapted,REBUILD,true,error_up,1800
sea_abrupt_sticky,gnb,mechanism_selector,200,0,25223,adapted,REBUILD,true,error_up,1800
sea_abrupt_sticky,gnb,mechanism_selector,200,0,27559,adapted,SKIP,false,error_down,0
sea_abrupt_sticky,gnb,mechanism_selector,200,0,28167,adapted,SKIP,false,error_up,0
sea_abrupt_sticky,gnb,mechanism_selector,200,0,38055,adapted,SKIP,true,error_up,0
sea_abrupt_sticky,gnb,mechanism_selector,200,1,25319,adapted,REBUILD,true,error_up,1800
sea_abrupt_sticky,gnb,mechanism_selector,200,1,41223,adapted,REBUILD,false,error_up,1800
sea_abrupt_sticky,gnb,mechanism_selector,200,2,26535,adapted,SKIP,false,error_up,0
sea_abrupt_sticky,gnb,mechanism_selector,200,2,29927,adapted,NUDGE,false,error_up,800
sea_abrupt_sticky,gnb,mechanism_selector,200,2,44455,adapted,REBUILD,false,error_up,1800
sea_abrupt_sticky,gnb,mechanism_selector,200,3,26919,adapted,NUDGE,false,error_up,800
sea_abrupt_sticky,gnb,mechanism_selector,200,3,37735,adapted,REBUILD,true,error_up,1800
sea_abrupt_sticky,gnb,mechanism_selector,200,4,13735,adapted,SKIP,false,error_up,0
sea_abrupt_sticky,gnb,mechanism_selector,200,4,27335,adapted,REBUILD,false,error_up,1800
sea_abrupt_sticky,gnb,mechanism_selector,200,4,46983,adapted,SKIP,false,error_down,0
sea_abrupt_sticky,gnb,mechanism_selector,500,0,13383,adapted,SKIP,true,error_up,0
sea_abrupt_sticky,gnb,mechanism_selector,500,0,27719,adapted,REBUILD,false,error_down,1800
sea_abrupt_sticky,gnb,mechanism_selector,500,0,37959,adapted,REBUILD,true,error_up,1800
sea_abrupt_sticky,gnb,mechanism_selector,500,1,25319,adapted,SKIP,true,error_up,0
sea_abrupt_sticky,gnb,mechanism_selector,500,1,41287,adapted,NUDGE,false,error_up,800
sea_abrupt_sticky,gnb,mechanism_selector,500,1,46119,adapted,SKIP,false,error_up,0
sea_abrupt_sticky,gnb,mechanism_selector,500,2,26535,adapted,REBUILD,false,error_up,1800
sea_abrupt_sticky,gnb,mechanism_selector,500,2,44455,adapted,SKIP,false,error_up,0
sea_abrupt_sticky,gnb,mechanism_selector,500,3,26919,adapted,REBUILD,false,error_up,1800
sea_abrupt_sticky,gnb,mechanism_selector,500,3,37767,adapted,REBUILD,true,error_up,1800
sea_abrupt_sticky,gnb,mechanism_selector,500,4,13735,adapted,REBUILD,false,error_up,1800
sea_abrupt_sticky,gnb,mechanism_selector,500,4,25191,adapted,REBUILD,true,error_up,1800
sea_abrupt_sticky,gnb,mechanism_selector,500,4,26407,adapted,REBUILD,false,error_down,1800
sea_abrupt_sticky,gnb,mechanism_selector,500,4,42183,adapted,NUDGE,false,error_up,800
sea_abrupt_sticky,rf,always_rebuild,200,0,13415,adapted,REBUILD,true,error_up,100000
sea_abrupt_sticky,rf,always_rebuild,200,0,21415,adapted,REBUILD,false,error_down,100000
sea_abrupt_sticky,rf,always_rebuild,200,0,25223,adapted,REBUILD,true,error_up,100000
sea_abrupt_sticky,rf,always_rebuild,200,0,26919,adapted,REBUILD,false,error_down,100000
sea_abrupt_sticky,rf,always_rebuild,200,0,41031,adapted,REBUILD,false,error_up,100000
sea_abrupt_sticky,rf,always_rebuild,200,1,13383,adapted,REBUILD,true,error_up,100000
sea_abrupt_sticky,rf,always_rebuild,200,1,25127,adapted,REBUILD,true,error_up,100000
sea_abrupt_sticky,rf,always_rebuild,200,1,46087,adapted,REBUILD,false,error_up,100000
sea_abrupt_sticky,rf,always_rebuild,200,2,13415,adapted,REBUILD,true,error_up,100000
sea_abrupt_sticky,rf,always_rebuild,200,2,25447,adapted,REBUILD,true,error_up,100000
sea_abrupt_sticky,rf,always_rebuild,200,2,44487,adapted,REBUILD,false,error_up,100000
sea_abrupt_sticky,rf,always_rebuild,200,3,14023,adapted,REBUILD,false,error_up,100000
sea_abrupt_sticky,rf,always_rebuild,200,3,25511,adapted,REBUILD,true,error_up,100000
sea_abrupt_sticky,rf,always_rebuild,200,3,37767,adapted,REBUILD,true,error_up,100000
sea_abrupt_sticky,rf,always_rebuild,200,4,13511,adapted,REBUILD,false,error_up,100000
sea_abrupt_sticky,rf,always_rebuild,200,4,25383,adapted,REBUILD,true,error_up,100000
sea_abrupt_sticky,rf,always_rebuild,200,4,42535,adapted,REBUILD,false,error_up,100000
sea_abrupt_sticky,rf,always_rebuild,500,0,13415,adapted,REBUILD,true,error_up,100000
sea_abrupt_sticky,rf,always_rebuild,500,0,25223,adapted,REBUILD,true,error_up,100000
sea_abrupt_sticky,rf,always_rebuild,500,0,26631,adapted,REBUILD,false,error_down,100000
sea_abrupt_sticky,rf,always_rebuild,500,0,40871,adapted,REBUILD,false,error_up,100000
sea_abrupt_sticky,rf,always_rebuild,500,1,13383,adapted,REBUILD,true,error_up,100000
sea_abrupt_sticky,rf,always_rebuild,500,1,25095,adapted,REBUILD,true,error_up,100000
sea_abrupt_sticky,rf,always_rebuild,500,1,46247,adapted,REBUILD,false,error_up,100000
sea_abrupt_sticky,rf,always_rebuild,500,2,13415,adapted,REBUILD,true,error_up,100000
sea_abrupt_sticky,rf,always_rebuild,500,2,25991,adapted,REBUILD,true,error_up,100000
sea_abrupt_sticky,rf,always_rebuild,500,3,14023,adapted,REBUILD,false,error_up,100000
sea_abrupt_sticky,rf,always_rebuild,500,3,26087,adapted,REBUILD,false,error_up,100000
sea_abrupt_sticky,rf,always_rebuild,500,3,29031,adapted,REBUILD,false,error_down,100000
sea_abrupt_sticky,rf,always_rebuild,500,3,37959,adapted,REBUILD,true,error_up,100000
sea_abrupt_sticky,rf,always_rebuild,500,4,13511,adapted,REBUILD,false,error_up,100000
sea_abrupt_sticky,rf,always_rebuild,500,4,25191,adapted,REBUILD,true,error_up,100000
sea_abrupt_sticky,rf,always_rebuild,500,4,28839,adapted,REBUILD,false,error_down,100000
sea_abrupt_sticky,rf,mechanism_selector,200,0,13415,adapted,REBUILD,true,error_up,104000
sea_abrupt_sticky,rf,mechanism_selector,200,0,21415,adapted,SKIP,false,error_down,0
sea_abrupt_sticky,rf,mechanism_selector,200,0,25223,adapted,REBUILD,true,error_up,104000
sea_abrupt_sticky,rf,mechanism_selector,200,0,37959,adapted,SKIP,true,error_up,0
sea_abrupt_sticky,rf,mechanism_selector,200,1,13383,adapted,REBUILD,true,error_up,104000
sea_abrupt_sticky,rf,mechanism_selector,200,1,25127,adapted,REBUILD,true,error_up,104000
sea_abrupt_sticky,rf,mechanism_selector,200,1,46087,adapted,REBUILD,false,error_up,104000
sea_abrupt_sticky,rf,mechanism_selector,200,2,13415,adapted,REBUILD,true,error_up,104000
sea_abrupt_sticky,rf,mechanism_selector,200,2,25447,adapted,SKIP,true,error_up,0
sea_abrupt_sticky,rf,mechanism_selector,200,2,27463,adapted,REBUILD,false,error_up,104000
sea_abrupt_sticky,rf,mechanism_selector,200,3,14023,adapted,REBUILD,false,error_up,104000
sea_abrupt_sticky,rf,mechanism_selector,200,3,25511,adapted,SKIP,true,error_up,0
sea_abrupt_sticky,rf,mechanism_selector,200,3,37735,adapted,REBUILD,true,error_up,104000
sea_abrupt_sticky,rf,mechanism_selector,200,3,46375,adapted,SKIP,false,error_down,0
sea_abrupt_sticky,rf,mechanism_selector,200,4,13511,adapted,REBUILD,false,error_up,104000
sea_abrupt_sticky,rf,mechanism_selector,200,4,25383,adapted,REBUILD,true,error_up,104000
sea_abrupt_sticky,rf,mechanism_selector,200,4,42535,adapted,SKIP,false,error_up,0
sea_abrupt_sticky,rf,mechanism_selector,500,0,13415,adapted,SKIP,true,error_up,0
sea_abrupt_sticky,rf,mechanism_selector,500,0,38055,adapted,SKIP,true,error_up,0
sea_abrupt_sticky,rf,mechanism_selector,500,1,13383,adapted,REBUILD,true,error_up,104000
sea_abrupt_sticky,rf,mechanism_selector,500,1,25095,adapted,REBUILD,true,error_up,104000
sea_abrupt_sticky,rf,mechanism_selector,500,1,46247,adapted,REBUILD,false,error_up,104000
sea_abrupt_sticky,rf,mechanism_selector,500,2,13415,adapted,REBUILD,true,error_up,104000
sea_abrupt_sticky,rf,mechanism_selector,500,2,25991,adapted,REBUILD,true,error_up,104000
sea_abrupt_sticky,rf,mechanism_selector,500,3,14023,adapted,REBUILD,false,error_up,104000
sea_abrupt_sticky,rf,mechanism_selector,500,3,26087,adapted,REBUILD,false,error_up,104000
sea_abrupt_sticky,rf,mechanism_selector,500,3,29031,adapted,SKIP,false,error_down,0
sea_abrupt_sticky,rf,mechanism_selector,500,3,37831,adapted,SKIP,true,error_up,0
sea_abrupt_sticky,rf,mechanism_selector,500,4,13511,adapted,REBUILD,false,error_up,104000
sea_abrupt_sticky,rf,mechanism_selector,500,4,25191,adapted,REBUILD,true,error_up,104000
sea_abrupt_sticky,rf,mechanism_selector,500,4,28839,adapted,SKIP,false,error_down,0
sea_abrupt_sticky,rf,mechanism_selector,500,4,44007,adapted,SKIP,false,error_up,0
sea_abrupt_sticky,sgd,always_rebuild,200,0,25255,adapted,REBUILD,true,error_up,67000
sea_abrupt_sticky,sgd,always_rebuild,200,1,28583,adapted,REBUILD,false,error_up,79000
sea_abrupt_sticky,sgd,always_rebuild,200,1,41863,adapted,REBUILD,false,error_up,90000
sea_abrupt_sticky,sgd,always_rebuild,200,2,27175,adapted,REBUILD,false,error_up,56000
sea_abrupt_sticky,sgd,always_rebuild,200,3,37735,adapted,REBUILD,true,error_up,53000
sea_abrupt_sticky,sgd,always_rebuild,200,3,43847,adapted,REBUILD,false,error_down,63000
sea_abrupt_sticky,sgd,always_rebuild,200,3,44935,adapted,REBUILD,false,error_up,107000
sea_abrupt_sticky,sgd,always_rebuild,200,4,9447,adapted,REBUILD,false,error_up,81000
sea_abrupt_sticky,sgd,always_rebuild,200,4,25415,adapted,REBUILD,true,error_up,82000
sea_abrupt_sticky,sgd,always_rebuild,200,4,48263,adapted,REBUILD,false,error_down,101000
sea_abrupt_sticky,sgd,always_rebuild,500,0,25255,adapted,REBUILD,true,error_up,87000
sea_abrupt_sticky,sgd,always_rebuild,500,0,25895,adapted,REBUILD,true,error_up,51840
sea_abrupt_sticky,sgd,always_rebuild,500,0,26631,adapted,REBUILD,false,error_down,72128
sea_abrupt_sticky,sgd,always_rebuild,500,0,28167,adapted,REBUILD,false,error_up,91000
sea_abrupt_sticky,sgd,always_rebuild,500,1,28583,adapted,REBUILD,false,error_up,92000
sea_abrupt_sticky,sgd,always_rebuild,500,1,41255,adapted,REBUILD,false,error_up,87000
sea_abrupt_sticky,sgd,always_rebuild,500,1,41959,adapted,REBUILD,false,error_up,49280
sea_abrupt_sticky,sgd,always_rebuild,500,1,42567,adapted,REBUILD,false,error_down,56544
sea_abrupt_sticky,sgd,always_rebuild,500,1,44679,adapted,REBUILD,false,error_up,79000
sea_abrupt_sticky,sgd,always_rebuild,500,2,27175,adapted,REBUILD,false,error_up,65000
sea_abrupt_sticky,sgd,always_rebuild,500,3,37735,adapted,REBUILD,true,error_up,113000
sea_abrupt_sticky,sgd,always_rebuild,500,3,49063,adapted,REBUILD,false,error_up,102000
sea_abrupt_sticky,sgd,always_rebuild,500,4,9447,adapted,REBUILD,false,error_up,101000
sea_abrupt_sticky,sgd,always_rebuild,500,4,10087,adapted,REBUILD,false,error_up,40320
sea_abrupt_sticky,sgd,always_rebuild,500,4,13895,adapted,REBUILD,false,error_up,71000
sea_abrupt_sticky,sgd,always_rebuild,500,4,16391,adapted,REBUILD,false,error_up,86000
sea_abrupt_sticky,sgd,always_rebuild,500,4,18023,adapted,REBUILD,false,error_down,110000
sea_abrupt_sticky,sgd,always_rebuild,500,4,19655,adapted,REBUILD,false,error_up,86000
sea_abrupt_sticky,sgd,always_rebuild,500,4,20839,adapted,REBUILD,false,error_up,85000
sea_abrupt_sticky,sgd,always_rebuild,500,4,23431,adapted,REBUILD,false,error_down,98000
sea_abrupt_sticky,sgd,always_rebuild,500,4,27335,adapted,REBUILD,false,error_up,99000
sea_abrupt_sticky,sgd,always_rebuild,500,4,27879,adapted,REBUILD,false,error_up,42432
sea_abrupt_sticky,sgd,always_rebuild,500,4,28423,adapted,REBUILD,false,error_down,50048
sea_abrupt_sticky,sgd,always_rebuild,500,4,28999,adapted,REBUILD,false,error_up,40896
sea_abrupt_sticky,sgd,always_rebuild,500,4,29607,adapted,REBUILD,false,error_down,49856
sea_abrupt_sticky,sgd,always_rebuild,500,4,30247,adapted,REBUILD,false,error_up,47360
sea_abrupt_sticky,sgd,always_rebuild,500,4,31143,adapted,REBUILD,false,error_down,84224
sea_abrupt_sticky,sgd,always_rebuild,500,4,32071,adapted,REBUILD,false,error_up,61248
sea_abrupt_sticky,sgd,always_rebuild,500,4,32583,adapted,REBUILD,false,error_down,40960
sea_abrupt_sticky,sgd,always_rebuild,500,4,33319,adapted,REBUILD,false,error_up,64768
sea_abrupt_sticky,sgd,mechanism_selector,200,0,25255,adapted,REBUILD,true,error_up,67800
sea_abrupt_sticky,sgd,mechanism_selector,200,1,28583,adapted,SKIP,false,error_up,0
sea_abrupt_sticky,sgd,mechanism_selector,200,1,46023,adapted,REBUILD,false,error_up,63800
sea_abrupt_sticky,sgd,mechanism_selector,200,2,27175,adapted,NUDGE,false,error_up,800
sea_abrupt_sticky,sgd,mechanism_selector,200,3,37735,adapted,REBUILD,true,error_up,53800
sea_abrupt_sticky,sgd,mechanism_selector,200,3,43847,adapted,SKIP,false,error_down,0
sea_abrupt_sticky,sgd,mechanism_selector,200,4,9447,adapted,SKIP,false,error_up,0
sea_abrupt_sticky,sgd,mechanism_selector,200,4,24583,adapted,REBUILD,false,error_down,74800
sea_abrupt_sticky,sgd,mechanism_selector,200,4,41895,adapted,SKIP,false,error_up,0
sea_abrupt_sticky,sgd,mechanism_selector,500,0,25255,adapted,REBUILD,true,error_up,87800
sea_abrupt_sticky,sgd,mechanism_selector,500,0,25895,adapted,SKIP,true,error_up,0
sea_abrupt_sticky,sgd,mechanism_selector,500,0,28231,adapted,SKIP,false,error_down,0
sea_abrupt_sticky,sgd,mechanism_selector,500,0,29799,adapted,NUDGE,false,error_up,800
sea_abrupt_sticky,sgd,mechanism_selector,500,0,30535,adapted,SKIP,false,error_down,0
sea_abrupt_sticky,sgd,mechanism_selector,500,1,28583,adapted,NUDGE,false,error_up,800
sea_abrupt_sticky,sgd,mechanism_selector,500,2,27175,adapted,SKIP,false,error_up,0
sea_abrupt_sticky,sgd,mechanism_selector,500,2,41063,adapted,SKIP,false,error_up,0
sea_abrupt_sticky,sgd,mechanism_selector,500,3,37735,adapted,REBUILD,true,error_up,113800
sea_abrupt_sticky,sgd,mechanism_selector,500,3,49063,adapted,SKIP,false,error_up,0
sea_abrupt_sticky,sgd,mechanism_selector,500,4,9447,adapted,SKIP,false,error_up,0
sea_abrupt_sticky,sgd,mechanism_selector,500,4,24583,adapted,SKIP,false,error_down,0
sea_abrupt_sticky,sgd,mechanism_selector,500,4,27335,adapted,SKIP,false,error_up,0
sea_abrupt_sticky,sgd,mechanism_selector,500,4,30791,adapted,NUDGE,false,error_up,800
sea_abrupt_sticky,sgd,mechanism_selector,500,4,42151,adapted,REBUILD,false,error_up,86800
sea_abrupt_sticky,xgb,always_rebuild,200,0,13447,adapted,REBUILD,true,error_up,100000
sea_abrupt_sticky,xgb,always_rebuild,200,0,25255,adapted,REBUILD,true,error_up,100000
sea_abrupt_sticky,xgb,always_rebuild,200,0,39911,adapted,REBUILD,false,error_up,100000
sea_abrupt_sticky,xgb,always_rebuild,200,1,13415,adapted,REBUILD,true,error_up,100000
sea_abrupt_sticky,xgb,always_rebuild,200,1,24423,adapted,REBUILD,false,error_up,100000
sea_abrupt_sticky,xgb,always_rebuild,200,1,28551,adapted,REBUILD,false,error_up,100000
sea_abrupt_sticky,xgb,always_rebuild,200,2,13767,adapted,REBUILD,false,error_up,100000
sea_abrupt_sticky,xgb,always_rebuild,200,2,25991,adapted,REBUILD,true,error_up,100000
sea_abrupt_sticky,xgb,always_rebuild,200,3,14279,adapted,REBUILD,false,error_up,100000
sea_abrupt_sticky,xgb,always_rebuild,200,3,25191,adapted,REBUILD,true,error_up,100000
sea_abrupt_sticky,xgb,always_rebuild,200,3,27879,adapted,REBUILD,false,error_up,100000
sea_abrupt_sticky,xgb,always_rebuild,200,3,38183,adapted,REBUILD,true,error_up,100000
sea_abrupt_sticky,xgb,always_rebuild,200,4,13479,adapted,REBUILD,true,error_up,100000
sea_abrupt_sticky,xgb,always_rebuild,200,4,25415,adapted,REBUILD,true,error_up,100000
sea_abrupt_sticky,xgb,always_rebuild,200,4,42119,adapted,REBUILD,false,error_up,100000
sea_abrupt_sticky,xgb,always_rebuild,500,0,13447,adapted,REBUILD,true,error_up,100000
sea_abrupt_sticky,xgb,always_rebuild,500,0,25255,adapted,REBUILD,true,error_up,100000
sea_abrupt_sticky,xgb,always_rebuild,500,0,28615,adapted,REBUILD,false,error_down,100000
sea_abrupt_sticky,xgb,always_rebuild,500,1,13415,adapted,REBUILD,true,error_up,100000
sea_abrupt_sticky,xgb,always_rebuild,500,1,25095,adapted,REBUILD,true,error_up,100000
sea_abrupt_sticky,xgb,always_rebuild,500,1,46247,adapted,REBUILD,false,error_up,100000
sea_abrupt_sticky,xgb,always_rebuild,500,2,13767,adapted,REBUILD,false,error_up,100000
sea_abrupt_sticky,xgb,always_rebuild,500,2,26151,adapted,REBUILD,false,error_up,100000
sea_abrupt_sticky,xgb,always_rebuild,500,3,14279,adapted,REBUILD,false,error_up,100000
sea_abrupt_sticky,xgb,always_rebuild,500,3,25191,adapted,REBUILD,true,error_up,100000
sea_abrupt_sticky,xgb,always_rebuild,500,3,37767,adapted,REBUILD,true,error_up,100000
sea_abrupt_sticky,xgb,always_rebuild,500,4,13479,adapted,REBUILD,true,error_up,100000
sea_abrupt_sticky,xgb,always_rebuild,500,4,25191,adapted,REBUILD,true,error_up,100000
sea_abrupt_sticky,xgb,always_rebuild,500,4,45447,adapted,REBUILD,false,error_up,100000
sea_abrupt_sticky,xgb,mechanism_selector,200,0,13447,adapted,NUDGE,true,error_up,4000
sea_abrupt_sticky,xgb,mechanism_selector,200,0,33415,adapted,REBUILD,false,error_up,104000
sea_abrupt_sticky,xgb,mechanism_selector,200,1,13415,adapted,REBUILD,true,error_up,104000
sea_abrupt_sticky,xgb,mechanism_selector,200,1,24423,adapted,SKIP,false,error_up,0
sea_abrupt_sticky,xgb,mechanism_selector,200,1,25319,adapted,REBUILD,true,error_up,93180
sea_abrupt_sticky,xgb,mechanism_selector,200,1,46471,adapted,SKIP,false,error_up,0
sea_abrupt_sticky,xgb,mechanism_selector,200,2,13767,adapted,REBUILD,false,error_up,104000
sea_abrupt_sticky,xgb,mechanism_selector,200,2,25991,adapted,SKIP,true,error_up,0
sea_abrupt_sticky,xgb,mechanism_selector,200,2,44487,adapted,REBUILD,false,error_up,104000
sea_abrupt_sticky,xgb,mechanism_selector,200,3,14279,adapted,REBUILD,false,error_up,104000
sea_abrupt_sticky,xgb,mechanism_selector,200,3,25191,adapted,REBUILD,true,error_up,104000
sea_abrupt_sticky,xgb,mechanism_selector,200,3,27879,adapted,REBUILD,false,error_up,104000
sea_abrupt_sticky,xgb,mechanism_selector,200,3,38183,adapted,SKIP,true,error_up,0
sea_abrupt_sticky,xgb,mechanism_selector,200,4,13479,adapted,REBUILD,true,error_up,104000
sea_abrupt_sticky,xgb,mechanism_selector,200,4,25415,adapted,REBUILD,true,error_up,104000
sea_abrupt_sticky,xgb,mechanism_selector,200,4,42119,adapted,REBUILD,false,error_up,104000
sea_abrupt_sticky,xgb,mechanism_selector,500,0,13447,adapted,REBUILD,true,error_up,104000
sea_abrupt_sticky,xgb,mechanism_selector,500,0,25255,adapted,REBUILD,true,error_up,104000
sea_abrupt_sticky,xgb,mechanism_selector,500,0,28615,adapted,SKIP,false,error_down,0
sea_abrupt_sticky,xgb,mechanism_selector,500,1,13415,adapted,REBUILD,true,error_up,104000
sea_abrupt_sticky,xgb,mechanism_selector,500,1,25095,adapted,REBUILD,true,error_up,104000
sea_abrupt_sticky,xgb,mechanism_selector,500,1,46247,adapted,REBUILD,false,error_up,104000
sea_abrupt_sticky,xgb,mechanism_selector,500,2,13767,adapted,REBUILD,false,error_up,104000
sea_abrupt_sticky,xgb,mechanism_selector,500,2,26151,adapted,REBUILD,false,error_up,104000
sea_abrupt_sticky,xgb,mechanism_selector,500,3,14279,adapted,REBUILD,false,error_up,104000
sea_abrupt_sticky,xgb,mechanism_selector,500,3,25191,adapted,REBUILD,true,error_up,104000
sea_abrupt_sticky,xgb,mechanism_selector,500,3,37767,adapted,REBUILD,true,error_up,104000
sea_abrupt_sticky,xgb,mechanism_selector,500,4,13479,adapted,NUDGE,true,error_up,4000
sea_abrupt_sticky,xgb,mechanism_selector,500,4,26087,adapted,REBUILD,false,error_up,104000
sea_none_sticky,gnb,always_rebuild,200,1,46119,adapted,REBUILD,false,error_up,1000
sea_none_sticky,gnb,always_rebuild,200,3,40903,adapted,REBUILD,false,error_up,1000
sea_none_sticky,gnb,always_rebuild,500,1,46119,adapted,REBUILD,false,error_up,1000
sea_none_sticky,gnb,always_rebuild,500,3,40903,adapted,REBUILD,false,error_up,1000
sea_none_sticky,gnb,mechanism_selector,200,1,46119,adapted,NUDGE,false,error_up,800
sea_none_sticky,gnb,mechanism_selector,200,3,40903,adapted,SKIP,false,error_up,0
sea_none_sticky,gnb,mechanism_selector,500,1,46119,adapted,SKIP,false,error_up,0
sea_none_sticky,gnb,mechanism_selector,500,3,40903,adapted,NUDGE,false,error_up,800
sea_none_sticky,sgd,always_rebuild,200,0,30151,adapted,REBUILD,false,error_down,72000
sea_none_sticky,sgd,always_rebuild,200,0,33447,adapted,REBUILD,false,error_up,87000
sea_none_sticky,sgd,always_rebuild,200,0,34791,adapted,REBUILD,false,error_up,82000
sea_none_sticky,sgd,always_rebuild,200,0,35175,adapted,REBUILD,false,error_up,37632
sea_none_sticky,sgd,always_rebuild,200,0,35463,adapted,REBUILD,false,error_down,16704
sea_none_sticky,sgd,always_rebuild,200,0,35687,adapted,REBUILD,false,error_up,5600
sea_none_sticky,sgd,always_rebuild,200,0,35911,adapted,REBUILD,false,error_down,13888
sea_none_sticky,sgd,always_rebuild,200,0,39847,adapted,REBUILD,false,error_up,71000
sea_none_sticky,sgd,always_rebuild,200,4,9447,adapted,REBUILD,false,error_up,81000
sea_none_sticky,sgd,always_rebuild,200,4,24807,adapted,REBUILD,false,error_up,78000
sea_none_sticky,sgd,always_rebuild,200,4,32199,adapted,REBUILD,false,error_up,95000
sea_none_sticky,sgd,always_rebuild,500,0,30151,adapted,REBUILD,false,error_down,76000
sea_none_sticky,sgd,always_rebuild,500,0,30887,adapted,REBUILD,false,error_up,34592
sea_none_sticky,sgd,always_rebuild,500,4,9447,adapted,REBUILD,false,error_up,101000
sea_none_sticky,sgd,always_rebuild,500,4,10087,adapted,REBUILD,false,error_up,40320
sea_none_sticky,sgd,mechanism_selector,200,0,30151,adapted,SKIP,false,error_down,0
sea_none_sticky,sgd,mechanism_selector,200,0,46439,adapted,REBUILD,false,error_up,101800
sea_none_sticky,sgd,mechanism_selector,200,0,49255,adapted,SKIP,false,error_up,0
sea_none_sticky,sgd,mechanism_selector,200,4,9447,adapted,SKIP,false,error_up,0
sea_none_sticky,sgd,mechanism_selector,200,4,18279,adapted,REBUILD,false,error_up,56800
sea_none_sticky,sgd,mechanism_selector,500,0,30151,adapted,SKIP,false,error_down,0
sea_none_sticky,sgd,mechanism_selector,500,0,46439,adapted,SKIP,false,error_up,0
sea_none_sticky,sgd,mechanism_selector,500,4,9447,adapted,SKIP,false,error_up,0
sea_none_sticky,sgd,mechanism_selector,500,4,18279,adapted,SKIP,false,error_up,0
sea_none_sticky,sgd,mechanism_selector,500,4,29511,adapted,REBUILD,false,error_down,55800
sea_none_sticky,xgb,always_rebuild,200,3,38055,adapted,REBUILD,false,error_up,100000
sea_none_sticky,xgb,always_rebuild,500,3,38055,adapted,REBUILD,false,error_up,100000
sea_none_sticky,xgb,mechanism_selector,200,3,38055,adapted,SKIP,false,error_up,0
sea_none_sticky,xgb,mechanism_selector,500,3,38055,adapted,REBUILD,false,error_up,104000
