dataset,model,policy,policy_key,seed,n_stream_rows,n_init_train_rows,scorer,n_alarms,n_adaptations,n_skip,n_nudge,n_rebuild,n_degraded,n_alarms_deferred,n_alarms_coalesced,n_alarms_unserved,n_reference_carried,n_nudge_attempts,n_nudge_successes,n_adaptations_with_placeholders,total_placeholder_rows,initial_placeholder_rows,n_adaptations_on_falling_error,work_units_on_falling_error,total_work_units,total_estimators_fitted,total_rows_processed,total_passes,total_wall_clock_s,total_energy_kwh,initial_work_units,final_prequential_accuracy,mean_prequential_accuracy,final_prequential_balanced_accuracy,mean_prequential_balanced_accuracy,model_size_unit,initial_model_size,final_model_size,initial_n_nodes,final_n_nodes,inference_unit,initial_inference_units,final_inference_units,inference_growth,initial_predict_us_per_row,final_predict_us_per_row,run_wall_clock_s,config_json
elec2,rf,AlwaysRebuild,always_rebuild,0,40781,3624,accuracy,59,59,0,0,59,0,2,0,0,8,0,,0,0,0,16,1140000,3468000,5900,34680,5900,13.30726629999117,,362400,0.877,0.7388489737868125,0.8734788739750352,0.7306569238174769,trees,100,100,66150,13782,node_visits,795.968,643.83,0.808864175444239,11.789600001065992,11.174499995831866,16.64180270000361,"{""adwin_delta"": 0.002, ""buffer_size"": 1000, ""chunk_size"": 2000, ""energy_country_iso"": ""USA"", ""eval_block"": 1000, ""floor_drop"": 0.02, ""holdout_frac"": 0.2, ""init_frac"": 0.1, ""init_holdout_frac"": 0.2, ""k"": 3, ""min_buffer"": 100, ""n_ref"": 200, ""probe_rows"": 1000, ""track_energy"": false}"
elec2,rf,MechanismSelector,mechanism_selector,0,40781,3624,accuracy,52,52,16,3,33,11,3,0,0,8,25,3,0,0,0,18,64000,1737105,3425,30957,3425,7.652490599997691,,362400,0.52,0.6970893308158211,0.5429571212200345,0.6756311807823855,trees,100,100,66150,1698,node_visits,795.968,409.911,0.5149842707244513,19.048199996177573,9.394100001372863,11.037426399998367,"{""adwin_delta"": 0.002, ""buffer_size"": 1000, ""chunk_size"": 2000, ""energy_country_iso"": ""USA"", ""eval_block"": 1000, ""floor_drop"": 0.02, ""holdout_frac"": 0.2, ""init_frac"": 0.1, ""init_holdout_frac"": 0.2, ""k"": 3, ""min_buffer"": 100, ""n_ref"": 200, ""probe_rows"": 1000, ""track_energy"": false}"
elec2,rf,FixedSchedule(k=3),fixed_schedule,0,40781,3624,accuracy,71,71,0,48,23,0,1,0,0,13,48,,0,0,0,17,279925,1282310,2540,31502,2540,4.619868599969777,,362400,0.74,0.7385301978862706,0.7551695184222473,0.7288083057059785,trees,100,100,66150,7216,node_visits,795.968,579.73,0.728333299831149,11.957100003201049,12.148300003900658,8.038748099999793,"{""adwin_delta"": 0.002, ""buffer_size"": 1000, ""chunk_size"": 2000, ""energy_country_iso"": ""USA"", ""eval_block"": 1000, ""floor_drop"": 0.02, ""holdout_frac"": 0.2, ""init_frac"": 0.1, ""init_holdout_frac"": 0.2, ""k"": 3, ""min_buffer"": 100, ""n_ref"": 200, ""probe_rows"": 1000, ""track_energy"": false}"
elec2,sgd,AlwaysRebuild,always_rebuild,0,40781,3624,accuracy,61,61,0,0,61,0,3,0,0,7,0,,0,0,0,19,707624,2279084,0,36696,3421,0.3148201000294648,,235560,0.582,0.6619258968637356,0.5756635906006564,0.6469537347064525,params,9,9,,,params_read,9.0,9.0,1.0,0.18249999993713573,0.16820000018924475,0.6008634999961942,"{""adwin_delta"": 0.002, ""buffer_size"": 1000, ""chunk_size"": 2000, ""energy_country_iso"": ""USA"", ""eval_block"": 1000, ""floor_drop"": 0.02, ""holdout_frac"": 0.2, ""init_frac"": 0.1, ""init_holdout_frac"": 0.2, ""k"": 3, ""min_buffer"": 100, ""n_ref"": 200, ""probe_rows"": 1000, ""track_energy"": false}"
elec2,sgd,MechanismSelector,mechanism_selector,0,40781,3624,accuracy,52,52,15,11,26,8,1,0,0,5,29,11,0,0,0,20,42480,759753,0,27789,1284,0.1302248000210966,,235560,0.549,0.6239915646992472,0.5546500556423781,0.6136845213022208,params,9,9,,,params_read,9.0,9.0,1.0,0.17859999934444204,0.17619999562157318,0.37052749999566004,"{""adwin_delta"": 0.002, ""buffer_size"": 1000, ""chunk_size"": 2000, ""energy_country_iso"": ""USA"", ""eval_block"": 1000, ""floor_drop"": 0.02, ""holdout_frac"": 0.2, ""init_frac"": 0.1, ""init_holdout_frac"": 0.2, ""k"": 3, ""min_buffer"": 100, ""n_ref"": 200, ""probe_rows"": 1000, ""track_energy"": false}"
elec2,sgd,FixedSchedule(k=3),fixed_schedule,0,40781,3624,accuracy,55,55,0,37,18,0,0,0,0,8,37,,0,0,0,22,197635,580910,0,26918,1060,0.1052207000029739,,235560,0.676,0.6265417719035825,0.6641088581862593,0.6192845274137937,params,9,9,,,params_read,9.0,9.0,1.0,0.16849999519763514,0.16660000255797058,0.3446078999986639,"{""adwin_delta"": 0.002, ""buffer_size"": 1000, ""chunk_size"": 2000, ""energy_country_iso"": ""USA"", ""eval_block"": 1000, ""floor_drop"": 0.02, ""holdout_frac"": 0.2, ""init_frac"": 0.1, ""init_holdout_frac"": 0.2, ""k"": 3, ""min_buffer"": 100, ""n_ref"": 200, ""probe_rows"": 1000, ""track_energy"": false}"
insects_abrupt,rf,AlwaysRebuild,always_rebuild,0,47564,4227,balanced_accuracy,10,10,0,0,10,0,0,0,0,0,0,,2,3,0,1,86400,986400,1000,9864,1000,4.2662297999922885,,422700,0.273,0.5696535194685056,0.5554549009384775,0.5708400955606064,trees,100,100,122898,22084,node_visits,1307.418,1010.821,0.7731429428078855,20.025699996040203,18.13120000588242,7.444214200004353,"{""adwin_delta"": 0.002, ""buffer_size"": 1000, ""chunk_size"": 2000, ""energy_country_iso"": ""USA"", ""eval_block"": 1000, ""floor_drop"": 0.02, ""holdout_frac"": 0.2, ""init_frac"": 0.1, ""init_holdout_frac"": 0.2, ""k"": 3, ""min_buffer"": 100, ""n_ref"": 200, ""probe_rows"": 1000, ""track_energy"": false}"
insects_abrupt,rf,MechanismSelector,mechanism_selector,0,47564,4227,balanced_accuracy,10,10,2,0,8,1,0,0,0,1,7,0,4,15,0,2,104000,740800,835,12728,835,3.4231412000081036,,422700,0.365,0.48862585148431587,0.46356773548835595,0.4871714719878207,trees,100,100,122898,32218,node_visits,1307.418,1010.041,0.7725463470749219,20.170999996480532,20.15370000299299,6.617516900005285,"{""adwin_delta"": 0.002, ""buffer_size"": 1000, ""chunk_size"": 2000, ""energy_country_iso"": ""USA"", ""eval_block"": 1000, ""floor_drop"": 0.02, ""holdout_frac"": 0.2, ""init_frac"": 0.1, ""init_holdout_frac"": 0.2, ""k"": 3, ""min_buffer"": 100, ""n_ref"": 200, ""probe_rows"": 1000, ""track_energy"": false}"
insects_abrupt,rf,FixedSchedule(k=3),fixed_schedule,0,47564,4227,balanced_accuracy,9,9,0,6,3,0,0,0,0,1,6,,2,6,0,3,12000,236800,330,6928,330,1.2142499999899883,,422700,0.365,0.39979816668068285,0.46356773548835595,0.3983950886365979,trees,100,100,122898,32218,node_visits,1307.418,1010.041,0.7725463470749219,19.400099998165388,19.918899997719564,4.242407899997488,"{""adwin_delta"": 0.002, ""buffer_size"": 1000, ""chunk_size"": 2000, ""energy_country_iso"": ""USA"", ""eval_block"": 1000, ""floor_drop"": 0.02, ""holdout_frac"": 0.2, ""init_frac"": 0.1, ""init_holdout_frac"": 0.2, ""k"": 3, ""min_buffer"": 100, ""n_ref"": 200, ""probe_rows"": 1000, ""track_energy"": false}"
insects_abrupt,sgd,AlwaysRebuild,always_rebuild,0,47564,4227,balanced_accuracy,10,10,0,0,10,0,0,0,0,0,0,,1,2,0,5,1364448,1915448,0,9544,1946,0.6053740000133985,,942621,0.071,0.2156252628038012,0.10493243830378866,0.21217767069547352,params,204,204,,,params_read,204.0,204.0,1.0,0.320099999953527,0.2336999968974851,1.2075788000001921,"{""adwin_delta"": 0.002, ""buffer_size"": 1000, ""chunk_size"": 2000, ""energy_country_iso"": ""USA"", ""eval_block"": 1000, ""floor_drop"": 0.02, ""holdout_frac"": 0.2, ""init_frac"": 0.1, ""init_holdout_frac"": 0.2, ""k"": 3, ""min_buffer"": 100, ""n_ref"": 200, ""probe_rows"": 1000, ""track_energy"": false}"
insects_abrupt,sgd,MechanismSelector,mechanism_selector,0,47564,4227,balanced_accuracy,11,11,7,1,3,1,1,0,0,1,3,1,0,0,0,5,0,161355,0,3679,242,0.08545139999478124,,942621,0.822,0.19598856277857202,0.25,0.19229169790754533,params,204,204,,,params_read,204.0,204.0,1.0,0.2995000031660311,0.41369999962626025,0.6684489999970538,"{""adwin_delta"": 0.002, ""buffer_size"": 1000, ""chunk_size"": 2000, ""energy_country_iso"": ""USA"", ""eval_block"": 1000, ""floor_drop"": 0.02, ""holdout_frac"": 0.2, ""init_frac"": 0.1, ""init_holdout_frac"": 0.2, ""k"": 3, ""min_buffer"": 100, ""n_ref"": 200, ""probe_rows"": 1000, ""track_energy"": false}"
insects_abrupt,sgd,FixedSchedule(k=3),fixed_schedule,0,47564,4227,balanced_accuracy,9,9,0,6,3,0,0,0,0,0,6,,2,4,0,4,1114600,2117800,0,7800,2119,0.47564240000065183,,942621,0.413,0.223130939365907,0.37315997566909975,0.22273477258467103,params,204,204,,,params_read,204.0,204.0,1.0,0.23809999402146786,0.24370000028284267,1.1112391999995452,"{""adwin_delta"": 0.002, ""buffer_size"": 1000, ""chunk_size"": 2000, ""energy_country_iso"": ""USA"", ""eval_block"": 1000, ""floor_drop"": 0.02, ""holdout_frac"": 0.2, ""init_frac"": 0.1, ""init_holdout_frac"": 0.2, ""k"": 3, ""min_buffer"": 100, ""n_ref"": 200, ""probe_rows"": 1000, ""track_energy"": false}"
insects_gradual,rf,AlwaysRebuild,always_rebuild,0,21735,1932,balanced_accuracy,7,7,0,0,7,0,0,0,0,1,0,,5,11,1,0,0,544000,700,5440,700,2.355478300007235,,193200,0.71,0.4912813434552565,0.57770449593979,0.4880587026859846,trees,100,100,26588,10928,node_visits,876.428,843.227,0.9621178237117025,14.79739999922458,15.342500002589077,3.848119599999336,"{""adwin_delta"": 0.002, ""buffer_size"": 1000, ""chunk_size"": 2000, ""energy_country_iso"": ""USA"", ""eval_block"": 1000, ""floor_drop"": 0.02, ""holdout_frac"": 0.2, ""init_frac"": 0.1, ""init_holdout_frac"": 0.2, ""k"": 3, ""min_buffer"": 100, ""n_ref"": 200, ""probe_rows"": 1000, ""track_energy"": false}"
insects_gradual,rf,MechanismSelector,mechanism_selector,0,21735,1932,balanced_accuracy,7,7,1,0,6,1,0,0,0,1,5,0,5,23,1,1,36605,454460,625,7748,625,1.9791238000107114,,193200,0.54,0.47927306188175756,0.23773420479302831,0.4748304881809411,trees,100,100,26588,9006,node_visits,876.428,787.831,0.8989112625338306,14.619299996411428,13.698999995540362,3.5213242000027094,"{""adwin_delta"": 0.002, ""buffer_size"": 1000, ""chunk_size"": 2000, ""energy_country_iso"": ""USA"", ""eval_block"": 1000, ""floor_drop"": 0.02, ""holdout_frac"": 0.2, ""init_frac"": 0.1, ""init_holdout_frac"": 0.2, ""k"": 3, ""min_buffer"": 100, ""n_ref"": 200, ""probe_rows"": 1000, ""track_energy"": false}"
insects_gradual,rf,FixedSchedule(k=3),fixed_schedule,0,21735,1932,balanced_accuracy,6,6,0,4,2,0,0,0,0,0,4,,4,10,1,1,100000,212350,220,4470,220,0.8950072000006912,,193200,0.529,0.2832758224062572,0.20996632996632994,0.2955949499637433,trees,100,100,26588,37760,node_visits,876.428,1041.743,1.1886235948646096,16.110500000650063,16.38480000110576,2.380269399996905,"{""adwin_delta"": 0.002, ""buffer_size"": 1000, ""chunk_size"": 2000, ""energy_country_iso"": ""USA"", ""eval_block"": 1000, ""floor_drop"": 0.02, ""holdout_frac"": 0.2, ""init_frac"": 0.1, ""init_holdout_frac"": 0.2, ""k"": 3, ""min_buffer"": 100, ""n_ref"": 200, ""probe_rows"": 1000, ""track_energy"": false}"
insects_gradual,sgd,AlwaysRebuild,always_rebuild,0,21735,1932,balanced_accuracy,6,6,0,0,6,0,0,0,0,0,0,,4,8,1,2,1480000,3454000,0,5208,4246,0.7269082000057097,,1932000,0.227,0.2124223602484472,0.10294117647058824,0.2174099809374528,params,204,204,,,params_read,204.0,204.0,1.0,0.23569999757455662,0.6285000054049306,1.0703441000005114,"{""adwin_delta"": 0.002, ""buffer_size"": 1000, ""chunk_size"": 2000, ""energy_country_iso"": ""USA"", ""eval_block"": 1000, ""floor_drop"": 0.02, ""holdout_frac"": 0.2, ""init_frac"": 0.1, ""init_holdout_frac"": 0.2, ""k"": 3, ""min_buffer"": 100, ""n_ref"": 200, ""probe_rows"": 1000, ""track_energy"": false}"
insects_gradual,sgd,MechanismSelector,mechanism_selector,0,21735,1932,balanced_accuracy,6,6,5,1,0,0,0,0,0,0,1,1,0,0,1,3,0,800,0,800,1,0.005173999998078216,,1932000,0.807,0.18219461697722567,0.3924915824915825,0.19240939575787033,params,204,204,,,params_read,204.0,204.0,1.0,0.3488000002107583,0.24290000146720558,0.34628010000596987,"{""adwin_delta"": 0.002, ""buffer_size"": 1000, ""chunk_size"": 2000, ""energy_country_iso"": ""USA"", ""eval_block"": 1000, ""floor_drop"": 0.02, ""holdout_frac"": 0.2, ""init_frac"": 0.1, ""init_holdout_frac"": 0.2, ""k"": 3, ""min_buffer"": 100, ""n_ref"": 200, ""probe_rows"": 1000, ""track_energy"": false}"
insects_gradual,sgd,FixedSchedule(k=3),fixed_schedule,0,21735,1932,balanced_accuracy,7,7,0,5,2,0,1,0,0,1,5,,1,3,1,1,80,1095677,0,4677,1098,0.34803690000262577,,1932000,0.593,0.2631239935587762,0.3936007130124777,0.27504557835349003,params,204,204,,,params_read,204.0,204.0,1.0,0.2682999984244816,0.22840000019641593,0.7087439999959315,"{""adwin_delta"": 0.002, ""buffer_size"": 1000, ""chunk_size"": 2000, ""energy_country_iso"": ""USA"", ""eval_block"": 1000, ""floor_drop"": 0.02, ""holdout_frac"": 0.2, ""init_frac"": 0.1, ""init_holdout_frac"": 0.2, ""k"": 3, ""min_buffer"": 100, ""n_ref"": 200, ""probe_rows"": 1000, ""track_energy"": false}"
insects_incremental,rf,AlwaysRebuild,always_rebuild,0,51317,4560,balanced_accuracy,7,7,0,0,7,0,0,0,0,0,0,,0,0,0,0,0,700000,700,7000,700,3.0866951999996672,,456000,0.699,0.623204785938383,0.69813246970367,0.6232072125214653,trees,100,100,190346,37744,node_visits,1245.109,1014.614,0.8148796611381013,22.79640000051586,19.40699999977369,6.462539200001629,"{""adwin_delta"": 0.002, ""buffer_size"": 1000, ""chunk_size"": 2000, ""energy_country_iso"": ""USA"", ""eval_block"": 1000, ""floor_drop"": 0.02, ""holdout_frac"": 0.2, ""init_frac"": 0.1, ""init_holdout_frac"": 0.2, ""k"": 3, ""min_buffer"": 100, ""n_ref"": 200, ""probe_rows"": 1000, ""track_energy"": false}"
insects_incremental,rf,MechanismSelector,mechanism_selector,0,51317,4560,balanced_accuracy,7,7,0,0,7,0,0,0,0,0,7,0,0,0,0,0,0,728000,735,12600,735,3.124594499997329,,456000,0.699,0.623204785938383,0.69813246970367,0.6232072125214653,trees,100,100,190346,37744,node_visits,1245.109,1014.614,0.8148796611381013,23.369199996523093,18.345199998293538,6.614624800000456,"{""adwin_delta"": 0.002, ""buffer_size"": 1000, ""chunk_size"": 2000, ""energy_country_iso"": ""USA"", ""eval_block"": 1000, ""floor_drop"": 0.02, ""holdout_frac"": 0.2, ""init_frac"": 0.1, ""init_holdout_frac"": 0.2, ""k"": 3, ""min_buffer"": 100, ""n_ref"": 200, ""probe_rows"": 1000, ""track_energy"": false}"
insects_incremental,rf,FixedSchedule(k=3),fixed_schedule,0,51317,4560,balanced_accuracy,4,4,0,3,1,0,0,0,0,0,3,,0,0,0,0,0,112000,115,3400,115,0.4794873000064399,,456000,0.59,0.4053627452890855,0.5885190044155896,0.40536016258685065,trees,100,100,190346,39598,node_visits,1245.109,994.611,0.7988144009881866,26.035299997602124,16.781099999207072,3.872024899996177,"{""adwin_delta"": 0.002, ""buffer_size"": 1000, ""chunk_size"": 2000, ""energy_country_iso"": ""USA"", ""eval_block"": 1000, ""floor_drop"": 0.02, ""holdout_frac"": 0.2, ""init_frac"": 0.1, ""init_holdout_frac"": 0.2, ""k"": 3, ""min_buffer"": 100, ""n_ref"": 200, ""probe_rows"": 1000, ""track_energy"": false}"
insects_incremental,sgd,AlwaysRebuild,always_rebuild,0,51317,4560,balanced_accuracy,0,0,0,0,0,0,0,0,0,0,0,,0,0,0,0,0,0,0,0,0,0.0,,902880,0.235,0.23561392910731335,0.234109997910836,0.2356354756202942,params,204,204,,,params_read,204.0,204.0,1.0,0.22819999867351726,0.22370000078808516,0.5806509000030928,"{""adwin_delta"": 0.002, ""buffer_size"": 1000, ""chunk_size"": 2000, ""energy_country_iso"": ""USA"", ""eval_block"": 1000, ""floor_drop"": 0.02, ""holdout_frac"": 0.2, ""init_frac"": 0.1, ""init_holdout_frac"": 0.2, ""k"": 3, ""min_buffer"": 100, ""n_ref"": 200, ""probe_rows"": 1000, ""track_energy"": false}"
insects_incremental,sgd,MechanismSelector,mechanism_selector,0,51317,4560,balanced_accuracy,0,0,0,0,0,0,0,0,0,0,0,0,0,0,0,0,0,0,0,0,0,0.0,,902880,0.235,0.23561392910731335,0.234109997910836,0.2356354756202942,params,204,204,,,params_read,204.0,204.0,1.0,0.2334000018890947,0.22159999934956431,0.6116595999992569,"{""adwin_delta"": 0.002, ""buffer_size"": 1000, ""chunk_size"": 2000, ""energy_country_iso"": ""USA"", ""eval_block"": 1000, ""floor_drop"": 0.02, ""holdout_frac"": 0.2, ""init_frac"": 0.1, ""init_holdout_frac"": 0.2, ""k"": 3, ""min_buffer"": 100, ""n_ref"": 200, ""probe_rows"": 1000, ""track_energy"": false}"
insects_incremental,sgd,FixedSchedule(k=3),fixed_schedule,0,51317,4560,balanced_accuracy,0,0,0,0,0,0,0,0,0,0,0,,0,0,0,0,0,0,0,0,0,0.0,,902880,0.235,0.23561392910731335,0.234109997910836,0.2356354756202942,params,204,204,,,params_read,204.0,204.0,1.0,0.23579999833600596,0.2649999951245263,0.5997828000035952,"{""adwin_delta"": 0.002, ""buffer_size"": 1000, ""chunk_size"": 2000, ""energy_country_iso"": ""USA"", ""eval_block"": 1000, ""floor_drop"": 0.02, ""holdout_frac"": 0.2, ""init_frac"": 0.1, ""init_holdout_frac"": 0.2, ""k"": 3, ""min_buffer"": 100, ""n_ref"": 200, ""probe_rows"": 1000, ""track_energy"": false}"
covtype,rf,AlwaysRebuild,always_rebuild,0,90000,8000,balanced_accuracy,95,95,0,0,95,0,3,0,0,9,0,,93,438,0,6,184000,6795200,9500,67952,9500,20.43083039997873,,800000,0.918,0.8983111111111111,0.6482327065983051,0.6283355384857207,trees,100,100,285840,11294,node_visits,1536.801,677.484,0.4408404211085235,25.345200003357604,12.654300000576768,25.885662000000593,"{""adwin_delta"": 0.002, ""buffer_size"": 1000, ""chunk_size"": 2000, ""energy_country_iso"": ""USA"", ""eval_block"": 1000, ""floor_drop"": 0.02, ""holdout_frac"": 0.2, ""init_frac"": 0.1, ""init_holdout_frac"": 0.2, ""k"": 3, ""min_buffer"": 100, ""n_ref"": 200, ""probe_rows"": 1000, ""track_energy"": false}"
covtype,rf,MechanismSelector,mechanism_selector,0,90000,8000,balanced_accuracy,125,125,19,0,106,33,10,0,0,26,73,0,105,835,0,21,511200,6116960,10965,102088,10965,22.569370199984405,,800000,0.919,0.8662888888888889,0.6500542002230774,0.618907818057927,trees,100,100,285840,11294,node_visits,1536.801,677.484,0.4408404211085235,17.290600000706036,13.392000000749249,30.304417899998953,"{""adwin_delta"": 0.002, ""buffer_size"": 1000, ""chunk_size"": 2000, ""energy_country_iso"": ""USA"", ""eval_block"": 1000, ""floor_drop"": 0.02, ""holdout_frac"": 0.2, ""init_frac"": 0.1, ""init_holdout_frac"": 0.2, ""k"": 3, ""min_buffer"": 100, ""n_ref"": 200, ""probe_rows"": 1000, ""track_energy"": false}"
covtype,rf,FixedSchedule(k=3),fixed_schedule,0,90000,8000,balanced_accuracy,162,162,0,108,54,0,9,0,0,35,108,,160,768,0,28,125440,1909910,5940,60046,5940,11.741480399956345,,800000,0.921,0.8685,0.6312292662898149,0.8151123870953414,trees,100,100,285840,4592,node_visits,1536.801,572.852,0.37275613433359295,17.632199997024145,11.41240000288235,20.487900599997374,"{""adwin_delta"": 0.002, ""buffer_size"": 1000, ""chunk_size"": 2000, ""energy_country_iso"": ""USA"", ""eval_block"": 1000, ""floor_drop"": 0.02, ""holdout_frac"": 0.2, ""init_frac"": 0.1, ""init_holdout_frac"": 0.2, ""k"": 3, ""min_buffer"": 100, ""n_ref"": 200, ""probe_rows"": 1000, ""track_energy"": false}"
covtype,sgd,AlwaysRebuild,always_rebuild,0,90000,8000,balanced_accuracy,264,264,0,0,264,0,48,0,0,152,0,,261,1271,0,133,29180320,64090208,0,65488,261269,32.77459180000733,,1832000,0.682,0.6561555555555556,0.4623390174918307,0.34750212217165555,params,385,385,,,params_read,385.0,385.0,1.0,0.4680999991251156,0.3082999974139966,35.71501400000125,"{""adwin_delta"": 0.002, ""buffer_size"": 1000, ""chunk_size"": 2000, ""energy_country_iso"": ""USA"", ""eval_block"": 1000, ""floor_drop"": 0.02, ""holdout_frac"": 0.2, ""init_frac"": 0.1, ""init_holdout_frac"": 0.2, ""k"": 3, ""min_buffer"": 100, ""n_ref"": 200, ""probe_rows"": 1000, ""track_energy"": false}"
covtype,sgd,MechanismSelector,mechanism_selector,0,90000,8000,balanced_accuracy,251,251,75,11,165,145,37,0,0,119,31,11,164,800,0,99,10244918,31659946,0,45502,164122,16.990512299962575,,1832000,0.834,0.7355888888888888,0.5624616708313882,0.29756746523436,params,385,385,,,params_read,385.0,385.0,1.0,0.2719000040087849,0.2629000009619631,19.73004110000329,"{""adwin_delta"": 0.002, ""buffer_size"": 1000, ""chunk_size"": 2000, ""energy_country_iso"": ""USA"", ""eval_block"": 1000, ""floor_drop"": 0.02, ""holdout_frac"": 0.2, ""init_frac"": 0.1, ""init_holdout_frac"": 0.2, ""k"": 3, ""min_buffer"": 100, ""n_ref"": 200, ""probe_rows"": 1000, ""track_energy"": false}"
covtype,sgd,FixedSchedule(k=3),fixed_schedule,0,90000,8000,balanced_accuracy,251,251,0,168,83,0,39,0,0,145,168,,83,406,0,110,7864716,25354427,0,63743,83168,13.339037199933955,,1832000,0.812,0.7446333333333334,0.4718904174790162,0.30594266485024807,params,385,385,,,params_read,385.0,385.0,1.0,0.2932999996119179,0.2717000024858862,16.07838189999893,"{""adwin_delta"": 0.002, ""buffer_size"": 1000, ""chunk_size"": 2000, ""energy_country_iso"": ""USA"", ""eval_block"": 1000, ""floor_drop"": 0.02, ""holdout_frac"": 0.2, ""init_frac"": 0.1, ""init_holdout_frac"": 0.2, ""k"": 3, ""min_buffer"": 100, ""n_ref"": 200, ""probe_rows"": 1000, ""track_energy"": false}"
elec2,rf,AlwaysRebuild,always_rebuild,1,40781,3624,accuracy,60,60,0,0,60,0,0,0,0,4,0,,0,0,0,18,949600,3500000,6000,35000,6000,11.10351800002536,,362400,0.85,0.7484612932493073,0.852393024012599,0.7387086654535883,trees,100,100,69258,11618,node_visits,867.911,646.329,0.7446950205723859,12.119300001359079,14.091900004132185,13.82655760000489,"{""adwin_delta"": 0.002, ""buffer_size"": 1000, ""chunk_size"": 2000, ""energy_country_iso"": ""USA"", ""eval_block"": 1000, ""floor_drop"": 0.02, ""holdout_frac"": 0.2, ""init_frac"": 0.1, ""init_holdout_frac"": 0.2, ""k"": 3, ""min_buffer"": 100, ""n_ref"": 200, ""probe_rows"": 1000, ""track_energy"": false}"
elec2,rf,MechanismSelector,mechanism_selector,1,40781,3624,accuracy,69,69,19,0,50,14,3,0,0,10,36,0,0,0,0,21,64000,2283545,5180,37797,5180,9.366908600000897,,362400,0.511,0.7143522718913219,0.5349120770074445,0.7028054992953514,trees,100,100,69258,1740,node_visits,867.911,412.089,0.4748055964263617,13.840999999956694,11.356700000760611,12.82213920000504,"{""adwin_delta"": 0.002, ""buffer_size"": 1000, ""chunk_size"": 2000, ""energy_country_iso"": ""USA"", ""eval_block"": 1000, ""floor_drop"": 0.02, ""holdout_frac"": 0.2, ""init_frac"": 0.1, ""init_holdout_frac"": 0.2, ""k"": 3, ""min_buffer"": 100, ""n_ref"": 200, ""probe_rows"": 1000, ""track_energy"": false}"
elec2,rf,FixedSchedule(k=3),fixed_schedule,1,40781,3624,accuracy,64,64,0,43,21,0,1,0,0,8,43,,0,0,0,18,321615,1254785,2315,30253,2315,4.243631399971491,,362400,0.859,0.7303891518108924,0.8546046578897678,0.7240680391962083,trees,100,100,69258,3666,node_visits,867.911,504.736,0.5815527168108251,13.658999996550847,10.829999999259599,7.46109609999985,"{""adwin_delta"": 0.002, ""buffer_size"": 1000, ""chunk_size"": 2000, ""energy_country_iso"": ""USA"", ""eval_block"": 1000, ""floor_drop"": 0.02, ""holdout_frac"": 0.2, ""init_frac"": 0.1, ""init_holdout_frac"": 0.2, ""k"": 3, ""min_buffer"": 100, ""n_ref"": 200, ""probe_rows"": 1000, ""track_energy"": false}"
elec2,sgd,AlwaysRebuild,always_rebuild,1,40781,3624,accuracy,54,54,0,0,54,0,1,0,0,5,0,,0,0,0,18,744056,2014852,0,32892,3087,0.2486153999925591,,366024,0.609,0.653490596110934,0.5829613797702794,0.6392430853990105,params,9,9,,,params_read,9.0,9.0,1.0,0.3648999991128221,0.167199999850709,0.5298181999969529,"{""adwin_delta"": 0.002, ""buffer_size"": 1000, ""chunk_size"": 2000, ""energy_country_iso"": ""USA"", ""eval_block"": 1000, ""floor_drop"": 0.02, ""holdout_frac"": 0.2, ""init_frac"": 0.1, ""init_holdout_frac"": 0.2, ""k"": 3, ""min_buffer"": 100, ""n_ref"": 200, ""probe_rows"": 1000, ""track_energy"": false}"
elec2,sgd,MechanismSelector,mechanism_selector,1,40781,3624,accuracy,70,70,23,7,40,15,0,0,0,12,32,7,0,0,0,26,73030,1089705,0,33481,2174,0.16882679999253014,,366024,0.585,0.6092052671587259,0.5559396732165313,0.6010395139216617,params,9,9,,,params_read,9.0,9.0,1.0,0.2403999969828874,0.34159999631810933,0.45882649999839487,"{""adwin_delta"": 0.002, ""buffer_size"": 1000, ""chunk_size"": 2000, ""energy_country_iso"": ""USA"", ""eval_block"": 1000, ""floor_drop"": 0.02, ""holdout_frac"": 0.2, ""init_frac"": 0.1, ""init_holdout_frac"": 0.2, ""k"": 3, ""min_buffer"": 100, ""n_ref"": 200, ""probe_rows"": 1000, ""track_energy"": false}"
elec2,sgd,FixedSchedule(k=3),fixed_schedule,1,40781,3624,accuracy,63,63,0,42,21,0,0,0,0,9,42,,0,0,0,25,363642,788525,0,29733,1333,0.13116289998288266,,366024,0.626,0.6346337755327236,0.6263523910152624,0.6141128767202432,params,9,9,,,params_read,9.0,9.0,1.0,0.1995999991777353,0.16619999951217324,0.4215492000002996,"{""adwin_delta"": 0.002, ""buffer_size"": 1000, ""chunk_size"": 2000, ""energy_country_iso"": ""USA"", ""eval_block"": 1000, ""floor_drop"": 0.02, ""holdout_frac"": 0.2, ""init_frac"": 0.1, ""init_holdout_frac"": 0.2, ""k"": 3, ""min_buffer"": 100, ""n_ref"": 200, ""probe_rows"": 1000, ""track_energy"": false}"
insects_abrupt,rf,AlwaysRebuild,always_rebuild,1,47564,4227,balanced_accuracy,10,10,0,0,10,0,0,0,0,1,0,,1,2,0,0,0,919200,1000,9192,1000,4.125569099996937,,422700,0.25,0.535678244050122,0.5386578901633646,0.5359048630497546,trees,100,100,122862,21882,node_visits,1296.761,1014.286,0.7821688036577288,21.19929999753367,19.367000000784174,7.359350700004143,"{""adwin_delta"": 0.002, ""buffer_size"": 1000, ""chunk_size"": 2000, ""energy_country_iso"": ""USA"", ""eval_block"": 1000, ""floor_drop"": 0.02, ""holdout_frac"": 0.2, ""init_frac"": 0.1, ""init_holdout_frac"": 0.2, ""k"": 3, ""min_buffer"": 100, ""n_ref"": 200, ""probe_rows"": 1000, ""track_energy"": false}"
insects_abrupt,rf,MechanismSelector,mechanism_selector,1,47564,4227,balanced_accuracy,9,9,6,0,3,1,0,0,0,1,2,0,1,4,0,3,0,224000,310,3760,310,1.2152375000077882,,422700,0.683,0.5087461105037423,0.2992483489746263,0.511681988399448,trees,100,100,122862,34392,node_visits,1296.761,983.271,0.7582515205192013,22.76539999729721,16.91679999930784,4.472054500001832,"{""adwin_delta"": 0.002, ""buffer_size"": 1000, ""chunk_size"": 2000, ""energy_country_iso"": ""USA"", ""eval_block"": 1000, ""floor_drop"": 0.02, ""holdout_frac"": 0.2, ""init_frac"": 0.1, ""init_holdout_frac"": 0.2, ""k"": 3, ""min_buffer"": 100, ""n_ref"": 200, ""probe_rows"": 1000, ""track_energy"": false}"
insects_abrupt,rf,FixedSchedule(k=3),fixed_schedule,1,47564,4227,balanced_accuracy,10,10,0,7,3,0,0,0,0,1,7,,3,8,0,3,12000,240800,335,7728,335,1.1208030000052531,,422700,0.344,0.3983054410898999,0.46000173792144594,0.3971204943484528,trees,100,100,122862,31280,node_visits,1296.761,1004.885,0.7749192025361651,20.945800002664328,15.441899995494168,4.20862489999854,"{""adwin_delta"": 0.002, ""buffer_size"": 1000, ""chunk_size"": 2000, ""energy_country_iso"": ""USA"", ""eval_block"": 1000, ""floor_drop"": 0.02, ""holdout_frac"": 0.2, ""init_frac"": 0.1, ""init_holdout_frac"": 0.2, ""k"": 3, ""min_buffer"": 100, ""n_ref"": 200, ""probe_rows"": 1000, ""track_energy"": false}"
insects_abrupt,sgd,AlwaysRebuild,always_rebuild,1,47564,4227,balanced_accuracy,8,8,0,0,8,0,0,0,0,0,0,,2,2,0,6,2512000,2706000,0,8000,2706,0.514615700005379,,727044,0.19,0.1530569338154907,0.20980948036148764,0.1526365053061479,params,204,204,,,params_read,204.0,204.0,1.0,0.2554000020609237,0.22620000527240336,0.9875372000024072,"{""adwin_delta"": 0.002, ""buffer_size"": 1000, ""chunk_size"": 2000, ""energy_country_iso"": ""USA"", ""eval_block"": 1000, ""floor_drop"": 0.02, ""holdout_frac"": 0.2, ""init_frac"": 0.1, ""init_holdout_frac"": 0.2, ""k"": 3, ""min_buffer"": 100, ""n_ref"": 200, ""probe_rows"": 1000, ""track_energy"": false}"
insects_abrupt,sgd,MechanismSelector,mechanism_selector,1,47564,4227,balanced_accuracy,11,11,10,0,1,0,0,0,0,0,1,0,0,0,0,5,0,106800,0,1800,107,0.05712560000392841,,727044,0.07,0.18368934488268437,0.25,0.18697801279633997,params,204,204,,,params_read,204.0,204.0,1.0,0.2268999960506335,0.22339999850373715,0.5670377000060398,"{""adwin_delta"": 0.002, ""buffer_size"": 1000, ""chunk_size"": 2000, ""energy_country_iso"": ""USA"", ""eval_block"": 1000, ""floor_drop"": 0.02, ""holdout_frac"": 0.2, ""init_frac"": 0.1, ""init_holdout_frac"": 0.2, ""k"": 3, ""min_buffer"": 100, ""n_ref"": 200, ""probe_rows"": 1000, ""track_energy"": false}"
insects_abrupt,sgd,FixedSchedule(k=3),fixed_schedule,1,47564,4227,balanced_accuracy,9,9,0,6,3,0,0,0,0,0,6,,0,0,0,4,161400,355800,0,7800,357,0.19202179999410873,,727044,0.19,0.19100580270793036,0.20980948036148764,0.18929539331090417,params,204,204,,,params_read,204.0,204.0,1.0,1.0234000001219101,0.22619999799644575,0.7321059999958379,"{""adwin_delta"": 0.002, ""buffer_size"": 1000, ""chunk_size"": 2000, ""energy_country_iso"": ""USA"", ""eval_block"": 1000, ""floor_drop"": 0.02, ""holdout_frac"": 0.2, ""init_frac"": 0.1, ""init_holdout_frac"": 0.2, ""k"": 3, ""min_buffer"": 100, ""n_ref"": 200, ""probe_rows"": 1000, ""track_energy"": false}"
insects_gradual,rf,AlwaysRebuild,always_rebuild,1,21735,1932,balanced_accuracy,7,7,0,0,7,0,0,0,0,1,0,,5,11,1,0,0,544000,700,5440,700,2.5148259999987204,,193200,0.719,0.4913733609385783,0.5903980986333928,0.48852625358262736,trees,100,100,26480,10764,node_visits,867.122,840.709,0.9695394650349086,16.84199999726843,14.696599995659199,3.976592699997127,"{""adwin_delta"": 0.002, ""buffer_size"": 1000, ""chunk_size"": 2000, ""energy_country_iso"": ""USA"", ""eval_block"": 1000, ""floor_drop"": 0.02, ""holdout_frac"": 0.2, ""init_frac"": 0.1, ""init_holdout_frac"": 0.2, ""k"": 3, ""min_buffer"": 100, ""n_ref"": 200, ""probe_rows"": 1000, ""track_energy"": false}"
insects_gradual,rf,MechanismSelector,mechanism_selector,1,21735,1932,balanced_accuracy,7,7,1,0,6,1,0,0,0,1,5,0,5,23,1,1,36605,454460,625,7748,625,2.0108878999963054,,193200,0.537,0.4792270531400966,0.2460566448801743,0.4753041818985728,trees,100,100,26480,8850,node_visits,867.122,772.011,0.8903141657113993,16.468800000438932,16.143400003784336,3.5771585000038613,"{""adwin_delta"": 0.002, ""buffer_size"": 1000, ""chunk_size"": 2000, ""energy_country_iso"": ""USA"", ""eval_block"": 1000, ""floor_drop"": 0.02, ""holdout_frac"": 0.2, ""init_frac"": 0.1, ""init_holdout_frac"": 0.2, ""k"": 3, ""min_buffer"": 100, ""n_ref"": 200, ""probe_rows"": 1000, ""track_energy"": false}"
insects_gradual,rf,FixedSchedule(k=3),fixed_schedule,1,21735,1932,balanced_accuracy,6,6,0,4,2,0,0,0,0,0,4,,4,10,1,1,100000,212350,220,4470,220,0.9135753000009572,,193200,0.521,0.28240165631469977,0.20232323232323232,0.2945837691089848,trees,100,100,26480,37724,node_visits,867.122,1039.175,1.1984184463085932,15.517899999395013,16.06739999988349,2.4552563000033842,"{""adwin_delta"": 0.002, ""buffer_size"": 1000, ""chunk_size"": 2000, ""energy_country_iso"": ""USA"", ""eval_block"": 1000, ""floor_drop"": 0.02, ""holdout_frac"": 0.2, ""init_frac"": 0.1, ""init_holdout_frac"": 0.2, ""k"": 3, ""min_buffer"": 100, ""n_ref"": 200, ""probe_rows"": 1000, ""track_energy"": false}"
insects_gradual,sgd,AlwaysRebuild,always_rebuild,1,21735,1932,balanced_accuracy,5,5,0,0,5,0,0,0,0,0,0,,3,7,1,2,1125000,2783000,0,4568,3215,0.675019300004351,,1932000,0.191,0.18090637221072003,0.1503030303030303,0.18420731811079336,params,204,204,,,params_read,204.0,204.0,1.0,0.23530000180471689,0.2466000005370006,0.9808030999993207,"{""adwin_delta"": 0.002, ""buffer_size"": 1000, ""chunk_size"": 2000, ""energy_country_iso"": ""USA"", ""eval_block"": 1000, ""floor_drop"": 0.02, ""holdout_frac"": 0.2, ""init_frac"": 0.1, ""init_holdout_frac"": 0.2, ""k"": 3, ""min_buffer"": 100, ""n_ref"": 200, ""probe_rows"": 1000, ""track_energy"": false}"
insects_gradual,sgd,MechanismSelector,mechanism_selector,1,21735,1932,balanced_accuracy,6,6,3,2,1,0,0,0,0,0,3,2,0,0,1,2,332,98932,0,2932,100,0.06038730000000214,,1932000,0.053,0.17943409247757075,0.01962962962962963,0.1868865530228029,params,204,204,,,params_read,204.0,204.0,1.0,0.24309999571414664,0.22680000256514177,0.37456810000003316,"{""adwin_delta"": 0.002, ""buffer_size"": 1000, ""chunk_size"": 2000, ""energy_country_iso"": ""USA"", ""eval_block"": 1000, ""floor_drop"": 0.02, ""holdout_frac"": 0.2, ""init_frac"": 0.1, ""init_holdout_frac"": 0.2, ""k"": 3, ""min_buffer"": 100, ""n_ref"": 200, ""probe_rows"": 1000, ""track_energy"": false}"
insects_gradual,sgd,FixedSchedule(k=3),fixed_schedule,1,21735,1932,balanced_accuracy,5,5,0,4,1,0,0,0,0,0,4,,1,3,1,1,800,1003116,0,4116,1004,0.2913458999901195,,1932000,0.244,0.18601334253508167,0.358750247573777,0.1895488860529626,params,204,204,,,params_read,204.0,204.0,1.0,0.25240000104531646,0.24470000062137842,0.6057952999981353,"{""adwin_delta"": 0.002, ""buffer_size"": 1000, ""chunk_size"": 2000, ""energy_country_iso"": ""USA"", ""eval_block"": 1000, ""floor_drop"": 0.02, ""holdout_frac"": 0.2, ""init_frac"": 0.1, ""init_holdout_frac"": 0.2, ""k"": 3, ""min_buffer"": 100, ""n_ref"": 200, ""probe_rows"": 1000, ""track_energy"": false}"
insects_incremental,rf,AlwaysRebuild,always_rebuild,1,51317,4560,balanced_accuracy,7,7,0,0,7,0,0,0,0,0,0,,0,0,0,0,0,700000,700,7000,700,3.2026179999957094,,456000,0.691,0.6301420581873454,0.6901056124638553,0.6301428596345535,trees,100,100,189994,36572,node_visits,1241.693,1008.487,0.8121870703950171,28.01290000206791,17.828500000177883,6.665580799999589,"{""adwin_delta"": 0.002, ""buffer_size"": 1000, ""chunk_size"": 2000, ""energy_country_iso"": ""USA"", ""eval_block"": 1000, ""floor_drop"": 0.02, ""holdout_frac"": 0.2, ""init_frac"": 0.1, ""init_holdout_frac"": 0.2, ""k"": 3, ""min_buffer"": 100, ""n_ref"": 200, ""probe_rows"": 1000, ""track_energy"": false}"
insects_incremental,rf,MechanismSelector,mechanism_selector,1,51317,4560,balanced_accuracy,6,6,0,1,5,0,0,0,0,0,6,1,0,0,0,0,0,524000,530,9800,530,2.2628534999894327,,456000,0.625,0.6247637235224195,0.6246241454910652,0.624764110160884,trees,100,100,189994,36278,node_visits,1241.693,973.99,0.7844048408100875,23.795600005541928,16.954999999143183,5.81405060000543,"{""adwin_delta"": 0.002, ""buffer_size"": 1000, ""chunk_size"": 2000, ""energy_country_iso"": ""USA"", ""eval_block"": 1000, ""floor_drop"": 0.02, ""holdout_frac"": 0.2, ""init_frac"": 0.1, ""init_holdout_frac"": 0.2, ""k"": 3, ""min_buffer"": 100, ""n_ref"": 200, ""probe_rows"": 1000, ""track_energy"": false}"
insects_incremental,rf,FixedSchedule(k=3),fixed_schedule,1,51317,4560,balanced_accuracy,4,4,0,3,1,0,0,0,0,0,3,,0,0,0,0,0,112000,115,3400,115,0.4885982999985572,,456000,0.59,0.4048366038544732,0.5887819495874087,0.40483380825931,trees,100,100,189994,39306,node_visits,1241.693,991.593,0.7985814529034149,22.51840000099037,17.624899999646004,3.8162152000004426,"{""adwin_delta"": 0.002, ""buffer_size"": 1000, ""chunk_size"": 2000, ""energy_country_iso"": ""USA"", ""eval_block"": 1000, ""floor_drop"": 0.02, ""holdout_frac"": 0.2, ""init_frac"": 0.1, ""init_holdout_frac"": 0.2, ""k"": 3, ""min_buffer"": 100, ""n_ref"": 200, ""probe_rows"": 1000, ""track_energy"": false}"
insects_incremental,sgd,AlwaysRebuild,always_rebuild,1,51317,4560,balanced_accuracy,0,0,0,0,0,0,0,0,0,0,0,,0,0,0,0,0,0,0,0,0,0.0,,811680,0.157,0.16889140051055207,0.15933425195928974,0.16885669882323706,params,204,204,,,params_read,204.0,204.0,1.0,0.4667000030167401,0.2327999973203987,0.559268000004522,"{""adwin_delta"": 0.002, ""buffer_size"": 1000, ""chunk_size"": 2000, ""energy_country_iso"": ""USA"", ""eval_block"": 1000, ""floor_drop"": 0.02, ""holdout_frac"": 0.2, ""init_frac"": 0.1, ""init_holdout_frac"": 0.2, ""k"": 3, ""min_buffer"": 100, ""n_ref"": 200, ""probe_rows"": 1000, ""track_energy"": false}"
insects_incremental,sgd,MechanismSelector,mechanism_selector,1,51317,4560,balanced_accuracy,0,0,0,0,0,0,0,0,0,0,0,0,0,0,0,0,0,0,0,0,0,0.0,,811680,0.157,0.16889140051055207,0.15933425195928974,0.16885669882323706,params,204,204,,,params_read,204.0,204.0,1.0,0.25099999766098335,0.25689999893074855,0.5396250000048894,"{""adwin_delta"": 0.002, ""buffer_size"": 1000, ""chunk_size"": 2000, ""energy_country_iso"": ""USA"", ""eval_block"": 1000, ""floor_drop"": 0.02, ""holdout_frac"": 0.2, ""init_frac"": 0.1, ""init_holdout_frac"": 0.2, ""k"": 3, ""min_buffer"": 100, ""n_ref"": 200, ""probe_rows"": 1000, ""track_energy"": false}"
insects_incremental,sgd,FixedSchedule(k=3),fixed_schedule,1,51317,4560,balanced_accuracy,0,0,0,0,0,0,0,0,0,0,0,,0,0,0,0,0,0,0,0,0,0.0,,811680,0.157,0.16889140051055207,0.15933425195928974,0.16885669882323706,params,204,204,,,params_read,204.0,204.0,1.0,0.28500000189524144,0.22249999892665073,0.5439979000002495,"{""adwin_delta"": 0.002, ""buffer_size"": 1000, ""chunk_size"": 2000, ""energy_country_iso"": ""USA"", ""eval_block"": 1000, ""floor_drop"": 0.02, ""holdout_frac"": 0.2, ""init_frac"": 0.1, ""init_holdout_frac"": 0.2, ""k"": 3, ""min_buffer"": 100, ""n_ref"": 200, ""probe_rows"": 1000, ""track_energy"": false}"
covtype,rf,AlwaysRebuild,always_rebuild,1,90000,8000,balanced_accuracy,85,85,0,0,85,0,1,0,0,3,0,,83,389,0,3,129200,6555200,8500,65552,8500,17.70607079997717,,800000,0.918,0.9033,0.5962348170726126,0.6349372269385581,trees,100,100,286594,8148,node_visits,1541.04,606.01,0.39324741732855734,17.903399995702785,11.677599999529775,22.705656699996325,"{""adwin_delta"": 0.002, ""buffer_size"": 1000, ""chunk_size"": 2000, ""energy_country_iso"": ""USA"", ""eval_block"": 1000, ""floor_drop"": 0.02, ""holdout_frac"": 0.2, ""init_frac"": 0.1, ""init_holdout_frac"": 0.2, ""k"": 3, ""min_buffer"": 100, ""n_ref"": 200, ""probe_rows"": 1000, ""track_energy"": false}"
covtype,rf,MechanismSelector,mechanism_selector,1,90000,8000,balanced_accuracy,98,98,17,1,80,3,1,0,0,3,78,1,80,727,0,6,133200,6207980,8390,107828,8390,18.226812900007644,,800000,0.925,0.8994111111111112,0.6033743398229765,0.6218030767980772,trees,100,100,286594,9464,node_visits,1541.04,660.78,0.42878835072418625,19.139399999403395,12.538299997686408,25.063533499996993,"{""adwin_delta"": 0.002, ""buffer_size"": 1000, ""chunk_size"": 2000, ""energy_country_iso"": ""USA"", ""eval_block"": 1000, ""floor_drop"": 0.02, ""holdout_frac"": 0.2, ""init_frac"": 0.1, ""init_holdout_frac"": 0.2, ""k"": 3, ""min_buffer"": 100, ""n_ref"": 200, ""probe_rows"": 1000, ""track_energy"": false}"
covtype,rf,FixedSchedule(k=3),fixed_schedule,1,90000,8000,balanced_accuracy,133,133,0,89,44,0,5,0,0,17,89,,132,632,0,18,211310,1991685,4845,59453,4845,9.858959200035315,,800000,0.765,0.8873444444444445,0.47324967277187396,0.8034991696228426,trees,100,100,286594,2658,node_visits,1541.04,476.901,0.309466983335929,16.816800001834054,12.625600000319537,17.62750750000123,"{""adwin_delta"": 0.002, ""buffer_size"": 1000, ""chunk_size"": 2000, ""energy_country_iso"": ""USA"", ""eval_block"": 1000, ""floor_drop"": 0.02, ""holdout_frac"": 0.2, ""init_frac"": 0.1, ""init_holdout_frac"": 0.2, ""k"": 3, ""min_buffer"": 100, ""n_ref"": 200, ""probe_rows"": 1000, ""track_energy"": false}"
covtype,sgd,AlwaysRebuild,always_rebuild,1,90000,8000,balanced_accuracy,202,202,0,0,202,0,26,0,0,135,0,,200,966,0,102,22434000,48485200,0,49752,200148,24.37058900007105,,1656000,0.727,0.4158777777777778,0.4713641065070342,0.23922985530295884,params,385,385,,,params_read,385.0,385.0,1.0,0.35740000021178275,0.2714000002015382,27.120642999994743,"{""adwin_delta"": 0.002, ""buffer_size"": 1000, ""chunk_size"": 2000, ""energy_country_iso"": ""USA"", ""eval_block"": 1000, ""floor_drop"": 0.02, ""holdout_frac"": 0.2, ""init_frac"": 0.1, ""init_holdout_frac"": 0.2, ""k"": 3, ""min_buffer"": 100, ""n_ref"": 200, ""probe_rows"": 1000, ""track_energy"": false}"
covtype,sgd,MechanismSelector,mechanism_selector,1,90000,8000,balanced_accuracy,11,11,4,1,6,3,0,0,0,2,4,1,4,10,0,5,416691,1070547,0,5443,4176,0.4157770999954664,,1656000,0.0,0.01961111111111111,0.0,0.2890808471793332,params,385,385,,,params_read,385.0,385.0,1.0,0.2645999993546866,0.2623999971547164,1.988725199997134,"{""adwin_delta"": 0.002, ""buffer_size"": 1000, ""chunk_size"": 2000, ""energy_country_iso"": ""USA"", ""eval_block"": 1000, ""floor_drop"": 0.02, ""holdout_frac"": 0.2, ""init_frac"": 0.1, ""init_holdout_frac"": 0.2, ""k"": 3, ""min_buffer"": 100, ""n_ref"": 200, ""probe_rows"": 1000, ""track_energy"": false}"
covtype,sgd,FixedSchedule(k=3),fixed_schedule,1,90000,8000,balanced_accuracy,256,256,0,171,85,0,37,0,0,135,171,,85,410,0,111,7230531,24183620,0,63764,85171,13.0077609999571,,1656000,0.76,0.7359,0.5328761292802812,0.33473064007465325,params,385,385,,,params_read,385.0,385.0,1.0,0.25939999613910913,0.3254000039305538,15.741366900001594,"{""adwin_delta"": 0.002, ""buffer_size"": 1000, ""chunk_size"": 2000, ""energy_country_iso"": ""USA"", ""eval_block"": 1000, ""floor_drop"": 0.02, ""holdout_frac"": 0.2, ""init_frac"": 0.1, ""init_holdout_frac"": 0.2, ""k"": 3, ""min_buffer"": 100, ""n_ref"": 200, ""probe_rows"": 1000, ""track_energy"": false}"
elec2,rf,AlwaysRebuild,always_rebuild,2,40781,3624,accuracy,67,67,0,0,67,0,0,0,0,6,0,,0,0,0,18,938400,3618400,6700,36184,6700,11.710142999996606,,362400,0.821,0.7323998921066183,0.8285029588889201,0.7222434657510706,trees,100,100,66682,12164,node_visits,816.718,713.307,0.8733822445446286,13.196700005210005,12.084100002539344,14.649520200000552,"{""adwin_delta"": 0.002, ""buffer_size"": 1000, ""chunk_size"": 2000, ""energy_country_iso"": ""USA"", ""eval_block"": 1000, ""floor_drop"": 0.02, ""holdout_frac"": 0.2, ""init_frac"": 0.1, ""init_holdout_frac"": 0.2, ""k"": 3, ""min_buffer"": 100, ""n_ref"": 200, ""probe_rows"": 1000, ""track_energy"": false}"
elec2,rf,MechanismSelector,mechanism_selector,2,40781,3624,accuracy,64,64,23,1,40,11,2,0,0,7,30,1,0,0,0,23,32400,1845435,4150,31343,4150,6.9137004999647615,,362400,0.831,0.7156273754934896,0.832845876638638,0.705301616186746,trees,100,100,66682,11962,node_visits,816.718,646.573,0.7916722785588172,12.043999995512422,11.280800004897173,9.864533400002983,"{""adwin_delta"": 0.002, ""buffer_size"": 1000, ""chunk_size"": 2000, ""energy_country_iso"": ""USA"", ""eval_block"": 1000, ""floor_drop"": 0.02, ""holdout_frac"": 0.2, ""init_frac"": 0.1, ""init_holdout_frac"": 0.2, ""k"": 3, ""min_buffer"": 100, ""n_ref"": 200, ""probe_rows"": 1000, ""track_energy"": false}"
elec2,rf,FixedSchedule(k=3),fixed_schedule,2,40781,3624,accuracy,70,70,0,47,23,0,0,0,0,9,47,,0,0,0,26,543880,1211490,2535,31626,2535,4.364361500011,,362400,0.87,0.7435325274024668,0.869828975015166,0.7313125054471111,trees,100,100,66682,15216,node_visits,816.718,742.119,0.908660027084012,12.394500001391862,12.411200004862621,7.622713199998543,"{""adwin_delta"": 0.002, ""buffer_size"": 1000, ""chunk_size"": 2000, ""energy_country_iso"": ""USA"", ""eval_block"": 1000, ""floor_drop"": 0.02, ""holdout_frac"": 0.2, ""init_frac"": 0.1, ""init_holdout_frac"": 0.2, ""k"": 3, ""min_buffer"": 100, ""n_ref"": 200, ""probe_rows"": 1000, ""track_energy"": false}"
elec2,sgd,AlwaysRebuild,always_rebuild,2,40781,3624,accuracy,63,63,0,0,63,0,0,0,0,6,0,,0,0,0,26,921096,2283120,0,35904,3643,0.2787937000466627,,344280,0.63,0.6393418503714965,0.6041195447368738,0.6210123154577691,params,9,9,,,params_read,9.0,9.0,1.0,0.16840000171214342,0.17749999824445695,0.5678100000004633,"{""adwin_delta"": 0.002, ""buffer_size"": 1000, ""chunk_size"": 2000, ""energy_country_iso"": ""USA"", ""eval_block"": 1000, ""floor_drop"": 0.02, ""holdout_frac"": 0.2, ""init_frac"": 0.1, ""init_holdout_frac"": 0.2, ""k"": 3, ""min_buffer"": 100, ""n_ref"": 200, ""probe_rows"": 1000, ""track_energy"": false}"
elec2,sgd,MechanismSelector,mechanism_selector,2,40781,3624,accuracy,60,60,20,6,34,13,0,0,0,8,27,6,0,0,0,26,50880,933325,0,28501,1856,0.14270830003079027,,344280,0.634,0.6087393639194723,0.6084021999831265,0.5886650910206749,params,9,9,,,params_read,9.0,9.0,1.0,0.17409999418305233,0.16829999367473647,0.41802249999454943,"{""adwin_delta"": 0.002, ""buffer_size"": 1000, ""chunk_size"": 2000, ""energy_country_iso"": ""USA"", ""eval_block"": 1000, ""floor_drop"": 0.02, ""holdout_frac"": 0.2, ""init_frac"": 0.1, ""init_holdout_frac"": 0.2, ""k"": 3, ""min_buffer"": 100, ""n_ref"": 200, ""probe_rows"": 1000, ""track_energy"": false}"
elec2,sgd,FixedSchedule(k=3),fixed_schedule,2,40781,3624,accuracy,60,60,0,40,20,0,0,0,0,9,40,,0,0,0,16,32060,658294,0,28710,1085,0.12061900001572212,,344280,0.595,0.6345602118633678,0.569297861484627,0.6201046154852907,params,9,9,,,params_read,9.0,9.0,1.0,0.16769999638199806,0.16759999562054873,0.3863564999992377,"{""adwin_delta"": 0.002, ""buffer_size"": 1000, ""chunk_size"": 2000, ""energy_country_iso"": ""USA"", ""eval_block"": 1000, ""floor_drop"": 0.02, ""holdout_frac"": 0.2, ""init_frac"": 0.1, ""init_holdout_frac"": 0.2, ""k"": 3, ""min_buffer"": 100, ""n_ref"": 200, ""probe_rows"": 1000, ""track_energy"": false}"
insects_abrupt,rf,AlwaysRebuild,always_rebuild,2,47564,4227,balanced_accuracy,10,10,0,0,10,0,0,0,0,0,0,,1,2,0,1,86400,986400,1000,9864,1000,4.105137400001695,,422700,0.183,0.5773063661592801,0.5609174052832812,0.5789109582182336,trees,100,100,122592,20586,node_visits,1316.299,990.645,0.7525987636547623,20.06210000399733,16.1697000003187,7.131521299997985,"{""adwin_delta"": 0.002, ""buffer_size"": 1000, ""chunk_size"": 2000, ""energy_country_iso"": ""USA"", ""eval_block"": 1000, ""floor_drop"": 0.02, ""holdout_frac"": 0.2, ""init_frac"": 0.1, ""init_holdout_frac"": 0.2, ""k"": 3, ""min_buffer"": 100, ""n_ref"": 200, ""probe_rows"": 1000, ""track_energy"": false}"
insects_abrupt,rf,MechanismSelector,mechanism_selector,2,47564,4227,balanced_accuracy,8,8,4,0,4,1,0,0,0,1,3,0,2,5,0,2,0,331200,415,5592,415,1.5195824000038556,,422700,0.366,0.5215288873938273,0.4643117831074035,0.5253601818240597,trees,100,100,122592,32078,node_visits,1316.299,998.828,0.7588154363104431,19.810199999483302,16.27409999491647,4.627577200000815,"{""adwin_delta"": 0.002, ""buffer_size"": 1000, ""chunk_size"": 2000, ""energy_country_iso"": ""USA"", ""eval_block"": 1000, ""floor_drop"": 0.02, ""holdout_frac"": 0.2, ""init_frac"": 0.1, ""init_holdout_frac"": 0.2, ""k"": 3, ""min_buffer"": 100, ""n_ref"": 200, ""probe_rows"": 1000, ""track_energy"": false}"
insects_abrupt,rf,FixedSchedule(k=3),fixed_schedule,2,47564,4227,balanced_accuracy,10,10,0,7,3,0,0,0,0,1,7,,3,8,0,3,11840,240640,335,7696,335,1.0302143999870168,,422700,0.349,0.4052644857455218,0.5129192735488356,0.404139180652574,trees,100,100,122592,32354,node_visits,1316.299,1007.1,0.7650997227833494,20.303500001318753,16.722500004107133,4.0981240999972215,"{""adwin_delta"": 0.002, ""buffer_size"": 1000, ""chunk_size"": 2000, ""energy_country_iso"": ""USA"", ""eval_block"": 1000, ""floor_drop"": 0.02, ""holdout_frac"": 0.2, ""init_frac"": 0.1, ""init_holdout_frac"": 0.2, ""k"": 3, ""min_buffer"": 100, ""n_ref"": 200, ""probe_rows"": 1000, ""track_energy"": false}"
insects_abrupt,sgd,AlwaysRebuild,always_rebuild,2,47564,4227,balanced_accuracy,9,9,0,0,9,0,0,0,0,0,0,,4,6,0,2,1106000,4502000,0,9000,4502,0.8655254000041168,,959529,0.096,0.2658313009839374,0.3654761904761905,0.26352729700836874,params,204,204,,,params_read,204.0,204.0,1.0,0.23880000662757084,0.26590000197757035,1.3814597000018694,"{""adwin_delta"": 0.002, ""buffer_size"": 1000, ""chunk_size"": 2000, ""energy_country_iso"": ""USA"", ""eval_block"": 1000, ""floor_drop"": 0.02, ""holdout_frac"": 0.2, ""init_frac"": 0.1, ""init_holdout_frac"": 0.2, ""k"": 3, ""min_buffer"": 100, ""n_ref"": 200, ""probe_rows"": 1000, ""track_energy"": false}"
insects_abrupt,sgd,MechanismSelector,mechanism_selector,2,47564,4227,balanced_accuracy,10,10,7,1,2,0,0,0,0,0,3,1,0,0,0,5,800,250400,0,4400,251,0.12705840000126045,,959529,0.05,0.18318476158439156,0.02501520681265207,0.185875502602589,params,204,204,,,params_read,204.0,204.0,1.0,0.44440000056056306,0.225800002226606,0.7028395000015735,"{""adwin_delta"": 0.002, ""buffer_size"": 1000, ""chunk_size"": 2000, ""energy_country_iso"": ""USA"", ""eval_block"": 1000, ""floor_drop"": 0.02, ""holdout_frac"": 0.2, ""init_frac"": 0.1, ""init_holdout_frac"": 0.2, ""k"": 3, ""min_buffer"": 100, ""n_ref"": 200, ""probe_rows"": 1000, ""track_energy"": false}"
insects_abrupt,sgd,FixedSchedule(k=3),fixed_schedule,2,47564,4227,balanced_accuracy,8,8,0,6,2,0,0,0,0,0,6,,0,0,0,4,93400,195800,0,6800,197,0.11043019999488024,,959529,0.378,0.19491632326969976,0.18362226277372262,0.19220940009102794,params,204,204,,,params_read,204.0,204.0,1.0,0.22900000476511195,0.2479999966453761,0.6156503000020166,"{""adwin_delta"": 0.002, ""buffer_size"": 1000, ""chunk_size"": 2000, ""energy_country_iso"": ""USA"", ""eval_block"": 1000, ""floor_drop"": 0.02, ""holdout_frac"": 0.2, ""init_frac"": 0.1, ""init_holdout_frac"": 0.2, ""k"": 3, ""min_buffer"": 100, ""n_ref"": 200, ""probe_rows"": 1000, ""track_energy"": false}"
insects_gradual,rf,AlwaysRebuild,always_rebuild,2,21735,1932,balanced_accuracy,7,7,0,0,7,0,0,0,0,1,0,,5,11,1,0,0,553600,700,5536,700,2.425904099996842,,193200,0.727,0.4875086266390614,0.5840007922360864,0.48384578375250986,trees,100,100,26580,12624,node_visits,864.884,919.828,1.0635275944519726,15.305500004615169,14.947700001357589,3.880530700000236,"{""adwin_delta"": 0.002, ""buffer_size"": 1000, ""chunk_size"": 2000, ""energy_country_iso"": ""USA"", ""eval_block"": 1000, ""floor_drop"": 0.02, ""holdout_frac"": 0.2, ""init_frac"": 0.1, ""init_holdout_frac"": 0.2, ""k"": 3, ""min_buffer"": 100, ""n_ref"": 200, ""probe_rows"": 1000, ""track_energy"": false}"
insects_gradual,rf,MechanismSelector,mechanism_selector,2,21735,1932,balanced_accuracy,7,7,1,1,5,1,0,0,0,1,5,1,5,23,1,1,36605,354460,525,6748,525,1.6173391000120318,,193200,0.542,0.4174833218311479,0.229041394335512,0.41844631789154324,trees,100,100,26580,8810,node_visits,864.884,792.136,0.9158869860004347,16.145699999469798,14.496600000711624,3.0725053999995,"{""adwin_delta"": 0.002, ""buffer_size"": 1000, ""chunk_size"": 2000, ""energy_country_iso"": ""USA"", ""eval_block"": 1000, ""floor_drop"": 0.02, ""holdout_frac"": 0.2, ""init_frac"": 0.1, ""init_holdout_frac"": 0.2, ""k"": 3, ""min_buffer"": 100, ""n_ref"": 200, ""probe_rows"": 1000, ""track_energy"": false}"
insects_gradual,rf,FixedSchedule(k=3),fixed_schedule,2,21735,1932,balanced_accuracy,6,6,0,4,2,0,0,0,0,0,4,,4,10,1,1,100000,212350,220,4470,220,0.9158258999887039,,193200,0.515,0.2803312629399586,0.1954208754208754,0.29247528950020735,trees,100,100,26580,37716,node_visits,864.884,1045.662,1.2090199379338733,15.541799999482464,16.47909999883268,2.3717718999978388,"{""adwin_delta"": 0.002, ""buffer_size"": 1000, ""chunk_size"": 2000, ""energy_country_iso"": ""USA"", ""eval_block"": 1000, ""floor_drop"": 0.02, ""holdout_frac"": 0.2, ""init_frac"": 0.1, ""init_holdout_frac"": 0.2, ""k"": 3, ""min_buffer"": 100, ""n_ref"": 200, ""probe_rows"": 1000, ""track_energy"": false}"
insects_gradual,sgd,AlwaysRebuild,always_rebuild,2,21735,1932,balanced_accuracy,7,7,0,0,7,0,1,0,0,1,0,,5,12,1,2,209000,3493000,0,5284,5209,0.8292433000024175,,1932000,0.472,0.2129744651483782,0.4846563675975441,0.21995173968446458,params,204,204,,,params_read,204.0,204.0,1.0,0.2494000000297092,0.24139999732142314,1.1559215999950538,"{""adwin_delta"": 0.002, ""buffer_size"": 1000, ""chunk_size"": 2000, ""energy_country_iso"": ""USA"", ""eval_block"": 1000, ""floor_drop"": 0.02, ""holdout_frac"": 0.2, ""init_frac"": 0.1, ""init_holdout_frac"": 0.2, ""k"": 3, ""min_buffer"": 100, ""n_ref"": 200, ""probe_rows"": 1000, ""track_energy"": false}"
insects_gradual,sgd,MechanismSelector,mechanism_selector,2,21735,1932,balanced_accuracy,6,6,3,1,2,1,1,0,0,1,2,1,2,6,1,2,100800,805363,0,2167,2002,0.215760400002182,,1932000,0.039,0.217437313089487,0.30183798772034065,0.24320579607839443,params,204,204,,,params_read,204.0,204.0,1.0,0.22980000358074903,0.23569999757455662,0.5331265999993775,"{""adwin_delta"": 0.002, ""buffer_size"": 1000, ""chunk_size"": 2000, ""energy_country_iso"": ""USA"", ""eval_block"": 1000, ""floor_drop"": 0.02, ""holdout_frac"": 0.2, ""init_frac"": 0.1, ""init_holdout_frac"": 0.2, ""k"": 3, ""min_buffer"": 100, ""n_ref"": 200, ""probe_rows"": 1000, ""track_energy"": false}"
insects_gradual,sgd,FixedSchedule(k=3),fixed_schedule,2,21735,1932,balanced_accuracy,6,6,0,4,2,0,1,0,0,1,4,,1,3,1,2,1000080,1097396,0,4396,1099,0.3450044000055641,,1932000,0.623,0.29330572808833677,0.5137472766884531,0.30501170199741995,params,204,204,,,params_read,204.0,204.0,1.0,0.23389999842038378,0.2390000008745119,0.6651631999993697,"{""adwin_delta"": 0.002, ""buffer_size"": 1000, ""chunk_size"": 2000, ""energy_country_iso"": ""USA"", ""eval_block"": 1000, ""floor_drop"": 0.02, ""holdout_frac"": 0.2, ""init_frac"": 0.1, ""init_holdout_frac"": 0.2, ""k"": 3, ""min_buffer"": 100, ""n_ref"": 200, ""probe_rows"": 1000, ""track_energy"": false}"
insects_incremental,rf,AlwaysRebuild,always_rebuild,2,51317,4560,balanced_accuracy,7,7,0,0,7,0,0,0,0,0,0,,0,0,0,0,0,700000,700,7000,700,2.952165900009277,,456000,0.695,0.6335522341524251,0.694097205659942,0.6335528598088696,trees,100,100,189968,37936,node_visits,1250.151,1003.172,0.8024406651676477,22.980900001130067,16.891899998881854,6.2991495999958715,"{""adwin_delta"": 0.002, ""buffer_size"": 1000, ""chunk_size"": 2000, ""energy_country_iso"": ""USA"", ""eval_block"": 1000, ""floor_drop"": 0.02, ""holdout_frac"": 0.2, ""init_frac"": 0.1, ""init_holdout_frac"": 0.2, ""k"": 3, ""min_buffer"": 100, ""n_ref"": 200, ""probe_rows"": 1000, ""track_energy"": false}"
insects_incremental,rf,MechanismSelector,mechanism_selector,2,51317,4560,balanced_accuracy,6,6,1,0,5,0,0,0,0,0,5,0,0,0,0,0,0,520000,525,9000,525,2.2353971999982605,,456000,0.709,0.6103045774304812,0.7080682501748535,0.6103068863102876,trees,100,100,189968,38132,node_visits,1250.151,1011.644,0.8092174465324589,23.480000003473833,18.263099998875987,5.6509791999997105,"{""adwin_delta"": 0.002, ""buffer_size"": 1000, ""chunk_size"": 2000, ""energy_country_iso"": ""USA"", ""eval_block"": 1000, ""floor_drop"": 0.02, ""holdout_frac"": 0.2, ""init_frac"": 0.1, ""init_holdout_frac"": 0.2, ""k"": 3, ""min_buffer"": 100, ""n_ref"": 200, ""probe_rows"": 1000, ""track_energy"": false}"
insects_incremental,rf,FixedSchedule(k=3),fixed_schedule,2,51317,4560,balanced_accuracy,4,4,0,3,1,0,0,0,0,0,3,,0,0,0,0,0,112000,115,3400,115,0.46850840000843164,,456000,0.589,0.406025293762301,0.587847969627804,0.4060223040828242,trees,100,100,189968,36902,node_visits,1250.151,995.559,0.7963510007991034,25.268099998356774,18.756500001472887,3.8753512000039336,"{""adwin_delta"": 0.002, ""buffer_size"": 1000, ""chunk_size"": 2000, ""energy_country_iso"": ""USA"", ""eval_block"": 1000, ""floor_drop"": 0.02, ""holdout_frac"": 0.2, ""init_frac"": 0.1, ""init_holdout_frac"": 0.2, ""k"": 3, ""min_buffer"": 100, ""n_ref"": 200, ""probe_rows"": 1000, ""track_energy"": false}"
insects_incremental,sgd,AlwaysRebuild,always_rebuild,2,51317,4560,balanced_accuracy,0,0,0,0,0,0,0,0,0,0,0,,0,0,0,0,0,0,0,0,0,0.0,,1026000,0.157,0.16164234074478243,0.15947264833464825,0.16160554782145775,params,204,204,,,params_read,204.0,204.0,1.0,0.29879999783588573,0.2589999930933118,0.5651642000011634,"{""adwin_delta"": 0.002, ""buffer_size"": 1000, ""chunk_size"": 2000, ""energy_country_iso"": ""USA"", ""eval_block"": 1000, ""floor_drop"": 0.02, ""holdout_frac"": 0.2, ""init_frac"": 0.1, ""init_holdout_frac"": 0.2, ""k"": 3, ""min_buffer"": 100, ""n_ref"": 200, ""probe_rows"": 1000, ""track_energy"": false}"
insects_incremental,sgd,MechanismSelector,mechanism_selector,2,51317,4560,balanced_accuracy,0,0,0,0,0,0,0,0,0,0,0,0,0,0,0,0,0,0,0,0,0,0.0,,1026000,0.157,0.16164234074478243,0.15947264833464825,0.16160554782145775,params,204,204,,,params_read,204.0,204.0,1.0,0.27639999461825937,0.22570000146515667,0.5873729999948409,"{""adwin_delta"": 0.002, ""buffer_size"": 1000, ""chunk_size"": 2000, ""energy_country_iso"": ""USA"", ""eval_block"": 1000, ""floor_drop"": 0.02, ""holdout_frac"": 0.2, ""init_frac"": 0.1, ""init_holdout_frac"": 0.2, ""k"": 3, ""min_buffer"": 100, ""n_ref"": 200, ""probe_rows"": 1000, ""track_energy"": false}"
insects_incremental,sgd,FixedSchedule(k=3),fixed_schedule,2,51317,4560,balanced_accuracy,0,0,0,0,0,0,0,0,0,0,0,,0,0,0,0,0,0,0,0,0,0.0,,1026000,0.157,0.16164234074478243,0.15947264833464825,0.16160554782145775,params,204,204,,,params_read,204.0,204.0,1.0,0.370699999621138,0.2524999945308082,0.5432794999942416,"{""adwin_delta"": 0.002, ""buffer_size"": 1000, ""chunk_size"": 2000, ""energy_country_iso"": ""USA"", ""eval_block"": 1000, ""floor_drop"": 0.02, ""holdout_frac"": 0.2, ""init_frac"": 0.1, ""init_holdout_frac"": 0.2, ""k"": 3, ""min_buffer"": 100, ""n_ref"": 200, ""probe_rows"": 1000, ""track_energy"": false}"
covtype,rf,AlwaysRebuild,always_rebuild,2,90000,8000,balanced_accuracy,92,92,0,0,92,0,1,0,0,2,0,,90,417,0,3,186800,7038400,9200,70384,9200,19.39297309997346,,800000,0.928,0.9063444444444444,0.6790964319385112,0.6485568573512148,trees,100,100,288292,10780,node_visits,1583.629,696.887,0.4400569830433769,16.91720000235364,16.599299997324124,24.73314019999816,"{""adwin_delta"": 0.002, ""buffer_size"": 1000, ""chunk_size"": 2000, ""energy_country_iso"": ""USA"", ""eval_block"": 1000, ""floor_drop"": 0.02, ""holdout_frac"": 0.2, ""init_frac"": 0.1, ""init_holdout_frac"": 0.2, ""k"": 3, ""min_buffer"": 100, ""n_ref"": 200, ""probe_rows"": 1000, ""track_energy"": false}"
covtype,rf,MechanismSelector,mechanism_selector,2,90000,8000,balanced_accuracy,109,109,36,2,71,5,1,0,0,3,68,2,71,633,0,10,262800,4994310,7440,87166,7440,15.373371800029417,,800000,0.921,0.8755222222222222,0.653697187472622,0.6257232181272706,trees,100,100,288292,11654,node_visits,1583.629,692.456,0.43725897921798607,17.387899999448564,13.807599993015174,22.00065860000177,"{""adwin_delta"": 0.002, ""buffer_size"": 1000, ""chunk_size"": 2000, ""energy_country_iso"": ""USA"", ""eval_block"": 1000, ""floor_drop"": 0.02, ""holdout_frac"": 0.2, ""init_frac"": 0.1, ""init_holdout_frac"": 0.2, ""k"": 3, ""min_buffer"": 100, ""n_ref"": 200, ""probe_rows"": 1000, ""track_energy"": false}"
covtype,rf,FixedSchedule(k=3),fixed_schedule,2,90000,8000,balanced_accuracy,133,133,0,89,44,0,1,0,0,17,89,,131,627,0,15,116710,1731035,4845,58243,4845,8.779956499980472,,800000,0.894,0.8799222222222223,0.555348627080236,0.8182004511749792,trees,100,100,288292,4120,node_visits,1583.629,571.501,0.3608806102944566,17.2997999979998,11.357700001099147,16.009473400001298,"{""adwin_delta"": 0.002, ""buffer_size"": 1000, ""chunk_size"": 2000, ""energy_country_iso"": ""USA"", ""eval_block"": 1000, ""floor_drop"": 0.02, ""holdout_frac"": 0.2, ""init_frac"": 0.1, ""init_holdout_frac"": 0.2, ""k"": 3, ""min_buffer"": 100, ""n_ref"": 200, ""probe_rows"": 1000, ""track_energy"": false}"
covtype,sgd,AlwaysRebuild,always_rebuild,2,90000,8000,balanced_accuracy,283,283,0,0,283,0,60,0,0,194,0,,279,1362,0,141,29860992,66138016,0,67836,280264,34.45886059994518,,1792000,0.0,0.6028333333333333,0.0,0.25149356538683837,params,385,385,,,params_read,385.0,385.0,1.0,0.2674999996088445,0.36890000046696514,37.56209139999555,"{""adwin_delta"": 0.002, ""buffer_size"": 1000, ""chunk_size"": 2000, ""energy_country_iso"": ""USA"", ""eval_block"": 1000, ""floor_drop"": 0.02, ""holdout_frac"": 0.2, ""init_frac"": 0.1, ""init_holdout_frac"": 0.2, ""k"": 3, ""min_buffer"": 100, ""n_ref"": 200, ""probe_rows"": 1000, ""track_energy"": false}"
covtype,sgd,MechanismSelector,mechanism_selector,2,90000,8000,balanced_accuracy,295,295,75,7,213,197,60,0,0,174,23,7,213,1044,0,151,15245173,35117130,0,44238,213023,18.96156260005955,,1792000,0.796,0.5850888888888889,0.3333333333333333,0.4602333201139156,params,385,385,,,params_read,385.0,385.0,1.0,0.3904999975929968,0.614199998381082,21.87064090000058,"{""adwin_delta"": 0.002, ""buffer_size"": 1000, ""chunk_size"": 2000, ""energy_country_iso"": ""USA"", ""eval_block"": 1000, ""floor_drop"": 0.02, ""holdout_frac"": 0.2, ""init_frac"": 0.1, ""init_holdout_frac"": 0.2, ""k"": 3, ""min_buffer"": 100, ""n_ref"": 200, ""probe_rows"": 1000, ""track_energy"": false}"
covtype,sgd,FixedSchedule(k=3),fixed_schedule,2,90000,8000,balanced_accuracy,264,264,0,176,88,0,42,0,0,131,176,,87,419,0,115,7705807,25251225,0,65437,87274,13.3517737999573,,1792000,0.785,0.7582777777777778,0.43673742116776965,0.3606999755630375,params,385,385,,,params_read,385.0,385.0,1.0,0.3133999998681247,0.2587999988463707,16.31122360000154,"{""adwin_delta"": 0.002, ""buffer_size"": 1000, ""chunk_size"": 2000, ""energy_country_iso"": ""USA"", ""eval_block"": 1000, ""floor_drop"": 0.02, ""holdout_frac"": 0.2, ""init_frac"": 0.1, ""init_holdout_frac"": 0.2, ""k"": 3, ""min_buffer"": 100, ""n_ref"": 200, ""probe_rows"": 1000, ""track_energy"": false}"
elec2,rf,AlwaysRebuild,always_rebuild,3,40781,3624,accuracy,69,69,0,0,69,0,0,0,0,4,0,,0,0,0,16,758400,3675200,6900,36752,6900,11.80998039998667,,362400,0.853,0.729530909001741,0.8586542981226222,0.7223775248680584,trees,100,100,69324,11748,node_visits,813.361,699.236,0.8596871499862915,12.285799995879643,12.468100001569837,14.723128199999337,"{""adwin_delta"": 0.002, ""buffer_size"": 1000, ""chunk_size"": 2000, ""energy_country_iso"": ""USA"", ""eval_block"": 1000, ""floor_drop"": 0.02, ""holdout_frac"": 0.2, ""init_frac"": 0.1, ""init_holdout_frac"": 0.2, ""k"": 3, ""min_buffer"": 100, ""n_ref"": 200, ""probe_rows"": 1000, ""track_energy"": false}"
elec2,rf,MechanismSelector,mechanism_selector,3,40781,3624,accuracy,64,64,16,0,48,11,0,0,0,8,37,0,0,0,0,18,38400,2589635,4985,43383,4985,8.616005500000028,,362400,0.853,0.7306588852651971,0.8586542981226222,0.7220245803132879,trees,100,100,69324,11748,node_visits,813.361,699.236,0.8596871499862915,15.400600001157727,12.280499999178573,11.850912900001276,"{""adwin_delta"": 0.002, ""buffer_size"": 1000, ""chunk_size"": 2000, ""energy_country_iso"": ""USA"", ""eval_block"": 1000, ""floor_drop"": 0.02, ""holdout_frac"": 0.2, ""init_frac"": 0.1, ""init_holdout_frac"": 0.2, ""k"": 3, ""min_buffer"": 100, ""n_ref"": 200, ""probe_rows"": 1000, ""track_energy"": false}"
elec2,rf,FixedSchedule(k=3),fixed_schedule,3,40781,3624,accuracy,69,69,0,46,23,0,0,0,0,10,46,,0,0,0,26,428960,1353675,2530,31639,2530,4.5837047000241,,362400,0.869,0.7524582526176405,0.8704818188027046,0.7440316758296042,trees,100,100,69324,13294,node_visits,813.361,684.6,0.8416926801260449,12.871200000518002,12.142699997639284,7.883038100000704,"{""adwin_delta"": 0.002, ""buffer_size"": 1000, ""chunk_size"": 2000, ""energy_country_iso"": ""USA"", ""eval_block"": 1000, ""floor_drop"": 0.02, ""holdout_frac"": 0.2, ""init_frac"": 0.1, ""init_holdout_frac"": 0.2, ""k"": 3, ""min_buffer"": 100, ""n_ref"": 200, ""probe_rows"": 1000, ""track_energy"": false}"
elec2,sgd,AlwaysRebuild,always_rebuild,3,40781,3624,accuracy,46,46,0,0,46,0,0,0,0,4,0,,0,0,0,14,585888,1741600,0,28104,2610,0.2055109999855631,,315288,0.646,0.628086608960055,0.6319889438393643,0.6144842960092118,params,9,9,,,params_read,9.0,9.0,1.0,0.16799999866634607,0.16630000027362257,0.44797079999989364,"{""adwin_delta"": 0.002, ""buffer_size"": 1000, ""chunk_size"": 2000, ""energy_country_iso"": ""USA"", ""eval_block"": 1000, ""floor_drop"": 0.02, ""holdout_frac"": 0.2, ""init_frac"": 0.1, ""init_holdout_frac"": 0.2, ""k"": 3, ""min_buffer"": 100, ""n_ref"": 200, ""probe_rows"": 1000, ""track_energy"": false}"
elec2,sgd,MechanismSelector,mechanism_selector,3,40781,3624,accuracy,61,61,16,10,35,12,0,0,0,8,33,10,0,0,0,23,60448,1071076,0,34356,1995,0.1627581999709946,,315288,0.656,0.6380422255462103,0.6336803114366178,0.6216494002454258,params,9,9,,,params_read,9.0,9.0,1.0,0.1697000043350272,0.16870000399649143,0.43683429999509826,"{""adwin_delta"": 0.002, ""buffer_size"": 1000, ""chunk_size"": 2000, ""energy_country_iso"": ""USA"", ""eval_block"": 1000, ""floor_drop"": 0.02, ""holdout_frac"": 0.2, ""init_frac"": 0.1, ""init_holdout_frac"": 0.2, ""k"": 3, ""min_buffer"": 100, ""n_ref"": 200, ""probe_rows"": 1000, ""track_energy"": false}"
elec2,sgd,FixedSchedule(k=3),fixed_schedule,3,40781,3624,accuracy,53,53,0,36,17,0,0,0,0,9,36,,0,0,0,20,133561,597551,0,26943,941,0.11105870000028517,,315288,0.736,0.6145018513523455,0.7279509543571798,0.6137711874815339,params,9,9,,,params_read,9.0,9.0,1.0,0.1784999985829927,0.17759999900590628,0.3705111000017496,"{""adwin_delta"": 0.002, ""buffer_size"": 1000, ""chunk_size"": 2000, ""energy_country_iso"": ""USA"", ""eval_block"": 1000, ""floor_drop"": 0.02, ""holdout_frac"": 0.2, ""init_frac"": 0.1, ""init_holdout_frac"": 0.2, ""k"": 3, ""min_buffer"": 100, ""n_ref"": 200, ""probe_rows"": 1000, ""track_energy"": false}"
insects_abrupt,rf,AlwaysRebuild,always_rebuild,3,47564,4227,balanced_accuracy,10,10,0,0,10,0,0,0,0,0,0,,2,3,0,1,86400,986400,1000,9864,1000,4.349496099996031,,422700,0.163,0.5764443696913633,0.6283780848105666,0.5782521944561178,trees,100,100,123430,18236,node_visits,1314.574,950.687,0.7231901741552776,19.61670000309823,15.117400005692616,7.546199200005503,"{""adwin_delta"": 0.002, ""buffer_size"": 1000, ""chunk_size"": 2000, ""energy_country_iso"": ""USA"", ""eval_block"": 1000, ""floor_drop"": 0.02, ""holdout_frac"": 0.2, ""init_frac"": 0.1, ""init_holdout_frac"": 0.2, ""k"": 3, ""min_buffer"": 100, ""n_ref"": 200, ""probe_rows"": 1000, ""track_energy"": false}"
insects_abrupt,rf,MechanismSelector,mechanism_selector,3,47564,4227,balanced_accuracy,9,9,5,1,3,1,0,0,0,1,3,1,2,5,0,3,0,224800,315,4528,315,1.1447034999946482,,422700,0.69,0.5066226557900934,0.31638099582898854,0.5092889938663353,trees,100,100,123430,33696,node_visits,1314.574,980.429,0.7458149940589118,23.464600002625957,15.846999995119404,4.444264699995983,"{""adwin_delta"": 0.002, ""buffer_size"": 1000, ""chunk_size"": 2000, ""energy_country_iso"": ""USA"", ""eval_block"": 1000, ""floor_drop"": 0.02, ""holdout_frac"": 0.2, ""init_frac"": 0.1, ""init_holdout_frac"": 0.2, ""k"": 3, ""min_buffer"": 100, ""n_ref"": 200, ""probe_rows"": 1000, ""track_energy"": false}"
insects_abrupt,rf,FixedSchedule(k=3),fixed_schedule,3,47564,4227,balanced_accuracy,9,9,0,6,3,0,0,0,0,1,6,,2,6,0,3,12000,236800,330,6928,330,1.10492409998551,,422700,0.368,0.39838953830628204,0.478739789711505,0.39703505709339276,trees,100,100,123430,32026,node_visits,1314.574,1005.951,0.7652296485401354,22.626099998888094,16.9778999988921,4.237345800000185,"{""adwin_delta"": 0.002, ""buffer_size"": 1000, ""chunk_size"": 2000, ""energy_country_iso"": ""USA"", ""eval_block"": 1000, ""floor_drop"": 0.02, ""holdout_frac"": 0.2, ""init_frac"": 0.1, ""init_holdout_frac"": 0.2, ""k"": 3, ""min_buffer"": 100, ""n_ref"": 200, ""probe_rows"": 1000, ""track_energy"": false}"
insects_abrupt,sgd,AlwaysRebuild,always_rebuild,3,47564,4227,balanced_accuracy,10,10,0,0,10,0,0,0,0,0,0,,2,3,0,5,1407000,2807392,0,9576,2857,0.6701141000012285,,731271,0.104,0.1895551257253385,0.3003899461244352,0.1866884958580393,params,204,204,,,params_read,204.0,204.0,1.0,0.2282999994349666,0.22629999875789508,1.2203609999996843,"{""adwin_delta"": 0.002, ""buffer_size"": 1000, ""chunk_size"": 2000, ""energy_country_iso"": ""USA"", ""eval_block"": 1000, ""floor_drop"": 0.02, ""holdout_frac"": 0.2, ""init_frac"": 0.1, ""init_holdout_frac"": 0.2, ""k"": 3, ""min_buffer"": 100, ""n_ref"": 200, ""probe_rows"": 1000, ""track_energy"": false}"
insects_abrupt,sgd,MechanismSelector,mechanism_selector,3,47564,4227,balanced_accuracy,10,10,7,2,1,0,0,0,0,0,3,2,0,0,0,4,0,97400,0,3400,98,0.060466700000688434,,731271,0.334,0.19857455218232276,0.20352798053527982,0.1998734794548496,params,204,204,,,params_read,204.0,204.0,1.0,0.24109999503707513,0.2268999960506335,0.6130218999969657,"{""adwin_delta"": 0.002, ""buffer_size"": 1000, ""chunk_size"": 2000, ""energy_country_iso"": ""USA"", ""eval_block"": 1000, ""floor_drop"": 0.02, ""holdout_frac"": 0.2, ""init_frac"": 0.1, ""init_holdout_frac"": 0.2, ""k"": 3, ""min_buffer"": 100, ""n_ref"": 200, ""probe_rows"": 1000, ""track_energy"": false}"
insects_abrupt,sgd,FixedSchedule(k=3),fixed_schedule,3,47564,4227,balanced_accuracy,10,10,0,7,3,0,0,0,0,0,7,,0,0,0,3,89209,330209,0,8209,332,0.18906249998690328,,731271,0.067,0.21871583550584475,0.2891369047619048,0.21665839334952586,params,204,204,,,params_read,204.0,204.0,1.0,0.4578000007313676,0.23259999579750001,0.6873507000054815,"{""adwin_delta"": 0.002, ""buffer_size"": 1000, ""chunk_size"": 2000, ""energy_country_iso"": ""USA"", ""eval_block"": 1000, ""floor_drop"": 0.02, ""holdout_frac"": 0.2, ""init_frac"": 0.1, ""init_holdout_frac"": 0.2, ""k"": 3, ""min_buffer"": 100, ""n_ref"": 200, ""probe_rows"": 1000, ""track_energy"": false}"
insects_gradual,rf,AlwaysRebuild,always_rebuild,3,21735,1932,balanced_accuracy,7,7,0,0,7,0,0,0,0,1,0,,5,11,1,0,0,547200,700,5472,700,3.129746199985675,,193200,0.73,0.48971704623878537,0.6228461081402258,0.48699222347986154,trees,100,100,26516,11726,node_visits,878.618,887.233,1.0098051713031146,16.751000002841465,18.575200003397185,4.934988799999701,"{""adwin_delta"": 0.002, ""buffer_size"": 1000, ""chunk_size"": 2000, ""energy_country_iso"": ""USA"", ""eval_block"": 1000, ""floor_drop"": 0.02, ""holdout_frac"": 0.2, ""init_frac"": 0.1, ""init_holdout_frac"": 0.2, ""k"": 3, ""min_buffer"": 100, ""n_ref"": 200, ""probe_rows"": 1000, ""track_energy"": false}"
insects_gradual,rf,MechanismSelector,mechanism_selector,3,21735,1932,balanced_accuracy,7,7,1,0,6,1,0,0,0,1,5,0,5,23,1,1,36605,454460,625,7748,625,2.157476800006407,,193200,0.529,0.4766045548654244,0.24309368191721134,0.47280895066410555,trees,100,100,26516,8912,node_visits,878.618,777.917,0.8853870510278642,14.182499995513353,13.83930000156397,3.934767799997644,"{""adwin_delta"": 0.002, ""buffer_size"": 1000, ""chunk_size"": 2000, ""energy_country_iso"": ""USA"", ""eval_block"": 1000, ""floor_drop"": 0.02, ""holdout_frac"": 0.2, ""init_frac"": 0.1, ""init_holdout_frac"": 0.2, ""k"": 3, ""min_buffer"": 100, ""n_ref"": 200, ""probe_rows"": 1000, ""track_energy"": false}"
insects_gradual,rf,FixedSchedule(k=3),fixed_schedule,3,21735,1932,balanced_accuracy,6,6,0,4,2,0,0,0,0,0,4,,4,10,1,1,100000,212350,220,4470,220,0.8752910000039265,,193200,0.423,0.2738900391074304,0.16602693602693605,0.28664597428878585,trees,100,100,26516,38002,node_visits,878.618,1027.62,1.1695867828794764,15.693599998485297,16.525999999430496,2.312182200003008,"{""adwin_delta"": 0.002, ""buffer_size"": 1000, ""chunk_size"": 2000, ""energy_country_iso"": ""USA"", ""eval_block"": 1000, ""floor_drop"": 0.02, ""holdout_frac"": 0.2, ""init_frac"": 0.1, ""init_holdout_frac"": 0.2, ""k"": 3, ""min_buffer"": 100, ""n_ref"": 200, ""probe_rows"": 1000, ""track_energy"": false}"
insects_gradual,sgd,AlwaysRebuild,always_rebuild,3,21735,1932,balanced_accuracy,4,4,0,0,4,0,0,0,0,0,0,,2,4,1,1,107000,2118000,0,3896,2222,0.5507425999967381,,1932000,0.303,0.17768576029445596,0.14995642701525055,0.18601736692210033,params,204,204,,,params_read,204.0,204.0,1.0,0.22760000138077885,0.22980000358074903,0.8905664999983856,"{""adwin_delta"": 0.002, ""buffer_size"": 1000, ""chunk_size"": 2000, ""energy_country_iso"": ""USA"", ""eval_block"": 1000, ""floor_drop"": 0.02, ""holdout_frac"": 0.2, ""init_frac"": 0.1, ""init_holdout_frac"": 0.2, ""k"": 3, ""min_buffer"": 100, ""n_ref"": 200, ""probe_rows"": 1000, ""track_energy"": false}"
insects_gradual,sgd,MechanismSelector,mechanism_selector,3,21735,1932,balanced_accuracy,6,6,4,1,1,0,0,0,0,0,2,1,0,0,1,2,0,100600,0,2600,101,0.06518189999769675,,1932000,0.346,0.19305268000920175,0.1655892255892256,0.1992394592242572,params,204,204,,,params_read,204.0,204.0,1.0,0.38979999953880906,0.6266999989748001,0.43430069999885745,"{""adwin_delta"": 0.002, ""buffer_size"": 1000, ""chunk_size"": 2000, ""energy_country_iso"": ""USA"", ""eval_block"": 1000, ""floor_drop"": 0.02, ""holdout_frac"": 0.2, ""init_frac"": 0.1, ""init_holdout_frac"": 0.2, ""k"": 3, ""min_buffer"": 100, ""n_ref"": 200, ""probe_rows"": 1000, ""track_energy"": false}"
insects_gradual,sgd,FixedSchedule(k=3),fixed_schedule,3,21735,1932,balanced_accuracy,4,4,0,3,1,0,0,0,0,0,3,,1,3,1,1,800,1002316,0,3316,1003,0.2851205999904778,,1932000,0.297,0.16724177593742812,0.14773420479302832,0.17573248516181064,params,204,204,,,params_read,204.0,204.0,1.0,0.29720000020461157,0.3043000033358112,0.611730800002988,"{""adwin_delta"": 0.002, ""buffer_size"": 1000, ""chunk_size"": 2000, ""energy_country_iso"": ""USA"", ""eval_block"": 1000, ""floor_drop"": 0.02, ""holdout_frac"": 0.2, ""init_frac"": 0.1, ""init_holdout_frac"": 0.2, ""k"": 3, ""min_buffer"": 100, ""n_ref"": 200, ""probe_rows"": 1000, ""track_energy"": false}"
insects_incremental,rf,AlwaysRebuild,always_rebuild,3,51317,4560,balanced_accuracy,5,5,0,0,5,0,0,0,0,0,0,,0,0,0,0,0,500000,500,5000,500,2.2315984000088065,,456000,0.646,0.5981448642749966,0.6447191752413587,0.5981506970674763,trees,100,100,190236,37826,node_visits,1242.911,1018.806,0.8196934454679378,23.044699999445584,16.858499999216292,5.5682607000053395,"{""adwin_delta"": 0.002, ""buffer_size"": 1000, ""chunk_size"": 2000, ""energy_country_iso"": ""USA"", ""eval_block"": 1000, ""floor_drop"": 0.02, ""holdout_frac"": 0.2, ""init_frac"": 0.1, ""init_holdout_frac"": 0.2, ""k"": 3, ""min_buffer"": 100, ""n_ref"": 200, ""probe_rows"": 1000, ""track_energy"": false}"
insects_incremental,rf,MechanismSelector,mechanism_selector,3,51317,4560,balanced_accuracy,5,5,0,0,5,0,0,0,0,0,5,0,0,0,0,0,0,520000,525,9000,525,2.311239700000442,,456000,0.646,0.5981448642749966,0.6447191752413587,0.5981506970674763,trees,100,100,190236,37826,node_visits,1242.911,1018.806,0.8196934454679378,27.493000001413748,30.92569999716943,5.867473100006464,"{""adwin_delta"": 0.002, ""buffer_size"": 1000, ""chunk_size"": 2000, ""energy_country_iso"": ""USA"", ""eval_block"": 1000, ""floor_drop"": 0.02, ""holdout_frac"": 0.2, ""init_frac"": 0.1, ""init_holdout_frac"": 0.2, ""k"": 3, ""min_buffer"": 100, ""n_ref"": 200, ""probe_rows"": 1000, ""track_energy"": false}"
insects_incremental,rf,FixedSchedule(k=3),fixed_schedule,3,51317,4560,balanced_accuracy,4,4,0,3,1,0,0,0,0,0,3,,0,0,0,0,0,112000,115,3400,115,0.5502808000092045,,456000,0.598,0.40873394781456435,0.5966343621399972,0.4087309305066052,trees,100,100,190236,37286,node_visits,1242.911,992.838,0.7988005577229583,26.44760000112001,23.838300003262702,4.170613800000865,"{""adwin_delta"": 0.002, ""buffer_size"": 1000, ""chunk_size"": 2000, ""energy_country_iso"": ""USA"", ""eval_block"": 1000, ""floor_drop"": 0.02, ""holdout_frac"": 0.2, ""init_frac"": 0.1, ""init_holdout_frac"": 0.2, ""k"": 3, ""min_buffer"": 100, ""n_ref"": 200, ""probe_rows"": 1000, ""track_energy"": false}"
insects_incremental,sgd,AlwaysRebuild,always_rebuild,3,51317,4560,balanced_accuracy,1,1,0,0,1,0,0,0,0,0,0,,0,0,0,0,0,81000,0,1000,81,0.047415599998203106,,1080720,0.168,0.18935245630103084,0.17115196279949596,0.18932619309869736,params,204,204,,,params_read,204.0,204.0,1.0,0.6366999950842,0.23700000019744039,0.8912632999999914,"{""adwin_delta"": 0.002, ""buffer_size"": 1000, ""chunk_size"": 2000, ""energy_country_iso"": ""USA"", ""eval_block"": 1000, ""floor_drop"": 0.02, ""holdout_frac"": 0.2, ""init_frac"": 0.1, ""init_holdout_frac"": 0.2, ""k"": 3, ""min_buffer"": 100, ""n_ref"": 200, ""probe_rows"": 1000, ""track_energy"": false}"
insects_incremental,sgd,MechanismSelector,mechanism_selector,3,51317,4560,balanced_accuracy,1,1,0,1,0,0,0,0,0,0,1,1,0,0,0,0,0,800,0,800,1,0.006714200004353188,,1080720,0.229,0.2162051561860592,0.22795728853122868,0.2162032927777342,params,204,204,,,params_read,204.0,204.0,1.0,0.7325999977183528,0.3494000047794543,0.7090028000020538,"{""adwin_delta"": 0.002, ""buffer_size"": 1000, ""chunk_size"": 2000, ""energy_country_iso"": ""USA"", ""eval_block"": 1000, ""floor_drop"": 0.02, ""holdout_frac"": 0.2, ""init_frac"": 0.1, ""init_holdout_frac"": 0.2, ""k"": 3, ""min_buffer"": 100, ""n_ref"": 200, ""probe_rows"": 1000, ""track_energy"": false}"
insects_incremental,sgd,FixedSchedule(k=3),fixed_schedule,3,51317,4560,balanced_accuracy,1,1,0,1,0,0,0,0,0,0,1,,0,0,0,0,0,800,0,800,1,0.007215300000098068,,1080720,0.229,0.2162051561860592,0.22795728853122868,0.2162032927777342,params,204,204,,,params_read,204.0,204.0,1.0,0.24789999588392675,1.211499999044463,0.9632113999978174,"{""adwin_delta"": 0.002, ""buffer_size"": 1000, ""chunk_size"": 2000, ""energy_country_iso"": ""USA"", ""eval_block"": 1000, ""floor_drop"": 0.02, ""holdout_frac"": 0.2, ""init_frac"": 0.1, ""init_holdout_frac"": 0.2, ""k"": 3, ""min_buffer"": 100, ""n_ref"": 200, ""probe_rows"": 1000, ""track_energy"": false}"
covtype,rf,AlwaysRebuild,always_rebuild,3,90000,8000,balanced_accuracy,94,94,0,0,94,0,3,0,0,8,0,,91,418,0,7,260400,6604000,9400,66040,9400,22.0483634000484,,800000,0.913,0.8987555555555555,0.5857246157929904,0.67064302180698,trees,100,100,285884,7486,node_visits,1581.191,627.866,0.3970842232216095,34.16889999789419,12.09460000245599,28.042019399996207,"{""adwin_delta"": 0.002, ""buffer_size"": 1000, ""chunk_size"": 2000, ""energy_country_iso"": ""USA"", ""eval_block"": 1000, ""floor_drop"": 0.02, ""holdout_frac"": 0.2, ""init_frac"": 0.1, ""init_holdout_frac"": 0.2, ""k"": 3, ""min_buffer"": 100, ""n_ref"": 200, ""probe_rows"": 1000, ""track_energy"": false}"
covtype,rf,MechanismSelector,mechanism_selector,3,90000,8000,balanced_accuracy,161,161,65,3,93,45,11,0,0,38,51,3,95,678,0,60,441600,4304210,9555,71354,9555,20.775760399999854,,800000,0.931,0.8449777777777778,0.6100951021043285,0.8107114810039736,trees,100,100,285884,4656,node_visits,1581.191,567.231,0.3587365473241373,19.59769999666605,11.724899995897431,29.715944099996705,"{""adwin_delta"": 0.002, ""buffer_size"": 1000, ""chunk_size"": 2000, ""energy_country_iso"": ""USA"", ""eval_block"": 1000, ""floor_drop"": 0.02, ""holdout_frac"": 0.2, ""init_frac"": 0.1, ""init_holdout_frac"": 0.2, ""k"": 3, ""min_buffer"": 100, ""n_ref"": 200, ""probe_rows"": 1000, ""track_energy"": false}"
covtype,rf,FixedSchedule(k=3),fixed_schedule,3,90000,8000,balanced_accuracy,138,138,0,92,46,0,3,0,0,21,92,,136,647,0,17,115960,1846435,5060,57079,5060,9.763428900012514,,800000,0.917,0.8791222222222222,0.6337624238810498,0.8226326898929391,trees,100,100,285884,4548,node_visits,1581.191,563.709,0.3565091124348671,48.19520000455668,11.067999999795575,17.942497100004402,"{""adwin_delta"": 0.002, ""buffer_size"": 1000, ""chunk_size"": 2000, ""energy_country_iso"": ""USA"", ""eval_block"": 1000, ""floor_drop"": 0.02, ""holdout_frac"": 0.2, ""init_frac"": 0.1, ""init_holdout_frac"": 0.2, ""k"": 3, ""min_buffer"": 100, ""n_ref"": 200, ""probe_rows"": 1000, ""track_energy"": false}"
covtype,sgd,AlwaysRebuild,always_rebuild,3,90000,8000,balanced_accuracy,317,317,0,0,317,0,56,0,0,200,0,,316,1543,0,142,28484000,74855000,0,75712,316143,39.018855599933886,,2000000,0.757,0.7143222222222222,0.4236093948796807,0.29611255559950383,params,385,385,,,params_read,385.0,385.0,1.0,0.4870999982813373,0.5853000038769096,42.41520670000318,"{""adwin_delta"": 0.002, ""buffer_size"": 1000, ""chunk_size"": 2000, ""energy_country_iso"": ""USA"", ""eval_block"": 1000, ""floor_drop"": 0.02, ""holdout_frac"": 0.2, ""init_frac"": 0.1, ""init_holdout_frac"": 0.2, ""k"": 3, ""min_buffer"": 100, ""n_ref"": 200, ""probe_rows"": 1000, ""track_energy"": false}"
covtype,sgd,MechanismSelector,mechanism_selector,3,90000,8000,balanced_accuracy,152,152,65,6,81,69,21,0,0,55,18,6,81,398,0,70,5644800,18606434,0,29030,81018,10.132634400004463,,2000000,0.031,0.42825555555555556,0.05646630236794171,0.38646967609395755,params,385,385,,,params_read,385.0,385.0,1.0,0.26280000020051375,0.2629000009619631,12.397984799994447,"{""adwin_delta"": 0.002, ""buffer_size"": 1000, ""chunk_size"": 2000, ""energy_country_iso"": ""USA"", ""eval_block"": 1000, ""floor_drop"": 0.02, ""holdout_frac"": 0.2, ""init_frac"": 0.1, ""init_holdout_frac"": 0.2, ""k"": 3, ""min_buffer"": 100, ""n_ref"": 200, ""probe_rows"": 1000, ""track_energy"": false}"
covtype,sgd,FixedSchedule(k=3),fixed_schedule,3,90000,8000,balanced_accuracy,244,244,0,163,81,0,41,0,0,127,163,,80,389,0,107,5644301,22827945,0,61605,80293,12.433012500026962,,2000000,0.798,0.7159444444444445,0.5067070324299091,0.34195883201340316,params,385,385,,,params_read,385.0,385.0,1.0,0.2992000008816831,0.26369999977760017,15.198534899995138,"{""adwin_delta"": 0.002, ""buffer_size"": 1000, ""chunk_size"": 2000, ""energy_country_iso"": ""USA"", ""eval_block"": 1000, ""floor_drop"": 0.02, ""holdout_frac"": 0.2, ""init_frac"": 0.1, ""init_holdout_frac"": 0.2, ""k"": 3, ""min_buffer"": 100, ""n_ref"": 200, ""probe_rows"": 1000, ""track_energy"": false}"
elec2,rf,AlwaysRebuild,always_rebuild,4,40781,3624,accuracy,60,60,0,0,60,0,1,0,0,7,0,,0,0,0,23,1590400,3399600,6000,33996,6000,10.600807500057272,,362400,0.877,0.7316152129668227,0.8730811414521656,0.7187143235712259,trees,100,100,67134,10782,node_visits,790.804,656.102,0.8296644933510705,13.2683999981964,11.03770000190707,13.23769049999828,"{""adwin_delta"": 0.002, ""buffer_size"": 1000, ""chunk_size"": 2000, ""energy_country_iso"": ""USA"", ""eval_block"": 1000, ""floor_drop"": 0.02, ""holdout_frac"": 0.2, ""init_frac"": 0.1, ""init_holdout_frac"": 0.2, ""k"": 3, ""min_buffer"": 100, ""n_ref"": 200, ""probe_rows"": 1000, ""track_energy"": false}"
elec2,rf,MechanismSelector,mechanism_selector,4,40781,3624,accuracy,63,63,19,0,44,10,0,0,0,6,34,0,0,0,0,21,60800,2105795,4570,35079,4570,7.958479099972465,,362400,0.861,0.7367156273754935,0.8628445508635616,0.7301024558008995,trees,100,100,67134,5282,node_visits,790.804,595.813,0.7534268921249766,12.06590000219876,12.198399999761023,11.087111699998786,"{""adwin_delta"": 0.002, ""buffer_size"": 1000, ""chunk_size"": 2000, ""energy_country_iso"": ""USA"", ""eval_block"": 1000, ""floor_drop"": 0.02, ""holdout_frac"": 0.2, ""init_frac"": 0.1, ""init_holdout_frac"": 0.2, ""k"": 3, ""min_buffer"": 100, ""n_ref"": 200, ""probe_rows"": 1000, ""track_energy"": false}"
elec2,rf,FixedSchedule(k=3),fixed_schedule,4,40781,3624,accuracy,64,64,0,43,21,0,0,0,0,11,43,,0,0,0,21,222830,1299995,2315,29871,2315,4.292512999971223,,362400,0.869,0.7411784899830803,0.8698189312645885,0.730268551546449,trees,100,100,67134,15384,node_visits,790.804,739.248,0.9348055902600393,12.480600002163555,12.602199996763375,7.492035400005989,"{""adwin_delta"": 0.002, ""buffer_size"": 1000, ""chunk_size"": 2000, ""energy_country_iso"": ""USA"", ""eval_block"": 1000, ""floor_drop"": 0.02, ""holdout_frac"": 0.2, ""init_frac"": 0.1, ""init_holdout_frac"": 0.2, ""k"": 3, ""min_buffer"": 100, ""n_ref"": 200, ""probe_rows"": 1000, ""track_energy"": false}"
elec2,sgd,AlwaysRebuild,always_rebuild,4,40781,3624,accuracy,49,49,0,0,49,0,0,0,0,6,0,,0,0,0,17,549792,1772416,0,27952,2754,0.2114240999944741,,217440,0.567,0.6431671611779995,0.561592296041557,0.6376389572183029,params,9,9,,,params_read,9.0,9.0,1.0,0.17249999655177817,0.16709999908925965,0.4525848000048427,"{""adwin_delta"": 0.002, ""buffer_size"": 1000, ""chunk_size"": 2000, ""energy_country_iso"": ""USA"", ""eval_block"": 1000, ""floor_drop"": 0.02, ""holdout_frac"": 0.2, ""init_frac"": 0.1, ""init_holdout_frac"": 0.2, ""k"": 3, ""min_buffer"": 100, ""n_ref"": 200, ""probe_rows"": 1000, ""track_energy"": false}"
elec2,sgd,MechanismSelector,mechanism_selector,4,40781,3624,accuracy,43,43,13,4,26,8,0,0,0,5,22,4,0,0,0,15,13824,971140,0,28732,1487,0.1416579999786336,,217440,0.686,0.6747504965547682,0.6704404385503252,0.6631013647574291,params,9,9,,,params_read,9.0,9.0,1.0,0.18110000382876024,0.48969999625114724,0.3757926000034786,"{""adwin_delta"": 0.002, ""buffer_size"": 1000, ""chunk_size"": 2000, ""energy_country_iso"": ""USA"", ""eval_block"": 1000, ""floor_drop"": 0.02, ""holdout_frac"": 0.2, ""init_frac"": 0.1, ""init_holdout_frac"": 0.2, ""k"": 3, ""min_buffer"": 100, ""n_ref"": 200, ""probe_rows"": 1000, ""track_energy"": false}"
elec2,sgd,FixedSchedule(k=3),fixed_schedule,4,40781,3624,accuracy,61,61,0,41,20,0,1,0,0,9,41,,0,0,0,24,271006,796824,0,29312,1127,0.13501300000643823,,217440,0.496,0.6343885633015375,0.5154051046357935,0.6205624049549723,params,9,9,,,params_read,9.0,9.0,1.0,0.20489999587880448,0.17209999350598082,0.40230540000629844,"{""adwin_delta"": 0.002, ""buffer_size"": 1000, ""chunk_size"": 2000, ""energy_country_iso"": ""USA"", ""eval_block"": 1000, ""floor_drop"": 0.02, ""holdout_frac"": 0.2, ""init_frac"": 0.1, ""init_holdout_frac"": 0.2, ""k"": 3, ""min_buffer"": 100, ""n_ref"": 200, ""probe_rows"": 1000, ""track_energy"": false}"
insects_abrupt,rf,AlwaysRebuild,always_rebuild,4,47564,4227,balanced_accuracy,10,10,0,0,10,0,0,0,0,0,0,,2,3,0,1,83200,983200,1000,9832,1000,4.081211500000791,,422700,0.274,0.5670675300647549,0.5673466284323949,0.5683027564175814,trees,100,100,123686,21966,node_visits,1301.64,1003.827,0.7712017147598413,21.111699999892153,15.635399999155197,7.204655299996375,"{""adwin_delta"": 0.002, ""buffer_size"": 1000, ""chunk_size"": 2000, ""energy_country_iso"": ""USA"", ""eval_block"": 1000, ""floor_drop"": 0.02, ""holdout_frac"": 0.2, ""init_frac"": 0.1, ""init_holdout_frac"": 0.2, ""k"": 3, ""min_buffer"": 100, ""n_ref"": 200, ""probe_rows"": 1000, ""track_energy"": false}"
insects_abrupt,rf,MechanismSelector,mechanism_selector,4,47564,4227,balanced_accuracy,9,9,5,1,3,1,0,0,0,1,3,1,2,5,0,3,0,228000,315,4560,315,1.1274006000094232,,422700,0.691,0.5086830375914557,0.31594108446298225,0.5115307678659328,trees,100,100,123686,33830,node_visits,1301.64,971.494,0.7463615131680034,18.936100001155864,16.14059999701567,4.2835928999993484,"{""adwin_delta"": 0.002, ""buffer_size"": 1000, ""chunk_size"": 2000, ""energy_country_iso"": ""USA"", ""eval_block"": 1000, ""floor_drop"": 0.02, ""holdout_frac"": 0.2, ""init_frac"": 0.1, ""init_holdout_frac"": 0.2, ""k"": 3, ""min_buffer"": 100, ""n_ref"": 200, ""probe_rows"": 1000, ""track_energy"": false}"
insects_abrupt,rf,FixedSchedule(k=3),fixed_schedule,4,47564,4227,balanced_accuracy,10,10,0,7,3,0,0,0,0,1,7,,3,8,0,3,11840,240640,335,7696,335,1.1313824000098975,,422700,0.343,0.41119333950046255,0.4929657629475148,0.4101454254724964,trees,100,100,123686,32194,node_visits,1301.64,1021.142,0.7845041639777511,19.46180000231834,15.475099993636832,4.4653905000013765,"{""adwin_delta"": 0.002, ""buffer_size"": 1000, ""chunk_size"": 2000, ""energy_country_iso"": ""USA"", ""eval_block"": 1000, ""floor_drop"": 0.02, ""holdout_frac"": 0.2, ""init_frac"": 0.1, ""init_holdout_frac"": 0.2, ""k"": 3, ""min_buffer"": 100, ""n_ref"": 200, ""probe_rows"": 1000, ""track_energy"": false}"
insects_abrupt,sgd,AlwaysRebuild,always_rebuild,4,47564,4227,balanced_accuracy,9,9,0,0,9,0,0,0,0,0,0,,3,4,0,4,2146320,3573320,0,8576,3603,0.8026353000022937,,811584,0.075,0.18556050794718695,0.20291970802919707,0.18289215554916652,params,204,204,,,params_read,204.0,204.0,1.0,0.26169999910052866,0.26649999927030876,1.3637030000027153,"{""adwin_delta"": 0.002, ""buffer_size"": 1000, ""chunk_size"": 2000, ""energy_country_iso"": ""USA"", ""eval_block"": 1000, ""floor_drop"": 0.02, ""holdout_frac"": 0.2, ""init_frac"": 0.1, ""init_holdout_frac"": 0.2, ""k"": 3, ""min_buffer"": 100, ""n_ref"": 200, ""probe_rows"": 1000, ""track_energy"": false}"
insects_abrupt,sgd,MechanismSelector,mechanism_selector,4,47564,4227,balanced_accuracy,7,7,4,3,0,0,0,0,0,0,3,3,0,0,0,4,1600,2400,0,2400,3,0.015057500007969793,,811584,0.092,0.22308889075771593,0.3848800834202294,0.22530832675103662,params,204,204,,,params_read,204.0,204.0,1.0,0.35310000384924933,0.24739999935263768,0.5952701000060188,"{""adwin_delta"": 0.002, ""buffer_size"": 1000, ""chunk_size"": 2000, ""energy_country_iso"": ""USA"", ""eval_block"": 1000, ""floor_drop"": 0.02, ""holdout_frac"": 0.2, ""init_frac"": 0.1, ""init_holdout_frac"": 0.2, ""k"": 3, ""min_buffer"": 100, ""n_ref"": 200, ""probe_rows"": 1000, ""track_energy"": false}"
insects_abrupt,sgd,FixedSchedule(k=3),fixed_schedule,4,47564,4227,balanced_accuracy,10,10,0,7,3,0,0,0,0,0,7,,0,0,0,7,357200,359600,0,8600,361,0.1770942000002833,,811584,0.033,0.1562316037339164,0.14735401459854017,0.15474321960343665,params,204,204,,,params_read,204.0,204.0,1.0,0.2680999969015829,0.2514000007067807,0.7417505999983405,"{""adwin_delta"": 0.002, ""buffer_size"": 1000, ""chunk_size"": 2000, ""energy_country_iso"": ""USA"", ""eval_block"": 1000, ""floor_drop"": 0.02, ""holdout_frac"": 0.2, ""init_frac"": 0.1, ""init_holdout_frac"": 0.2, ""k"": 3, ""min_buffer"": 100, ""n_ref"": 200, ""probe_rows"": 1000, ""track_energy"": false}"
insects_gradual,rf,AlwaysRebuild,always_rebuild,4,21735,1932,balanced_accuracy,7,7,0,0,7,0,0,0,0,1,0,,5,11,1,0,0,550400,700,5504,700,2.634107400001085,,193200,0.726,0.49086726478030823,0.6212913448207565,0.487263424050058,trees,100,100,26628,12324,node_visits,866.509,898.846,1.0373187122118754,16.504200000781566,15.413299995998386,4.170699100002821,"{""adwin_delta"": 0.002, ""buffer_size"": 1000, ""chunk_size"": 2000, ""energy_country_iso"": ""USA"", ""eval_block"": 1000, ""floor_drop"": 0.02, ""holdout_frac"": 0.2, ""init_frac"": 0.1, ""init_holdout_frac"": 0.2, ""k"": 3, ""min_buffer"": 100, ""n_ref"": 200, ""probe_rows"": 1000, ""track_energy"": false}"
insects_gradual,rf,MechanismSelector,mechanism_selector,4,21735,1932,balanced_accuracy,7,7,3,0,4,1,0,0,0,1,3,0,4,21,1,1,36605,260605,415,4393,415,1.3661154999863356,,193200,0.545,0.39889579020013805,0.2395860566448802,0.4027005777496142,trees,100,100,26628,8776,node_visits,866.509,777.299,0.8970466550260874,16.471100003400352,14.113500001258217,2.908357899999828,"{""adwin_delta"": 0.002, ""buffer_size"": 1000, ""chunk_size"": 2000, ""energy_country_iso"": ""USA"", ""eval_block"": 1000, ""floor_drop"": 0.02, ""holdout_frac"": 0.2, ""init_frac"": 0.1, ""init_holdout_frac"": 0.2, ""k"": 3, ""min_buffer"": 100, ""n_ref"": 200, ""probe_rows"": 1000, ""track_energy"": false}"
insects_gradual,rf,FixedSchedule(k=3),fixed_schedule,4,21735,1932,balanced_accuracy,6,6,0,4,2,0,0,0,0,1,4,,4,10,1,1,100000,212220,220,4444,220,0.9663360000122339,,193200,0.531,0.2791810443984357,0.20134680134680136,0.29163602831217766,trees,100,100,26628,37630,node_visits,866.509,1049.187,1.2108206608356058,18.824699996912386,18.581499993160833,2.551434300003166,"{""adwin_delta"": 0.002, ""buffer_size"": 1000, ""chunk_size"": 2000, ""energy_country_iso"": ""USA"", ""eval_block"": 1000, ""floor_drop"": 0.02, ""holdout_frac"": 0.2, ""init_frac"": 0.1, ""init_holdout_frac"": 0.2, ""k"": 3, ""min_buffer"": 100, ""n_ref"": 200, ""probe_rows"": 1000, ""track_energy"": false}"
insects_gradual,sgd,AlwaysRebuild,always_rebuild,4,21735,1932,balanced_accuracy,6,6,0,0,6,0,0,0,0,0,0,,4,9,1,2,1127000,3963000,0,5736,4227,0.8936878999957116,,1932000,0.584,0.1781458477110651,0.38478114478114483,0.16847342276330277,params,204,204,,,params_read,204.0,204.0,1.0,0.27659999614115804,0.22929999977350235,1.2425336000014795,"{""adwin_delta"": 0.002, ""buffer_size"": 1000, ""chunk_size"": 2000, ""energy_country_iso"": ""USA"", ""eval_block"": 1000, ""floor_drop"": 0.02, ""holdout_frac"": 0.2, ""init_frac"": 0.1, ""init_holdout_frac"": 0.2, ""k"": 3, ""min_buffer"": 100, ""n_ref"": 200, ""probe_rows"": 1000, ""track_energy"": false}"
insects_gradual,sgd,MechanismSelector,mechanism_selector,4,21735,1932,balanced_accuracy,6,6,4,0,2,1,0,0,0,1,1,0,1,1,1,4,222800,222800,0,1928,1095,0.06807639999897219,,1932000,0.063,0.1353117092247527,0.332808476926124,0.15586596318208654,params,204,204,,,params_read,204.0,204.0,1.0,0.25579999783076346,0.23669999791309237,0.4001684999966528,"{""adwin_delta"": 0.002, ""buffer_size"": 1000, ""chunk_size"": 2000, ""energy_country_iso"": ""USA"", ""eval_block"": 1000, ""floor_drop"": 0.02, ""holdout_frac"": 0.2, ""init_frac"": 0.1, ""init_holdout_frac"": 0.2, ""k"": 3, ""min_buffer"": 100, ""n_ref"": 200, ""probe_rows"": 1000, ""track_energy"": false}"
insects_gradual,sgd,FixedSchedule(k=3),fixed_schedule,4,21735,1932,balanced_accuracy,7,7,0,5,2,0,0,0,0,1,5,,1,3,1,0,0,1121963,0,4963,1124,0.3505449999938719,,1932000,0.144,0.2230503795721187,0.2703050108932462,0.22287319739645786,params,204,204,,,params_read,204.0,204.0,1.0,0.6157000025268644,0.27579999732552096,0.713606899997103,"{""adwin_delta"": 0.002, ""buffer_size"": 1000, ""chunk_size"": 2000, ""energy_country_iso"": ""USA"", ""eval_block"": 1000, ""floor_drop"": 0.02, ""holdout_frac"": 0.2, ""init_frac"": 0.1, ""init_holdout_frac"": 0.2, ""k"": 3, ""min_buffer"": 100, ""n_ref"": 200, ""probe_rows"": 1000, ""track_energy"": false}"
insects_incremental,rf,AlwaysRebuild,always_rebuild,4,51317,4560,balanced_accuracy,7,7,0,0,7,0,0,0,0,0,0,,0,0,0,0,0,700000,700,7000,700,3.22355499999685,,456000,0.698,0.6310969074575676,0.6971703246987486,0.6310997614304688,trees,100,100,189946,37430,node_visits,1247.098,1014.79,0.8137211349869858,25.827099998423364,18.938599998364225,6.6903023999984725,"{""adwin_delta"": 0.002, ""buffer_size"": 1000, ""chunk_size"": 2000, ""energy_country_iso"": ""USA"", ""eval_block"": 1000, ""floor_drop"": 0.02, ""holdout_frac"": 0.2, ""init_frac"": 0.1, ""init_holdout_frac"": 0.2, ""k"": 3, ""min_buffer"": 100, ""n_ref"": 200, ""probe_rows"": 1000, ""track_energy"": false}"
insects_incremental,rf,MechanismSelector,mechanism_selector,4,51317,4560,balanced_accuracy,7,7,0,0,7,0,0,0,0,0,7,0,0,0,0,0,0,728000,735,12600,735,3.14543030000641,,456000,0.698,0.6310969074575676,0.6971703246987486,0.6310997614304688,trees,100,100,189946,37430,node_visits,1247.098,1014.79,0.8137211349869858,24.340800002391916,17.99060000485042,6.660398800006078,"{""adwin_delta"": 0.002, ""buffer_size"": 1000, ""chunk_size"": 2000, ""energy_country_iso"": ""USA"", ""eval_block"": 1000, ""floor_drop"": 0.02, ""holdout_frac"": 0.2, ""init_frac"": 0.1, ""init_holdout_frac"": 0.2, ""k"": 3, ""min_buffer"": 100, ""n_ref"": 200, ""probe_rows"": 1000, ""track_energy"": false}"
insects_incremental,rf,FixedSchedule(k=3),fixed_schedule,4,51317,4560,balanced_accuracy,4,4,0,3,1,0,0,0,0,0,3,,0,0,0,0,0,112000,115,3400,115,0.511250999996264,,456000,0.578,0.4061617008009042,0.5762990721024278,0.4061599952707005,trees,100,100,189946,39514,node_visits,1247.098,984.274,0.7892515263435592,26.773400000820402,18.13620000029914,3.9076900000000023,"{""adwin_delta"": 0.002, ""buffer_size"": 1000, ""chunk_size"": 2000, ""energy_country_iso"": ""USA"", ""eval_block"": 1000, ""floor_drop"": 0.02, ""holdout_frac"": 0.2, ""init_frac"": 0.1, ""init_holdout_frac"": 0.2, ""k"": 3, ""min_buffer"": 100, ""n_ref"": 200, ""probe_rows"": 1000, ""track_energy"": false}"
insects_incremental,sgd,AlwaysRebuild,always_rebuild,4,51317,4560,balanced_accuracy,1,1,0,0,1,0,0,0,0,0,0,,0,0,0,0,0,131000,0,1000,131,0.12911950000125216,,738720,0.222,0.24122610440984468,0.22258555092850965,0.24122465813809194,params,204,204,,,params_read,204.0,204.0,1.0,0.23990000045159832,0.22530000569531694,0.6718996999989031,"{""adwin_delta"": 0.002, ""buffer_size"": 1000, ""chunk_size"": 2000, ""energy_country_iso"": ""USA"", ""eval_block"": 1000, ""floor_drop"": 0.02, ""holdout_frac"": 0.2, ""init_frac"": 0.1, ""init_holdout_frac"": 0.2, ""k"": 3, ""min_buffer"": 100, ""n_ref"": 200, ""probe_rows"": 1000, ""track_energy"": false}"
insects_incremental,sgd,MechanismSelector,mechanism_selector,4,51317,4560,balanced_accuracy,1,1,0,0,1,0,0,0,0,0,1,0,0,0,0,0,0,131800,0,1800,132,0.062198700004955754,,738720,0.222,0.24122610440984468,0.22258555092850965,0.24122465813809194,params,204,204,,,params_read,204.0,204.0,1.0,0.32720000308472663,0.2477999951224774,0.6159559000006993,"{""adwin_delta"": 0.002, ""buffer_size"": 1000, ""chunk_size"": 2000, ""energy_country_iso"": ""USA"", ""eval_block"": 1000, ""floor_drop"": 0.02, ""holdout_frac"": 0.2, ""init_frac"": 0.1, ""init_holdout_frac"": 0.2, ""k"": 3, ""min_buffer"": 100, ""n_ref"": 200, ""probe_rows"": 1000, ""track_energy"": false}"
insects_incremental,sgd,FixedSchedule(k=3),fixed_schedule,4,51317,4560,balanced_accuracy,1,1,0,1,0,0,0,0,0,0,1,,0,0,0,0,0,800,0,800,1,0.003741199994692579,,738720,0.212,0.2302745678819884,0.21084732068217774,0.2302802691562876,params,204,204,,,params_read,204.0,204.0,1.0,0.5361000003176741,0.25380000442964956,0.5476849000042421,"{""adwin_delta"": 0.002, ""buffer_size"": 1000, ""chunk_size"": 2000, ""energy_country_iso"": ""USA"", ""eval_block"": 1000, ""floor_drop"": 0.02, ""holdout_frac"": 0.2, ""init_frac"": 0.1, ""init_holdout_frac"": 0.2, ""k"": 3, ""min_buffer"": 100, ""n_ref"": 200, ""probe_rows"": 1000, ""track_energy"": false}"
covtype,rf,AlwaysRebuild,always_rebuild,4,90000,8000,balanced_accuracy,88,88,0,0,88,0,0,0,0,3,0,,85,396,0,3,212800,6740800,8800,67408,8800,19.26191590003873,,800000,0.921,0.8967666666666667,0.6031020311026901,0.579512910115838,trees,100,100,288384,8736,node_visits,1599.646,622.122,0.3889122968456771,18.01990000240039,14.762799997697584,24.61107120000088,"{""adwin_delta"": 0.002, ""buffer_size"": 1000, ""chunk_size"": 2000, ""energy_country_iso"": ""USA"", ""eval_block"": 1000, ""floor_drop"": 0.02, ""holdout_frac"": 0.2, ""init_frac"": 0.1, ""init_holdout_frac"": 0.2, ""k"": 3, ""min_buffer"": 100, ""n_ref"": 200, ""probe_rows"": 1000, ""track_energy"": false}"
covtype,rf,MechanismSelector,mechanism_selector,4,90000,8000,balanced_accuracy,111,111,33,3,75,7,1,0,0,7,71,3,77,694,0,9,272400,5338880,7855,93000,7855,16.109271499997703,,800000,0.921,0.8895,0.6031020311026901,0.818191496180729,trees,100,100,288384,8736,node_visits,1599.646,622.122,0.3889122968456771,18.5059000068577,12.293100000533741,23.120728400004737,"{""adwin_delta"": 0.002, ""buffer_size"": 1000, ""chunk_size"": 2000, ""energy_country_iso"": ""USA"", ""eval_block"": 1000, ""floor_drop"": 0.02, ""holdout_frac"": 0.2, ""init_frac"": 0.1, ""init_holdout_frac"": 0.2, ""k"": 3, ""min_buffer"": 100, ""n_ref"": 200, ""probe_rows"": 1000, ""track_energy"": false}"
covtype,rf,FixedSchedule(k=3),fixed_schedule,4,90000,8000,balanced_accuracy,138,138,0,92,46,0,1,0,0,20,92,,136,647,0,18,249705,1839185,5060,57225,5060,9.48098409998056,,800000,0.914,0.8789444444444444,0.5791297104831993,0.8101856861133655,trees,100,100,288384,3500,node_visits,1599.646,525.218,0.3283338938740196,17.58230000268668,10.482799996680114,16.997326999997313,"{""adwin_delta"": 0.002, ""buffer_size"": 1000, ""chunk_size"": 2000, ""energy_country_iso"": ""USA"", ""eval_block"": 1000, ""floor_drop"": 0.02, ""holdout_frac"": 0.2, ""init_frac"": 0.1, ""init_holdout_frac"": 0.2, ""k"": 3, ""min_buffer"": 100, ""n_ref"": 200, ""probe_rows"": 1000, ""track_energy"": false}"
covtype,sgd,AlwaysRebuild,always_rebuild,4,90000,8000,balanced_accuracy,178,178,0,0,178,0,43,0,0,111,0,,175,840,0,73,15312000,49696928,0,51192,175252,24.50096639993717,,1592000,0.766,0.5370222222222222,0.37126891287036273,0.3834173600569236,params,385,385,,,params_read,385.0,385.0,1.0,0.2615999983390793,0.27209999825572595,26.68187890000263,"{""adwin_delta"": 0.002, ""buffer_size"": 1000, ""chunk_size"": 2000, ""energy_country_iso"": ""USA"", ""eval_block"": 1000, ""floor_drop"": 0.02, ""holdout_frac"": 0.2, ""init_frac"": 0.1, ""init_holdout_frac"": 0.2, ""k"": 3, ""min_buffer"": 100, ""n_ref"": 200, ""probe_rows"": 1000, ""track_energy"": false}"
covtype,sgd,MechanismSelector,mechanism_selector,4,90000,8000,balanced_accuracy,217,217,68,8,141,120,33,0,0,108,29,8,140,691,0,105,8768201,28051172,0,40340,140081,15.258792499989795,,1592000,0.817,0.5496222222222222,0.4220830930609331,0.30437172804380763,params,385,385,,,params_read,385.0,385.0,1.0,0.2733000001171604,0.2777999980025925,17.629656199998863,"{""adwin_delta"": 0.002, ""buffer_size"": 1000, ""chunk_size"": 2000, ""energy_country_iso"": ""USA"", ""eval_block"": 1000, ""floor_drop"": 0.02, ""holdout_frac"": 0.2, ""init_frac"": 0.1, ""init_holdout_frac"": 0.2, ""k"": 3, ""min_buffer"": 100, ""n_ref"": 200, ""probe_rows"": 1000, ""track_energy"": false}"
covtype,sgd,FixedSchedule(k=3),fixed_schedule,4,90000,8000,balanced_accuracy,253,253,0,169,84,0,43,0,0,127,169,,84,403,0,109,9021928,26164706,0,62834,84169,13.506284299968684,,1592000,0.806,0.7641222222222223,0.38801933163083174,0.39321539629195595,params,385,385,,,params_read,385.0,385.0,1.0,0.26000000070780516,0.2564999958849512,16.034435100002156,"{""adwin_delta"": 0.002, ""buffer_size"": 1000, ""chunk_size"": 2000, ""energy_country_iso"": ""USA"", ""eval_block"": 1000, ""floor_drop"": 0.02, ""holdout_frac"": 0.2, ""init_frac"": 0.1, ""init_holdout_frac"": 0.2, ""k"": 3, ""min_buffer"": 100, ""n_ref"": 200, ""probe_rows"": 1000, ""track_energy"": false}"
elec2,xgb,AlwaysRebuild,always_rebuild,0,40781,3624,accuracy,74,74,0,0,74,0,0,0,0,11,0,,0,0,0,20,919200,3742400,7400,37424,7400,8.837496400010423,,362400,0.827,0.7420367327922317,0.8366504493574008,0.7332180228413645,rounds,100,100,4628,2056,node_visits,569.399,445.83,0.782983461509416,3.935799999453593,3.090199999860488,10.072302599997784,"{""adwin_delta"": 0.002, ""buffer_size"": 1000, ""chunk_size"": 2000, ""energy_country_iso"": ""USA"", ""eval_block"": 1000, ""floor_drop"": 0.02, ""holdout_frac"": 0.2, ""init_frac"": 0.1, ""init_holdout_frac"": 0.2, ""k"": 3, ""min_buffer"": 100, ""n_ref"": 200, ""probe_rows"": 1000, ""track_energy"": false}"
elec2,xgb,MechanismSelector,mechanism_selector,0,40781,3624,accuracy,71,71,23,5,43,16,1,0,0,10,32,5,0,0,0,26,80000,2051495,4460,35011,4460,5.940481200028444,,362400,0.551,0.7126112650499007,0.5787992495309568,0.7065154278400612,rounds,100,100,4628,952,node_visits,569.399,341.522,0.5997938176919875,3.8305000052787364,2.5173999965772964,7.203171999994083,"{""adwin_delta"": 0.002, ""buffer_size"": 1000, ""chunk_size"": 2000, ""energy_country_iso"": ""USA"", ""eval_block"": 1000, ""floor_drop"": 0.02, ""holdout_frac"": 0.2, ""init_frac"": 0.1, ""init_holdout_frac"": 0.2, ""k"": 3, ""min_buffer"": 100, ""n_ref"": 200, ""probe_rows"": 1000, ""track_energy"": false}"
elec2,xgb,FixedSchedule(k=3),fixed_schedule,0,40781,3624,accuracy,52,52,0,35,17,0,1,0,0,4,35,,0,0,0,11,115490,1032595,1875,27843,1875,2.966149800035055,,362400,0.876,0.7359799906819352,0.8745294502854434,0.729698439819628,rounds,100,105,4628,1305,node_visits,569.399,379.623,0.6667082309593098,3.606700003729202,2.92059999628691,4.098339599993778,"{""adwin_delta"": 0.002, ""buffer_size"": 1000, ""chunk_size"": 2000, ""energy_country_iso"": ""USA"", ""eval_block"": 1000, ""floor_drop"": 0.02, ""holdout_frac"": 0.2, ""init_frac"": 0.1, ""init_holdout_frac"": 0.2, ""k"": 3, ""min_buffer"": 100, ""n_ref"": 200, ""probe_rows"": 1000, ""track_energy"": false}"
elec2,gnb,AlwaysRebuild,always_rebuild,0,40781,3624,accuracy,77,77,0,0,77,0,1,0,0,7,0,,0,0,0,17,7376,36948,0,36948,77,0.07384180002554785,,3624,0.741,0.6810524508962507,0.7433801639943594,0.6678119859634271,params,34,34,,,params_read,34.0,34.0,1.0,0.4135000053793192,0.2642999970703386,0.38006360000144923,"{""adwin_delta"": 0.002, ""buffer_size"": 1000, ""chunk_size"": 2000, ""energy_country_iso"": ""USA"", ""eval_block"": 1000, ""floor_drop"": 0.02, ""holdout_frac"": 0.2, ""init_frac"": 0.1, ""init_holdout_frac"": 0.2, ""k"": 3, ""min_buffer"": 100, ""n_ref"": 200, ""probe_rows"": 1000, ""track_energy"": false}"
elec2,gnb,MechanismSelector,mechanism_selector,0,40781,3624,accuracy,66,66,13,13,40,14,0,0,0,10,39,13,0,0,0,19,1312,36049,0,36049,79,0.08302659997571027,,3624,0.683,0.672690713812805,0.6875128057819864,0.6495440700401959,params,34,34,,,params_read,34.0,34.0,1.0,0.25720000121509656,0.4369000016595237,0.40713799999502953,"{""adwin_delta"": 0.002, ""buffer_size"": 1000, ""chunk_size"": 2000, ""energy_country_iso"": ""USA"", ""eval_block"": 1000, ""floor_drop"": 0.02, ""holdout_frac"": 0.2, ""init_frac"": 0.1, ""init_holdout_frac"": 0.2, ""k"": 3, ""min_buffer"": 100, ""n_ref"": 200, ""probe_rows"": 1000, ""track_energy"": false}"
elec2,gnb,FixedSchedule(k=3),fixed_schedule,0,40781,3624,accuracy,81,81,0,54,27,0,1,0,0,15,54,,0,0,0,26,10020,33970,0,33970,81,0.07325020001007942,,3624,0.638,0.6892915818641033,0.6460943871504272,0.6751341647430442,params,34,34,,,params_read,34.0,34.0,1.0,0.2701999983401038,0.27380000392440706,0.39127600000210805,"{""adwin_delta"": 0.002, ""buffer_size"": 1000, ""chunk_size"": 2000, ""energy_country_iso"": ""USA"", ""eval_block"": 1000, ""floor_drop"": 0.02, ""holdout_frac"": 0.2, ""init_frac"": 0.1, ""init_holdout_frac"": 0.2, ""k"": 3, ""min_buffer"": 100, ""n_ref"": 200, ""probe_rows"": 1000, ""track_energy"": false}"
insects_abrupt,xgb,AlwaysRebuild,always_rebuild,0,47564,4227,balanced_accuracy,9,9,0,0,9,0,0,0,0,0,0,,0,0,0,1,100000,900000,900,9000,900,9.334207299987611,,422700,0.39,0.5604448742746615,0.4344803614876607,0.5608586746253009,rounds,100,100,29416,11532,node_visits,3673.036,2357.422,0.6418183758612767,18.21320000453852,13.439499998639803,13.350780900000245,"{""adwin_delta"": 0.002, ""buffer_size"": 1000, ""chunk_size"": 2000, ""energy_country_iso"": ""USA"", ""eval_block"": 1000, ""floor_drop"": 0.02, ""holdout_frac"": 0.2, ""init_frac"": 0.1, ""init_holdout_frac"": 0.2, ""k"": 3, ""min_buffer"": 100, ""n_ref"": 200, ""probe_rows"": 1000, ""track_energy"": false}"
insects_abrupt,xgb,MechanismSelector,mechanism_selector,0,47564,4227,balanced_accuracy,11,11,5,1,5,0,0,0,0,0,6,1,4,15,0,4,0,476575,530,8979,530,4.606396000017412,,422700,0.45,0.45650071482633925,0.35811283454987836,0.4539220111710304,rounds,100,105,29416,3502,node_visits,3673.036,1294.357,0.35239431358690737,18.255599999974947,9.120900002017152,8.543656300003931,"{""adwin_delta"": 0.002, ""buffer_size"": 1000, ""chunk_size"": 2000, ""energy_country_iso"": ""USA"", ""eval_block"": 1000, ""floor_drop"": 0.02, ""holdout_frac"": 0.2, ""init_frac"": 0.1, ""init_holdout_frac"": 0.2, ""k"": 3, ""min_buffer"": 100, ""n_ref"": 200, ""probe_rows"": 1000, ""track_energy"": false}"
insects_abrupt,xgb,FixedSchedule(k=3),fixed_schedule,0,47564,4227,balanced_accuracy,11,11,0,8,3,0,0,0,0,0,8,,3,10,0,2,196000,325405,340,8841,340,5.53590599999734,,422700,0.489,0.4942603649819191,0.5841599322210635,0.49527412446460356,rounds,100,110,29416,15468,node_visits,3673.036,2874.613,0.7826258713500222,18.1391000005533,16.841799995745532,10.120974299999943,"{""adwin_delta"": 0.002, ""buffer_size"": 1000, ""chunk_size"": 2000, ""energy_country_iso"": ""USA"", ""eval_block"": 1000, ""floor_drop"": 0.02, ""holdout_frac"": 0.2, ""init_frac"": 0.1, ""init_holdout_frac"": 0.2, ""k"": 3, ""min_buffer"": 100, ""n_ref"": 200, ""probe_rows"": 1000, ""track_energy"": false}"
insects_abrupt,gnb,AlwaysRebuild,always_rebuild,0,47564,4227,balanced_accuracy,10,10,0,0,10,0,0,0,0,0,0,,3,4,0,2,2000,9384,0,9384,10,0.018300999981875066,,4227,0.299,0.5725548734336894,0.7058361574556831,0.5733682680547112,params,402,402,,,params_read,402.0,402.0,1.0,0.8744000006117858,1.0125000044354238,0.2174760999987484,"{""adwin_delta"": 0.002, ""buffer_size"": 1000, ""chunk_size"": 2000, ""energy_country_iso"": ""USA"", ""eval_block"": 1000, ""floor_drop"": 0.02, ""holdout_frac"": 0.2, ""init_frac"": 0.1, ""init_holdout_frac"": 0.2, ""k"": 3, ""min_buffer"": 100, ""n_ref"": 200, ""probe_rows"": 1000, ""track_energy"": false}"
insects_abrupt,gnb,MechanismSelector,mechanism_selector,0,47564,4227,balanced_accuracy,11,11,8,1,2,1,0,0,0,1,2,1,1,1,0,4,0,2728,0,2728,4,0.005636299996695016,,4227,0.233,0.4051803885291397,0.49015250260688215,0.4023382415452221,params,402,402,,,params_read,402.0,402.0,1.0,1.0270999991917051,1.0612999976729043,0.2001596999980393,"{""adwin_delta"": 0.002, ""buffer_size"": 1000, ""chunk_size"": 2000, ""energy_country_iso"": ""USA"", ""eval_block"": 1000, ""floor_drop"": 0.02, ""holdout_frac"": 0.2, ""init_frac"": 0.1, ""init_holdout_frac"": 0.2, ""k"": 3, ""min_buffer"": 100, ""n_ref"": 200, ""probe_rows"": 1000, ""track_energy"": false}"
insects_abrupt,gnb,FixedSchedule(k=3),fixed_schedule,0,47564,4227,balanced_accuracy,11,11,0,8,3,0,0,0,0,0,8,,0,0,0,7,5886,9086,0,9086,11,0.017292800002906006,,4227,0.21,0.41750063072912286,0.6685132082029892,0.4161156070580471,params,402,402,,,params_read,402.0,402.0,1.0,0.9977000008802861,1.1413999964133836,0.23200750000250991,"{""adwin_delta"": 0.002, ""buffer_size"": 1000, ""chunk_size"": 2000, ""energy_country_iso"": ""USA"", ""eval_block"": 1000, ""floor_drop"": 0.02, ""holdout_frac"": 0.2, ""init_frac"": 0.1, ""init_holdout_frac"": 0.2, ""k"": 3, ""min_buffer"": 100, ""n_ref"": 200, ""probe_rows"": 1000, ""track_energy"": false}"
insects_gradual,xgb,AlwaysRebuild,always_rebuild,0,21735,1932,balanced_accuracy,7,7,0,0,7,0,0,0,0,1,0,,5,11,1,0,0,588800,700,5888,700,5.045220899999549,,193200,0.608,0.5131354957441914,0.5353198653198653,0.5092618247809012,rounds,100,100,8232,6928,node_visits,1833.129,1732.201,0.9449422271973222,10.743599996203557,10.686000001442153,6.786130700005742,"{""adwin_delta"": 0.002, ""buffer_size"": 1000, ""chunk_size"": 2000, ""energy_country_iso"": ""USA"", ""eval_block"": 1000, ""floor_drop"": 0.02, ""holdout_frac"": 0.2, ""init_frac"": 0.1, ""init_holdout_frac"": 0.2, ""k"": 3, ""min_buffer"": 100, ""n_ref"": 200, ""probe_rows"": 1000, ""track_energy"": false}"
insects_gradual,xgb,MechanismSelector,mechanism_selector,0,21735,1932,balanced_accuracy,5,5,0,1,4,0,0,0,0,0,5,1,3,13,1,0,0,405855,425,7755,425,4.10167299999739,,193200,0.521,0.3899240855762595,0.2540978411566647,0.3967950636678477,rounds,100,100,8232,13408,node_visits,1833.129,2566.164,1.399881841376139,11.822299995401409,14.708800001244526,5.864614899997832,"{""adwin_delta"": 0.002, ""buffer_size"": 1000, ""chunk_size"": 2000, ""energy_country_iso"": ""USA"", ""eval_block"": 1000, ""floor_drop"": 0.02, ""holdout_frac"": 0.2, ""init_frac"": 0.1, ""init_holdout_frac"": 0.2, ""k"": 3, ""min_buffer"": 100, ""n_ref"": 200, ""probe_rows"": 1000, ""track_energy"": false}"
insects_gradual,xgb,FixedSchedule(k=3),fixed_schedule,0,21735,1932,balanced_accuracy,7,7,0,5,2,0,0,0,0,0,5,,5,13,1,0,0,216350,225,5270,225,2.488264199993864,,193200,0.393,0.4339084426040948,0.4698039215686274,0.43522763811490917,rounds,100,105,8232,15346,node_visits,1833.129,2889.309,1.5761623977363297,11.826400004792958,16.807300002255943,4.351933799996914,"{""adwin_delta"": 0.002, ""buffer_size"": 1000, ""chunk_size"": 2000, ""energy_country_iso"": ""USA"", ""eval_block"": 1000, ""floor_drop"": 0.02, ""holdout_frac"": 0.2, ""init_frac"": 0.1, ""init_holdout_frac"": 0.2, ""k"": 3, ""min_buffer"": 100, ""n_ref"": 200, ""probe_rows"": 1000, ""track_energy"": false}"
insects_gradual,gnb,AlwaysRebuild,always_rebuild,0,21735,1932,balanced_accuracy,7,7,0,0,7,0,0,0,0,1,0,,4,10,1,2,1448,5640,0,5640,7,0.012763399994582869,,1932,0.778,0.5756153669197147,0.40573776985541693,0.5482800326411313,params,402,402,,,params_read,402.0,402.0,1.0,0.9255999975721352,0.9386000019731,0.12752439999894705,"{""adwin_delta"": 0.002, ""buffer_size"": 1000, ""chunk_size"": 2000, ""energy_country_iso"": ""USA"", ""eval_block"": 1000, ""floor_drop"": 0.02, ""holdout_frac"": 0.2, ""init_frac"": 0.1, ""init_holdout_frac"": 0.2, ""k"": 3, ""min_buffer"": 100, ""n_ref"": 200, ""probe_rows"": 1000, ""track_energy"": false}"
insects_gradual,gnb,MechanismSelector,mechanism_selector,0,21735,1932,balanced_accuracy,7,7,1,2,4,1,0,0,0,1,5,2,2,4,1,2,2132,6724,0,6724,9,0.014150599992717616,,1932,0.741,0.565631469979296,0.3027450980392157,0.5383971044467268,params,402,402,,,params_read,402.0,402.0,1.0,1.036100002238527,1.148099996498786,0.13446989999647485,"{""adwin_delta"": 0.002, ""buffer_size"": 1000, ""chunk_size"": 2000, ""energy_country_iso"": ""USA"", ""eval_block"": 1000, ""floor_drop"": 0.02, ""holdout_frac"": 0.2, ""init_frac"": 0.1, ""init_holdout_frac"": 0.2, ""k"": 3, ""min_buffer"": 100, ""n_ref"": 200, ""probe_rows"": 1000, ""track_energy"": false}"
insects_gradual,gnb,FixedSchedule(k=3),fixed_schedule,0,21735,1932,balanced_accuracy,7,7,0,5,2,0,0,0,0,0,5,,1,3,1,2,1107,4886,0,4886,7,0.010175000003073364,,1932,0.734,0.5222452265930527,0.39880174291938997,0.498109841843976,params,402,402,,,params_read,402.0,402.0,1.0,1.0935999962384813,1.1190000004717149,0.13913730000058422,"{""adwin_delta"": 0.002, ""buffer_size"": 1000, ""chunk_size"": 2000, ""energy_country_iso"": ""USA"", ""eval_block"": 1000, ""floor_drop"": 0.02, ""holdout_frac"": 0.2, ""init_frac"": 0.1, ""init_holdout_frac"": 0.2, ""k"": 3, ""min_buffer"": 100, ""n_ref"": 200, ""probe_rows"": 1000, ""track_energy"": false}"
insects_incremental,xgb,AlwaysRebuild,always_rebuild,0,51317,4560,balanced_accuracy,5,5,0,0,5,0,0,0,0,0,0,,0,0,0,0,0,500000,500,5000,500,15.371809299998858,,456000,0.675,0.60085351832726,0.6740714145264342,0.6008576287377034,rounds,100,100,36642,13844,node_visits,3853.825,2714.438,0.7043490558081906,18.80440000240924,16.869200000655837,20.55280810000113,"{""adwin_delta"": 0.002, ""buffer_size"": 1000, ""chunk_size"": 2000, ""energy_country_iso"": ""USA"", ""eval_block"": 1000, ""floor_drop"": 0.02, ""holdout_frac"": 0.2, ""init_frac"": 0.1, ""init_holdout_frac"": 0.2, ""k"": 3, ""min_buffer"": 100, ""n_ref"": 200, ""probe_rows"": 1000, ""track_energy"": false}"
insects_incremental,xgb,MechanismSelector,mechanism_selector,0,51317,4560,balanced_accuracy,4,4,0,1,3,0,0,0,0,0,4,1,0,0,0,0,0,316000,320,6200,320,5.792660599996452,,456000,0.527,0.5773330475281095,0.5254741512452059,0.5773367887668904,rounds,100,105,36642,17106,node_visits,3853.825,3093.348,0.8026695555714128,14.878599999065045,16.096399995149113,12.06282060000376,"{""adwin_delta"": 0.002, ""buffer_size"": 1000, ""chunk_size"": 2000, ""energy_country_iso"": ""USA"", ""eval_block"": 1000, ""floor_drop"": 0.02, ""holdout_frac"": 0.2, ""init_frac"": 0.1, ""init_holdout_frac"": 0.2, ""k"": 3, ""min_buffer"": 100, ""n_ref"": 200, ""probe_rows"": 1000, ""track_energy"": false}"
insects_incremental,xgb,FixedSchedule(k=3),fixed_schedule,0,51317,4560,balanced_accuracy,5,5,0,4,1,0,0,0,0,0,4,,0,0,0,0,0,116000,120,4200,120,2.20279440000013,,456000,0.607,0.5753454021084631,0.6060469060465119,0.5753476579238944,rounds,100,110,36642,18768,node_visits,3853.825,3270.751,0.8487025228182391,18.42179999948712,17.6967999941553,7.194366399999126,"{""adwin_delta"": 0.002, ""buffer_size"": 1000, ""chunk_size"": 2000, ""energy_country_iso"": ""USA"", ""eval_block"": 1000, ""floor_drop"": 0.02, ""holdout_frac"": 0.2, ""init_frac"": 0.1, ""init_holdout_frac"": 0.2, ""k"": 3, ""min_buffer"": 100, ""n_ref"": 200, ""probe_rows"": 1000, ""track_energy"": false}"
insects_incremental,gnb,AlwaysRebuild,always_rebuild,0,51317,4560,balanced_accuracy,5,5,0,0,5,0,0,0,0,0,0,,0,0,0,0,0,5000,0,5000,5,0.008764999998675194,,4560,0.536,0.5484537287838338,0.5364206991179561,0.5484522243959282,params,402,402,,,params_read,402.0,402.0,1.0,0.8611000012024306,0.9049000000231899,0.18347260000155075,"{""adwin_delta"": 0.002, ""buffer_size"": 1000, ""chunk_size"": 2000, ""energy_country_iso"": ""USA"", ""eval_block"": 1000, ""floor_drop"": 0.02, ""holdout_frac"": 0.2, ""init_frac"": 0.1, ""init_holdout_frac"": 0.2, ""k"": 3, ""min_buffer"": 100, ""n_ref"": 200, ""probe_rows"": 1000, ""track_energy"": false}"
insects_incremental,gnb,MechanismSelector,mechanism_selector,0,51317,4560,balanced_accuracy,5,5,0,2,3,0,0,0,0,0,5,2,0,0,0,0,0,7000,0,7000,8,0.01177649998862762,,4560,0.591,0.5420425979694838,0.5905913768903314,0.5420423276041598,params,402,402,,,params_read,402.0,402.0,1.0,1.051200000802055,0.985500002570916,0.19728000000031898,"{""adwin_delta"": 0.002, ""buffer_size"": 1000, ""chunk_size"": 2000, ""energy_country_iso"": ""USA"", ""eval_block"": 1000, ""floor_drop"": 0.02, ""holdout_frac"": 0.2, ""init_frac"": 0.1, ""init_holdout_frac"": 0.2, ""k"": 3, ""min_buffer"": 100, ""n_ref"": 200, ""probe_rows"": 1000, ""track_energy"": false}"
insects_incremental,gnb,FixedSchedule(k=3),fixed_schedule,0,51317,4560,balanced_accuracy,5,5,0,4,1,0,0,0,0,0,4,,0,0,0,0,0,4200,0,4200,5,0.008355499994650017,,4560,0.513,0.527563965157745,0.511386289302512,0.5275651911379691,params,402,402,,,params_read,402.0,402.0,1.0,0.9571999980835244,0.8983999941847287,0.19320840000000317,"{""adwin_delta"": 0.002, ""buffer_size"": 1000, ""chunk_size"": 2000, ""energy_country_iso"": ""USA"", ""eval_block"": 1000, ""floor_drop"": 0.02, ""holdout_frac"": 0.2, ""init_frac"": 0.1, ""init_holdout_frac"": 0.2, ""k"": 3, ""min_buffer"": 100, ""n_ref"": 200, ""probe_rows"": 1000, ""track_energy"": false}"
covtype,xgb,AlwaysRebuild,always_rebuild,0,90000,8000,balanced_accuracy,92,92,0,0,92,0,1,0,0,1,0,,88,416,0,3,210000,6721600,9200,67216,9200,22.151655299989216,,800000,0.915,0.9015111111111112,0.5977840019770987,0.6467111621569704,rounds,100,100,34130,3760,node_visits,3970.127,1288.145,0.3244593938682566,15.221200002997648,10.202099998423364,27.120353600003,"{""adwin_delta"": 0.002, ""buffer_size"": 1000, ""chunk_size"": 2000, ""energy_country_iso"": ""USA"", ""eval_block"": 1000, ""floor_drop"": 0.02, ""holdout_frac"": 0.2, ""init_frac"": 0.1, ""init_holdout_frac"": 0.2, ""k"": 3, ""min_buffer"": 100, ""n_ref"": 200, ""probe_rows"": 1000, ""track_energy"": false}"
covtype,xgb,MechanismSelector,mechanism_selector,0,90000,8000,balanced_accuracy,89,89,5,24,60,3,1,0,0,3,81,24,84,658,0,6,49040,4595395,6405,94023,6405,19.95082270000421,,800000,0.88,0.8892111111111111,0.5789191860944065,0.5214320845210272,rounds,100,110,34130,1682,node_visits,3970.127,1086.155,0.2735819282355451,18.923300005553756,8.691700000781566,26.78847240000323,"{""adwin_delta"": 0.002, ""buffer_size"": 1000, ""chunk_size"": 2000, ""energy_country_iso"": ""USA"", ""eval_block"": 1000, ""floor_drop"": 0.02, ""holdout_frac"": 0.2, ""init_frac"": 0.1, ""init_holdout_frac"": 0.2, ""k"": 3, ""min_buffer"": 100, ""n_ref"": 200, ""probe_rows"": 1000, ""track_energy"": false}"
covtype,xgb,FixedSchedule(k=3),fixed_schedule,0,90000,8000,balanced_accuracy,8,8,0,6,2,0,0,0,0,0,6,,5,15,0,4,107160,139410,230,4018,230,1.1987903000044753,,800000,0.0,0.03451111111111111,0.0,0.43837109055241674,rounds,100,110,34130,3754,node_visits,3970.127,1521.7,0.38328748677309316,16.260700002021622,10.766999999759719,4.735254000006535,"{""adwin_delta"": 0.002, ""buffer_size"": 1000, ""chunk_size"": 2000, ""energy_country_iso"": ""USA"", ""eval_block"": 1000, ""floor_drop"": 0.02, ""holdout_frac"": 0.2, ""init_frac"": 0.1, ""init_holdout_frac"": 0.2, ""k"": 3, ""min_buffer"": 100, ""n_ref"": 200, ""probe_rows"": 1000, ""track_energy"": false}"
covtype,gnb,AlwaysRebuild,always_rebuild,0,90000,8000,balanced_accuracy,238,238,0,0,238,0,23,0,0,124,0,,235,1144,0,99,20468,69548,0,69548,238,0.4147496999867144,,8000,0.857,0.7775555555555556,0.8769216888501838,0.5429672256970727,params,763,763,,,params_read,763.0,763.0,1.0,1.4111999989836477,1.2621000059880316,2.212355799994839,"{""adwin_delta"": 0.002, ""buffer_size"": 1000, ""chunk_size"": 2000, ""energy_country_iso"": ""USA"", ""eval_block"": 1000, ""floor_drop"": 0.02, ""holdout_frac"": 0.2, ""init_frac"": 0.1, ""init_holdout_frac"": 0.2, ""k"": 3, ""min_buffer"": 100, ""n_ref"": 200, ""probe_rows"": 1000, ""track_energy"": false}"
covtype,gnb,MechanismSelector,mechanism_selector,0,90000,8000,balanced_accuracy,241,241,65,13,163,122,26,0,0,106,54,13,163,797,0,100,10561,66495,0,66495,217,0.3430383000304573,,8000,0.871,0.7829777777777778,0.5905804065866674,0.5172651993956088,params,763,763,,,params_read,763.0,763.0,1.0,3.371599996171426,1.2783999991370365,2.180262200003199,"{""adwin_delta"": 0.002, ""buffer_size"": 1000, ""chunk_size"": 2000, ""energy_country_iso"": ""USA"", ""eval_block"": 1000, ""floor_drop"": 0.02, ""holdout_frac"": 0.2, ""init_frac"": 0.1, ""init_holdout_frac"": 0.2, ""k"": 3, ""min_buffer"": 100, ""n_ref"": 200, ""probe_rows"": 1000, ""track_energy"": false}"
covtype,gnb,FixedSchedule(k=3),fixed_schedule,0,90000,8000,balanced_accuracy,236,236,0,158,78,0,17,0,0,118,158,,77,373,0,110,22994,57927,0,57927,236,0.2827865000581369,,8000,0.849,0.7781222222222223,0.8286357627324757,0.5805021465081446,params,763,763,,,params_read,763.0,763.0,1.0,1.3403000048128888,1.253900001756847,2.053689199994551,"{""adwin_delta"": 0.002, ""buffer_size"": 1000, ""chunk_size"": 2000, ""energy_country_iso"": ""USA"", ""eval_block"": 1000, ""floor_drop"": 0.02, ""holdout_frac"": 0.2, ""init_frac"": 0.1, ""init_holdout_frac"": 0.2, ""k"": 3, ""min_buffer"": 100, ""n_ref"": 200, ""probe_rows"": 1000, ""track_energy"": false}"
