model,dataset,seed,prediction_change_pct,accuracy_gain_pp
xgb,elec2,0,0.0,0.0
xgb,elec2,0,14.184397163120568,-8.510638297872342
xgb,elec2,0,37.01298701298701,21.42857142857143
xgb,elec2,0,33.33333333333333,2.564102564102566
xgb,elec2,0,24.822695035460992,13.475177304964536
xgb,elec2,0,16.0,0.0
xgb,elec2,0,3.4482758620689653,3.4482758620689613
xgb,elec2,0,7.6923076923076925,-2.564102564102566
xgb,elec2,0,2.564102564102564,2.5641025641025603
xgb,elec2,0,27.0,-2.0000000000000018
xgb,elec2,0,22.413793103448278,22.413793103448278
xgb,elec2,0,12.5,11.50000000000001
xgb,elec2,0,11.0,10.000000000000009
xgb,elec2,0,32.29166666666667,21.875
xgb,elec2,0,2.7522935779816518,2.752293577981657
xgb,elec2,0,4.166666666666666,0.0
xgb,elec2,0,24.444444444444443,14.444444444444448
xgb,elec2,0,3.5000000000000004,2.499999999999991
xgb,elec2,0,2.2222222222222223,-2.2222222222222254
xgb,elec2,0,38.46153846153847,-7.692307692307687
xgb,elec2,0,18.96551724137931,5.172413793103459
xgb,elec2,0,24.137931034482758,20.689655172413797
xgb,elec2,0,13.934426229508196,10.655737704918034
xgb,elec2,0,22.5,16.500000000000004
xgb,elec2,0,5.633802816901409,5.633802816901406
xgb,elec2,0,25.0,-14.999999999999991
xgb,elec2,0,29.565217391304348,19.130434782608702
xgb,elec2,0,0.0,0.0
xgb,elec2,0,2.5974025974025974,2.5974025974025983
xgb,elec2,0,18.96551724137931,-18.965517241379303
xgb,elec2,0,17.94871794871795,17.948717948717952
xgb,elec2,0,2.2222222222222223,2.2222222222222254
xgb,elec2,0,9.375,-5.2083333333333375
xgb,elec2,0,2.2222222222222223,2.2222222222222254
xgb,elec2,0,1.5625,-1.5625
xgb,elec2,0,3.5000000000000004,2.500000000000002
xgb,elec2,0,31.0,-6.000000000000005
xgb,elec2,0,29.87012987012987,27.27272727272727
xgb,elec2,0,32.0,10.999999999999998
xgb,elec2,0,13.0,7.000000000000006
xgb,elec2,0,39.0625,29.6875
xgb,elec2,0,9.580838323353294,3.592814371257486
xgb,elec2,0,34.375,15.625
xgb,elec2,0,33.5,22.499999999999996
xgb,elec2,0,18.0,-1.0000000000000009
xgb,elec2,0,40.25974025974026,40.25974025974026
xgb,elec2,0,2.564102564102564,2.564102564102566
xgb,elec2,0,3.5000000000000004,2.500000000000002
xgb,elec2,0,1.7241379310344827,-1.7241379310344862
xgb,elec2,0,2.9629629629629632,2.9629629629629672
xgb,elec2,0,4.166666666666666,1.041666666666663
xgb,elec2,0,17.037037037037038,11.111111111111105
xgb,elec2,0,8.88888888888889,7.4074074074074066
xgb,covtype,0,22.972972972972975,-1.41593515622373
xgb,covtype,0,17.24137931034483,0.8074534161490732
xgb,covtype,0,4.0,-7.014652014652012
xgb,covtype,0,10.0,-2.5773060796645764
xgb,covtype,0,15.0,19.624387588459445
xgb,covtype,0,16.0,7.962171355028502
xgb,covtype,0,15.5,18.556832694763735
xgb,covtype,0,10.256410256410255,-4.597701149425287
xgb,covtype,0,15.555555555555555,2.7027027027027084
xgb,covtype,0,6.666666666666667,2.500000000000002
xgb,covtype,0,13.333333333333334,1.8796992481203034
xgb,covtype,0,8.88888888888889,0.7142857142857117
xgb,covtype,0,22.22222222222222,-3.342245989304815
xgb,covtype,0,7.6923076923076925,9.090909090909088
xgb,covtype,0,55.00000000000001,-19.696969696969703
xgb,covtype,0,0.0,0.0
xgb,covtype,0,37.5,39.01960784313725
xgb,covtype,0,17.5,19.975186104218366
xgb,covtype,0,13.513513513513514,19.425837320574157
xgb,covtype,0,12.056737588652481,12.53968253968254
xgb,covtype,0,16.883116883116884,13.173424709689707
xgb,covtype,0,18.125,22.632692646799512
xgb,covtype,0,12.0,11.769390030259597
xgb,covtype,0,6.896551724137931,-12.324929971988796
xgb,covtype,0,3.125,2.571428571428569
xgb,covtype,0,5.633802816901409,2.886178861788624
xgb,covtype,0,0.0,0.0
xgb,covtype,0,0.0,0.0
xgb,covtype,0,6.493506493506493,3.809523809523818
xgb,covtype,0,7.042253521126761,-4.438405797101453
xgb,covtype,0,7.792207792207792,4.444444444444439
xgb,covtype,0,11.267605633802818,10.51282051282052
xgb,covtype,0,18.5,11.227621483375948
xgb,covtype,0,11.688311688311687,2.651515151515149
xgb,covtype,0,3.896103896103896,-3.0000000000000027
xgb,covtype,0,1.4084507042253522,2.777777777777779
xgb,covtype,0,0.0,0.0
xgb,covtype,0,8.88888888888889,7.766477347774414
xgb,covtype,0,11.0,7.550739594083245
xgb,covtype,0,12.574850299401197,8.731343283582083
xgb,covtype,0,10.5,8.225303989548793
xgb,covtype,0,9.0,10.769230769230775
xgb,covtype,0,7.5,7.485748574857487
xgb,covtype,0,8.5,5.519967971174056
xgb,covtype,0,9.090909090909092,-1.2755102040816313
xgb,covtype,0,2.5974025974025974,-4.0000000000000036
xgb,covtype,0,2.5974025974025974,1.7857142857142794
xgb,covtype,0,0.0,0.0
xgb,covtype,0,3.896103896103896,-1.4856557377049162
xgb,covtype,0,1.25,0.8264462809917328
xgb,covtype,0,4.5,4.583333333333339
xgb,covtype,0,14.499999999999998,15.175890175890183
xgb,covtype,0,6.0,7.927947362744037
xgb,covtype,0,8.5,8.0389401846648
xgb,covtype,0,6.25,9.005847953216373
xgb,covtype,0,8.148148148148149,4.629629629629628
xgb,covtype,0,3.125,-4.999999999999993
xgb,covtype,0,5.376344086021505,4.426324985439722
xgb,covtype,0,6.5,4.649758454106278
xgb,covtype,0,11.538461538461538,4.201680672268903
xgb,covtype,0,3.125,3.2051282051281937
xgb,covtype,0,8.620689655172415,-5.380200860832152
xgb,covtype,0,6.896551724137931,-3.9426523297490967
xgb,covtype,0,0.0,0.0
xgb,covtype,0,0.0,0.0
xgb,covtype,0,5.172413793103448,-5.119047619047623
xgb,covtype,0,4.6875,3.1914893617021267
xgb,covtype,0,3.4482758620689653,-3.6616161616161658
xgb,covtype,0,1.7241379310344827,1.9230769230769218
xgb,covtype,0,0.0,0.0
xgb,covtype,0,1.5625,1.851851851851849
xgb,covtype,0,1.9230769230769231,1.5625
xgb,covtype,0,20.3125,12.843137254901965
xgb,covtype,0,22.0,20.889202540578687
xgb,covtype,0,15.0,12.027103331451162
xgb,covtype,0,10.9375,-14.166666666666666
xgb,covtype,0,8.620689655172415,22.222222222222225
xgb,covtype,0,1.7241379310344827,-2.500000000000002
xgb,covtype,0,3.4482758620689653,-2.7350427350427307
xgb,covtype,0,0.0,0.0
xgb,covtype,0,18.91891891891892,9.655172413793107
xgb,covtype,0,8.5,12.377279102384298
xgb,covtype,0,9.5,6.293402777777768
xgb,covtype,0,0.0,0.0
xgb,covtype,0,0.0,0.0
xgb,covtype,0,0.0,0.0
xgb,covtype,0,0.0,0.0
xgb,covtype,0,15.5,2.28336495888678
xgb,covtype,0,16.0,25.9377664109122
xgb,covtype,0,10.344827586206897,1.4880952380952328
xgb,covtype,0,3.4482758620689653,1.1842105263157876
xgb,covtype,0,0.0,0.0
xgb,covtype,0,3.125,1.9607843137254832
xgb,covtype,0,14.084507042253522,8.222591362126241
xgb,covtype,0,0.0,0.0
xgb,covtype,0,15.5,19.517543859649123
xgb,covtype,0,6.896551724137931,2.5454545454545396
xgb,covtype,0,1.9230769230769231,-1.0869565217391353
xgb,covtype,0,8.620689655172415,3.3333333333333215
xgb,covtype,0,5.172413793103448,0.6832298136645987
xgb,covtype,0,5.172413793103448,5.1724137931034475
xgb,covtype,0,7.6923076923076925,1.4285714285714235
xgb,covtype,0,0.0,0.0
xgb,covtype,0,0.0,0.0
xgb,covtype,0,9.0,2.3592085235920823
xgb,covtype,0,1.7241379310344827,1.515151515151525
xgb,covtype,0,1.7241379310344827,2.1739130434782594
xgb,covtype,0,14.0625,-12.857142857142856
xgb,covtype,0,10.344827586206897,-5.575757575757578
xgb,covtype,0,12.5,-5.123152709359608
xgb,covtype,0,13.793103448275861,3.448275862068967
xgb,covtype,0,0.0,0.0
xgb,covtype,0,2.2222222222222223,2.2222222222222254
xgb,covtype,0,12.5,8.272058823529404
xgb,covtype,0,28.846153846153843,6.371814092953521
xgb,covtype,0,0.0,0.0
xgb,covtype,0,12.0,3.715395823215162
xgb,covtype,0,17.24137931034483,5.168269230769229
xgb,covtype,0,20.689655172413794,8.29326923076924
xgb,covtype,0,17.24137931034483,-7.080745341614902
xgb,covtype,0,11.538461538461538,15.000000000000002
xgb,covtype,0,5.128205128205128,-3.4482758620689613
xgb,covtype,0,0.0,0.0
xgb,covtype,0,6.896551724137931,-2.7644230769230838
xgb,covtype,0,12.5,-5.714285714285705
xgb,covtype,0,1.9230769230769231,-1.9230769230769162
xgb,covtype,0,40.0,-39.99999999999999
xgb,covtype,0,12.280701754385964,-5.902777777777779
xgb,covtype,0,26.0,24.456521739130437
xgb,covtype,0,15.5,17.432393137539982
xgb,covtype,0,16.5,21.430940142596576
xgb,covtype,0,6.896551724137931,-2.4999999999999964
xgb,covtype,0,3.8461538461538463,-5.000000000000004
xgb,covtype,0,0.0,0.0
xgb,covtype,0,0.0,0.0
xgb,covtype,0,8.88888888888889,5.25242223355431
xgb,covtype,0,1.834862385321101,0.0
xgb,covtype,0,10.344827586206897,0.2631578947368429
xgb,insects_abrupt,0,8.0,-0.5826689650219041
xgb,insects_abrupt,0,79.5,21.832779623477297
xgb,insects_abrupt,0,25.0,-3.9540692007797307
xgb,insects_abrupt,0,53.0,7.44152046783626
xgb,insects_abrupt,0,44.0,6.30877850031365
xgb,insects_abrupt,0,41.5,5.892244867535568
xgb,insects_abrupt,0,17.0,1.9999999999999962
xgb,insects_abrupt,0,28.999999999999996,-2.7406021473817987
xgb,insects_abrupt,0,22.0,9.265001470732425
xgb,insects_abrupt,0,17.0,6.790834613415264
xgb,insects_gradual,0,1.7341040462427744,1.059360730593606
xgb,insects_gradual,0,52.5,7.1805144173565205
xgb,insects_gradual,0,63.0,-13.7037037037037
xgb,insects_gradual,0,100.0,0.0
xgb,insects_gradual,0,0.0,0.0
xgb,insects_gradual,0,1.5,2.777777777777779
xgb,insects_incremental,0,37.5,16.81210741872506
xgb,insects_incremental,0,31.5,11.025698158051094
xgb,insects_incremental,0,24.0,12.057411674347158
xgb,insects_incremental,0,39.0,18.42933550718639
xgb,insects_incremental,0,24.0,9.997029114676176
rf,elec2,0,1.1976047904191618,0.0
rf,elec2,0,0.0,0.0
rf,elec2,0,1.25,-1.2500000000000067
rf,elec2,0,0.0,0.0
rf,elec2,0,0.0,0.0
rf,elec2,0,5.194805194805195,-5.1948051948051965
rf,elec2,0,1.0,0.0
rf,elec2,0,2.8169014084507045,-2.8169014084507005
rf,elec2,0,1.5,1.5000000000000013
rf,elec2,0,0.5,-0.5000000000000004
rf,elec2,0,1.0,1.0000000000000009
rf,elec2,0,0.5988023952095809,0.5988023952095856
rf,elec2,0,2.5974025974025974,2.5974025974025983
rf,elec2,0,0.5780346820809248,0.578034682080919
rf,elec2,0,0.0,0.0
rf,elec2,0,0.0,0.0
rf,elec2,0,0.0,0.0
rf,elec2,0,2.564102564102564,2.564102564102566
rf,elec2,0,0.0,0.0
rf,elec2,0,0.0,0.0
rf,elec2,0,0.0,0.0
rf,elec2,0,0.0,0.0
rf,elec2,0,2.2222222222222223,2.2222222222222254
rf,elec2,0,0.0,0.0
rf,elec2,0,0.78125,0.78125
rf,elec2,0,0.0,0.0
rf,elec2,0,0.0,0.0
rf,elec2,0,2.027027027027027,2.0270270270270285
rf,elec2,0,1.875,-1.8749999999999933
rf,elec2,0,1.9230769230769231,1.9230769230769273
rf,elec2,0,0.0,0.0
rf,elec2,0,0.0,0.0
rf,elec2,0,0.0,0.0
rf,elec2,0,0.0,0.0
rf,elec2,0,0.0,0.0
rf,elec2,0,0.0,0.0
rf,elec2,0,0.0,0.0
rf,elec2,0,0.5,-0.5000000000000004
rf,elec2,0,0.0,0.0
rf,elec2,0,2.564102564102564,-2.564102564102566
rf,elec2,0,0.5376344086021506,0.5376344086021501
rf,elec2,0,0.0,0.0
rf,elec2,0,0.0,0.0
rf,elec2,0,4.6875,-1.5625
rf,elec2,0,1.4084507042253522,-1.4084507042253502
rf,elec2,0,0.0,0.0
rf,elec2,0,8.783783783783784,-3.3783783783783883
rf,elec2,0,2.9940119760479043,1.7964071856287345
rf,elec2,0,0.0,0.0
rf,elec2,0,0.0,0.0
rf,elec2,0,2.2222222222222223,-2.2222222222222254
rf,elec2,0,0.0,0.0
rf,elec2,0,0.0,0.0
rf,elec2,0,0.0,0.0
rf,elec2,0,0.0,0.0
rf,elec2,0,1.1904761904761905,1.1904761904761862
rf,elec2,0,0.5555555555555556,0.5555555555555647
rf,elec2,0,0.0,0.0
rf,elec2,0,0.0,0.0
rf,elec2,0,1.4084507042253522,1.4084507042253502
rf,elec2,0,1.0752688172043012,1.0752688172043001
rf,elec2,0,0.0,0.0
rf,elec2,0,1.25,1.2500000000000067
rf,elec2,0,4.0,4.0000000000000036
rf,elec2,0,3.571428571428571,3.57142857142857
rf,elec2,0,0.0,0.0
rf,elec2,0,0.0,0.0
rf,elec2,0,3.3333333333333335,-1.1111111111111072
rf,elec2,0,1.4084507042253522,-1.4084507042253502
rf,elec2,0,0.0,0.0
rf,elec2,0,0.0,0.0
rf,elec2,0,0.0,0.0
rf,elec2,0,0.0,0.0
rf,elec2,0,1.5625,-1.5625
rf,elec2,1,0.0,0.0
rf,elec2,1,0.0,0.0
rf,elec2,1,5.194805194805195,-1.2987012987012991
rf,elec2,1,0.5555555555555556,0.5555555555555536
rf,elec2,1,2.5,2.500000000000002
rf,elec2,1,0.0,0.0
rf,elec2,1,0.0,0.0
rf,elec2,1,0.0,0.0
rf,elec2,1,2.5,1.5000000000000013
rf,elec2,1,0.0,0.0
rf,elec2,1,0.0,0.0
rf,elec2,1,0.0,0.0
rf,elec2,1,0.5,0.5000000000000004
rf,elec2,1,0.0,0.0
rf,elec2,1,0.0,0.0
rf,elec2,1,0.0,0.0
rf,elec2,1,2.2222222222222223,0.0
rf,elec2,1,2.0,-1.9999999999999907
rf,elec2,1,0.0,0.0
rf,elec2,1,2.8901734104046244,0.5780346820809301
rf,elec2,1,5.128205128205128,5.128205128205121
rf,elec2,1,0.0,0.0
rf,elec2,1,1.7241379310344827,1.7241379310344862
rf,elec2,1,6.25,6.25
rf,elec2,1,0.0,0.0
rf,elec2,1,0.0,0.0
rf,elec2,1,0.0,0.0
rf,elec2,1,0.8620689655172413,-0.8620689655172376
rf,elec2,1,0.0,0.0
rf,elec2,1,0.0,0.0
rf,elec2,1,0.0,0.0
rf,elec2,1,2.9940119760479043,-1.7964071856287456
rf,elec2,1,1.2987012987012987,-1.2987012987012991
rf,elec2,1,0.0,0.0
rf,elec2,1,0.0,0.0
rf,elec2,1,0.0,0.0
rf,elec2,1,0.0,0.0
rf,elec2,1,0.0,0.0
rf,elec2,1,0.0,0.0
rf,elec2,1,0.0,0.0
rf,elec2,1,2.0,0.0
rf,elec2,1,0.819672131147541,0.8196721311475419
rf,elec2,1,0.0,0.0
rf,elec2,1,0.0,0.0
rf,elec2,1,0.5376344086021506,0.5376344086021501
rf,elec2,1,0.0,0.0
rf,elec2,1,0.0,0.0
rf,elec2,1,0.0,0.0
rf,elec2,1,0.0,0.0
rf,elec2,1,1.2987012987012987,1.2987012987012991
rf,elec2,1,5.194805194805195,-2.5974025974025983
rf,elec2,1,1.4084507042253522,1.4084507042253502
rf,elec2,1,8.737864077669903,-8.73786407766991
rf,elec2,1,7.042253521126761,7.042253521126762
rf,elec2,1,0.0,0.0
rf,elec2,1,0.0,0.0
rf,elec2,1,0.0,0.0
rf,elec2,1,0.0,0.0
rf,elec2,1,0.0,0.0
rf,elec2,1,0.0,0.0
rf,elec2,1,0.5780346820809248,0.5780346820809301
rf,elec2,1,1.5625,1.5625
rf,elec2,1,0.0,0.0
rf,elec2,1,0.5208333333333333,0.520833333333337
rf,elec2,1,0.0,0.0
rf,elec2,1,2.459016393442623,2.4590163934426257
rf,elec2,1,3.0,2.9999999999999916
rf,elec2,1,2.5,2.499999999999991
rf,elec2,1,0.0,0.0
rf,elec2,1,5.0,1.9999999999999907
rf,elec2,1,0.0,0.0
rf,elec2,1,1.4084507042253522,-1.4084507042253502
rf,elec2,2,0.5988023952095809,0.5988023952095856
rf,elec2,2,0.0,0.0
rf,elec2,2,3.546099290780142,3.546099290780147
rf,elec2,2,1.0050251256281406,1.005025125628145
rf,elec2,2,0.0,0.0
rf,elec2,2,1.0,1.0000000000000009
rf,elec2,2,5.769230769230769,5.769230769230771
rf,elec2,2,0.0,0.0
rf,elec2,2,3.2467532467532463,3.2467532467532423
rf,elec2,2,4.444444444444445,4.444444444444451
rf,elec2,2,0.0,0.0
rf,elec2,2,1.4184397163120568,0.0
rf,elec2,2,1.5,0.5000000000000004
rf,elec2,2,0.0,0.0
rf,elec2,2,1.2987012987012987,1.2987012987012991
rf,elec2,2,0.0,0.0
rf,elec2,2,0.5,-0.5000000000000004
rf,elec2,2,0.0,0.0
rf,elec2,2,0.5780346820809248,-0.578034682080919
rf,elec2,2,2.564102564102564,2.564102564102566
rf,elec2,2,0.0,0.0
rf,elec2,2,1.7241379310344827,1.7241379310344862
rf,elec2,2,3.125,3.125
rf,elec2,2,0.0,0.0
rf,elec2,2,0.0,0.0
rf,elec2,2,0.0,0.0
rf,elec2,2,0.0,0.0
rf,elec2,2,0.0,0.0
rf,elec2,2,2.2222222222222223,2.2222222222222254
rf,elec2,2,0.0,0.0
rf,elec2,2,1.875,-1.8750000000000044
rf,elec2,2,0.0,0.0
rf,elec2,2,0.0,0.0
rf,elec2,2,0.0,0.0
rf,elec2,2,1.0416666666666665,1.041666666666663
rf,elec2,2,0.0,0.0
rf,elec2,2,0.0,0.0
rf,elec2,2,0.0,0.0
rf,elec2,2,0.0,0.0
rf,elec2,2,0.0,0.0
rf,elec2,2,0.0,0.0
rf,elec2,2,0.0,0.0
rf,elec2,2,0.625,0.6249999999999978
rf,elec2,2,0.0,0.0
rf,elec2,2,0.0,0.0
rf,elec2,2,0.0,0.0
rf,elec2,2,0.0,0.0
rf,elec2,2,5.673758865248227,-1.4184397163120588
rf,elec2,2,0.0,0.0
rf,elec2,2,4.225352112676056,4.225352112676061
rf,elec2,2,2.2222222222222223,2.2222222222222143
rf,elec2,2,0.819672131147541,-0.8196721311475419
rf,elec2,2,1.7964071856287425,1.7964071856287456
rf,elec2,2,4.444444444444445,0.0
rf,elec2,2,1.2987012987012987,1.2987012987012991
rf,elec2,2,0.0,0.0
rf,elec2,2,1.1111111111111112,1.1111111111111072
rf,elec2,2,0.0,0.0
rf,elec2,2,1.0050251256281406,1.005025125628145
rf,elec2,2,1.7241379310344827,1.7241379310344807
rf,elec2,2,0.78125,0.78125
rf,elec2,2,0.0,0.0
rf,elec2,2,0.0,0.0
rf,elec2,2,0.625,0.6249999999999978
rf,elec2,2,4.0,4.0000000000000036
rf,elec2,2,1.5,1.5000000000000013
rf,elec2,2,0.0,0.0
rf,elec2,2,19.07514450867052,12.138728323699421
rf,elec2,3,0.5988023952095809,-0.5988023952095745
rf,elec2,3,0.0,0.0
rf,elec2,3,1.4184397163120568,1.4184397163120588
rf,elec2,3,1.0050251256281406,0.0
rf,elec2,3,4.444444444444445,0.0
rf,elec2,3,9.523809523809524,-9.523809523809524
rf,elec2,3,0.5,-0.5000000000000004
rf,elec2,3,2.8169014084507045,-2.8169014084507116
rf,elec2,3,1.0,1.0000000000000009
rf,elec2,3,2.0,-0.9999999999999898
rf,elec2,3,1.0,1.0000000000000009
rf,elec2,3,0.0,0.0
rf,elec2,3,0.8620689655172413,0.8620689655172487
rf,elec2,3,0.0,0.0
rf,elec2,3,5.208333333333334,-3.125
rf,elec2,3,3.5000000000000004,0.5000000000000004
rf,elec2,3,0.0,0.0
rf,elec2,3,2.564102564102564,2.564102564102566
rf,elec2,3,2.2222222222222223,2.2222222222222197
rf,elec2,3,1.7241379310344827,1.7241379310344862
rf,elec2,3,0.0,0.0
rf,elec2,3,0.0,0.0
rf,elec2,3,0.0,0.0
rf,elec2,3,0.0,0.0
rf,elec2,3,0.819672131147541,0.8196721311475419
rf,elec2,3,0.0,0.0
rf,elec2,3,2.2222222222222223,2.2222222222222254
rf,elec2,3,0.0,0.0
rf,elec2,3,0.5988023952095809,-0.5988023952095745
rf,elec2,3,6.666666666666667,6.666666666666668
rf,elec2,3,0.0,0.0
rf,elec2,3,0.0,0.0
rf,elec2,3,0.0,0.0
rf,elec2,3,0.0,0.0
rf,elec2,3,0.0,0.0
rf,elec2,3,0.0,0.0
rf,elec2,3,0.0,0.0
rf,elec2,3,1.5,-1.5000000000000013
rf,elec2,3,0.5,0.5000000000000004
rf,elec2,3,1.4084507042253522,-1.4084507042253502
rf,elec2,3,0.0,0.0
rf,elec2,3,0.0,0.0
rf,elec2,3,0.0,0.0
rf,elec2,3,1.7241379310344827,-1.7241379310344862
rf,elec2,3,0.9708737864077669,-0.9708737864077666
rf,elec2,3,0.0,0.0
rf,elec2,3,0.7407407407407408,-0.7407407407407418
rf,elec2,3,2.8169014084507045,2.8169014084507005
rf,elec2,3,1.4084507042253522,1.4084507042253502
rf,elec2,3,1.834862385321101,0.0
rf,elec2,3,0.0,0.0
rf,elec2,3,1.5625,1.5625
rf,elec2,3,2.564102564102564,2.564102564102566
rf,elec2,3,2.564102564102564,2.564102564102566
rf,elec2,3,2.2222222222222223,2.2222222222222254
rf,elec2,3,2.2222222222222223,-2.2222222222222143
rf,elec2,3,0.0,0.0
rf,elec2,3,1.1111111111111112,1.1111111111111127
rf,elec2,3,0.0,0.0
rf,elec2,3,4.444444444444445,4.444444444444439
rf,elec2,3,1.7241379310344827,1.7241379310344862
rf,elec2,3,0.0,0.0
rf,elec2,3,1.7241379310344827,1.7241379310344862
rf,elec2,3,0.0,0.0
rf,elec2,3,1.7241379310344827,1.724137931034475
rf,elec2,3,0.7407407407407408,0.7407407407407418
rf,elec2,3,1.1560693641618496,1.1560693641618491
rf,elec2,3,1.639344262295082,1.6393442622950838
rf,elec2,3,1.0,1.0000000000000009
rf,elec2,3,3.125,3.125
rf,elec2,3,0.0,0.0
rf,elec2,3,1.4084507042253522,-1.4084507042253502
rf,elec2,3,0.0,0.0
rf,elec2,3,0.0,0.0
rf,elec2,3,0.0,0.0
rf,elec2,3,0.0,0.0
rf,elec2,3,0.0,0.0
rf,elec2,3,3.125,-3.125
rf,elec2,4,1.1976047904191618,-1.19760479041916
rf,elec2,4,3.8461538461538463,3.8461538461538436
rf,elec2,4,3.125,1.8749999999999933
rf,elec2,4,0.0,0.0
rf,elec2,4,8.982035928143713,6.586826347305386
rf,elec2,4,1.5,1.5000000000000013
rf,elec2,4,2.8169014084507045,2.8169014084507005
rf,elec2,4,1.0,1.0000000000000009
rf,elec2,4,1.5625,1.5625
rf,elec2,4,0.7092198581560284,-0.7092198581560294
rf,elec2,4,2.5,2.500000000000002
rf,elec2,4,1.1111111111111112,1.1111111111111072
rf,elec2,4,2.8169014084507045,0.0
rf,elec2,4,0.0,0.0
rf,elec2,4,0.0,0.0
rf,elec2,4,0.0,0.0
rf,elec2,4,1.1560693641618496,0.0
rf,elec2,4,5.128205128205128,5.128205128205121
rf,elec2,4,0.0,0.0
rf,elec2,4,1.7241379310344827,1.724137931034475
rf,elec2,4,0.0,0.0
rf,elec2,4,0.0,0.0
rf,elec2,4,0.0,0.0
rf,elec2,4,0.0,0.0
rf,elec2,4,1.5625,1.5625
rf,elec2,4,1.1904761904761905,1.1904761904761862
rf,elec2,4,1.9230769230769231,1.9230769230769162
rf,elec2,4,0.0,0.0
rf,elec2,4,0.5988023952095809,-0.5988023952095745
rf,elec2,4,2.2222222222222223,2.2222222222222254
rf,elec2,4,0.0,0.0
rf,elec2,4,0.0,0.0
rf,elec2,4,0.0,0.0
rf,elec2,4,0.0,0.0
rf,elec2,4,0.0,0.0
rf,elec2,4,0.0,0.0
rf,elec2,4,0.0,0.0
rf,elec2,4,2.0,-2.0000000000000018
rf,elec2,4,0.0,0.0
rf,elec2,4,2.564102564102564,-2.564102564102566
rf,elec2,4,0.5376344086021506,0.5376344086021501
rf,elec2,4,0.0,0.0
rf,elec2,4,0.0,0.0
rf,elec2,4,0.0,0.0
rf,elec2,4,1.9417475728155338,-1.9417475728155331
rf,elec2,4,0.0,0.0
rf,elec2,4,0.78125,-0.78125
rf,elec2,4,2.912621359223301,2.9126213592232997
rf,elec2,4,1.4084507042253522,-1.4084507042253502
rf,elec2,4,1.1904761904761905,1.1904761904761862
rf,elec2,4,0.0,0.0
rf,elec2,4,0.0,0.0
rf,elec2,4,2.2222222222222223,2.2222222222222143
rf,elec2,4,5.0,-2.777777777777779
rf,elec2,4,0.7407407407407408,-0.7407407407407418
rf,elec2,4,3.8461538461538463,3.8461538461538547
rf,elec2,4,0.0,0.0
rf,elec2,4,0.0,0.0
rf,elec2,4,0.5,0.5000000000000004
rf,elec2,4,0.0,0.0
rf,elec2,4,4.25531914893617,4.255319148936176
rf,elec2,4,4.0,1.0000000000000009
rf,elec2,4,6.896551724137931,6.896551724137934
rf,elec2,4,0.0,0.0
rf,elec2,4,0.0,0.0
rf,elec2,4,4.444444444444445,-2.2222222222222254
rf,elec2,4,2.8169014084507045,-2.8169014084507116
rf,elec2,4,0.78125,0.78125
rf,elec2,4,0.0,0.0
rf,elec2,4,0.0,0.0
rf,elec2,4,0.0,0.0
rf,covtype,0,3.5000000000000004,-0.05477388654959725
rf,covtype,0,1.0,-0.73260073260073
rf,covtype,0,0.5,0.0
rf,covtype,0,2.0,2.5322128851540393
rf,covtype,0,2.5,1.1737089201877993
rf,covtype,0,0.0,0.0
rf,covtype,0,3.125,9.999999999999998
rf,covtype,0,0.0,0.0
rf,covtype,0,0.0,0.0
rf,covtype,0,0.0,0.0
rf,covtype,0,2.564102564102564,-1.3888888888889062
rf,covtype,0,0.0,0.0
rf,covtype,0,6.25,4.0000000000000036
rf,covtype,0,0.0,0.0
rf,covtype,0,2.2222222222222223,-11.111111111111116
rf,covtype,0,0.0,0.0
rf,covtype,0,0.0,0.0
rf,covtype,0,0.0,0.0
rf,covtype,0,0.0,0.0
rf,covtype,0,0.0,0.0
rf,covtype,0,0.0,0.0
rf,covtype,0,0.0,0.0
rf,covtype,0,0.0,0.0
rf,covtype,0,0.0,0.0
rf,covtype,0,0.0,0.0
rf,covtype,0,0.0,0.0
rf,covtype,0,0.0,0.0
rf,covtype,0,0.0,0.0
rf,covtype,0,0.0,0.0
rf,covtype,0,0.0,0.0
rf,covtype,0,0.0,0.0
rf,covtype,0,0.0,0.0
rf,covtype,0,0.0,0.0
rf,covtype,0,0.0,0.0
rf,covtype,0,0.0,0.0
rf,covtype,0,0.0,0.0
rf,covtype,0,0.0,0.0
rf,covtype,0,0.0,0.0
rf,covtype,0,0.0,0.0
rf,covtype,0,0.0,0.0
rf,covtype,0,0.0,0.0
rf,covtype,0,0.0,0.0
rf,covtype,0,0.0,0.0
rf,covtype,0,0.0,0.0
rf,covtype,0,0.0,0.0
rf,covtype,0,0.0,0.0
rf,covtype,0,0.0,0.0
rf,covtype,0,0.0,0.0
rf,covtype,0,0.0,0.0
rf,covtype,0,0.0,0.0
rf,covtype,0,0.0,0.0
rf,covtype,0,0.0,0.0
rf,covtype,0,0.0,0.0
rf,covtype,0,0.0,0.0
rf,covtype,0,0.0,0.0
rf,covtype,0,0.0,0.0
rf,covtype,0,0.0,0.0
rf,covtype,0,0.0,0.0
rf,covtype,0,0.0,0.0
rf,covtype,0,0.0,0.0
rf,covtype,0,0.0,0.0
rf,covtype,0,0.0,0.0
rf,covtype,0,0.0,0.0
rf,covtype,0,0.0,0.0
rf,covtype,0,0.0,0.0
rf,covtype,0,0.0,0.0
rf,covtype,0,0.0,0.0
rf,covtype,0,0.0,0.0
rf,covtype,0,0.0,0.0
rf,covtype,0,0.0,0.0
rf,covtype,0,0.0,0.0
rf,covtype,0,0.0,0.0
rf,covtype,0,5.0,5.0
rf,covtype,0,0.0,0.0
rf,covtype,0,15.0,15.0
rf,covtype,0,0.0,0.0
rf,covtype,0,0.0,0.0
rf,covtype,0,26.923076923076923,20.588235294117652
rf,covtype,0,13.095238095238097,4.433713784021065
rf,covtype,0,7.042253521126761,-3.4722222222222268
rf,covtype,0,0.0,0.0
rf,covtype,0,0.0,0.0
rf,covtype,0,14.678899082568808,6.837606837606841
rf,covtype,0,9.0,8.823529411764719
rf,covtype,0,7.142857142857142,5.339805825242716
rf,covtype,0,1.2987012987012987,-1.2987012987012991
rf,covtype,0,1.2987012987012987,-1.2987012987012991
rf,covtype,0,1.2987012987012987,-1.2987012987012991
rf,covtype,0,1.2987012987012987,1.2987012987012991
rf,covtype,0,0.0,0.0
rf,covtype,0,7.042253521126761,-7.042253521126762
rf,covtype,0,7.792207792207792,7.792207792207795
rf,covtype,0,3.896103896103896,3.8961038961038974
rf,covtype,0,0.0,0.0
rf,covtype,0,12.5,7.692307692307699
rf,covtype,0,9.090909090909092,4.929577464788726
rf,covtype,0,7.792207792207792,2.631578947368418
rf,covtype,0,3.896103896103896,-3.8961038961038974
rf,covtype,0,1.2987012987012987,1.2987012987012991
rf,covtype,0,0.0,0.0
rf,covtype,0,1.9230769230769231,1.9230769230769273
rf,covtype,0,0.0,0.0
rf,covtype,0,0.0,0.0
rf,covtype,0,0.0,0.0
rf,covtype,0,0.0,0.0
rf,covtype,0,0.0,0.0
rf,covtype,0,0.0,0.0
rf,covtype,0,0.0,0.0
rf,covtype,0,0.0,0.0
rf,covtype,0,0.0,0.0
rf,covtype,0,0.0,0.0
rf,covtype,0,1.2987012987012987,-1.2987012987012991
rf,covtype,0,3.8461538461538463,3.8461538461538436
rf,covtype,0,8.620689655172415,-4.629629629629628
rf,covtype,0,12.987012987012985,-12.987012987012985
rf,covtype,0,0.0,0.0
rf,covtype,0,0.0,0.0
rf,covtype,0,5.769230769230769,-5.769230769230771
rf,covtype,0,0.0,0.0
rf,covtype,0,15.789473684210526,-15.78947368421052
rf,covtype,0,0.0,0.0
rf,covtype,0,3.508771929824561,-3.508771929824561
rf,covtype,0,0.0,0.0
rf,covtype,0,1.9230769230769231,-1.1363636363636354
rf,covtype,0,20.3125,8.766233766233766
rf,covtype,0,0.0,0.0
rf,covtype,0,29.411764705882355,19.024390243902435
rf,covtype,0,0.0,0.0
rf,covtype,0,14.035087719298245,7.843137254901967
rf,covtype,0,29.577464788732392,-17.213114754098356
rf,covtype,0,1.5625,-1.0000000000000009
rf,covtype,0,0.0,0.0
rf,covtype,0,33.33333333333333,-17.34693877551021
rf,covtype,0,0.0,0.0
rf,covtype,0,11.11111111111111,11.11111111111111
rf,covtype,0,0.0,0.0
rf,covtype,0,8.88888888888889,-8.888888888888886
rf,covtype,0,2.8169014084507045,1.538461538461533
rf,covtype,0,28.125,-21.42857142857143
rf,covtype,0,0.0,0.0
rf,covtype,0,11.76470588235294,-11.764705882352944
rf,covtype,0,0.0,0.0
rf,covtype,0,2.564102564102564,2.564102564102566
rf,covtype,0,1.4084507042253522,-0.7142857142857117
rf,covtype,0,10.9375,6.034482758620685
rf,covtype,0,0.0,0.0
rf,covtype,0,0.0,0.0
rf,covtype,0,5.844155844155844,5.555555555555558
rf,covtype,0,4.6875,-4.6875
rf,covtype,0,3.125,0.0
rf,covtype,0,7.8125,4.31034482758621
rf,covtype,0,2.9629629629629632,2.1505376344086002
rf,covtype,0,5.769230769230769,3.8461538461538436
rf,covtype,0,4.166666666666666,3.8834951456310773
rf,covtype,0,3.888888888888889,3.4313725490196068
rf,covtype,0,1.7964071856287425,1.5306122448979664
rf,covtype,0,0.0,0.0
rf,covtype,0,3.8461538461538463,5.000000000000004
rf,covtype,0,1.5625,1.6666666666666607
rf,covtype,0,8.620689655172415,-1.1350059737156526
rf,covtype,0,0.0,0.0
rf,covtype,0,1.0,1.81818181818183
rf,covtype,0,0.0,0.0
rf,covtype,0,0.0,0.0
rf,covtype,0,0.0,0.0
rf,covtype,0,0.0,0.0
rf,covtype,0,0.0,0.0
rf,covtype,0,0.0,0.0
rf,covtype,0,0.0,0.0
rf,covtype,0,0.0,0.0
rf,covtype,0,0.0,0.0
rf,covtype,0,0.0,0.0
rf,covtype,0,0.0,0.0
rf,covtype,0,1.0,1.6949152542372947
rf,covtype,0,3.125,-1.851851851851849
rf,covtype,0,0.0,0.0
rf,covtype,0,1.5625,-1.1904761904761862
rf,covtype,0,0.0,0.0
rf,covtype,0,0.0,0.0
rf,covtype,0,12.82051282051282,-8.79629629629629
rf,covtype,0,0.0,0.0
rf,covtype,0,7.6923076923076925,-0.46296296296295947
rf,covtype,0,0.0,0.0
rf,covtype,0,0.0,0.0
rf,covtype,0,0.0,0.0
rf,covtype,0,2.564102564102564,-1.785714285714285
rf,covtype,0,0.0,0.0
rf,covtype,0,8.88888888888889,6.896551724137934
rf,covtype,0,0.0,0.0
rf,covtype,0,0.0,0.0
rf,covtype,0,0.0,0.0
rf,covtype,0,6.081081081081082,6.122448979591838
rf,covtype,0,7.8125,1.1363636363636354
rf,covtype,0,11.538461538461538,9.375
rf,covtype,0,6.25,4.081632653061229
rf,covtype,0,3.125,2.500000000000002
rf,covtype,0,1.7241379310344827,-1.1627906976744096
rf,covtype,0,1.7241379310344827,2.1739130434782705
rf,covtype,0,3.4482758620689653,-3.4482758620689724
rf,covtype,0,15.517241379310345,-9.469696969696972
rf,covtype,0,12.068965517241379,-2.7665317139001333
rf,covtype,0,0.0,0.0
rf,covtype,0,1.9230769230769231,1.428571428571429
rf,covtype,0,3.125,2.941176470588236
rf,covtype,0,0.0,0.0
rf,covtype,0,0.0,0.0
rf,covtype,0,0.0,0.0
rf,covtype,0,0.0,0.0
rf,covtype,0,0.0,0.0
rf,covtype,0,0.0,0.0
rf,covtype,0,0.0,0.0
rf,covtype,0,0.0,0.0
rf,covtype,0,0.0,0.0
rf,covtype,0,0.0,0.0
rf,covtype,0,0.0,0.0
rf,covtype,0,0.0,0.0
rf,covtype,0,0.0,0.0
rf,covtype,0,0.0,0.0
rf,covtype,0,0.0,0.0
rf,covtype,0,0.0,0.0
rf,covtype,0,0.0,0.0
rf,covtype,0,0.0,0.0
rf,covtype,0,1.9230769230769231,2.3809523809523836
rf,covtype,0,0.0,0.0
rf,covtype,0,5.128205128205128,0.0
rf,covtype,0,0.0,0.0
rf,covtype,0,7.8125,3.99014778325123
rf,covtype,0,6.896551724137931,-6.666666666666665
rf,covtype,0,3.125,-0.09775171065494193
rf,covtype,0,1.7241379310344827,-1.785714285714285
rf,covtype,0,0.0,0.0
rf,covtype,0,6.25,7.407407407407401
rf,covtype,0,3.4482758620689653,-0.48484848484848797
rf,covtype,0,0.0,0.0
rf,covtype,0,0.0,0.0
rf,covtype,0,0.0,0.0
rf,covtype,0,0.0,0.0
rf,covtype,0,0.0,0.0
rf,covtype,0,0.0,0.0
rf,covtype,0,0.0,0.0
rf,covtype,0,0.0,0.0
rf,covtype,0,2.8169014084507045,4.180327868852462
rf,covtype,0,1.5,1.0204081632653073
rf,covtype,0,0.0,0.0
rf,covtype,0,0.0,0.0
rf,covtype,0,0.0,0.0
rf,covtype,0,0.0,0.0
rf,covtype,0,0.0,0.0
rf,covtype,0,0.0,0.0
rf,covtype,0,0.0,0.0
rf,covtype,0,0.0,0.0
rf,covtype,0,0.0,0.0
rf,covtype,0,0.0,0.0
rf,covtype,0,0.0,0.0
rf,covtype,0,0.0,0.0
rf,covtype,0,0.0,0.0
rf,covtype,0,0.0,0.0
rf,covtype,0,0.0,0.0
rf,covtype,0,0.0,0.0
rf,covtype,0,0.0,0.0
rf,covtype,0,0.0,0.0
rf,covtype,0,0.0,0.0
rf,covtype,0,3.508771929824561,2.500000000000002
rf,covtype,0,0.0,0.0
rf,covtype,0,0.0,0.0
rf,covtype,0,3.4482758620689653,2.857142857142858
rf,covtype,0,0.0,0.0
rf,covtype,0,1.9230769230769231,-1.6129032258064502
rf,covtype,0,5.172413793103448,-0.3217503217503137
rf,covtype,0,3.8461538461538463,3.125
rf,covtype,1,3.5000000000000004,-0.3037366673730335
rf,covtype,1,1.5,-1.660818713450296
rf,covtype,1,0.5,0.19267822736031004
rf,covtype,1,5.389221556886228,2.3076923076923106
rf,covtype,1,0.0,0.0
rf,covtype,1,1.834862385321101,0.990099009900991
rf,covtype,1,0.0,0.0
rf,covtype,1,0.0,0.0
rf,covtype,1,0.0,0.0
rf,covtype,1,0.0,0.0
rf,covtype,1,0.0,0.0
rf,covtype,1,0.0,0.0
rf,covtype,1,5.0,5.000000000000004
rf,covtype,1,3.125,3.125
rf,covtype,1,2.2222222222222223,-11.111111111111116
rf,covtype,1,0.0,0.0
rf,covtype,1,0.0,0.0
rf,covtype,1,0.0,0.0
rf,covtype,1,0.0,0.0
rf,covtype,1,0.0,0.0
rf,covtype,1,0.0,0.0
rf,covtype,1,0.0,0.0
rf,covtype,1,0.0,0.0
rf,covtype,1,0.0,0.0
rf,covtype,1,0.0,0.0
rf,covtype,1,0.0,0.0
rf,covtype,1,0.0,0.0
rf,covtype,1,0.0,0.0
rf,covtype,1,0.0,0.0
rf,covtype,1,0.0,0.0
rf,covtype,1,0.0,0.0
rf,covtype,1,0.0,0.0
rf,covtype,1,0.0,0.0
rf,covtype,1,0.0,0.0
rf,covtype,1,0.0,0.0
rf,covtype,1,0.0,0.0
rf,covtype,1,0.0,0.0
rf,covtype,1,0.0,0.0
rf,covtype,1,0.0,0.0
rf,covtype,1,0.0,0.0
rf,covtype,1,0.0,0.0
rf,covtype,1,0.0,0.0
rf,covtype,1,0.0,0.0
rf,covtype,1,0.0,0.0
rf,covtype,1,0.0,0.0
rf,covtype,1,0.0,0.0
rf,covtype,1,0.0,0.0
rf,covtype,1,0.0,0.0
rf,covtype,1,0.0,0.0
rf,covtype,1,2.380952380952381,1.8518518518518545
rf,covtype,1,0.0,0.0
rf,covtype,1,3.125,-2.500000000000002
rf,covtype,1,0.0,0.0
rf,covtype,1,0.0,0.0
rf,covtype,1,0.78125,-1.6666666666666718
rf,covtype,1,0.0,0.0
rf,covtype,1,0.0,0.0
rf,covtype,1,0.0,0.0
rf,covtype,1,0.0,0.0
rf,covtype,1,1.1904761904761905,1.0204081632653073
rf,covtype,1,0.0,0.0
rf,covtype,1,0.0,0.0
rf,covtype,1,0.0,0.0
rf,covtype,1,0.0,0.0
rf,covtype,1,0.0,0.0
rf,covtype,1,0.0,0.0
rf,covtype,1,0.0,0.0
rf,covtype,1,0.0,0.0
rf,covtype,1,0.0,0.0
rf,covtype,1,0.0,0.0
rf,covtype,1,0.0,0.0
rf,covtype,1,0.0,0.0
rf,covtype,1,0.0,0.0
rf,covtype,1,20.0,20.0
rf,covtype,1,0.0,0.0
rf,covtype,1,20.0,20.0
rf,covtype,1,0.0,0.0
rf,covtype,1,0.0,0.0
rf,covtype,1,0.0,0.0
rf,covtype,1,3.125,3.125
rf,covtype,1,1.2987012987012987,-0.8333333333333415
rf,covtype,1,6.493506493506493,-3.0303030303030276
rf,covtype,1,0.0,0.0
rf,covtype,1,2.5974025974025974,3.9215686274509833
rf,covtype,1,0.0,0.0
rf,covtype,1,0.0,0.0
rf,covtype,1,9.375,19.565217391304344
rf,covtype,1,0.625,-1.0869565217391242
rf,covtype,1,0.0,0.0
rf,covtype,1,1.2987012987012987,-1.388888888888884
rf,covtype,1,0.0,0.0
rf,covtype,1,3.896103896103896,1.4285714285714235
rf,covtype,1,0.0,0.0
rf,covtype,1,0.0,0.0
rf,covtype,1,0.0,0.0
rf,covtype,1,1.2987012987012987,2.2727272727272707
rf,covtype,1,1.2987012987012987,2.777777777777779
rf,covtype,1,14.285714285714285,13.043478260869568
rf,covtype,1,5.194805194805195,2.4390243902438935
rf,covtype,1,2.5974025974025974,-2.564102564102566
rf,covtype,1,0.0,0.0
rf,covtype,1,2.564102564102564,-1.4705882352941124
rf,covtype,1,0.0,0.0
rf,covtype,1,2.564102564102564,-1.4285714285714346
rf,covtype,1,0.0,0.0
rf,covtype,1,10.256410256410255,-6.25
rf,covtype,1,0.0,0.0
rf,covtype,1,5.128205128205128,-3.2258064516129004
rf,covtype,1,0.0,0.0
rf,covtype,1,5.128205128205128,-3.703703703703709
rf,covtype,1,0.0,0.0
rf,covtype,1,2.2222222222222223,2.2222222222222197
rf,covtype,1,12.987012987012985,14.28571428571429
rf,covtype,1,23.809523809523807,19.6078431372549
rf,covtype,1,1.5,1.5000000000000124
rf,covtype,1,2.5974025974025974,-1.388888888888895
rf,covtype,1,1.2987012987012987,-0.7352941176470562
rf,covtype,1,9.090909090909092,-5.645161290322576
rf,covtype,1,8.450704225352112,-4.761904761904756
rf,covtype,1,12.676056338028168,-7.03125
rf,covtype,1,21.875,-17.07317073170732
rf,covtype,1,0.0,0.0
rf,covtype,1,13.725490196078432,-8.536585365853655
rf,covtype,1,0.0,0.0
rf,covtype,1,5.88235294117647,-3.3333333333333326
rf,covtype,1,0.0,0.0
rf,covtype,1,2.2222222222222223,-2.2222222222222197
rf,covtype,1,0.0,0.0
rf,covtype,1,11.76470588235294,-6.122448979591832
rf,covtype,1,0.0,0.0
rf,covtype,1,2.2222222222222223,-2.2222222222222228
rf,covtype,1,0.0,0.0
rf,covtype,1,0.0,0.0
rf,covtype,1,11.267605633802818,-6.153846153846154
rf,covtype,1,6.25,-4.761904761904756
rf,covtype,1,0.0,0.0
rf,covtype,1,5.88235294117647,-5.88235294117647
rf,covtype,1,0.0,0.0
rf,covtype,1,0.0,0.0
rf,covtype,1,0.0,0.0
rf,covtype,1,3.9215686274509802,0.0
rf,covtype,1,0.0,0.0
rf,covtype,1,0.0,0.0
rf,covtype,1,0.0,0.0
rf,covtype,1,0.0,0.0
rf,covtype,1,2.0,3.1746031746031633
rf,covtype,1,1.5,2.1739130434782594
rf,covtype,1,5.172413793103448,3.1914893617021267
rf,covtype,1,9.375,1.805745554035565
rf,covtype,1,1.9230769230769231,-1.0204081632653073
rf,covtype,1,4.5,5.439560439560442
rf,covtype,1,1.5625,-1.388888888888884
rf,covtype,1,0.0,0.0
rf,covtype,1,2.9629629629629632,3.0303030303030387
rf,covtype,1,5.172413793103448,4.285714285714293
rf,covtype,1,1.5625,-0.9433962264150941
rf,covtype,1,5.769230769230769,6.25
rf,covtype,1,0.0,0.0
rf,covtype,1,6.8181818181818175,5.1724137931034475
rf,covtype,1,0.0,0.0
rf,covtype,1,0.0,0.0
rf,covtype,1,0.0,0.0
rf,covtype,1,0.0,0.0
rf,covtype,1,0.0,0.0
rf,covtype,1,0.0,0.0
rf,covtype,1,0.0,0.0
rf,covtype,1,4.6875,1.6129032258064502
rf,covtype,1,0.0,0.0
rf,covtype,1,0.0,0.0
rf,covtype,1,4.0,6.060606060606055
rf,covtype,1,1.5625,-0.8620689655172376
rf,covtype,1,10.9375,-6.140350877192979
rf,covtype,1,4.6875,2.5423728813559365
rf,covtype,1,3.4482758620689653,-3.4482758620689613
rf,covtype,1,0.0,0.0
rf,covtype,1,18.181818181818183,-11.428571428571422
rf,covtype,1,0.0,0.0
rf,covtype,1,17.94871794871795,-17.948717948717952
rf,covtype,1,0.0,0.0
rf,covtype,1,0.0,0.0
rf,covtype,1,0.0,0.0
rf,covtype,1,0.0,0.0
rf,covtype,1,3.125,-3.125
rf,covtype,1,0.0,0.0
rf,covtype,1,12.82051282051282,-7.14285714285714
rf,covtype,1,0.0,0.0
rf,covtype,1,0.0,0.0
rf,covtype,1,0.0,0.0
rf,covtype,1,0.0,0.0
rf,covtype,1,0.0,0.0
rf,covtype,1,0.0,0.0
rf,covtype,1,0.0,0.0
rf,covtype,1,0.0,0.0
rf,covtype,1,0.0,0.0
rf,covtype,1,0.0,0.0
rf,covtype,1,0.0,0.0
rf,covtype,1,0.0,0.0
rf,covtype,1,0.0,0.0
rf,covtype,1,4.545454545454546,3.125
rf,covtype,1,5.769230769230769,3.7480063795853225
rf,covtype,1,8.620689655172415,7.352941176470584
rf,covtype,1,0.0,0.0
rf,covtype,1,0.0,0.0
rf,covtype,1,0.0,0.0
rf,covtype,1,0.0,0.0
rf,covtype,1,1.9230769230769231,-2.941176470588236
rf,covtype,1,0.0,0.0
rf,covtype,1,0.0,0.0
rf,covtype,1,5.025125628140704,12.820512820512825
rf,covtype,1,6.666666666666667,5.555555555555558
rf,covtype,1,0.0,0.0
rf,covtype,1,0.0,0.0
rf,covtype,1,0.0,0.0
rf,covtype,1,0.0,0.0
rf,covtype,1,7.801418439716312,10.747559893522629
rf,covtype,1,1.7241379310344827,-1.7241379310344862
rf,covtype,1,0.0,0.0
rf,covtype,1,0.0,0.0
rf,covtype,1,0.0,0.0
rf,covtype,1,0.0,0.0
rf,covtype,1,0.0,0.0
rf,covtype,1,0.0,0.0
rf,covtype,1,0.0,0.0
rf,covtype,1,0.0,0.0
rf,covtype,1,0.0,0.0
rf,covtype,1,0.0,0.0
rf,covtype,1,0.0,0.0
rf,covtype,1,0.0,0.0
rf,covtype,1,0.0,0.0
rf,covtype,1,0.0,0.0
rf,covtype,1,0.0,0.0
rf,covtype,1,0.0,0.0
rf,covtype,1,0.0,0.0
rf,covtype,1,0.0,0.0
rf,covtype,1,0.0,0.0
rf,covtype,1,0.0,0.0
rf,covtype,1,0.0,0.0
rf,covtype,1,0.0,0.0
rf,covtype,1,1.7241379310344827,1.6666666666666718
rf,covtype,1,6.896551724137931,9.523809523809524
rf,covtype,1,1.5625,2.3255813953488413
rf,covtype,1,0.0,0.0
rf,covtype,1,0.0,0.0
rf,covtype,1,0.0,0.0
rf,covtype,1,0.0,0.0
rf,covtype,1,0.0,0.0
rf,covtype,1,0.0,0.0
rf,covtype,1,0.0,0.0
rf,covtype,1,0.0,0.0
rf,covtype,1,10.256410256410255,3.877005347593576
rf,covtype,1,3.4482758620689653,-0.2389486260453988
rf,covtype,1,2.6881720430107525,-2.0941968040370074
rf,covtype,1,0.0,0.0
rf,covtype,1,0.0,0.0
rf,covtype,1,0.0,0.0
rf,covtype,1,0.0,0.0
rf,covtype,1,0.0,0.0
rf,covtype,1,0.0,0.0
rf,covtype,1,0.0,0.0
rf,covtype,1,0.0,0.0
rf,covtype,1,0.0,0.0
rf,covtype,1,0.0,0.0
rf,covtype,1,0.0,0.0
rf,covtype,1,0.0,0.0
rf,covtype,1,0.0,0.0
rf,covtype,1,0.0,0.0
rf,covtype,1,0.0,0.0
rf,covtype,1,5.172413793103448,-6.805555555555559
rf,covtype,1,1.9230769230769231,-2.500000000000002
rf,covtype,1,0.0,0.0
rf,covtype,1,0.0,0.0
rf,covtype,1,1.7543859649122806,-1.4285714285714235
rf,covtype,1,3.4482758620689653,-0.36057692307692735
rf,covtype,1,0.0,0.0
rf,covtype,1,0.0,0.0
rf,covtype,1,0.0,0.0
rf,covtype,2,2.0,-0.02725259751319431
rf,covtype,2,0.5,0.7142857142857117
rf,covtype,2,0.5,0.43859649122806044
rf,covtype,2,4.5,-3.3670753730633884
rf,covtype,2,2.5,1.089324618736398
rf,covtype,2,2.564102564102564,1.3157894736842146
rf,covtype,2,0.0,0.0
rf,covtype,2,0.0,0.0
rf,covtype,2,0.0,0.0
rf,covtype,2,0.0,0.0
rf,covtype,2,0.0,0.0
rf,covtype,2,0.0,0.0
rf,covtype,2,20.0,20.000000000000007
rf,covtype,2,0.0,0.0
rf,covtype,2,0.0,0.0
rf,covtype,2,2.564102564102564,1.851851851851849
rf,covtype,2,5.0,2.631578947368418
rf,covtype,2,0.0,0.0
rf,covtype,2,0.0,0.0
rf,covtype,2,0.0,0.0
rf,covtype,2,0.0,0.0
rf,covtype,2,0.0,0.0
rf,covtype,2,0.0,0.0
rf,covtype,2,0.0,0.0
rf,covtype,2,0.0,0.0
rf,covtype,2,0.0,0.0
rf,covtype,2,0.0,0.0
rf,covtype,2,0.0,0.0
rf,covtype,2,0.0,0.0
rf,covtype,2,0.0,0.0
rf,covtype,2,0.0,0.0
rf,covtype,2,0.0,0.0
rf,covtype,2,0.0,0.0
rf,covtype,2,0.0,0.0
rf,covtype,2,0.0,0.0
rf,covtype,2,0.0,0.0
rf,covtype,2,0.0,0.0
rf,covtype,2,0.0,0.0
rf,covtype,2,0.0,0.0
rf,covtype,2,0.0,0.0
rf,covtype,2,0.0,0.0
rf,covtype,2,0.0,0.0
rf,covtype,2,0.0,0.0
rf,covtype,2,0.0,0.0
rf,covtype,2,0.0,0.0
rf,covtype,2,0.0,0.0
rf,covtype,2,0.0,0.0
rf,covtype,2,0.0,0.0
rf,covtype,2,0.0,0.0
rf,covtype,2,0.0,0.0
rf,covtype,2,0.0,0.0
rf,covtype,2,0.0,0.0
rf,covtype,2,0.0,0.0
rf,covtype,2,0.0,0.0
rf,covtype,2,0.0,0.0
rf,covtype,2,0.0,0.0
rf,covtype,2,0.0,0.0
rf,covtype,2,0.0,0.0
rf,covtype,2,0.0,0.0
rf,covtype,2,0.0,0.0
rf,covtype,2,0.0,0.0
rf,covtype,2,0.0,0.0
rf,covtype,2,0.0,0.0
rf,covtype,2,0.0,0.0
rf,covtype,2,0.0,0.0
rf,covtype,2,0.0,0.0
rf,covtype,2,0.0,0.0
rf,covtype,2,1.2987012987012987,1.5625
rf,covtype,2,0.0,0.0
rf,covtype,2,0.0,0.0
rf,covtype,2,0.0,0.0
rf,covtype,2,0.0,0.0
rf,covtype,2,10.0,7.14285714285714
rf,covtype,2,0.0,0.0
rf,covtype,2,0.0,0.0
rf,covtype,2,5.0,6.776556776556775
rf,covtype,2,5.194805194805195,-0.44117647058824483
rf,covtype,2,5.194805194805195,-5.525362318840587
rf,covtype,2,5.952380952380952,0.7352941176470562
rf,covtype,2,2.0,1.7094017094017255
rf,covtype,2,1.7964071856287425,1.0204081632653184
rf,covtype,2,7.042253521126761,-4.225352112676051
rf,covtype,2,2.8169014084507045,-2.0408163265306145
rf,covtype,2,0.0,0.0
rf,covtype,2,11.538461538461538,-7.692307692307687
rf,covtype,2,0.0,0.0
rf,covtype,2,0.0,0.0
rf,covtype,2,5.172413793103448,5.1724137931034475
rf,covtype,2,1.2987012987012987,-1.2987012987012991
rf,covtype,2,6.493506493506493,1.2987012987012991
rf,covtype,2,9.090909090909092,-9.090909090909093
rf,covtype,2,3.896103896103896,-1.2987012987012991
rf,covtype,2,9.090909090909092,-9.090909090909093
rf,covtype,2,5.194805194805195,0.0
rf,covtype,2,3.896103896103896,-3.8961038961038974
rf,covtype,2,7.792207792207792,-7.792207792207795
rf,covtype,2,0.0,0.0
rf,covtype,2,7.6923076923076925,7.692307692307687
rf,covtype,2,4.761904761904762,1.2048192771084376
rf,covtype,2,6.493506493506493,-6.493506493506496
rf,covtype,2,1.2987012987012987,-1.2987012987012991
rf,covtype,2,0.0,0.0
rf,covtype,2,3.8461538461538463,3.8461538461538436
rf,covtype,2,0.0,0.0
rf,covtype,2,0.0,0.0
rf,covtype,2,0.0,0.0
rf,covtype,2,0.0,0.0
rf,covtype,2,0.0,0.0
rf,covtype,2,0.0,0.0
rf,covtype,2,3.896103896103896,-3.8961038961038916
rf,covtype,2,2.5974025974025974,-2.5974025974025983
rf,covtype,2,0.0,0.0
rf,covtype,2,20.3125,-14.0625
rf,covtype,2,6.493506493506493,-6.49350649350649
rf,covtype,2,0.0,0.0
rf,covtype,2,0.0,0.0
rf,covtype,2,0.0,0.0
rf,covtype,2,0.0,0.0
rf,covtype,2,0.0,0.0
rf,covtype,2,0.0,0.0
rf,covtype,2,0.0,0.0
rf,covtype,2,0.0,0.0
rf,covtype,2,0.0,0.0
rf,covtype,2,0.0,0.0
rf,covtype,2,0.0,0.0
rf,covtype,2,0.0,0.0
rf,covtype,2,0.0,0.0
rf,covtype,2,1.4084507042253522,0.78125
rf,covtype,2,5.633802816901409,-3.0303030303030387
rf,covtype,2,4.6875,-3.658536585365857
rf,covtype,2,0.0,0.0
rf,covtype,2,13.725490196078432,-7.777777777777784
rf,covtype,2,0.0,0.0
rf,covtype,2,8.88888888888889,-8.888888888888888
rf,covtype,2,0.0,0.0
rf,covtype,2,7.8431372549019605,-4.081632653061229
rf,covtype,2,0.0,0.0
rf,covtype,2,4.444444444444445,0.0
rf,covtype,2,0.0,0.0
rf,covtype,2,4.444444444444445,-4.4444444444444455
rf,covtype,2,2.8169014084507045,-1.538461538461544
rf,covtype,2,15.625,-11.904761904761896
rf,covtype,2,0.0,0.0
rf,covtype,2,21.568627450980394,-21.568627450980394
rf,covtype,2,0.0,0.0
rf,covtype,2,0.0,0.0
rf,covtype,2,0.0,0.0
rf,covtype,2,0.0,0.0
rf,covtype,2,0.0,0.0
rf,covtype,2,13.223140495867769,10.95890410958904
rf,covtype,2,0.0,0.0
rf,covtype,2,0.0,0.0
rf,covtype,2,1.5,2.1739130434782594
rf,covtype,2,14.84375,11.046511627906973
rf,covtype,2,5.172413793103448,3.5147392290249435
rf,covtype,2,17.24137931034483,-8.974358974358976
rf,covtype,2,3.0,1.2087912087912156
rf,covtype,2,14.0625,6.150793650793646
rf,covtype,2,1.7964071856287425,2.2727272727272707
rf,covtype,2,0.0,0.0
rf,covtype,2,3.4482758620689653,0.0
rf,covtype,2,0.0,0.0
rf,covtype,2,22.727272727272727,-12.5
rf,covtype,2,6.896551724137931,5.128205128205121
rf,covtype,2,0.0,0.0
rf,covtype,2,1.9230769230769231,-1.9230769230769162
rf,covtype,2,0.0,0.0
rf,covtype,2,0.0,0.0
rf,covtype,2,0.0,0.0
rf,covtype,2,0.0,0.0
rf,covtype,2,3.125,3.0303030303030276
rf,covtype,2,0.0,0.0
rf,covtype,2,0.0,0.0
rf,covtype,2,0.0,0.0
rf,covtype,2,9.859154929577464,6.481481481481466
rf,covtype,2,5.527638190954774,7.841474445952057
rf,covtype,2,4.6875,-0.8771929824561431
rf,covtype,2,4.6875,-2.5423728813559254
rf,covtype,2,18.75,-10.526315789473683
rf,covtype,2,15.625,-9.259259259259256
rf,covtype,2,17.24137931034483,-11.904761904761907
rf,covtype,2,7.8125,-4.807692307692313
rf,covtype,2,0.0,0.0
rf,covtype,2,0.0,0.0
rf,covtype,2,0.0,0.0
rf,covtype,2,0.0,0.0
rf,covtype,2,0.0,0.0
rf,covtype,2,0.0,0.0
rf,covtype,2,0.0,0.0
rf,covtype,2,0.0,0.0
rf,covtype,2,2.564102564102564,-1.3157894736842146
rf,covtype,2,0.0,0.0
rf,covtype,2,0.0,0.0
rf,covtype,2,0.0,0.0
rf,covtype,2,0.0,0.0
rf,covtype,2,0.0,0.0
rf,covtype,2,0.0,0.0
rf,covtype,2,0.0,0.0
rf,covtype,2,0.0,0.0
rf,covtype,2,0.0,0.0
rf,covtype,2,2.272727272727273,1.5625
rf,covtype,2,1.9230769230769231,2.631578947368418
rf,covtype,2,3.4482758620689653,0.0
rf,covtype,2,0.0,0.0
rf,covtype,2,1.7241379310344827,1.7857142857142905
rf,covtype,2,0.0,0.0
rf,covtype,2,2.272727272727273,1.4705882352941124
rf,covtype,2,3.125,0.0
rf,covtype,2,0.0,0.0
rf,covtype,2,0.0,0.0
rf,covtype,2,0.0,0.0
rf,covtype,2,3.5000000000000004,1.7006802721088399
rf,covtype,2,2.564102564102564,2.3809523809523836
rf,covtype,2,0.0,0.0
rf,covtype,2,0.0,0.0
rf,covtype,2,0.0,0.0
rf,covtype,2,0.0,0.0
rf,covtype,2,0.0,0.0
rf,covtype,2,0.0,0.0
rf,covtype,2,2.34375,2.2862309480754295
rf,covtype,2,12.82051282051282,-10.416666666666675
rf,covtype,2,0.0,0.0
rf,covtype,2,0.0,0.0
rf,covtype,2,2.7027027027027026,3.9215686274509887
rf,covtype,2,0.0,0.0
rf,covtype,2,0.0,0.0
rf,covtype,2,0.0,0.0
rf,covtype,2,0.0,0.0
rf,covtype,2,0.0,0.0
rf,covtype,2,0.0,0.0
rf,covtype,2,3.125,-2.3809523809523836
rf,covtype,2,0.0,0.0
rf,covtype,2,0.0,0.0
rf,covtype,2,0.0,0.0
rf,covtype,2,0.0,0.0
rf,covtype,2,8.620689655172415,-8.064516129032262
rf,covtype,2,0.0,0.0
rf,covtype,2,0.0,0.0
rf,covtype,2,0.0,0.0
rf,covtype,2,0.0,0.0
rf,covtype,2,0.0,0.0
rf,covtype,2,1.5625,1.3513513513513487
rf,covtype,2,1.7241379310344827,-1.5151515151515138
rf,covtype,2,1.5625,1.4285714285714346
rf,covtype,2,0.0,0.0
rf,covtype,2,0.0,0.0
rf,covtype,2,0.0,0.0
rf,covtype,2,0.0,0.0
rf,covtype,2,0.0,0.0
rf,covtype,2,0.0,0.0
rf,covtype,2,0.0,0.0
rf,covtype,2,1.1904761904761905,-4.999999999999993
rf,covtype,2,0.5,-0.3144654088050314
rf,covtype,2,1.7241379310344827,1.2499999999999956
rf,covtype,2,0.0,0.0
rf,covtype,2,3.125,3.125
rf,covtype,2,0.0,0.0
rf,covtype,2,0.5,1.851851851851849
rf,covtype,2,0.0,0.0
rf,covtype,2,0.0,0.0
rf,covtype,2,0.0,0.0
rf,covtype,2,1.5625,1.3157894736842146
rf,covtype,2,0.0,0.0
rf,covtype,2,0.0,0.0
rf,covtype,2,0.0,0.0
rf,covtype,2,0.0,0.0
rf,covtype,2,0.0,0.0
rf,covtype,2,0.0,0.0
rf,covtype,2,0.0,0.0
rf,covtype,2,0.0,0.0
rf,covtype,2,0.0,0.0
rf,covtype,2,0.0,0.0
rf,covtype,2,0.0,0.0
rf,covtype,2,0.0,0.0
rf,covtype,2,0.0,0.0
rf,covtype,2,0.0,0.0
rf,covtype,2,0.0,0.0
rf,covtype,3,2.0,0.0
rf,covtype,3,0.5,0.34843205574912606
rf,covtype,3,0.5,0.43859649122807154
rf,covtype,3,3.0,2.332420646993194
rf,covtype,3,1.0050251256281406,0.45977011494251485
rf,covtype,3,1.4084507042253522,0.6535947712418277
rf,covtype,3,0.0,0.0
rf,covtype,3,0.0,0.0
rf,covtype,3,0.0,0.0
rf,covtype,3,0.0,0.0
rf,covtype,3,0.0,0.0
rf,covtype,3,0.0,0.0
rf,covtype,3,0.0,0.0
rf,covtype,3,0.0,0.0
rf,covtype,3,0.0,0.0
rf,covtype,3,5.128205128205128,3.7037037037037033
rf,covtype,3,0.0,0.0
rf,covtype,3,0.0,0.0
rf,covtype,3,0.0,0.0
rf,covtype,3,0.0,0.0
rf,covtype,3,0.0,0.0
rf,covtype,3,0.0,0.0
rf,covtype,3,0.0,0.0
rf,covtype,3,0.0,0.0
rf,covtype,3,0.0,0.0
rf,covtype,3,0.0,0.0
rf,covtype,3,0.0,0.0
rf,covtype,3,0.0,0.0
rf,covtype,3,0.0,0.0
rf,covtype,3,0.0,0.0
rf,covtype,3,0.0,0.0
rf,covtype,3,0.0,0.0
rf,covtype,3,0.0,0.0
rf,covtype,3,0.0,0.0
rf,covtype,3,0.0,0.0
rf,covtype,3,0.0,0.0
rf,covtype,3,0.0,0.0
rf,covtype,3,0.0,0.0
rf,covtype,3,0.0,0.0
rf,covtype,3,0.0,0.0
rf,covtype,3,0.0,0.0
rf,covtype,3,0.0,0.0
rf,covtype,3,0.0,0.0
rf,covtype,3,0.0,0.0
rf,covtype,3,0.0,0.0
rf,covtype,3,0.0,0.0
rf,covtype,3,0.0,0.0
rf,covtype,3,0.0,0.0
rf,covtype,3,0.0,0.0
rf,covtype,3,0.0,0.0
rf,covtype,3,0.0,0.0
rf,covtype,3,0.0,0.0
rf,covtype,3,0.0,0.0
rf,covtype,3,0.0,0.0
rf,covtype,3,0.0,0.0
rf,covtype,3,0.0,0.0
rf,covtype,3,0.0,0.0
rf,covtype,3,0.0,0.0
rf,covtype,3,0.0,0.0
rf,covtype,3,0.0,0.0
rf,covtype,3,0.0,0.0
rf,covtype,3,0.0,0.0
rf,covtype,3,0.0,0.0
rf,covtype,3,0.0,0.0
rf,covtype,3,0.0,0.0
rf,covtype,3,0.0,0.0
rf,covtype,3,0.0,0.0
rf,covtype,3,0.0,0.0
rf,covtype,3,0.0,0.0
rf,covtype,3,0.0,0.0
rf,covtype,3,3.8461538461538463,2.777777777777779
rf,covtype,3,0.0,0.0
rf,covtype,3,0.0,0.0
rf,covtype,3,0.0,0.0
rf,covtype,3,0.0,0.0
rf,covtype,3,0.0,0.0
rf,covtype,3,0.0,0.0
rf,covtype,3,1.2987012987012987,-0.7246376811594124
rf,covtype,3,0.0,0.0
rf,covtype,3,3.571428571428571,-0.7042253521126751
rf,covtype,3,5.194805194805195,-1.538461538461544
rf,covtype,3,5.194805194805195,-2.7027027027026973
rf,covtype,3,5.194805194805195,1.8779342723004744
rf,covtype,3,3.896103896103896,-0.5208333333333259
rf,covtype,3,0.0,0.0
rf,covtype,3,3.8461538461538463,3.8461538461538494
rf,covtype,3,6.493506493506493,-3.8961038961038916
rf,covtype,3,0.0,0.0
rf,covtype,3,10.0,9.999999999999998
rf,covtype,3,0.0,0.0
rf,covtype,3,0.0,0.0
rf,covtype,3,11.538461538461538,3.8461538461538547
rf,covtype,3,0.0,0.0
rf,covtype,3,0.0,0.0
rf,covtype,3,0.0,0.0
rf,covtype,3,0.0,0.0
rf,covtype,3,0.0,0.0
rf,covtype,3,11.538461538461538,11.538461538461538
rf,covtype,3,0.0,0.0
rf,covtype,3,6.25,6.25
rf,covtype,3,9.090909090909092,-6.493506493506496
rf,covtype,3,11.688311688311687,9.090909090909093
rf,covtype,3,5.194805194805195,2.5974025974025983
rf,covtype,3,6.493506493506493,-6.493506493506496
rf,covtype,3,0.0,0.0
rf,covtype,3,0.0,0.0
rf,covtype,3,0.0,0.0
rf,covtype,3,2.5974025974025974,33.333333333333336
rf,covtype,3,0.0,0.0
rf,covtype,3,5.769230769230769,5.769230769230771
rf,covtype,3,0.0,0.0
rf,covtype,3,0.0,0.0
rf,covtype,3,0.0,0.0
rf,covtype,3,15.0,15.000000000000002
rf,covtype,3,0.0,0.0
rf,covtype,3,0.0,0.0
rf,covtype,3,2.631578947368421,-2.631578947368418
rf,covtype,3,0.0,0.0
rf,covtype,3,0.0,0.0
rf,covtype,3,0.0,0.0
rf,covtype,3,0.0,0.0
rf,covtype,3,5.194805194805195,-5.1948051948051965
rf,covtype,3,0.0,0.0
rf,covtype,3,9.375,9.375
rf,covtype,3,0.0,0.0
rf,covtype,3,3.125,-3.125
rf,covtype,3,3.896103896103896,-3.8961038961038974
rf,covtype,3,0.0,0.0
rf,covtype,3,1.9230769230769231,-1.9230769230769247
rf,covtype,3,0.0,0.0
rf,covtype,3,5.263157894736842,5.263157894736842
rf,covtype,3,0.0,0.0
rf,covtype,3,5.88235294117647,-3.749999999999998
rf,covtype,3,0.0,0.0
rf,covtype,3,5.263157894736842,0.9615384615384581
rf,covtype,3,0.0,0.0
rf,covtype,3,3.9215686274509802,-2.3809523809523836
rf,covtype,3,0.0,0.0
rf,covtype,3,0.0,0.0
rf,covtype,3,0.0,0.0
rf,covtype,3,0.0,0.0
rf,covtype,3,0.0,0.0
rf,covtype,3,0.0,0.0
rf,covtype,3,0.0,0.0
rf,covtype,3,0.0,0.0
rf,covtype,3,0.0,0.0
rf,covtype,3,0.0,0.0
rf,covtype,3,0.0,0.0
rf,covtype,3,1.9607843137254901,-1.6666666666666663
rf,covtype,3,0.0,0.0
rf,covtype,3,0.0,0.0
rf,covtype,3,0.0,0.0
rf,covtype,3,0.0,0.0
rf,covtype,3,0.0,0.0
rf,covtype,3,0.0,0.0
rf,covtype,3,0.0,0.0
rf,covtype,3,0.0,0.0
rf,covtype,3,0.0,0.0
rf,covtype,3,0.0,0.0
rf,covtype,3,0.0,0.0
rf,covtype,3,6.666666666666667,6.666666666666665
rf,covtype,3,4.6875,5.769230769230759
rf,covtype,3,12.676056338028168,10.97560975609756
rf,covtype,3,4.5,7.14285714285714
rf,covtype,3,2.5,3.6231884057971064
rf,covtype,3,1.5,0.5319148936170248
rf,covtype,3,3.8461538461538463,2.3809523809523725
rf,covtype,3,0.0,0.0
rf,covtype,3,10.256410256410255,6.550802139037437
rf,covtype,3,3.278688524590164,2.7027027027026973
rf,covtype,3,8.620689655172415,-2.3297491039426523
rf,covtype,3,7.8125,5.753968253968256
rf,covtype,3,4.5,4.518103537711382
rf,covtype,3,0.0,0.0
rf,covtype,3,12.068965517241379,8.974358974358964
rf,covtype,3,1.9230769230769231,1.428571428571429
rf,covtype,3,3.4482758620689653,0.11904761904761862
rf,covtype,3,6.896551724137931,4.545454545454547
rf,covtype,3,0.0,0.0
rf,covtype,3,0.0,0.0
rf,covtype,3,1.5625,-1.5151515151515194
rf,covtype,3,0.0,0.0
rf,covtype,3,1.4084507042253522,-1.0204081632653073
rf,covtype,3,0.0,0.0
rf,covtype,3,2.5,3.731343283582089
rf,covtype,3,7.8125,-2.631578947368418
rf,covtype,3,0.0,0.0
rf,covtype,3,9.375,-5.263157894736848
rf,covtype,3,6.25,-3.703703703703709
rf,covtype,3,10.344827586206897,-7.14285714285714
rf,covtype,3,10.9375,-6.730769230769229
rf,covtype,3,0.0,0.0
rf,covtype,3,0.0,0.0
rf,covtype,3,6.25,0.0
rf,covtype,3,0.0,0.0
rf,covtype,3,7.6923076923076925,-1.4285714285714346
rf,covtype,3,0.0,0.0
rf,covtype,3,12.5,-7.692307692307687
rf,covtype,3,0.0,0.0
rf,covtype,3,2.564102564102564,1.3157894736842146
rf,covtype,3,0.0,0.0
rf,covtype,3,0.0,0.0
rf,covtype,3,0.0,0.0
rf,covtype,3,0.0,0.0
rf,covtype,3,0.0,0.0
rf,covtype,3,0.0,0.0
rf,covtype,3,0.0,0.0
rf,covtype,3,0.0,0.0
rf,covtype,3,0.0,0.0
rf,covtype,3,5.263157894736842,4.1666666666666625
rf,covtype,3,0.0,0.0
rf,covtype,3,0.0,0.0
rf,covtype,3,0.0,0.0
rf,covtype,3,0.0,0.0
rf,covtype,3,0.0,0.0
rf,covtype,3,3.5000000000000004,7.801359641850447
rf,covtype,3,5.172413793103448,3.6585365853658516
rf,covtype,3,22.413793103448278,-2.5297619047619015
rf,covtype,3,2.2222222222222223,-1.6129032258064502
rf,covtype,3,0.0,0.0
rf,covtype,3,0.0,0.0
rf,covtype,3,0.0,0.0
rf,covtype,3,0.0,0.0
rf,covtype,3,0.0,0.0
rf,covtype,3,6.25,9.090909090909093
rf,covtype,3,15.517241379310345,-15.517241379310342
rf,covtype,3,9.615384615384617,-2.619047619047615
rf,covtype,3,0.0,0.0
rf,covtype,3,9.375,10.714285714285715
rf,covtype,3,0.0,0.0
rf,covtype,3,0.0,0.0
rf,covtype,3,3.4482758620689653,2.94117647058823
rf,covtype,3,5.172413793103448,-1.6666666666666663
rf,covtype,3,1.7241379310344827,2.3809523809523836
rf,covtype,3,3.4482758620689653,-2.6315789473684292
rf,covtype,3,1.7241379310344827,-1.2820512820512775
rf,covtype,3,1.9230769230769231,-2.3809523809523836
rf,covtype,3,0.0,0.0
rf,covtype,3,0.0,0.0
rf,covtype,3,0.0,0.0
rf,covtype,3,0.0,0.0
rf,covtype,3,1.7241379310344827,-1.6129032258064613
rf,covtype,3,3.125,2.857142857142858
rf,covtype,3,1.7241379310344827,1.6666666666666718
rf,covtype,3,4.6875,1.4173998044965774
rf,covtype,3,1.7241379310344827,-1.6666666666666663
rf,covtype,3,0.0,0.0
rf,covtype,3,0.0,0.0
rf,covtype,3,0.0,0.0
rf,covtype,3,0.0,0.0
rf,covtype,3,0.0,0.0
rf,covtype,3,0.0,0.0
rf,covtype,3,0.0,0.0
rf,covtype,3,0.0,0.0
rf,covtype,3,0.0,0.0
rf,covtype,3,0.0,0.0
rf,covtype,3,0.0,0.0
rf,covtype,3,1.2987012987012987,-5.000000000000004
rf,covtype,3,0.0,0.0
rf,covtype,3,1.0416666666666665,1.2820512820512775
rf,covtype,3,0.0,0.0
rf,covtype,3,0.0,0.0
rf,covtype,3,0.0,0.0
rf,covtype,3,0.0,0.0
rf,covtype,3,0.0,0.0
rf,covtype,3,0.0,0.0
rf,covtype,3,0.0,0.0
rf,covtype,3,0.0,0.0
rf,covtype,3,0.0,0.0
rf,covtype,3,0.0,0.0
rf,covtype,3,0.0,0.0
rf,covtype,3,0.0,0.0
rf,covtype,3,0.0,0.0
rf,covtype,3,0.0,0.0
rf,covtype,3,0.0,0.0
rf,covtype,3,0.0,0.0
rf,covtype,3,0.0,0.0
rf,covtype,3,0.0,0.0
rf,covtype,3,0.0,0.0
rf,covtype,3,0.0,0.0
rf,covtype,3,0.0,0.0
rf,covtype,3,0.0,0.0
rf,covtype,3,0.0,0.0
rf,covtype,3,0.0,0.0
rf,covtype,3,8.620689655172415,-7.142857142857151
rf,covtype,3,3.4482758620689653,3.125
rf,covtype,3,7.6923076923076925,-6.451612903225801
rf,covtype,3,5.172413793103448,0.3217503217503248
rf,covtype,3,1.9230769230769231,-1.5625
rf,covtype,4,1.5,0.27548209366391463
rf,covtype,4,1.0,-1.184780132148533
rf,covtype,4,1.5,-0.02564102564103221
rf,covtype,4,1.5,0.5714285714285672
rf,covtype,4,1.5,0.6535947712418277
rf,covtype,4,0.0,0.0
rf,covtype,4,0.0,0.0
rf,covtype,4,0.0,0.0
rf,covtype,4,0.0,0.0
rf,covtype,4,0.0,0.0
rf,covtype,4,2.564102564102564,-1.3888888888889062
rf,covtype,4,0.0,0.0
rf,covtype,4,3.125,1.9999999999999907
rf,covtype,4,0.0,0.0
rf,covtype,4,2.2222222222222223,-11.111111111111116
rf,covtype,4,0.0,0.0
rf,covtype,4,0.0,0.0
rf,covtype,4,0.0,0.0
rf,covtype,4,0.0,0.0
rf,covtype,4,0.0,0.0
rf,covtype,4,0.0,0.0
rf,covtype,4,0.0,0.0
rf,covtype,4,0.0,0.0
rf,covtype,4,0.0,0.0
rf,covtype,4,0.0,0.0
rf,covtype,4,0.0,0.0
rf,covtype,4,0.0,0.0
rf,covtype,4,0.0,0.0
rf,covtype,4,0.0,0.0
rf,covtype,4,0.0,0.0
rf,covtype,4,0.0,0.0
rf,covtype,4,0.0,0.0
rf,covtype,4,0.0,0.0
rf,covtype,4,0.0,0.0
rf,covtype,4,0.0,0.0
rf,covtype,4,0.0,0.0
rf,covtype,4,0.0,0.0
rf,covtype,4,0.0,0.0
rf,covtype,4,0.0,0.0
rf,covtype,4,0.0,0.0
rf,covtype,4,0.0,0.0
rf,covtype,4,0.0,0.0
rf,covtype,4,0.0,0.0
rf,covtype,4,0.0,0.0
rf,covtype,4,0.0,0.0
rf,covtype,4,0.0,0.0
rf,covtype,4,0.0,0.0
rf,covtype,4,0.0,0.0
rf,covtype,4,0.0,0.0
rf,covtype,4,0.0,0.0
rf,covtype,4,6.25,0.7936507936507964
rf,covtype,4,8.620689655172415,2.763157894736834
rf,covtype,4,7.6923076923076925,5.882352941176472
rf,covtype,4,7.6923076923076925,-5.1428571428571495
rf,covtype,4,3.125,0.6072874493927127
rf,covtype,4,4.6875,1.862745098039209
rf,covtype,4,1.4084507042253522,-1.4705882352941235
rf,covtype,4,9.859154929577464,-0.41050903119868587
rf,covtype,4,0.0,0.0
rf,covtype,4,0.0,0.0
rf,covtype,4,0.0,0.0
rf,covtype,4,2.5974025974025974,0.9426847662141746
rf,covtype,4,0.0,0.0
rf,covtype,4,0.0,0.0
rf,covtype,4,0.0,0.0
rf,covtype,4,0.0,0.0
rf,covtype,4,0.0,0.0
rf,covtype,4,0.0,0.0
rf,covtype,4,0.0,0.0
rf,covtype,4,0.0,0.0
rf,covtype,4,0.0,0.0
rf,covtype,4,0.0,0.0
rf,covtype,4,0.0,0.0
rf,covtype,4,5.0,5.0
rf,covtype,4,0.0,0.0
rf,covtype,4,15.0,15.0
rf,covtype,4,0.0,0.0
rf,covtype,4,0.0,0.0
rf,covtype,4,0.0,0.0
rf,covtype,4,0.0,0.0
rf,covtype,4,15.384615384615385,-5.128205128205132
rf,covtype,4,0.0,0.0
rf,covtype,4,10.256410256410255,-10.256410256410254
rf,covtype,4,9.090909090909092,2.564102564102555
rf,covtype,4,15.476190476190476,-0.694444444444442
rf,covtype,4,5.0,10.416666666666663
rf,covtype,4,6.358381502890173,5.392156862745101
rf,covtype,4,4.964539007092199,8.536585365853655
rf,covtype,4,7.777777777777778,7.777777777777784
rf,covtype,4,0.0,0.0
rf,covtype,4,2.5974025974025974,2.5974025974025983
rf,covtype,4,3.571428571428571,-2.586206896551735
rf,covtype,4,0.0,0.0
rf,covtype,4,11.267605633802818,-11.267605633802813
rf,covtype,4,2.5974025974025974,0.0
rf,covtype,4,1.2987012987012987,-1.2987012987012991
rf,covtype,4,0.0,0.0
rf,covtype,4,7.6923076923076925,7.6923076923076925
rf,covtype,4,0.0,0.0
rf,covtype,4,0.0,0.0
rf,covtype,4,1.2987012987012987,-0.6578947368421129
rf,covtype,4,0.0,0.0
rf,covtype,4,1.2987012987012987,-1.2987012987012936
rf,covtype,4,0.0,0.0
rf,covtype,4,0.0,0.0
rf,covtype,4,0.0,0.0
rf,covtype,4,5.769230769230769,-5.769230769230771
rf,covtype,4,0.0,0.0
rf,covtype,4,0.0,0.0
rf,covtype,4,0.0,0.0
rf,covtype,4,0.0,0.0
rf,covtype,4,0.0,0.0
rf,covtype,4,3.1746031746031744,-3.1746031746031744
rf,covtype,4,0.0,0.0
rf,covtype,4,0.0,0.0
rf,covtype,4,6.578947368421052,-6.578947368421051
rf,covtype,4,0.0,0.0
rf,covtype,4,1.9230769230769231,-1.9230769230769218
rf,covtype,4,0.0,0.0
rf,covtype,4,0.0,0.0
rf,covtype,4,0.0,0.0
rf,covtype,4,0.0,0.0
rf,covtype,4,0.0,0.0
rf,covtype,4,0.0,0.0
rf,covtype,4,0.0,0.0
rf,covtype,4,0.0,0.0
rf,covtype,4,0.0,0.0
rf,covtype,4,5.0,5.0
rf,covtype,4,0.0,0.0
rf,covtype,4,3.571428571428571,-3.5714285714285756
rf,covtype,4,0.0,0.0
rf,covtype,4,8.771929824561402,-8.771929824561402
rf,covtype,4,0.0,0.0
rf,covtype,4,2.2222222222222223,-2.2222222222222197
rf,covtype,4,0.0,0.0
rf,covtype,4,9.803921568627452,-5.952380952380953
rf,covtype,4,0.0,0.0
rf,covtype,4,3.9215686274509802,-2.4390243902439046
rf,covtype,4,0.0,0.0
rf,covtype,4,1.9607843137254901,-1.2195121951219523
rf,covtype,4,0.0,0.0
rf,covtype,4,1.9607843137254901,1.1111111111111072
rf,covtype,4,0.0,0.0
rf,covtype,4,2.564102564102564,-2.777777777777779
rf,covtype,4,0.0,0.0
rf,covtype,4,0.0,0.0
rf,covtype,4,0.0,0.0
rf,covtype,4,0.0,0.0
rf,covtype,4,0.0,0.0
rf,covtype,4,1.9607843137254901,-2.0000000000000018
rf,covtype,4,0.0,0.0
rf,covtype,4,0.0,0.0
rf,covtype,4,0.0,0.0
rf,covtype,4,0.0,0.0
rf,covtype,4,0.0,0.0
rf,covtype,4,0.0,0.0
rf,covtype,4,0.0,0.0
rf,covtype,4,0.0,0.0
rf,covtype,4,0.0,0.0
rf,covtype,4,15.555555555555555,15.555555555555559
rf,covtype,4,6.25,-3.8461538461538436
rf,covtype,4,14.084507042253522,12.195121951219512
rf,covtype,4,6.0,7.407407407407418
rf,covtype,4,9.5,8.636363636363642
rf,covtype,4,4.310344827586207,2.941176470588225
rf,covtype,4,7.6923076923076925,0.0
rf,covtype,4,3.225806451612903,1.9230769230769273
rf,covtype,4,1.9230769230769231,1.0204081632653073
rf,covtype,4,0.0,0.0
rf,covtype,4,12.068965517241379,2.3989898989899006
rf,covtype,4,4.6875,1.470588235294118
rf,covtype,4,0.0,0.0
rf,covtype,4,11.538461538461538,3.8461538461538436
rf,covtype,4,1.7241379310344827,1.6129032258064502
rf,covtype,4,3.125,2.777777777777779
rf,covtype,4,1.5,1.851851851851849
rf,covtype,4,0.0,0.0
rf,covtype,4,12.068965517241379,8.974358974358976
rf,covtype,4,0.0,0.0
rf,covtype,4,0.0,0.0
rf,covtype,4,0.0,0.0
rf,covtype,4,0.0,0.0
rf,covtype,4,0.0,0.0
rf,covtype,4,3.8461538461538463,-12.5
rf,covtype,4,0.0,0.0
rf,covtype,4,0.0,0.0
rf,covtype,4,0.0,0.0
rf,covtype,4,11.538461538461538,11.904761904761907
rf,covtype,4,10.714285714285714,8.333333333333337
rf,covtype,4,4.225352112676056,0.9433962264151052
rf,covtype,4,15.625,-9.259259259259256
rf,covtype,4,4.6875,-2.9999999999999916
rf,covtype,4,7.8125,-6.578947368421051
rf,covtype,4,0.0,0.0
rf,covtype,4,7.6923076923076925,-7.6923076923076925
rf,covtype,4,0.0,0.0
rf,covtype,4,9.090909090909092,-7.9999999999999964
rf,covtype,4,0.0,0.0
rf,covtype,4,6.8181818181818175,-5.555555555555558
rf,covtype,4,0.0,0.0
rf,covtype,4,4.545454545454546,-3.4482758620689613
rf,covtype,4,0.0,0.0
rf,covtype,4,2.272727272727273,-1.4285714285714235
rf,covtype,4,0.0,0.0
rf,covtype,4,5.128205128205128,5.128205128205129
rf,covtype,4,0.0,0.0
rf,covtype,4,0.0,0.0
rf,covtype,4,0.0,0.0
rf,covtype,4,0.0,0.0
rf,covtype,4,6.25,-6.25
rf,covtype,4,0.0,0.0
rf,covtype,4,38.46153846153847,21.42857142857143
rf,covtype,4,0.0,0.0
rf,covtype,4,7.6923076923076925,4.6875
rf,covtype,4,0.0,0.0
rf,covtype,4,9.375,4.8387096774193505
rf,covtype,4,0.0,0.0
rf,covtype,4,31.25,-18.518518518518523
rf,covtype,4,0.0,0.0
rf,covtype,4,0.0,0.0
rf,covtype,4,0.0,0.0
rf,covtype,4,0.0,0.0
rf,covtype,4,0.0,0.0
rf,covtype,4,0.0,0.0
rf,covtype,4,9.375,11.194029850746269
rf,covtype,4,4.310344827586207,4.15173237753883
rf,covtype,4,5.172413793103448,4.4117647058823595
rf,covtype,4,0.0,0.0
rf,covtype,4,0.0,0.0
rf,covtype,4,1.7241379310344827,-1.724137931034475
rf,covtype,4,3.4482758620689653,-4.545454545454552
rf,covtype,4,3.4482758620689653,1.3495276653171406
rf,covtype,4,6.896551724137931,2.325581395348836
rf,covtype,4,3.4482758620689653,-2.4390243902439046
rf,covtype,4,8.620689655172415,3.57142857142857
rf,covtype,4,10.344827586206897,7.3170731707317085
rf,covtype,4,3.4482758620689653,2.898550724637683
rf,covtype,4,2.564102564102564,-1.6666666666666718
rf,covtype,4,0.0,0.0
rf,covtype,4,3.4482758620689653,3.448275862068967
rf,covtype,4,0.0,0.0
rf,covtype,4,0.0,0.0
rf,covtype,4,0.0,0.0
rf,covtype,4,0.0,0.0
rf,covtype,4,0.0,0.0
rf,covtype,4,0.0,0.0
rf,covtype,4,0.0,0.0
rf,covtype,4,0.0,0.0
rf,covtype,4,0.0,0.0
rf,covtype,4,0.0,0.0
rf,covtype,4,0.0,0.0
rf,covtype,4,0.0,0.0
rf,covtype,4,0.0,0.0
rf,covtype,4,0.0,0.0
rf,covtype,4,0.0,0.0
rf,covtype,4,0.0,0.0
rf,covtype,4,1.7241379310344827,1.6129032258064502
rf,covtype,4,18.96551724137931,28.192252510760408
rf,covtype,4,0.0,0.0
rf,covtype,4,0.0,0.0
rf,covtype,4,3.125,-3.0303030303030276
rf,covtype,4,1.7241379310344827,1.6666666666666663
rf,covtype,4,0.0,0.0
rf,covtype,4,0.0,0.0
rf,covtype,4,0.0,0.0
rf,covtype,4,0.0,0.0
rf,covtype,4,0.0,0.0
rf,covtype,4,0.0,0.0
rf,covtype,4,0.0,0.0
rf,covtype,4,0.0,0.0
rf,covtype,4,0.0,0.0
rf,covtype,4,0.0,0.0
rf,covtype,4,0.0,0.0
rf,covtype,4,0.0,0.0
rf,covtype,4,0.0,0.0
rf,covtype,4,6.896551724137931,5.882352941176472
rf,covtype,4,8.620689655172415,-7.14285714285714
rf,covtype,4,0.0,0.0
rf,covtype,4,0.0,0.0
rf,covtype,4,0.0,0.0
rf,covtype,4,0.0,0.0
rf,covtype,4,0.0,0.0
rf,covtype,4,0.0,0.0
rf,covtype,4,0.0,0.0
rf,covtype,4,0.0,0.0
rf,covtype,4,0.0,0.0
rf,covtype,4,0.0,0.0
rf,covtype,4,0.0,0.0
rf,covtype,4,0.0,0.0
rf,covtype,4,0.0,0.0
rf,covtype,4,2.2222222222222223,-2.941176470588236
rf,covtype,4,0.0,0.0
rf,covtype,4,0.0,0.0
rf,covtype,4,0.0,0.0
rf,covtype,4,0.0,0.0
rf,covtype,4,3.508771929824561,-5.882352941176472
rf,covtype,4,1.9230769230769231,2.500000000000002
rf,covtype,4,0.0,0.0
rf,covtype,4,0.0,0.0
rf,covtype,4,1.7543859649122806,-1.4285714285714346
rf,covtype,4,0.0,0.0
rf,covtype,4,1.9230769230769231,-1.6129032258064613
rf,covtype,4,1.7241379310344827,-2.3809523809523836
rf,covtype,4,0.0,0.0
rf,insects_abrupt,0,1.5,-0.05835667600373462
rf,insects_abrupt,0,1.5,0.4901960784313736
rf,insects_abrupt,0,1.0,1.4492753623188415
rf,insects_abrupt,0,2.5,-0.5590763403263421
rf,insects_abrupt,0,1.0,0.7575757575757569
rf,insects_abrupt,0,0.9708737864077669,0.0
rf,insects_abrupt,0,1.0,0.2889129649693012
rf,insects_abrupt,0,1.5,-0.19201228878648058
rf,insects_abrupt,1,1.0,0.5952380952380931
rf,insects_abrupt,1,1.5,0.0
rf,insects_abrupt,1,0.0,0.0
rf,insects_abrupt,1,2.5,1.628969988344986
rf,insects_abrupt,1,0.0,0.0
rf,insects_abrupt,1,4.854368932038835,-2.0085470085470014
rf,insects_abrupt,1,4.0,0.9266429638288276
rf,insects_abrupt,1,2.5,-1.0563380281690127
rf,insects_abrupt,1,3.0,0.27095067417647334
rf,insects_abrupt,2,2.5,1.4841789943209949
rf,insects_abrupt,2,1.0,0.0
rf,insects_abrupt,2,0.0,0.0
rf,insects_abrupt,2,1.0,1.7795138888888895
rf,insects_abrupt,2,1.0,-0.6410256410256443
rf,insects_abrupt,2,0.9708737864077669,0.2564102564102555
rf,insects_abrupt,2,3.0,0.4948745139625288
rf,insects_abrupt,2,3.5000000000000004,0.6016385048643214
rf,insects_abrupt,3,1.0,0.4901960784313708
rf,insects_abrupt,3,1.0,0.4901960784313708
rf,insects_abrupt,3,1.0,0.724637681159418
rf,insects_abrupt,3,1.0,0.8713942307692346
rf,insects_abrupt,3,2.0,-0.11655011655011815
rf,insects_abrupt,3,3.8834951456310676,1.025641025641022
rf,insects_abrupt,3,1.5,0.39215686274509665
rf,insects_abrupt,3,1.5,-0.7042253521126751
rf,insects_abrupt,3,3.0,-0.7275132275132323
rf,insects_abrupt,4,0.5,0.4901960784313708
rf,insects_abrupt,4,0.5,0.0
rf,insects_abrupt,4,0.0,0.0
rf,insects_abrupt,4,2.0,1.2383449883449915
rf,insects_abrupt,4,2.0,0.0
rf,insects_abrupt,4,0.9708737864077669,0.2564102564102555
rf,insects_abrupt,4,3.5000000000000004,0.6382404013119736
rf,insects_abrupt,4,4.5,2.9228537293053525
rf,insects_gradual,0,0.0,0.0
rf,insects_gradual,0,0.0,0.0
rf,insects_gradual,0,0.0,0.0
rf,insects_gradual,0,0.5,0.0
rf,insects_gradual,0,5.0,0.0
rf,insects_gradual,0,1.0,-0.6666666666666654
rf,insects_gradual,0,2.5974025974025974,0.0
rf,insects_gradual,1,0.0,0.0
rf,insects_gradual,1,1.0,0.0
rf,insects_gradual,1,0.0,0.0
rf,insects_gradual,1,0.0,0.0
rf,insects_gradual,1,5.0,0.0
rf,insects_gradual,1,2.5,-0.26881720430107503
rf,insects_gradual,1,2.5974025974025974,0.0
rf,insects_gradual,2,0.0,0.0
rf,insects_gradual,2,1.0,1.5873015873015817
rf,insects_gradual,2,0.0,0.0
rf,insects_gradual,2,0.0,0.0
rf,insects_gradual,2,5.0,0.0
rf,insects_gradual,2,1.5,0.0
rf,insects_gradual,2,1.4084507042253522,0.0
rf,insects_gradual,3,0.5780346820809248,-1.3333333333333308
rf,insects_gradual,3,0.5,0.0
rf,insects_gradual,3,0.0,0.0
rf,insects_gradual,3,0.0,0.0
rf,insects_gradual,3,0.0,0.0
rf,insects_gradual,3,1.0,0.0
rf,insects_gradual,3,6.493506493506493,0.0
rf,insects_gradual,4,0.0,0.0
rf,insects_gradual,4,1.0,0.7936507936507908
rf,insects_gradual,4,0.0,0.0
rf,insects_gradual,4,0.5,-0.8771929824561431
rf,insects_gradual,4,0.0,0.0
rf,insects_gradual,4,2.0,1.0339654987678137
rf,insects_gradual,4,2.5974025974025974,0.0
rf,insects_incremental,0,3.5000000000000004,-0.844017094017091
rf,insects_incremental,0,4.0,1.382243487506643
rf,insects_incremental,0,5.0,1.1529688949043784
rf,insects_incremental,0,5.0,1.6945516945516936
rf,insects_incremental,1,4.0,-0.45045045045044585
rf,insects_incremental,1,4.5,-0.5787037037037007
rf,insects_incremental,1,6.0,2.8263223816887786
rf,insects_incremental,1,6.0,1.010101010101014
rf,insects_incremental,2,5.0,1.5625
rf,insects_incremental,2,2.5,0.9015594541910366
rf,insects_incremental,2,5.5,1.5900573192239893
rf,insects_incremental,2,2.5,1.4059514059514084
rf,insects_incremental,3,3.0,2.5587648304678687
rf,insects_incremental,3,7.000000000000001,4.638767056530218
rf,insects_incremental,3,5.5,1.5909090909090928
rf,insects_incremental,3,7.000000000000001,2.2582105915439272
rf,insects_incremental,4,5.5,0.6157819387797137
rf,insects_incremental,4,4.5,1.5309343434343452
rf,insects_incremental,4,4.5,2.4509803921568625
rf,insects_incremental,4,3.5000000000000004,2.64550264550264
sgd,elec2,0,0.5988023952095809,0.5988023952095856
sgd,elec2,0,0.0,0.0
sgd,elec2,0,70.0,-6.000000000000005
sgd,elec2,0,75.55555555555556,71.1111111111111
sgd,elec2,0,1.1111111111111112,1.1111111111111127
sgd,elec2,0,84.48275862068965,32.758620689655174
sgd,elec2,0,23.5,17.500000000000004
sgd,elec2,0,76.92307692307693,76.92307692307692
sgd,elec2,0,27.586206896551722,27.58620689655172
sgd,elec2,0,0.0,0.0
sgd,elec2,0,26.923076923076923,-26.923076923076927
sgd,elec2,0,59.798994974874375,-9.547738693467334
sgd,elec2,0,0.0,0.0
sgd,elec2,0,20.0,-20.0
sgd,elec2,0,14.583333333333334,8.333333333333332
sgd,elec2,0,18.75,18.75
sgd,elec2,0,12.068965517241379,-8.62068965517241
sgd,elec2,0,3.278688524590164,-3.2786885245901676
sgd,elec2,0,57.03703703703704,27.407407407407412
sgd,elec2,0,37.0,10.999999999999998
sgd,elec2,0,0.0,0.0
sgd,elec2,0,43.75,-12.5
sgd,elec2,0,29.5,24.50000000000001
sgd,elec2,0,5.0,4.999999999999999
sgd,elec2,0,34.21052631578947,-28.947368421052634
sgd,elec2,0,8.854166666666668,-1.5625
sgd,elec2,0,22.535211267605636,-5.633802816901401
sgd,elec2,0,21.5,3.500000000000003
sgd,elec2,0,3.8461538461538463,0.0
sgd,elec2,0,3.896103896103896,1.2987012987012991
sgd,elec2,0,7.792207792207792,-7.792207792207795
sgd,elec2,0,0.0,0.0
sgd,elec2,0,78.125,-53.125
sgd,elec2,0,88.73239436619718,74.64788732394366
sgd,elec2,0,9.375,9.375
sgd,elec2,0,1.0416666666666665,1.041666666666663
sgd,elec2,0,6.896551724137931,3.448275862068967
sgd,elec2,0,25.24271844660194,21.359223300970875
sgd,elec2,0,33.0,20.000000000000007
sgd,elec2,0,9.375,9.375
sgd,elec2,0,1.0,0.0
sgd,elec2,0,8.60215053763441,-5.376344086021501
sgd,elec2,0,28.499999999999996,-8.499999999999996
sgd,elec2,0,48.717948717948715,48.71794871794872
sgd,elec2,0,24.113475177304963,-12.765957446808507
sgd,elec2,0,26.72413793103448,-6.03448275862069
sgd,elec2,0,47.0,30.999999999999993
sgd,elec2,0,11.5,-0.5000000000000004
sgd,elec2,0,32.467532467532465,19.480519480519487
sgd,elec2,0,4.5,4.499999999999993
sgd,elec2,0,63.46153846153846,-44.23076923076923
sgd,elec2,0,29.126213592233007,29.126213592233007
sgd,elec2,0,53.5,38.5
sgd,elec2,0,11.650485436893204,7.7669902912621325
sgd,elec2,0,1.5625,1.5625
sgd,elec2,0,4.761904761904762,0.0
sgd,elec2,0,2.564102564102564,-2.564102564102566
sgd,elec2,0,22.916666666666664,12.5
sgd,elec2,0,23.958333333333336,-5.208333333333326
sgd,elec2,0,60.0,51.11111111111112
sgd,elec2,0,7.801418439716312,3.546099290780147
sgd,elec2,0,50.0,50.0
sgd,elec2,0,19.607843137254903,-19.6078431372549
sgd,elec2,0,7.6923076923076925,-7.692307692307687
sgd,elec2,1,1.1976047904191618,0.0
sgd,elec2,1,0.0,0.0
sgd,elec2,1,46.875,34.375
sgd,elec2,1,16.312056737588655,-4.964539007092195
sgd,elec2,1,42.22222222222222,-42.222222222222214
sgd,elec2,1,33.33333333333333,2.2222222222222254
sgd,elec2,1,92.1875,39.0625
sgd,elec2,1,2.6881720430107525,-1.6129032258064502
sgd,elec2,1,11.25,11.250000000000004
sgd,elec2,1,25.862068965517242,25.862068965517242
sgd,elec2,1,6.5,-6.500000000000005
sgd,elec2,1,12.068965517241379,12.068965517241375
sgd,elec2,1,71.85185185185186,18.518518518518523
sgd,elec2,1,15.555555555555555,-6.666666666666677
sgd,elec2,1,60.0,-51.11111111111112
sgd,elec2,1,50.0,14.935064935064934
sgd,elec2,1,38.297872340425535,12.765957446808507
sgd,elec2,1,9.70873786407767,-9.708737864077671
sgd,elec2,1,1.1904761904761905,-1.1904761904761862
sgd,elec2,1,0.8620689655172413,-0.8620689655172487
sgd,elec2,1,23.958333333333336,-3.125
sgd,elec2,1,60.19417475728155,-54.36893203883495
sgd,elec2,1,50.0,-26.923076923076927
sgd,elec2,1,3.125,1.5625
sgd,elec2,1,3.5000000000000004,-1.5000000000000013
sgd,elec2,1,48.717948717948715,-12.82051282051282
sgd,elec2,1,8.620689655172415,-1.7241379310344862
sgd,elec2,1,17.24137931034483,12.068965517241375
sgd,elec2,1,11.5,-0.5000000000000004
sgd,elec2,1,6.756756756756757,-5.405405405405405
sgd,elec2,1,51.298701298701296,-5.844155844155841
sgd,elec2,1,35.55555555555556,-17.777777777777782
sgd,elec2,1,0.0,0.0
sgd,elec2,1,0.0,0.0
sgd,elec2,1,12.82051282051282,-12.82051282051282
sgd,elec2,1,52.42718446601942,17.47572815533981
sgd,elec2,1,9.859154929577464,-1.4084507042253502
sgd,elec2,1,0.0,0.0
sgd,elec2,1,0.7407407407407408,0.7407407407407418
sgd,elec2,1,0.0,0.0
sgd,elec2,1,8.5,6.500000000000005
sgd,elec2,1,62.22222222222222,48.88888888888889
sgd,elec2,1,93.75,62.5
sgd,elec2,1,67.53246753246754,51.94805194805194
sgd,elec2,1,14.499999999999998,0.5000000000000004
sgd,elec2,1,59.22330097087378,2.9126213592232997
sgd,elec2,1,41.5,7.499999999999996
sgd,elec2,1,9.5,0.5000000000000004
sgd,elec2,1,21.875,-7.2916666666666625
sgd,elec2,1,0.0,0.0
sgd,elec2,1,9.248554913294797,9.248554913294804
sgd,elec2,1,0.0,0.0
sgd,elec2,1,11.267605633802818,-5.633802816901401
sgd,elec2,1,45.16129032258064,-15.053763440860212
sgd,elec2,1,55.46875,50.78125
sgd,elec2,1,39.5,-12.5
sgd,elec2,1,15.384615384615385,15.384615384615385
sgd,elec2,1,41.0,20.999999999999996
sgd,elec2,1,16.89189189189189,16.89189189189189
sgd,elec2,1,0.0,0.0
sgd,elec2,1,17.964071856287426,13.173652694610782
sgd,elec2,1,3.125,1.041666666666674
sgd,elec2,1,0.0,0.0
sgd,elec2,1,31.03448275862069,-8.62068965517241
sgd,elec2,1,28.57142857142857,24.675324675324685
sgd,elec2,1,41.02564102564102,-25.64102564102565
sgd,elec2,1,18.91891891891892,-4.054054054054057
sgd,elec2,1,2.34375,-0.78125
sgd,elec2,1,0.0,0.0
sgd,elec2,1,0.0,0.0
sgd,elec2,2,0.5988023952095809,-0.5988023952095856
sgd,elec2,2,0.0,0.0
sgd,elec2,2,2.0,-2.0000000000000018
sgd,elec2,2,8.620689655172415,-8.62068965517241
sgd,elec2,2,76.5625,48.4375
sgd,elec2,2,21.5,16.499999999999993
sgd,elec2,2,20.5,14.499999999999991
sgd,elec2,2,1.9230769230769231,-1.9230769230769218
sgd,elec2,2,7.6923076923076925,-2.564102564102566
sgd,elec2,2,96.15384615384616,-88.46153846153845
sgd,elec2,2,0.0,0.0
sgd,elec2,2,17.77777777777778,-17.77777777777777
sgd,elec2,2,56.25,-46.875
sgd,elec2,2,84.94623655913979,15.053763440860212
sgd,elec2,2,20.12987012987013,-4.545454545454552
sgd,elec2,2,15.0,-15.000000000000002
sgd,elec2,2,48.95833333333333,-38.54166666666667
sgd,elec2,2,16.0,9.000000000000007
sgd,elec2,2,75.0,25.0
sgd,elec2,2,3.90625,2.34375
sgd,elec2,2,48.717948717948715,-12.82051282051282
sgd,elec2,2,6.896551724137931,-3.4482758620689613
sgd,elec2,2,17.24137931034483,13.793103448275856
sgd,elec2,2,24.444444444444443,15.555555555555555
sgd,elec2,2,3.8461538461538463,0.0
sgd,elec2,2,0.0,0.0
sgd,elec2,2,36.53846153846153,-28.846153846153843
sgd,elec2,2,74.07407407407408,-38.518518518518526
sgd,elec2,2,1.1111111111111112,1.1111111111111072
sgd,elec2,2,55.172413793103445,51.72413793103448
sgd,elec2,2,1.9417475728155338,1.9417475728155331
sgd,elec2,2,3.8461538461538463,0.0
sgd,elec2,2,16.0,15.000000000000002
sgd,elec2,2,8.0,-7.000000000000006
sgd,elec2,2,10.0,-2.9999999999999916
sgd,elec2,2,0.0,0.0
sgd,elec2,2,59.61538461538461,-25.0
sgd,elec2,2,40.625,26.041666666666668
sgd,elec2,2,19.672131147540984,-4.918032786885246
sgd,elec2,2,0.0,0.0
sgd,elec2,2,65.55555555555556,-18.88888888888889
sgd,elec2,2,8.441558441558442,-1.9480519480519543
sgd,elec2,2,1.0,-1.0000000000000009
sgd,elec2,2,0.0,0.0
sgd,elec2,2,51.041666666666664,-29.166666666666668
sgd,elec2,2,68.75,35.0
sgd,elec2,2,22.2972972972973,2.0270270270270174
sgd,elec2,2,30.952380952380953,16.666666666666664
sgd,elec2,2,23.5,-23.5
sgd,elec2,2,3.8461538461538463,-3.8461538461538436
sgd,elec2,2,30.985915492957744,-19.718309859154925
sgd,elec2,2,13.793103448275861,13.793103448275861
sgd,elec2,2,13.750000000000002,3.749999999999998
sgd,elec2,2,5.633802816901409,5.633802816901412
sgd,elec2,2,1.7241379310344827,-1.7241379310344862
sgd,elec2,2,1.4084507042253522,1.4084507042253502
sgd,elec2,2,71.875,-71.875
sgd,elec2,2,9.5,9.499999999999996
sgd,elec2,2,0.0,0.0
sgd,elec2,2,50.0,-19.23076923076923
sgd,elec2,2,7.6923076923076925,7.692307692307699
sgd,elec2,2,3.8461538461538463,3.8461538461538436
sgd,elec2,3,1.7964071856287425,-0.5988023952095856
sgd,elec2,3,0.0,0.0
sgd,elec2,3,29.6875,23.4375
sgd,elec2,3,78.03468208092485,0.578034682080919
sgd,elec2,3,9.5,3.500000000000003
sgd,elec2,3,12.068965517241379,5.1724137931034475
sgd,elec2,3,34.48275862068966,-34.48275862068966
sgd,elec2,3,11.11111111111111,-6.666666666666665
sgd,elec2,3,59.2814371257485,19.760479041916174
sgd,elec2,3,28.90625,28.90625
sgd,elec2,3,49.629629629629626,21.48148148148148
sgd,elec2,3,22.22222222222222,-17.777777777777782
sgd,elec2,3,49.35064935064935,-15.58441558441559
sgd,elec2,3,18.96551724137931,-5.1724137931034475
sgd,elec2,3,19.718309859154928,19.718309859154925
sgd,elec2,3,91.11111111111111,24.44444444444444
sgd,elec2,3,43.11377245508982,-11.976047904191622
sgd,elec2,3,1.948051948051948,0.649350649350644
sgd,elec2,3,44.0,-8.000000000000007
sgd,elec2,3,5.172413793103448,1.7241379310344862
sgd,elec2,3,51.24999999999999,-13.750000000000007
sgd,elec2,3,19.047619047619047,-19.047619047619047
sgd,elec2,3,11.5,-6.499999999999995
sgd,elec2,3,50.520833333333336,5.7291666666666625
sgd,elec2,3,6.111111111111111,6.111111111111112
sgd,elec2,3,6.25,6.25
sgd,elec2,3,0.0,0.0
sgd,elec2,3,27.380952380952383,27.380952380952383
sgd,elec2,3,15.104166666666666,-2.604166666666663
sgd,elec2,3,0.9174311926605505,-0.9174311926605505
sgd,elec2,3,5.208333333333334,5.208333333333326
sgd,elec2,3,47.5,9.999999999999998
sgd,elec2,3,27.500000000000004,25.5
sgd,elec2,3,5.172413793103448,-5.1724137931034475
sgd,elec2,3,25.0,-6.999999999999995
sgd,elec2,3,22.07792207792208,-16.883116883116877
sgd,elec2,3,0.0,0.0
sgd,elec2,3,59.2964824120603,46.231155778894475
sgd,elec2,3,8.0,-1.0000000000000009
sgd,elec2,3,0.0,0.0
sgd,elec2,3,13.750000000000002,-13.749999999999996
sgd,elec2,3,1.5,-0.5000000000000004
sgd,elec2,3,7.5,4.499999999999993
sgd,elec2,3,6.493506493506493,-6.493506493506496
sgd,elec2,3,28.90625,10.15625
sgd,elec2,3,28.57142857142857,16.666666666666675
sgd,elec2,3,26.5,-25.5
sgd,elec2,3,15.384615384615385,-7.692307692307699
sgd,elec2,3,35.0,-7.499999999999996
sgd,elec2,3,4.854368932038835,-2.9126213592232997
sgd,elec2,3,15.384615384615385,-15.384615384615383
sgd,elec2,3,9.482758620689655,2.5862068965517238
sgd,elec2,3,4.225352112676056,-4.225352112676056
sgd,elec2,3,6.493506493506493,-6.493506493506496
sgd,elec2,3,6.25,-6.25
sgd,elec2,3,0.0,0.0
sgd,elec2,3,8.450704225352112,0.0
sgd,elec2,3,20.0,15.55555555555556
sgd,elec2,3,1.5625,-1.5625
sgd,elec2,3,12.5,-6.25
sgd,elec2,4,1.1976047904191618,-1.19760479041916
sgd,elec2,4,46.15384615384615,-38.46153846153847
sgd,elec2,4,65.38461538461539,-3.8461538461538436
sgd,elec2,4,17.24137931034483,-17.241379310344822
sgd,elec2,4,8.737864077669903,8.737864077669904
sgd,elec2,4,0.0,0.0
sgd,elec2,4,78.125,46.875
sgd,elec2,4,10.5,9.499999999999996
sgd,elec2,4,59.375,59.375
sgd,elec2,4,87.37864077669903,-9.708737864077666
sgd,elec2,4,81.03448275862068,18.965517241379317
sgd,elec2,4,0.0,0.0
sgd,elec2,4,20.51282051282051,-10.256410256410264
sgd,elec2,4,7.291666666666667,5.2083333333333375
sgd,elec2,4,0.0,0.0
sgd,elec2,4,19.230769230769234,-15.384615384615385
sgd,elec2,4,7.03125,5.46875
sgd,elec2,4,39.25925925925926,-5.185185185185182
sgd,elec2,4,15.555555555555555,-15.555555555555555
sgd,elec2,4,2.8368794326241136,2.8368794326241065
sgd,elec2,4,17.5,-15.499999999999996
sgd,elec2,4,95.3125,82.8125
sgd,elec2,4,50.0,-39.0625
sgd,elec2,4,32.0,23.0
sgd,elec2,4,26.72413793103448,21.55172413793103
sgd,elec2,4,0.0,0.0
sgd,elec2,4,50.0,-13.157894736842103
sgd,elec2,4,40.0,-26.66666666666666
sgd,elec2,4,3.125,3.125
sgd,elec2,4,3.8461538461538463,3.8461538461538436
sgd,elec2,4,0.0,0.0
sgd,elec2,4,1.5625,-1.5625
sgd,elec2,4,21.5,11.50000000000001
sgd,elec2,4,0.0,0.0
sgd,elec2,4,18.181818181818183,-2.5974025974025983
sgd,elec2,4,14.754098360655737,14.754098360655732
sgd,elec2,4,28.205128205128204,-23.076923076923073
sgd,elec2,4,83.09859154929578,63.38028169014084
sgd,elec2,4,100.0,59.375
sgd,elec2,4,20.0,20.000000000000007
sgd,elec2,4,66.4179104477612,-21.641791044776117
sgd,elec2,4,61.206896551724135,6.034482758620685
sgd,elec2,4,3.125,3.125
sgd,elec2,4,17.741935483870968,15.591397849462362
sgd,elec2,4,51.11111111111111,51.11111111111111
sgd,elec2,4,43.66197183098591,35.2112676056338
sgd,elec2,4,26.666666666666668,22.22222222222222
sgd,elec2,4,51.63934426229508,-33.60655737704917
sgd,elec2,4,28.888888888888886,-6.666666666666665
sgd,elec2,4,10.344827586206897,8.62068965517242
sgd,elec2,4,6.25,-6.25
sgd,elec2,4,0.0,0.0
sgd,elec2,4,21.153846153846153,-9.615384615384615
sgd,elec2,4,18.0,-1.0000000000000009
sgd,elec2,4,7.291666666666667,-7.291666666666669
sgd,elec2,4,46.55172413793103,-22.413793103448278
sgd,elec2,4,0.0,0.0
sgd,elec2,4,15.0,-15.000000000000002
sgd,elec2,4,10.526315789473683,-5.263157894736836
sgd,elec2,4,79.3103448275862,-17.24137931034483
sgd,elec2,4,32.5,29.499999999999993
sgd,elec2,4,16.16766467065868,-13.772455089820356
sgd,elec2,4,22.916666666666664,10.416666666666675
sgd,elec2,4,48.0,0.0
sgd,elec2,4,40.625,40.625
sgd,elec2,4,12.676056338028168,9.859154929577462
sgd,elec2,4,48.54368932038835,7.766990291262143
sgd,elec2,4,35.5,-22.499999999999996
sgd,elec2,4,3.896103896103896,3.8961038961038974
sgd,elec2,4,88.46153846153845,-88.46153846153845
sgd,elec2,4,6.0,6.000000000000005
sgd,elec2,4,3.4482758620689653,3.4482758620689613
sgd,elec2,4,22.413793103448278,-22.413793103448278
sgd,covtype,0,84.5,18.442871587462072
sgd,covtype,0,97.0,-3.603603603603606
sgd,covtype,0,100.0,50.0
sgd,covtype,0,0.0,0.0
sgd,covtype,0,0.0,0.0
sgd,covtype,0,31.896551724137932,4.526748971193417
sgd,covtype,0,0.0,0.0
sgd,covtype,0,72.0,50.0
sgd,covtype,0,0.0,0.0
sgd,covtype,0,0.0,0.0
sgd,covtype,0,0.0,0.0
sgd,covtype,0,0.0,0.0
sgd,covtype,0,100.0,-65.0
sgd,covtype,0,0.0,0.0
sgd,covtype,0,100.0,0.0
sgd,covtype,0,0.0,0.0
sgd,covtype,0,100.0,0.0
sgd,covtype,0,0.0,0.0
sgd,covtype,0,100.0,0.0
sgd,covtype,0,0.0,0.0
sgd,covtype,0,100.0,0.0
sgd,covtype,0,0.0,0.0
sgd,covtype,0,100.0,0.0
sgd,covtype,0,0.0,0.0
sgd,covtype,0,8.0,5.555555555555558
sgd,covtype,0,0.0,0.0
sgd,covtype,0,100.0,0.0
sgd,covtype,0,0.0,0.0
sgd,covtype,0,100.0,-100.0
sgd,covtype,0,91.11111111111111,91.11111111111111
sgd,covtype,0,6.666666666666667,6.666666666666665
sgd,covtype,0,0.0,0.0
sgd,covtype,0,0.0,0.0
sgd,covtype,0,0.0,0.0
sgd,covtype,0,0.0,0.0
sgd,covtype,0,0.0,0.0
sgd,covtype,0,2.2222222222222223,1.6129032258064502
sgd,covtype,0,2.2222222222222223,-2.777777777777779
sgd,covtype,0,0.0,0.0
sgd,covtype,0,0.0,0.0
sgd,covtype,0,0.0,0.0
sgd,covtype,0,0.0,0.0
sgd,covtype,0,100.0,50.0
sgd,covtype,0,0.0,0.0
sgd,covtype,0,0.0,0.0
sgd,covtype,0,0.0,0.0
sgd,covtype,0,100.0,0.0
sgd,covtype,0,100.0,0.0
sgd,covtype,0,0.0,0.0
sgd,covtype,0,0.0,0.0
sgd,covtype,0,0.0,0.0
sgd,covtype,0,0.0,0.0
sgd,covtype,0,0.0,0.0
sgd,covtype,0,100.0,0.0
sgd,covtype,0,0.0,0.0
sgd,covtype,0,0.0,0.0
sgd,covtype,0,0.0,0.0
sgd,covtype,0,95.0,-80.0
sgd,covtype,0,0.0,0.0
sgd,covtype,0,22.5,27.941176470588225
sgd,covtype,0,0.0,0.0
sgd,covtype,0,100.0,0.0
sgd,covtype,0,28.846153846153843,-28.846153846153843
sgd,covtype,0,8.0,9.350649350649354
sgd,covtype,0,0.0,0.0
sgd,covtype,0,0.0,0.0
sgd,covtype,0,0.0,0.0
sgd,covtype,0,5.263157894736842,-4.999999999999999
sgd,covtype,0,100.0,0.0
sgd,covtype,0,83.87096774193549,25.35824415019046
sgd,covtype,0,100.0,20.454545454545457
sgd,covtype,0,100.0,0.0
sgd,covtype,0,100.0,-100.0
sgd,covtype,0,31.25,-50.0
sgd,covtype,0,18.75,-4.761904761904762
sgd,covtype,0,100.0,100.0
sgd,covtype,0,0.0,0.0
sgd,covtype,0,0.0,0.0
sgd,covtype,0,0.0,0.0
sgd,covtype,0,0.0,0.0
sgd,covtype,0,0.0,0.0
sgd,covtype,0,0.0,0.0
sgd,covtype,0,100.0,100.0
sgd,covtype,0,0.0,0.0
sgd,covtype,0,86.53846153846155,-9.999999999999998
sgd,covtype,0,59.375,-59.375
sgd,covtype,0,90.0,90.0
sgd,covtype,0,100.0,0.0
sgd,covtype,0,0.0,0.0
sgd,covtype,0,0.0,0.0
sgd,covtype,0,0.0,0.0
sgd,covtype,0,50.0,50.0
sgd,covtype,0,17.24137931034483,-17.24137931034483
sgd,covtype,0,0.0,0.0
sgd,covtype,0,0.0,0.0
sgd,covtype,0,78.125,78.125
sgd,covtype,0,73.07692307692307,-73.07692307692308
sgd,covtype,0,0.0,0.0
sgd,covtype,0,55.00000000000001,55.00000000000001
sgd,covtype,0,5.263157894736842,-6.666666666666665
sgd,covtype,0,0.0,0.0
sgd,covtype,0,75.55555555555556,75.55555555555556
sgd,covtype,0,17.1875,-32.35294117647059
sgd,covtype,0,80.76923076923077,-16.165413533834588
sgd,covtype,0,58.44155844155844,37.2093023255814
sgd,covtype,0,0.0,0.0
sgd,covtype,0,7.792207792207792,7.792207792207783
sgd,covtype,0,0.0,0.0
sgd,covtype,0,10.38961038961039,-10.389610389610393
sgd,covtype,0,11.688311688311687,-11.688311688311693
sgd,covtype,0,25.97402597402597,-25.97402597402597
sgd,covtype,0,19.718309859154928,-12.068965517241391
sgd,covtype,0,0.0,0.0
sgd,covtype,0,51.42857142857142,-32.0754716981132
sgd,covtype,0,48.80952380952381,-2.3076923076922995
sgd,covtype,0,2.8169014084507045,-1.538461538461533
sgd,covtype,0,18.181818181818183,9.859154929577475
sgd,covtype,0,0.0,0.0
sgd,covtype,0,40.25974025974026,-28.703703703703702
sgd,covtype,0,5.172413793103448,4.8387096774193505
sgd,covtype,0,0.0,0.0
sgd,covtype,0,0.0,0.0
sgd,covtype,0,6.25,-3.8461538461538436
sgd,covtype,0,30.76923076923077,-30.76923076923077
sgd,covtype,0,100.0,0.0
sgd,covtype,0,0.0,0.0
sgd,covtype,0,94.73684210526315,94.73684210526316
sgd,covtype,0,93.75,93.75
sgd,covtype,0,0.0,0.0
sgd,covtype,0,0.0,0.0
sgd,covtype,0,100.0,100.0
sgd,covtype,0,100.0,-100.0
sgd,covtype,0,0.0,0.0
sgd,covtype,0,0.0,0.0
sgd,covtype,0,0.0,0.0
sgd,covtype,0,7.5,6.500000000000005
sgd,covtype,0,32.5,-16.548230030267153
sgd,covtype,0,84.44444444444444,0.0
sgd,covtype,0,0.0,0.0
sgd,covtype,0,63.1578947368421,55.263157894736835
sgd,covtype,0,34.61538461538461,-34.61538461538461
sgd,covtype,0,34.61538461538461,19.565217391304344
sgd,covtype,0,3.0,0.8229626655961386
sgd,covtype,0,0.0,0.0
sgd,covtype,0,48.4375,-32.291666666666664
sgd,covtype,0,77.58620689655173,17.5
sgd,covtype,0,0.0,0.0
sgd,covtype,0,0.0,0.0
sgd,covtype,0,22.535211267605636,-16.326530612244895
sgd,covtype,0,17.24137931034483,-13.157894736842103
sgd,covtype,0,8.88888888888889,16.666666666666675
sgd,covtype,0,30.0,26.190476190476193
sgd,covtype,0,20.0,18.867924528301895
sgd,covtype,0,12.0,-11.237884922095443
sgd,covtype,0,40.476190476190474,-8.000000000000007
sgd,covtype,0,48.888888888888886,-17.04545454545454
sgd,covtype,0,100.0,0.0
sgd,covtype,0,34.61538461538461,30.76923076923077
sgd,covtype,0,0.0,0.0
sgd,covtype,0,96.15384615384616,41.66666666666667
sgd,covtype,0,40.25974025974026,12.619047619047613
sgd,covtype,0,17.77777777777778,15.999999999999998
sgd,covtype,0,0.0,0.0
sgd,covtype,0,100.0,0.0
sgd,covtype,0,69.23076923076923,37.5
sgd,covtype,0,26.24113475177305,-24.892795883361917
sgd,covtype,0,24.444444444444443,8.03571428571429
sgd,covtype,0,100.0,-100.0
sgd,covtype,0,9.375,-21.666666666666668
sgd,covtype,0,100.0,0.0
sgd,covtype,0,0.0,0.0
sgd,covtype,0,100.0,100.0
sgd,covtype,0,0.0,0.0
sgd,covtype,0,100.0,-100.0
sgd,covtype,0,97.43589743589743,1.785714285714285
sgd,covtype,0,100.0,-100.0
sgd,covtype,0,80.3921568627451,-45.09803921568628
sgd,covtype,0,100.0,-100.0
sgd,covtype,0,36.206896551724135,3.4482758620689653
sgd,covtype,0,0.0,0.0
sgd,covtype,0,100.0,100.0
sgd,covtype,0,100.0,100.0
sgd,covtype,0,71.11111111111111,-19.11764705882353
sgd,covtype,0,0.0,0.0
sgd,covtype,0,0.0,0.0
sgd,covtype,0,66.66666666666666,66.66666666666667
sgd,covtype,0,35.9375,-30.263157894736835
sgd,covtype,0,33.80281690140845,20.68965517241379
sgd,covtype,0,11.71875,-12.096774193548388
sgd,covtype,0,48.4375,27.192982456140346
sgd,covtype,0,7.5,3.4486657620985905
sgd,covtype,0,0.0,0.0
sgd,covtype,0,50.0,-20.496894409937894
sgd,covtype,0,0.0,0.0
sgd,covtype,0,23.684210526315788,17.307692307692307
sgd,covtype,0,0.0,0.0
sgd,covtype,0,41.02564102564102,17.460317460317466
sgd,covtype,0,0.0,0.0
sgd,covtype,0,93.75,-3.2258064516129004
sgd,covtype,0,0.0,0.0
sgd,covtype,0,0.0,0.0
sgd,covtype,0,100.0,-100.0
sgd,covtype,0,100.0,46.875
sgd,covtype,0,40.0,40.0
sgd,covtype,0,0.0,0.0
sgd,covtype,0,20.0,12.5
sgd,covtype,0,53.84615384615385,-53.84615384615385
sgd,covtype,0,100.0,0.0
sgd,covtype,0,0.0,0.0
sgd,covtype,0,2.564102564102564,4.999999999999999
sgd,covtype,0,18.96551724137931,2.298136645962734
sgd,covtype,0,73.4375,8.775510204081627
sgd,covtype,0,0.0,0.0
sgd,covtype,0,100.0,0.0
sgd,covtype,0,0.0,0.0
sgd,covtype,0,62.5,-21.875
sgd,covtype,0,6.25,6.25
sgd,covtype,0,74.35897435897436,2.285714285714291
sgd,covtype,0,74.35897435897436,-13.461538461538458
sgd,covtype,0,0.0,0.0
sgd,covtype,0,0.0,0.0
sgd,covtype,0,0.0,0.0
sgd,covtype,0,0.0,0.0
sgd,covtype,0,6.25,6.25
sgd,covtype,0,0.0,0.0
sgd,covtype,0,6.25,6.25
sgd,covtype,0,100.0,0.0
sgd,covtype,0,15.625,15.625
sgd,covtype,0,100.0,0.0
sgd,covtype,0,0.0,0.0
sgd,covtype,0,0.0,0.0
sgd,covtype,0,0.0,0.0
sgd,covtype,0,0.0,0.0
sgd,covtype,0,34.61538461538461,34.61538461538461
sgd,covtype,0,0.0,0.0
sgd,covtype,0,0.0,0.0
sgd,covtype,0,0.0,0.0
sgd,covtype,0,0.0,0.0
sgd,covtype,0,0.0,0.0
sgd,covtype,0,0.0,0.0
sgd,covtype,0,5.769230769230769,-5.769230769230771
sgd,covtype,0,100.0,100.0
sgd,covtype,0,0.0,0.0
sgd,covtype,0,30.0,30.000000000000004
sgd,covtype,0,0.0,0.0
sgd,covtype,0,80.0,80.0
sgd,covtype,0,0.0,0.0
sgd,covtype,0,0.0,0.0
sgd,covtype,0,0.0,0.0
sgd,covtype,0,19.230769230769234,19.23076923076923
sgd,covtype,0,0.0,0.0
sgd,covtype,0,0.0,0.0
sgd,covtype,0,0.0,0.0
sgd,covtype,0,0.0,0.0
sgd,covtype,0,0.0,0.0
sgd,covtype,0,84.375,84.375
sgd,covtype,0,0.0,0.0
sgd,covtype,0,0.0,0.0
sgd,covtype,0,0.0,0.0
sgd,covtype,0,0.0,0.0
sgd,covtype,0,0.0,0.0
sgd,covtype,0,0.0,0.0
sgd,covtype,0,0.0,0.0
sgd,covtype,0,0.0,0.0
sgd,covtype,0,0.0,0.0
sgd,covtype,0,0.0,0.0
sgd,covtype,0,0.0,0.0
sgd,covtype,0,50.0,27.083333333333336
sgd,covtype,0,0.0,0.0
sgd,covtype,0,0.0,0.0
sgd,covtype,0,40.625,30.784313725490197
sgd,covtype,0,0.0,0.0
sgd,covtype,0,100.0,0.0
sgd,covtype,0,0.0,0.0
sgd,covtype,0,0.0,0.0
sgd,covtype,0,100.0,0.0
sgd,covtype,0,0.0,0.0
sgd,covtype,0,50.0,50.0
sgd,covtype,0,18.75,-18.75
sgd,covtype,0,34.61538461538461,34.61538461538461
sgd,covtype,0,0.0,0.0
sgd,covtype,0,0.0,0.0
sgd,covtype,0,15.686274509803921,-46.739130434782616
sgd,covtype,0,0.0,0.0
sgd,covtype,0,0.0,0.0
sgd,covtype,0,0.0,0.0
sgd,covtype,0,0.0,0.0
sgd,covtype,0,0.0,0.0
sgd,covtype,0,55.769230769230774,-55.769230769230774
sgd,covtype,0,0.0,0.0
sgd,covtype,0,6.25,6.25
sgd,covtype,0,100.0,-14.583333333333332
sgd,covtype,0,0.0,0.0
sgd,covtype,0,70.0,70.0
sgd,covtype,0,6.666666666666667,-1.9138755980861233
sgd,covtype,0,0.0,0.0
sgd,covtype,0,10.0,19.444444444444443
sgd,covtype,0,17.24137931034483,8.906882591093112
sgd,covtype,0,18.96551724137931,-7.211538461538458
sgd,covtype,0,15.517241379310345,-0.6571087216248439
sgd,covtype,0,51.92307692307693,7.629629629629631
sgd,covtype,0,0.0,0.0
sgd,covtype,0,34.48275862068966,16.789215686274506
sgd,covtype,0,8.256880733944955,6.544401544401546
sgd,covtype,0,67.24137931034483,19.23076923076923
sgd,covtype,0,7.6923076923076925,-1.5360983102918668
sgd,covtype,0,29.310344827586203,-4.054054054054052
sgd,covtype,0,34.61538461538461,14.375000000000004
sgd,covtype,1,80.1418439716312,-4.91003148897885
sgd,covtype,1,25.0,5.296896086369774
sgd,covtype,1,52.42718446601942,-3.5526135741652975
sgd,covtype,1,54.0,0.587582509371265
sgd,covtype,1,79.22077922077922,26.145833333333336
sgd,covtype,1,88.88888888888889,-19.363395225464195
sgd,covtype,1,80.83832335329342,26.923076923076927
sgd,covtype,1,100.0,2.7027027027026973
sgd,covtype,1,0.0,0.0
sgd,covtype,1,0.0,0.0
sgd,covtype,1,0.0,0.0
sgd,covtype,1,0.0,0.0
sgd,covtype,1,0.0,0.0
sgd,covtype,1,0.0,0.0
sgd,covtype,1,100.0,-100.0
sgd,covtype,1,0.0,0.0
sgd,covtype,1,100.0,0.0
sgd,covtype,1,0.0,0.0
sgd,covtype,1,100.0,0.0
sgd,covtype,1,0.0,0.0
sgd,covtype,1,83.33333333333334,-11.11111111111111
sgd,covtype,1,0.0,0.0
sgd,covtype,1,100.0,0.0
sgd,covtype,1,0.0,0.0
sgd,covtype,1,100.0,0.0
sgd,covtype,1,0.0,0.0
sgd,covtype,1,100.0,-8.333333333333332
sgd,covtype,1,0.0,0.0
sgd,covtype,1,2.272727272727273,-2.2727272727272707
sgd,covtype,1,1.4084507042253522,1.1904761904761918
sgd,covtype,1,0.0,0.0
sgd,covtype,1,0.0,0.0
sgd,covtype,1,0.0,0.0
sgd,covtype,1,0.0,0.0
sgd,covtype,1,0.0,0.0
sgd,covtype,1,0.0,0.0
sgd,covtype,1,0.0,0.0
sgd,covtype,1,0.0,0.0
sgd,covtype,1,53.333333333333336,1.851851851851849
sgd,covtype,1,88.88888888888889,4.999999999999999
sgd,covtype,1,0.0,0.0
sgd,covtype,1,100.0,50.0
sgd,covtype,1,0.0,0.0
sgd,covtype,1,0.0,0.0
sgd,covtype,1,0.0,0.0
sgd,covtype,1,0.0,0.0
sgd,covtype,1,0.0,0.0
sgd,covtype,1,0.0,0.0
sgd,covtype,1,0.0,0.0
sgd,covtype,1,0.0,0.0
sgd,covtype,1,65.38461538461539,-37.5
sgd,covtype,1,0.0,0.0
sgd,covtype,1,0.0,0.0
sgd,covtype,1,0.0,0.0
sgd,covtype,1,55.00000000000001,-55.00000000000001
sgd,covtype,1,100.0,0.0
sgd,covtype,1,100.0,-100.0
sgd,covtype,1,100.0,-50.0
sgd,covtype,1,0.0,0.0
sgd,covtype,1,0.0,0.0
sgd,covtype,1,0.0,0.0
sgd,covtype,1,0.0,0.0
sgd,covtype,1,100.0,0.0
sgd,covtype,1,15.625,9.999999999999998
sgd,covtype,1,0.0,0.0
sgd,covtype,1,0.0,0.0
sgd,covtype,1,0.0,0.0
sgd,covtype,1,0.0,0.0
sgd,covtype,1,0.0,0.0
sgd,covtype,1,0.0,0.0
sgd,covtype,1,100.0,-100.0
sgd,covtype,1,0.0,0.0
sgd,covtype,1,0.0,0.0
sgd,covtype,1,14.893617021276595,0.0
sgd,covtype,1,0.0,0.0
sgd,covtype,1,61.40350877192983,36.66666666666667
sgd,covtype,1,0.0,0.0
sgd,covtype,1,100.0,0.0
sgd,covtype,1,100.0,0.0
sgd,covtype,1,10.256410256410255,7.4074074074074066
sgd,covtype,1,84.61538461538461,9.090909090909088
sgd,covtype,1,71.7948717948718,-18.333333333333336
sgd,covtype,1,100.0,-8.333333333333332
sgd,covtype,1,100.0,0.0
sgd,covtype,1,100.0,-100.0
sgd,covtype,1,100.0,0.0
sgd,covtype,1,0.0,0.0
sgd,covtype,1,100.0,100.0
sgd,covtype,1,100.0,0.0
sgd,covtype,1,100.0,-100.0
sgd,covtype,1,0.0,0.0
sgd,covtype,1,100.0,0.0
sgd,covtype,1,0.0,0.0
sgd,covtype,1,0.0,0.0
sgd,covtype,1,0.0,0.0
sgd,covtype,1,0.0,0.0
sgd,covtype,1,0.0,0.0
sgd,covtype,1,23.0,3.8839673441028233
sgd,covtype,1,0.0,0.0
sgd,covtype,1,61.53846153846154,-12.82051282051282
sgd,covtype,1,100.0,-100.0
sgd,covtype,1,0.0,0.0
sgd,covtype,1,10.5,4.1887698929036095
sgd,covtype,1,12.0,-14.670329670329663
sgd,covtype,1,67.3076923076923,-10.256410256410264
sgd,covtype,1,14.000000000000002,1.1641910879164996
sgd,covtype,1,0.0,0.0
sgd,covtype,1,0.0,0.0
sgd,covtype,1,100.0,-100.0
sgd,covtype,1,0.0,0.0
sgd,covtype,1,0.0,0.0
sgd,covtype,1,0.0,0.0
sgd,covtype,1,0.0,0.0
sgd,covtype,1,0.0,0.0
sgd,covtype,1,40.38461538461539,40.38461538461539
sgd,covtype,1,0.0,0.0
sgd,covtype,1,7.5,4.261363636363635
sgd,covtype,1,79.6875,-79.6875
sgd,covtype,1,35.9375,35.9375
sgd,covtype,1,53.84615384615385,50.0
sgd,covtype,1,8.0,9.20554854981085
sgd,covtype,1,4.545454545454546,-0.5316455696202649
sgd,covtype,1,43.75,-31.11111111111111
sgd,covtype,1,0.0,0.0
sgd,covtype,1,84.44444444444444,8.333333333333337
sgd,covtype,1,0.0,0.0
sgd,covtype,1,0.0,0.0
sgd,covtype,1,90.0,90.0
sgd,covtype,1,17.5,-18.24100868127325
sgd,covtype,1,0.0,0.0
sgd,covtype,1,15.625,15.625
sgd,covtype,1,74.13793103448276,-17.85714285714286
sgd,covtype,1,100.0,-2.0000000000000018
sgd,covtype,1,100.0,1.5151515151515138
sgd,covtype,1,76.92307692307693,-13.398692810457513
sgd,covtype,1,32.8125,-10.35087719298245
sgd,covtype,1,0.0,0.0
sgd,covtype,1,0.0,0.0
sgd,covtype,1,0.0,0.0
sgd,covtype,1,25.0,-25.0
sgd,covtype,1,33.33333333333333,-20.905923344947734
sgd,covtype,1,15.517241379310345,5.6521739130434785
sgd,covtype,1,49.35064935064935,-20.77677224736048
sgd,covtype,1,39.19597989949749,18.156565656565654
sgd,covtype,1,25.0,-4.999999999999999
sgd,covtype,1,0.0,0.0
sgd,covtype,1,70.83333333333334,70.83333333333334
sgd,covtype,1,0.0,0.0
sgd,covtype,1,81.25,-81.25
sgd,covtype,1,55.769230769230774,5.145929339477728
sgd,covtype,1,0.0,0.0
sgd,covtype,1,0.0,0.0
sgd,covtype,1,100.0,0.0
sgd,covtype,1,0.0,0.0
sgd,covtype,1,0.0,0.0
sgd,covtype,1,1.0,-33.333333333333336
sgd,covtype,1,0.0,0.0
sgd,covtype,1,6.666666666666667,3.9872408293460837
sgd,covtype,1,100.0,-100.0
sgd,covtype,1,0.0,0.0
sgd,covtype,1,0.0,0.0
sgd,covtype,1,0.0,0.0
sgd,covtype,1,0.0,0.0
sgd,covtype,1,15.384615384615385,-2.083333333333337
sgd,covtype,1,34.48275862068966,-0.8333333333333304
sgd,covtype,1,29.6875,0.1877346683354264
sgd,covtype,1,46.15384615384615,-56.12648221343874
sgd,covtype,1,100.0,-100.0
sgd,covtype,1,7.6923076923076925,0.0
sgd,covtype,1,0.0,0.0
sgd,covtype,1,89.65517241379311,-89.65517241379311
sgd,covtype,1,100.0,-50.0
sgd,covtype,1,88.88888888888889,27.95698924731182
sgd,covtype,1,0.0,0.0
sgd,covtype,1,0.0,0.0
sgd,covtype,1,32.69230769230769,-32.692307692307686
sgd,covtype,1,0.0,0.0
sgd,covtype,1,56.896551724137936,-32.14285714285714
sgd,covtype,1,0.0,0.0
sgd,covtype,1,25.0,-25.0
sgd,covtype,1,30.76923076923077,11.802232854864435
sgd,covtype,1,0.0,0.0
sgd,covtype,1,0.0,0.0
sgd,covtype,1,0.0,0.0
sgd,covtype,1,0.0,0.0
sgd,covtype,1,0.0,0.0
sgd,covtype,1,75.0,13.888888888888884
sgd,covtype,1,0.0,0.0
sgd,covtype,1,100.0,50.0
sgd,covtype,1,0.0,0.0
sgd,covtype,1,100.0,100.0
sgd,covtype,1,0.0,0.0
sgd,covtype,1,0.0,0.0
sgd,covtype,1,0.0,0.0
sgd,covtype,1,0.0,0.0
sgd,covtype,1,100.0,0.0
sgd,covtype,1,0.0,0.0
sgd,covtype,1,100.0,0.0
sgd,covtype,1,3.8461538461538463,3.8461538461538436
sgd,covtype,1,0.0,0.0
sgd,covtype,1,0.0,0.0
sgd,covtype,1,0.0,0.0
sgd,covtype,1,40.0,-40.0
sgd,covtype,1,100.0,100.0
sgd,covtype,1,0.0,0.0
sgd,covtype,1,0.0,0.0
sgd,covtype,1,0.0,0.0
sgd,covtype,1,70.0,70.0
sgd,covtype,1,3.125,-3.125
sgd,covtype,1,100.0,100.0
sgd,covtype,1,0.0,0.0
sgd,covtype,1,0.0,0.0
sgd,covtype,1,0.0,0.0
sgd,covtype,1,0.0,0.0
sgd,covtype,1,0.0,0.0
sgd,covtype,1,75.0,75.0
sgd,covtype,1,0.0,0.0
sgd,covtype,1,96.15384615384616,96.15384615384616
sgd,covtype,1,0.0,0.0
sgd,covtype,1,0.0,0.0
sgd,covtype,1,0.0,0.0
sgd,covtype,1,0.0,0.0
sgd,covtype,1,0.0,0.0
sgd,covtype,1,0.0,0.0
sgd,covtype,1,0.0,0.0
sgd,covtype,1,67.3076923076923,0.347222222222221
sgd,covtype,1,0.0,0.0
sgd,covtype,1,12.5,48.275862068965516
sgd,covtype,1,0.0,0.0
sgd,covtype,1,1.4084507042253522,-1.4084507042253502
sgd,covtype,1,100.0,0.0
sgd,covtype,1,0.0,0.0
sgd,covtype,1,0.0,0.0
sgd,covtype,1,50.0,-50.0
sgd,covtype,1,80.76923076923077,73.07692307692307
sgd,covtype,1,0.0,0.0
sgd,covtype,1,65.38461538461539,65.38461538461539
sgd,covtype,1,0.0,0.0
sgd,covtype,1,50.0,35.714285714285715
sgd,covtype,1,32.0,1.2820512820512886
sgd,covtype,1,0.0,0.0
sgd,covtype,1,0.0,0.0
sgd,covtype,1,61.53846153846154,28.87700534759358
sgd,covtype,1,7.6923076923076925,12.777777777777777
sgd,covtype,1,0.0,0.0
sgd,covtype,1,0.0,0.0
sgd,covtype,1,0.0,0.0
sgd,covtype,1,0.0,0.0
sgd,covtype,1,21.875,-21.875
sgd,covtype,1,1.7241379310344827,1.041666666666663
sgd,covtype,1,0.0,0.0
sgd,covtype,1,0.0,0.0
sgd,covtype,1,0.0,0.0
sgd,covtype,1,60.0,60.0
sgd,covtype,1,100.0,100.0
sgd,covtype,1,0.0,0.0
sgd,covtype,1,0.0,0.0
sgd,covtype,1,0.0,0.0
sgd,covtype,1,0.0,0.0
sgd,covtype,1,12.5,-31.682027649769584
sgd,covtype,1,2.0,9.999999999999998
sgd,covtype,1,28.125,5.465587044534415
sgd,covtype,1,1.9230769230769231,-1.7857142857142794
sgd,covtype,1,53.44827586206896,1.4934289127837563
sgd,covtype,1,26.0,-24.23146473779385
sgd,covtype,1,11.538461538461538,-8.571428571428575
sgd,covtype,1,37.93103448275862,-4.596273291925468
sgd,covtype,1,37.93103448275862,-16.586538461538463
sgd,covtype,1,9.375,9.375
sgd,covtype,1,71.42857142857143,17.81376518218625
sgd,covtype,1,0.0,0.0
sgd,covtype,1,0.0,0.0
sgd,covtype,2,96.45390070921985,-10.1364522417154
sgd,covtype,2,98.80952380952381,16.068895643363728
sgd,covtype,2,73.23943661971832,-5.204081632653063
sgd,covtype,2,59.375,2.303030303030301
sgd,covtype,2,94.5,21.922799422799418
sgd,covtype,2,76.5625,16.714348869521285
sgd,covtype,2,70.6896551724138,-23.578884487203673
sgd,covtype,2,54.166666666666664,4.1863207547169825
sgd,covtype,2,44.047619047619044,-2.633250746458299
sgd,covtype,2,100.0,32.71221532091097
sgd,covtype,2,100.0,-48.4375
sgd,covtype,2,0.0,0.0
sgd,covtype,2,100.0,70.0
sgd,covtype,2,0.0,0.0
sgd,covtype,2,75.0,75.0
sgd,covtype,2,0.0,0.0
sgd,covtype,2,100.0,100.0
sgd,covtype,2,0.0,0.0
sgd,covtype,2,95.83333333333334,-50.0
sgd,covtype,2,0.0,0.0
sgd,covtype,2,100.0,0.0
sgd,covtype,2,0.0,0.0
sgd,covtype,2,100.0,0.0
sgd,covtype,2,0.0,0.0
sgd,covtype,2,100.0,0.0
sgd,covtype,2,0.0,0.0
sgd,covtype,2,100.0,-41.66666666666667
sgd,covtype,2,0.0,0.0
sgd,covtype,2,45.45454545454545,-45.45454545454546
sgd,covtype,2,60.62499999999999,2.4818401937045986
sgd,covtype,2,100.0,100.0
sgd,covtype,2,0.0,0.0
sgd,covtype,2,0.0,0.0
sgd,covtype,2,0.0,0.0
sgd,covtype,2,0.0,0.0
sgd,covtype,2,0.0,0.0
sgd,covtype,2,0.0,0.0
sgd,covtype,2,0.0,0.0
sgd,covtype,2,0.0,0.0
sgd,covtype,2,25.0,-15.476190476190476
sgd,covtype,2,0.0,0.0
sgd,covtype,2,0.0,0.0
sgd,covtype,2,0.0,0.0
sgd,covtype,2,0.0,0.0
sgd,covtype,2,0.0,0.0
sgd,covtype,2,0.0,0.0
sgd,covtype,2,17.94871794871795,9.999999999999998
sgd,covtype,2,100.0,-100.0
sgd,covtype,2,0.0,0.0
sgd,covtype,2,0.0,0.0
sgd,covtype,2,0.0,0.0
sgd,covtype,2,0.0,0.0
sgd,covtype,2,0.0,0.0
sgd,covtype,2,0.0,0.0
sgd,covtype,2,0.0,0.0
sgd,covtype,2,0.0,0.0
sgd,covtype,2,0.0,0.0
sgd,covtype,2,74.35897435897436,19.999999999999996
sgd,covtype,2,7.8125,8.333333333333337
sgd,covtype,2,35.8974358974359,-35.897435897435905
sgd,covtype,2,20.0,19.999999999999996
sgd,covtype,2,70.17543859649122,-70.17543859649122
sgd,covtype,2,71.0,26.977284032498762
sgd,covtype,2,0.0,0.0
sgd,covtype,2,0.0,0.0
sgd,covtype,2,100.0,-100.0
sgd,covtype,2,100.0,0.0
sgd,covtype,2,100.0,-100.0
sgd,covtype,2,100.0,0.0
sgd,covtype,2,100.0,-100.0
sgd,covtype,2,0.0,0.0
sgd,covtype,2,0.0,0.0
sgd,covtype,2,0.0,0.0
sgd,covtype,2,0.0,0.0
sgd,covtype,2,0.0,0.0
sgd,covtype,2,0.0,0.0
sgd,covtype,2,82.6923076923077,-12.857142857142856
sgd,covtype,2,15.625,15.625
sgd,covtype,2,100.0,0.0
sgd,covtype,2,33.80281690140845,33.80281690140845
sgd,covtype,2,0.0,0.0
sgd,covtype,2,53.333333333333336,53.333333333333336
sgd,covtype,2,0.0,0.0
sgd,covtype,2,100.0,100.0
sgd,covtype,2,0.0,0.0
sgd,covtype,2,78.125,-15.217391304347828
sgd,covtype,2,0.0,0.0
sgd,covtype,2,0.0,0.0
sgd,covtype,2,0.0,0.0
sgd,covtype,2,0.0,0.0
sgd,covtype,2,0.0,0.0
sgd,covtype,2,6.493506493506493,-5.681818181818188
sgd,covtype,2,20.77922077922078,22.22222222222221
sgd,covtype,2,9.0,2.73245921329196
sgd,covtype,2,7.5,-7.417582417582413
sgd,covtype,2,51.92307692307693,-32.05128205128205
sgd,covtype,2,43.0,-30.690485748695306
sgd,covtype,2,0.0,0.0
sgd,covtype,2,0.0,0.0
sgd,covtype,2,61.40350877192983,-50.0
sgd,covtype,2,0.0,0.0
sgd,covtype,2,100.0,-100.0
sgd,covtype,2,0.0,0.0
sgd,covtype,2,0.0,0.0
sgd,covtype,2,25.0,25.0
sgd,covtype,2,25.64102564102564,-25.64102564102564
sgd,covtype,2,100.0,-100.0
sgd,covtype,2,100.0,-100.0
sgd,covtype,2,100.0,0.0
sgd,covtype,2,0.0,0.0
sgd,covtype,2,35.294117647058826,-25.47169811320754
sgd,covtype,2,42.25352112676056,-22.388059701492537
sgd,covtype,2,5.0,-5.000000000000004
sgd,covtype,2,22.857142857142858,27.67857142857143
sgd,covtype,2,4.5,6.164383561643838
sgd,covtype,2,19.5,-24.375000000000004
sgd,covtype,2,53.125,53.125
sgd,covtype,2,0.0,0.0
sgd,covtype,2,9.375,-6.666666666666665
sgd,covtype,2,0.0,0.0
sgd,covtype,2,0.0,0.0
sgd,covtype,2,59.375,50.0
sgd,covtype,2,19.0,-19.191919191919204
sgd,covtype,2,68.88888888888889,68.88888888888889
sgd,covtype,2,23.076923076923077,-41.025641025641036
sgd,covtype,2,0.0,0.0
sgd,covtype,2,14.000000000000002,2.144249512670565
sgd,covtype,2,20.0,17.85714285714286
sgd,covtype,2,7.5,1.0822510822510734
sgd,covtype,2,12.5,7.547169811320758
sgd,covtype,2,47.41379310344828,4.257246376811591
sgd,covtype,2,45.3125,5.2083333333333375
sgd,covtype,2,15.606936416184972,0.31803725579281905
sgd,covtype,2,88.46153846153845,29.25170068027211
sgd,covtype,2,100.0,0.0
sgd,covtype,2,75.0,-46.15384615384615
sgd,covtype,2,100.0,0.0
sgd,covtype,2,53.125,-40.90909090909091
sgd,covtype,2,100.0,50.0
sgd,covtype,2,0.0,0.0
sgd,covtype,2,35.0,34.523809523809526
sgd,covtype,2,95.45454545454545,-95.45454545454545
sgd,covtype,2,7.6923076923076925,7.142857142857142
sgd,covtype,2,0.0,0.0
sgd,covtype,2,28.947368421052634,1.8840579710144911
sgd,covtype,2,0.0,0.0
sgd,covtype,2,100.0,0.0
sgd,covtype,2,100.0,-100.0
sgd,covtype,2,100.0,0.0
sgd,covtype,2,100.0,-100.0
sgd,covtype,2,100.0,0.0
sgd,covtype,2,100.0,0.0
sgd,covtype,2,100.0,0.0
sgd,covtype,2,100.0,0.0
sgd,covtype,2,100.0,0.0
sgd,covtype,2,0.0,0.0
sgd,covtype,2,0.0,0.0
sgd,covtype,2,100.0,0.0
sgd,covtype,2,0.0,0.0
sgd,covtype,2,100.0,0.0
sgd,covtype,2,17.94871794871795,17.948717948717952
sgd,covtype,2,0.0,0.0
sgd,covtype,2,70.45454545454545,39.117647058823536
sgd,covtype,2,0.0,0.0
sgd,covtype,2,90.0,90.0
sgd,covtype,2,0.0,0.0
sgd,covtype,2,24.271844660194176,21.55172413793104
sgd,covtype,2,5.5,3.8104929895974693
sgd,covtype,2,0.0,0.0
sgd,covtype,2,38.63636363636363,14.182194616977227
sgd,covtype,2,0.0,0.0
sgd,covtype,2,11.363636363636363,7.380952380952377
sgd,covtype,2,3.125,-1.3636363636363669
sgd,covtype,2,3.4482758620689653,-2.5000000000000133
sgd,covtype,2,0.0,0.0
sgd,covtype,2,15.625,14.70588235294118
sgd,covtype,2,0.0,0.0
sgd,covtype,2,22.22222222222222,-13.513513513513509
sgd,covtype,2,6.666666666666667,6.521739130434778
sgd,covtype,2,92.3076923076923,-92.3076923076923
sgd,covtype,2,0.0,0.0
sgd,covtype,2,0.0,0.0
sgd,covtype,2,3.8461538461538463,2.3809523809523836
sgd,covtype,2,0.0,0.0
sgd,covtype,2,0.0,0.0
sgd,covtype,2,5.172413793103448,3.488372093023251
sgd,covtype,2,0.0,0.0
sgd,covtype,2,0.0,0.0
sgd,covtype,2,0.0,0.0
sgd,covtype,2,0.0,0.0
sgd,covtype,2,0.0,0.0
sgd,covtype,2,0.0,0.0
sgd,covtype,2,0.0,0.0
sgd,covtype,2,0.0,0.0
sgd,covtype,2,0.0,0.0
sgd,covtype,2,0.0,0.0
sgd,covtype,2,0.0,0.0
sgd,covtype,2,0.0,0.0
sgd,covtype,2,0.0,0.0
sgd,covtype,2,25.0,20.392156862745097
sgd,covtype,2,46.15384615384615,44.99999999999999
sgd,covtype,2,0.0,0.0
sgd,covtype,2,0.0,0.0
sgd,covtype,2,0.0,0.0
sgd,covtype,2,0.0,0.0
sgd,covtype,2,0.0,0.0
sgd,covtype,2,0.0,0.0
sgd,covtype,2,0.0,0.0
sgd,covtype,2,0.0,0.0
sgd,covtype,2,0.0,0.0
sgd,covtype,2,0.0,0.0
sgd,covtype,2,6.25,4.545454545454547
sgd,covtype,2,92.3076923076923,5.769230769230771
sgd,covtype,2,0.0,0.0
sgd,covtype,2,0.0,0.0
sgd,covtype,2,17.94871794871795,15.909090909090907
sgd,covtype,2,0.0,0.0
sgd,covtype,2,0.0,0.0
sgd,covtype,2,0.0,0.0
sgd,covtype,2,0.0,0.0
sgd,covtype,2,0.0,0.0
sgd,covtype,2,100.0,100.0
sgd,covtype,2,0.0,0.0
sgd,covtype,2,78.125,78.125
sgd,covtype,2,0.0,0.0
sgd,covtype,2,0.0,0.0
sgd,covtype,2,6.666666666666667,6.666666666666665
sgd,covtype,2,0.0,0.0
sgd,covtype,2,0.0,0.0
sgd,covtype,2,4.444444444444445,2.2836538461538494
sgd,covtype,2,0.0,0.0
sgd,covtype,2,0.0,0.0
sgd,covtype,2,57.692307692307686,57.692307692307686
sgd,covtype,2,0.0,0.0
sgd,covtype,2,0.0,0.0
sgd,covtype,2,0.0,0.0
sgd,covtype,2,7.6923076923076925,50.0
sgd,covtype,2,0.0,0.0
sgd,covtype,2,0.0,0.0
sgd,covtype,2,0.0,0.0
sgd,covtype,2,0.0,0.0
sgd,covtype,2,100.0,100.0
sgd,covtype,2,0.0,0.0
sgd,covtype,2,100.0,0.0
sgd,covtype,2,0.0,0.0
sgd,covtype,2,30.0,30.000000000000004
sgd,covtype,2,0.0,0.0
sgd,covtype,2,11.538461538461538,11.538461538461531
sgd,covtype,2,0.0,0.0
sgd,covtype,2,0.0,0.0
sgd,covtype,2,26.31578947368421,-26.315789473684216
sgd,covtype,2,100.0,100.0
sgd,covtype,2,0.0,0.0
sgd,covtype,2,0.0,0.0
sgd,covtype,2,5.0,5.000000000000004
sgd,covtype,2,4.545454545454546,50.0
sgd,covtype,2,0.0,0.0
sgd,covtype,2,100.0,0.0
sgd,covtype,2,100.0,100.0
sgd,covtype,2,0.0,0.0
sgd,covtype,2,0.0,0.0
sgd,covtype,2,0.0,0.0
sgd,covtype,2,100.0,100.0
sgd,covtype,2,100.0,100.0
sgd,covtype,2,6.666666666666667,6.666666666666665
sgd,covtype,2,42.30769230769231,-42.307692307692314
sgd,covtype,2,100.0,100.0
sgd,covtype,2,0.0,0.0
sgd,covtype,2,31.25,33.333333333333336
sgd,covtype,2,59.375,-36.111111111111114
sgd,covtype,2,6.5,3.6931818181818175
sgd,covtype,2,20.0,30.482916587134955
sgd,covtype,2,11.11111111111111,-14.70588235294118
sgd,covtype,2,20.689655172413794,3.6437246963562764
sgd,covtype,2,86.20689655172413,-5.528846153846157
sgd,covtype,2,65.51724137931035,14.93428912783752
sgd,covtype,2,13.17365269461078,11.06299212598426
sgd,covtype,2,6.896551724137931,8.333333333333337
sgd,covtype,2,6.896551724137931,-2.3284313725490224
sgd,covtype,2,0.0,0.0
sgd,covtype,2,30.76923076923077,12.5
sgd,covtype,2,20.238095238095237,12.081558125380399
sgd,covtype,2,20.689655172413794,1.2870012870012881
sgd,covtype,3,75.0,-14.150943396226417
sgd,covtype,3,96.3302752293578,36.666666666666664
sgd,covtype,3,76.5625,22.72727272727273
sgd,covtype,3,36.0,13.605442176870747
sgd,covtype,3,59.48275862068966,14.627363737486093
sgd,covtype,3,72.0,-11.161342405720214
sgd,covtype,3,66.01941747572816,24.03846153846154
sgd,covtype,3,0.0,0.0
sgd,covtype,3,100.0,0.0
sgd,covtype,3,0.0,0.0
sgd,covtype,3,0.0,0.0
sgd,covtype,3,0.0,0.0
sgd,covtype,3,0.0,0.0
sgd,covtype,3,0.0,0.0
sgd,covtype,3,0.0,0.0
sgd,covtype,3,0.0,0.0
sgd,covtype,3,100.0,-100.0
sgd,covtype,3,0.0,0.0
sgd,covtype,3,100.0,0.0
sgd,covtype,3,0.0,0.0
sgd,covtype,3,100.0,0.0
sgd,covtype,3,0.0,0.0
sgd,covtype,3,100.0,0.0
sgd,covtype,3,0.0,0.0
sgd,covtype,3,0.0,0.0
sgd,covtype,3,0.0,0.0
sgd,covtype,3,0.0,0.0
sgd,covtype,3,0.0,0.0
sgd,covtype,3,0.0,0.0
sgd,covtype,3,100.0,0.0
sgd,covtype,3,0.0,0.0
sgd,covtype,3,0.0,0.0
sgd,covtype,3,0.0,0.0
sgd,covtype,3,0.0,0.0
sgd,covtype,3,0.0,0.0
sgd,covtype,3,100.0,100.0
sgd,covtype,3,0.0,0.0
sgd,covtype,3,0.0,0.0
sgd,covtype,3,0.0,0.0
sgd,covtype,3,80.76923076923077,15.032679738562093
sgd,covtype,3,0.0,0.0
sgd,covtype,3,0.0,0.0
sgd,covtype,3,0.0,0.0
sgd,covtype,3,0.0,0.0
sgd,covtype,3,0.0,0.0
sgd,covtype,3,0.0,0.0
sgd,covtype,3,0.0,0.0
sgd,covtype,3,0.0,0.0
sgd,covtype,3,100.0,0.0
sgd,covtype,3,0.0,0.0
sgd,covtype,3,0.0,0.0
sgd,covtype,3,0.0,0.0
sgd,covtype,3,0.0,0.0
sgd,covtype,3,0.0,0.0
sgd,covtype,3,0.0,0.0
sgd,covtype,3,0.0,0.0
sgd,covtype,3,0.0,0.0
sgd,covtype,3,0.0,0.0
sgd,covtype,3,0.0,0.0
sgd,covtype,3,0.0,0.0
sgd,covtype,3,100.0,100.0
sgd,covtype,3,51.77304964539007,30.630630630630627
sgd,covtype,3,13.793103448275861,13.793103448275868
sgd,covtype,3,100.0,-100.0
sgd,covtype,3,97.0,68.18181818181817
sgd,covtype,3,35.714285714285715,-39.473684210526315
sgd,covtype,3,46.478873239436616,-26.61290322580645
sgd,covtype,3,100.0,100.0
sgd,covtype,3,23.943661971830984,2.857142857142858
sgd,covtype,3,35.064935064935064,35.064935064935064
sgd,covtype,3,0.0,0.0
sgd,covtype,3,0.0,0.0
sgd,covtype,3,0.0,0.0
sgd,covtype,3,0.0,0.0
sgd,covtype,3,46.15384615384615,46.15384615384615
sgd,covtype,3,100.0,-100.0
sgd,covtype,3,100.0,-100.0
sgd,covtype,3,0.0,0.0
sgd,covtype,3,32.3943661971831,-32.3943661971831
sgd,covtype,3,0.0,0.0
sgd,covtype,3,0.0,0.0
sgd,covtype,3,92.3076923076923,88.46153846153845
sgd,covtype,3,100.0,0.0
sgd,covtype,3,10.0,-11.111111111111116
sgd,covtype,3,36.36363636363637,22.857142857142854
sgd,covtype,3,100.0,-100.0
sgd,covtype,3,0.0,0.0
sgd,covtype,3,100.0,100.0
sgd,covtype,3,37.66233766233766,-21.641791044776127
sgd,covtype,3,100.0,-100.0
sgd,covtype,3,0.0,0.0
sgd,covtype,3,6.5,9.701492537313428
sgd,covtype,3,0.0,0.0
sgd,covtype,3,54.6875,-38.04347826086957
sgd,covtype,3,48.07692307692308,50.0
sgd,covtype,3,0.0,0.0
sgd,covtype,3,19.5,-13.3063306330633
sgd,covtype,3,17.307692307692307,28.125
sgd,covtype,3,7.000000000000001,4.216867469879526
sgd,covtype,3,9.174311926605505,-3.5674157303370757
sgd,covtype,3,18.75,14.634146341463417
sgd,covtype,3,11.475409836065573,7.000000000000001
sgd,covtype,3,48.4375,4.951690821256038
sgd,covtype,3,61.0,-4.834350915824243
sgd,covtype,3,30.76923076923077,-23.015873015873016
sgd,covtype,3,100.0,-100.0
sgd,covtype,3,78.43137254901961,-50.0
sgd,covtype,3,90.625,-90.625
sgd,covtype,3,97.77777777777777,1.3513513513513487
sgd,covtype,3,96.875,1.785714285714285
sgd,covtype,3,100.0,-100.0
sgd,covtype,3,97.72727272727273,-97.72727272727273
sgd,covtype,3,25.0,-8.241758241758246
sgd,covtype,3,100.0,0.0
sgd,covtype,3,0.0,0.0
sgd,covtype,3,9.375,-4.487179487179482
sgd,covtype,3,100.0,100.0
sgd,covtype,3,100.0,0.0
sgd,covtype,3,34.375,-0.5747126436781658
sgd,covtype,3,100.0,-100.0
sgd,covtype,3,24.137931034482758,7.629870129870131
sgd,covtype,3,0.0,0.0
sgd,covtype,3,80.0,80.0
sgd,covtype,3,85.0,85.0
sgd,covtype,3,0.0,0.0
sgd,covtype,3,25.806451612903224,25.806451612903224
sgd,covtype,3,96.875,1.7241379310344807
sgd,covtype,3,32.3943661971831,13.617886178861793
sgd,covtype,3,23.4375,11.761761761761758
sgd,covtype,3,6.0,1.1759384893713198
sgd,covtype,3,100.0,-100.0
sgd,covtype,3,0.0,0.0
sgd,covtype,3,48.38709677419355,32.608695652173914
sgd,covtype,3,0.0,0.0
sgd,covtype,3,34.375,3.0364372469635637
sgd,covtype,3,0.0,0.0
sgd,covtype,3,0.0,0.0
sgd,covtype,3,1.7241379310344827,-1.2499999999999956
sgd,covtype,3,0.0,0.0
sgd,covtype,3,0.0,0.0
sgd,covtype,3,100.0,0.0
sgd,covtype,3,3.8461538461538463,-50.0
sgd,covtype,3,0.0,0.0
sgd,covtype,3,92.3076923076923,-4.166666666666669
sgd,covtype,3,0.0,0.0
sgd,covtype,3,0.0,0.0
sgd,covtype,3,0.0,0.0
sgd,covtype,3,100.0,0.0
sgd,covtype,3,0.0,0.0
sgd,covtype,3,61.53846153846154,1.0344827586206917
sgd,covtype,3,19.230769230769234,19.23076923076923
sgd,covtype,3,0.0,0.0
sgd,covtype,3,42.30769230769231,12.82051282051283
sgd,covtype,3,0.0,0.0
sgd,covtype,3,0.0,0.0
sgd,covtype,3,0.0,0.0
sgd,covtype,3,0.0,0.0
sgd,covtype,3,0.0,0.0
sgd,covtype,3,0.0,0.0
sgd,covtype,3,0.0,0.0
sgd,covtype,3,0.0,0.0
sgd,covtype,3,100.0,0.0
sgd,covtype,3,0.0,0.0
sgd,covtype,3,0.0,0.0
sgd,covtype,3,0.0,0.0
sgd,covtype,3,35.0,36.111111111111114
sgd,covtype,3,0.0,0.0
sgd,covtype,3,55.00000000000001,55.00000000000001
sgd,covtype,3,0.0,0.0
sgd,covtype,3,4.6875,-50.0
sgd,covtype,3,0.0,0.0
sgd,covtype,3,0.0,0.0
sgd,covtype,3,65.0,64.99999999999999
sgd,covtype,3,0.0,0.0
sgd,covtype,3,25.0,25.0
sgd,covtype,3,0.0,0.0
sgd,covtype,3,48.717948717948715,-21.42857142857143
sgd,covtype,3,0.0,0.0
sgd,covtype,3,0.0,0.0
sgd,covtype,3,0.0,0.0
sgd,covtype,3,0.0,0.0
sgd,covtype,3,0.0,0.0
sgd,covtype,3,0.0,0.0
sgd,covtype,3,0.0,0.0
sgd,covtype,3,84.61538461538461,12.962962962962965
sgd,covtype,3,0.0,0.0
sgd,covtype,3,0.0,0.0
sgd,covtype,3,0.0,0.0
sgd,covtype,3,0.0,0.0
sgd,covtype,3,100.0,0.0
sgd,covtype,3,43.58974358974359,15.86206896551724
sgd,covtype,3,0.0,0.0
sgd,covtype,3,0.0,0.0
sgd,covtype,3,0.0,0.0
sgd,covtype,3,0.0,0.0
sgd,covtype,3,0.0,0.0
sgd,covtype,3,0.0,0.0
sgd,covtype,3,20.0,13.5
sgd,covtype,3,0.0,0.0
sgd,covtype,3,69.23076923076923,-16.875
sgd,covtype,3,0.0,0.0
sgd,covtype,3,0.0,0.0
sgd,covtype,3,0.0,0.0
sgd,covtype,3,0.0,0.0
sgd,covtype,3,0.0,0.0
sgd,covtype,3,0.0,0.0
sgd,covtype,3,84.61538461538461,-84.61538461538461
sgd,covtype,3,76.92307692307693,76.92307692307693
sgd,covtype,3,3.125,-3.125
sgd,covtype,3,100.0,100.0
sgd,covtype,3,9.375,-9.375
sgd,covtype,3,100.0,100.0
sgd,covtype,3,0.0,0.0
sgd,covtype,3,0.0,0.0
sgd,covtype,3,0.0,0.0
sgd,covtype,3,100.0,100.0
sgd,covtype,3,15.625,-15.625
sgd,covtype,3,0.0,0.0
sgd,covtype,3,20.0,19.999999999999996
sgd,covtype,3,0.0,0.0
sgd,covtype,3,0.0,0.0
sgd,covtype,3,10.0,7.14285714285714
sgd,covtype,3,100.0,100.0
sgd,covtype,3,0.0,0.0
sgd,covtype,3,0.0,0.0
sgd,covtype,3,0.0,0.0
sgd,covtype,3,100.0,0.0
sgd,covtype,3,0.0,0.0
sgd,covtype,3,0.0,0.0
sgd,covtype,3,100.0,100.0
sgd,covtype,3,0.0,0.0
sgd,covtype,3,0.0,0.0
sgd,covtype,3,12.0,29.44444444444445
sgd,covtype,3,32.8125,17.712550607287458
sgd,covtype,3,23.5,-22.812499999999993
sgd,covtype,3,67.3076923076923,-18.437499999999996
sgd,covtype,3,1.7241379310344827,1.5625
sgd,covtype,3,0.0,0.0
sgd,covtype,3,3.125,1.9230769230769273
sgd,covtype,3,5.769230769230769,-4.838709677419361
sgd,covtype,3,39.6551724137931,0.2631578947368429
sgd,covtype,4,60.15625,-7.119970468807679
sgd,covtype,4,66.66666666666666,-9.096459096459098
sgd,covtype,4,96.55172413793103,-26.728826728826732
sgd,covtype,4,93.96551724137932,35.15632515632517
sgd,covtype,4,64.0,24.955862126271267
sgd,covtype,4,71.0,-3.769619902290286
sgd,covtype,4,66.19718309859155,-21.335200746965448
sgd,covtype,4,100.0,76.05072463768117
sgd,covtype,4,47.540983606557376,-9.595959595959597
sgd,covtype,4,91.11111111111111,91.11111111111111
sgd,covtype,4,0.0,0.0
sgd,covtype,4,46.55172413793103,24.69135802469136
sgd,covtype,4,0.0,0.0
sgd,covtype,4,100.0,-50.0
sgd,covtype,4,0.0,0.0
sgd,covtype,4,100.0,-50.0
sgd,covtype,4,0.0,0.0
sgd,covtype,4,100.0,-50.0
sgd,covtype,4,0.0,0.0
sgd,covtype,4,45.0,45.0
sgd,covtype,4,0.0,0.0
sgd,covtype,4,100.0,100.0
sgd,covtype,4,0.0,0.0
sgd,covtype,4,100.0,100.0
sgd,covtype,4,0.0,0.0
sgd,covtype,4,100.0,-41.30434782608695
sgd,covtype,4,0.0,0.0
sgd,covtype,4,100.0,0.0
sgd,covtype,4,0.0,0.0
sgd,covtype,4,100.0,0.0
sgd,covtype,4,0.0,0.0
sgd,covtype,4,100.0,0.0
sgd,covtype,4,0.0,0.0
sgd,covtype,4,0.0,0.0
sgd,covtype,4,0.0,0.0
sgd,covtype,4,100.0,0.0
sgd,covtype,4,0.0,0.0
sgd,covtype,4,47.72727272727273,-47.72727272727273
sgd,covtype,4,2.564102564102564,2.564102564102566
sgd,covtype,4,35.55555555555556,-35.55555555555555
sgd,covtype,4,100.0,50.0
sgd,covtype,4,0.0,0.0
sgd,covtype,4,0.0,0.0
sgd,covtype,4,0.0,0.0
sgd,covtype,4,0.0,0.0
sgd,covtype,4,0.0,0.0
sgd,covtype,4,0.0,0.0
sgd,covtype,4,0.0,0.0
sgd,covtype,4,22.22222222222222,-13.88888888888889
sgd,covtype,4,61.53846153846154,22.321428571428577
sgd,covtype,4,0.0,0.0
sgd,covtype,4,0.0,0.0
sgd,covtype,4,0.0,0.0
sgd,covtype,4,0.0,0.0
sgd,covtype,4,0.0,0.0
sgd,covtype,4,100.0,0.0
sgd,covtype,4,100.0,0.0
sgd,covtype,4,100.0,-100.0
sgd,covtype,4,100.0,0.0
sgd,covtype,4,15.0,-15.000000000000002
sgd,covtype,4,100.0,0.0
sgd,covtype,4,0.0,0.0
sgd,covtype,4,100.0,0.0
sgd,covtype,4,88.0,-47.5
sgd,covtype,4,100.0,0.0
sgd,covtype,4,34.375,-34.375
sgd,covtype,4,11.538461538461538,12.5
sgd,covtype,4,0.0,0.0
sgd,covtype,4,0.0,0.0
sgd,covtype,4,0.0,0.0
sgd,covtype,4,7.6923076923076925,-0.42857142857142816
sgd,covtype,4,0.0,0.0
sgd,covtype,4,0.0,0.0
sgd,covtype,4,0.0,0.0
sgd,covtype,4,100.0,100.0
sgd,covtype,4,48.275862068965516,40.54054054054055
sgd,covtype,4,71.11111111111111,-43.24324324324324
sgd,covtype,4,56.99999999999999,33.33333333333333
sgd,covtype,4,55.55555555555556,-55.55555555555556
sgd,covtype,4,0.0,0.0
sgd,covtype,4,0.0,0.0
sgd,covtype,4,7.6923076923076925,-48.0
sgd,covtype,4,43.75,30.434782608695656
sgd,covtype,4,0.0,0.0
sgd,covtype,4,92.3076923076923,9.090909090909088
sgd,covtype,4,0.0,0.0
sgd,covtype,4,100.0,0.0
sgd,covtype,4,0.0,0.0
sgd,covtype,4,88.46153846153845,30.0
sgd,covtype,4,0.0,0.0
sgd,covtype,4,0.0,0.0
sgd,covtype,4,0.0,0.0
sgd,covtype,4,0.0,0.0
sgd,covtype,4,0.0,0.0
sgd,covtype,4,0.0,0.0
sgd,covtype,4,100.0,100.0
sgd,covtype,4,0.0,0.0
sgd,covtype,4,100.0,0.0
sgd,covtype,4,0.0,0.0
sgd,covtype,4,100.0,0.0
sgd,covtype,4,0.0,0.0
sgd,covtype,4,0.0,0.0
sgd,covtype,4,0.0,0.0
sgd,covtype,4,70.3125,31.372549019607842
sgd,covtype,4,0.0,0.0
sgd,covtype,4,70.0,70.0
sgd,covtype,4,100.0,100.0
sgd,covtype,4,100.0,-100.0
sgd,covtype,4,34.61538461538461,33.33333333333333
sgd,covtype,4,70.6896551724138,-70.6896551724138
sgd,covtype,4,0.0,0.0
sgd,covtype,4,0.0,0.0
sgd,covtype,4,6.0,5.999999999999995
sgd,covtype,4,32.5,-20.62424729024488
sgd,covtype,4,37.5,0.0
sgd,covtype,4,0.0,0.0
sgd,covtype,4,11.11111111111111,6.41025641025641
sgd,covtype,4,21.666666666666668,-26.351351351351347
sgd,covtype,4,0.0,0.0
sgd,covtype,4,0.0,0.0
sgd,covtype,4,0.0,0.0
sgd,covtype,4,0.0,0.0
sgd,covtype,4,0.0,0.0
sgd,covtype,4,0.0,0.0
sgd,covtype,4,43.103448275862064,24.224021592442657
sgd,covtype,4,0.0,0.0
sgd,covtype,4,12.844036697247708,-7.526881720430106
sgd,covtype,4,0.0,0.0
sgd,covtype,4,57.14285714285714,27.29629629629631
sgd,covtype,4,5.194805194805195,3.1746031746031744
sgd,covtype,4,0.0,0.0
sgd,covtype,4,0.0,0.0
sgd,covtype,4,5.194805194805195,-3.125
sgd,covtype,4,0.0,0.0
sgd,covtype,4,24.675324675324674,13.970588235294112
sgd,covtype,4,6.5,9.027777777777779
sgd,covtype,4,6.5,9.701492537313428
sgd,covtype,4,2.9629629629629632,-2.941176470588236
sgd,covtype,4,0.0,0.0
sgd,covtype,4,48.4375,48.4375
sgd,covtype,4,0.0,0.0
sgd,covtype,4,81.81818181818183,81.81818181818181
sgd,covtype,4,10.0,10.000000000000004
sgd,covtype,4,0.0,0.0
sgd,covtype,4,97.43589743589743,97.43589743589743
sgd,covtype,4,100.0,0.0
sgd,covtype,4,0.0,0.0
sgd,covtype,4,0.0,0.0
sgd,covtype,4,0.0,0.0
sgd,covtype,4,93.75,93.75
sgd,covtype,4,0.0,0.0
sgd,covtype,4,35.8974358974359,-18.42105263157895
sgd,covtype,4,0.0,0.0
sgd,covtype,4,16.5,18.75
sgd,covtype,4,9.0,1.505376344086029
sgd,covtype,4,3.90625,3.492822966507181
sgd,covtype,4,20.689655172413794,17.708333333333332
sgd,covtype,4,93.75,-3.4482758620689613
sgd,covtype,4,70.0,16.666666666666668
sgd,covtype,4,100.0,0.0
sgd,covtype,4,69.23076923076923,-28.571428571428577
sgd,covtype,4,21.875,-24.137931034482758
sgd,covtype,4,64.44444444444444,8.000000000000002
sgd,covtype,4,0.0,0.0
sgd,covtype,4,0.0,0.0
sgd,covtype,4,0.0,0.0
sgd,covtype,4,100.0,0.0
sgd,covtype,4,100.0,0.0
sgd,covtype,4,44.827586206896555,-43.54037267080745
sgd,covtype,4,0.0,0.0
sgd,covtype,4,88.0,34.74025974025974
sgd,covtype,4,100.0,0.0
sgd,covtype,4,26.923076923076923,-12.5
sgd,covtype,4,100.0,0.0
sgd,covtype,4,91.11111111111111,-93.10344827586206
sgd,covtype,4,100.0,0.0
sgd,covtype,4,65.625,-23.214285714285715
sgd,covtype,4,5.0,-5.000000000000004
sgd,covtype,4,36.11111111111111,22.674418604651166
sgd,covtype,4,91.11111111111111,-7.6923076923076925
sgd,covtype,4,100.0,0.0
sgd,covtype,4,100.0,0.0
sgd,covtype,4,0.0,0.0
sgd,covtype,4,0.0,0.0
sgd,covtype,4,100.0,0.0
sgd,covtype,4,0.0,0.0
sgd,covtype,4,0.0,0.0
sgd,covtype,4,13.333333333333334,10.71428571428572
sgd,covtype,4,0.0,0.0
sgd,covtype,4,0.0,0.0
sgd,covtype,4,0.0,0.0
sgd,covtype,4,100.0,100.0
sgd,covtype,4,100.0,100.0
sgd,covtype,4,0.0,0.0
sgd,covtype,4,28.125,15.517241379310342
sgd,covtype,4,0.0,0.0
sgd,covtype,4,84.375,14.444444444444448
sgd,covtype,4,100.0,100.0
sgd,covtype,4,0.0,0.0
sgd,covtype,4,29.5,-23.354074668807712
sgd,covtype,4,0.0,0.0
sgd,covtype,4,100.0,-100.0
sgd,covtype,4,0.0,0.0
sgd,covtype,4,0.0,0.0
sgd,covtype,4,13.333333333333334,0.0
sgd,covtype,4,0.0,0.0
sgd,covtype,4,100.0,-100.0
sgd,covtype,4,0.0,0.0
sgd,covtype,4,0.0,0.0
sgd,covtype,4,0.0,0.0
sgd,covtype,4,0.0,0.0
sgd,covtype,4,11.538461538461538,-50.0
sgd,covtype,4,0.0,0.0
sgd,covtype,4,100.0,0.0
sgd,covtype,4,0.0,0.0
sgd,covtype,4,0.0,0.0
sgd,covtype,4,96.15384615384616,9.999999999999998
sgd,covtype,4,0.0,0.0
sgd,covtype,4,0.0,0.0
sgd,covtype,4,18.96551724137931,-2.298136645962734
sgd,covtype,4,0.0,0.0
sgd,covtype,4,0.0,0.0
sgd,covtype,4,0.0,0.0
sgd,covtype,4,12.82051282051282,-12.82051282051282
sgd,covtype,4,0.0,0.0
sgd,covtype,4,17.77777777777778,-33.33333333333333
sgd,covtype,4,0.0,0.0
sgd,covtype,4,0.0,0.0
sgd,covtype,4,0.0,0.0
sgd,covtype,4,0.0,0.0
sgd,covtype,4,100.0,0.0
sgd,covtype,4,0.0,0.0
sgd,covtype,4,0.0,0.0
sgd,covtype,4,0.0,0.0
sgd,covtype,4,0.0,0.0
sgd,covtype,4,0.0,0.0
sgd,covtype,4,16.666666666666664,6.441223832528181
sgd,covtype,4,0.0,0.0
sgd,covtype,4,72.41379310344827,25.0
sgd,covtype,4,0.0,0.0
sgd,covtype,4,46.15384615384615,-46.15384615384615
sgd,covtype,4,0.0,0.0
sgd,covtype,4,55.00000000000001,55.00000000000001
sgd,covtype,4,0.0,0.0
sgd,covtype,4,0.0,0.0
sgd,covtype,4,0.0,0.0
sgd,covtype,4,0.0,0.0
sgd,covtype,4,0.0,0.0
sgd,covtype,4,0.0,0.0
sgd,covtype,4,0.0,0.0
sgd,covtype,4,0.0,0.0
sgd,covtype,4,100.0,0.0
sgd,covtype,4,0.0,0.0
sgd,covtype,4,10.0,9.999999999999998
sgd,covtype,4,0.0,0.0
sgd,covtype,4,0.0,0.0
sgd,covtype,4,0.0,0.0
sgd,covtype,4,65.38461538461539,-65.38461538461539
sgd,covtype,4,80.0,80.0
sgd,covtype,4,0.0,0.0
sgd,covtype,4,0.0,0.0
sgd,covtype,4,84.61538461538461,-84.61538461538461
sgd,covtype,4,3.125,-2.857142857142858
sgd,covtype,4,0.0,0.0
sgd,covtype,4,0.0,0.0
sgd,covtype,4,41.37931034482759,5.476190476190479
sgd,covtype,4,0.0,0.0
sgd,covtype,4,100.0,0.0
sgd,covtype,4,0.0,0.0
sgd,covtype,4,0.0,0.0
sgd,covtype,4,0.0,0.0
sgd,covtype,4,0.0,0.0
sgd,covtype,4,100.0,0.0
sgd,covtype,4,0.0,0.0
sgd,covtype,4,100.0,100.0
sgd,covtype,4,0.0,0.0
sgd,covtype,4,0.0,0.0
sgd,covtype,4,0.0,0.0
sgd,covtype,4,0.0,0.0
sgd,covtype,4,0.0,0.0
sgd,covtype,4,0.0,0.0
sgd,covtype,4,0.0,0.0
sgd,covtype,4,0.0,0.0
sgd,covtype,4,100.0,35.0
sgd,covtype,4,0.0,0.0
sgd,covtype,4,100.0,100.0
sgd,covtype,4,0.0,0.0
sgd,covtype,4,0.0,0.0
sgd,covtype,4,0.0,0.0
sgd,covtype,4,0.0,0.0
sgd,covtype,4,0.0,0.0
sgd,covtype,4,0.0,0.0
sgd,covtype,4,100.0,100.0
sgd,covtype,4,100.0,100.0
sgd,covtype,4,100.0,0.0
sgd,covtype,4,38.46153846153847,-38.46153846153846
sgd,covtype,4,0.0,0.0
sgd,covtype,4,0.0,0.0
sgd,covtype,4,0.0,0.0
sgd,covtype,4,3.0,1.8181818181818077
sgd,covtype,4,36.53846153846153,18.452380952380963
sgd,covtype,4,9.5,6.562499999999993
sgd,covtype,4,63.793103448275865,9.558823529411764
sgd,covtype,4,31.19266055045872,-23.320463320463315
sgd,covtype,4,0.0,0.0
sgd,covtype,4,27.586206896551722,12.425328554360815
sgd,covtype,4,62.06896551724138,16.47361647361647
sgd,insects_abrupt,0,97.5,1.5917644472179
sgd,insects_abrupt,0,76.5,-19.963618370509266
sgd,insects_abrupt,0,97.0,0.8026315789473659
sgd,insects_abrupt,0,99.5,-11.487564047715171
sgd,insects_abrupt,0,35.0,3.6666130416130427
sgd,insects_abrupt,0,93.0,0.37681159420289434
sgd,insects_abrupt,0,99.0,46.0
sgd,insects_abrupt,0,84.375,-7.181013431013428
sgd,insects_abrupt,0,69.5,1.9986513123768035
sgd,insects_abrupt,0,35.5,0.8103241296518626
sgd,insects_abrupt,1,93.0,-12.185927882858824
sgd,insects_abrupt,1,100.0,-12.666666666666664
sgd,insects_abrupt,1,99.0,-0.8771929824561375
sgd,insects_abrupt,1,99.5,-2.5331278890600912
sgd,insects_abrupt,1,100.0,8.009616965313171
sgd,insects_abrupt,1,76.0,10.74919871794872
sgd,insects_abrupt,1,92.0,-5.2440530957155005
sgd,insects_abrupt,1,95.5,-16.612884055387173
sgd,insects_abrupt,1,99.5,17.91901348352961
sgd,insects_abrupt,2,97.0,-5.306830756098576
sgd,insects_abrupt,2,83.0,11.507066276803119
sgd,insects_abrupt,2,98.5,-16.3847462495305
sgd,insects_abrupt,2,57.49999999999999,4.606494119956572
sgd,insects_abrupt,2,81.5,-6.167160927192403
sgd,insects_abrupt,2,74.5,55.00000000000001
sgd,insects_abrupt,2,83.5,2.5094696969697017
sgd,insects_abrupt,2,80.5,-6.97501747030049
sgd,insects_abrupt,3,92.5,13.123434675158816
sgd,insects_abrupt,3,81.5,12.141285499707127
sgd,insects_abrupt,3,60.0,3.062572991579071
sgd,insects_abrupt,3,100.0,8.083760652859878
sgd,insects_abrupt,3,99.5,-19.07814407814408
sgd,insects_abrupt,3,98.5,3.8249158249158253
sgd,insects_abrupt,3,79.5,1.053713739135731
sgd,insects_abrupt,3,92.56756756756756,5.115960538249395
sgd,insects_abrupt,3,99.5,2.239057239057235
sgd,insects_abrupt,3,48.0,10.034506556245681
sgd,insects_abrupt,4,94.5,2.5637980944886287
sgd,insects_abrupt,4,99.5,-3.0763116057233697
sgd,insects_abrupt,4,100.0,1.9590643274853825
sgd,insects_abrupt,4,100.0,1.42808829998132
sgd,insects_abrupt,4,61.0,-1.74499081860017
sgd,insects_abrupt,4,77.5,-1.5530285591516702
sgd,insects_abrupt,4,67.0,1.7045454545454501
sgd,insects_abrupt,4,100.0,-7.440476190476192
sgd,insects_abrupt,4,72.0,10.489766081871347
sgd,insects_abrupt,4,97.0,29.975845410628015
sgd,insects_gradual,0,48.333333333333336,5.000000000000002
sgd,insects_gradual,0,87.0,-1.2829823287339615
sgd,insects_gradual,0,79.0,28.46512156328107
sgd,insects_gradual,0,98.5,12.856277329961541
sgd,insects_gradual,0,61.5,22.472535113336118
sgd,insects_gradual,1,45.55555555555556,0.4615384615384577
sgd,insects_gradual,1,86.5,14.953814574067739
sgd,insects_gradual,1,38.0,7.371324813185279
sgd,insects_gradual,1,99.0,3.7359782952526954
sgd,insects_gradual,1,81.0,8.853212925506362
sgd,insects_gradual,2,31.11111111111111,0.9230769230769265
sgd,insects_gradual,2,80.0,18.46732808758125
sgd,insects_gradual,2,83.0,-37.5
sgd,insects_gradual,2,93.5,-0.993989828941283
sgd,insects_gradual,2,82.0,4.6744969662086024
sgd,insects_gradual,2,43.75,17.708333333333336
sgd,insects_gradual,3,23.333333333333332,3.3846153846153886
sgd,insects_gradual,3,97.5,1.0970464135021119
sgd,insects_gradual,3,77.5,11.812975766464135
sgd,insects_gradual,3,50.0,4.91475166790215
sgd,insects_gradual,3,93.5,12.420112996448266
sgd,insects_gradual,4,71.0,10.364145658263304
sgd,insects_gradual,4,77.0,-10.590656015492616
sgd,insects_gradual,4,83.5,73.0
sgd,insects_gradual,4,26.0,6.16214449166394
sgd,insects_gradual,4,85.0,5.0
sgd,insects_gradual,4,74.0,-6.263035210403628
sgd,insects_incremental,3,50.5,5.141143578643578
sgd,insects_incremental,4,64.0,3.388047138047137
gnb,elec2,0,0.0,0.0
gnb,elec2,0,0.0,0.0
gnb,elec2,0,1.0,1.0000000000000009
gnb,elec2,0,0.0,0.0
gnb,elec2,0,0.0,0.0
gnb,elec2,0,5.825242718446602,-1.9417475728155331
gnb,elec2,0,1.7341040462427744,-0.5780346820809301
gnb,elec2,0,0.625,0.6250000000000089
gnb,elec2,0,0.9708737864077669,0.9708737864077666
gnb,elec2,0,4.761904761904762,4.761904761904767
gnb,elec2,0,2.5,-2.500000000000002
gnb,elec2,0,0.0,0.0
gnb,elec2,0,16.875,16.875
gnb,elec2,0,5.780346820809249,3.4682080924855474
gnb,elec2,0,4.444444444444445,4.444444444444451
gnb,elec2,0,2.5,-2.499999999999991
gnb,elec2,0,2.8169014084507045,2.8169014084507116
gnb,elec2,0,0.0,0.0
gnb,elec2,0,0.0,0.0
gnb,elec2,0,0.0,0.0
gnb,elec2,0,0.6493506493506493,-0.649350649350644
gnb,elec2,0,78.5,61.5
gnb,elec2,0,3.125,1.041666666666663
gnb,elec2,0,2.564102564102564,2.564102564102566
gnb,elec2,0,0.0,0.0
gnb,elec2,0,0.0,0.0
gnb,elec2,0,0.0,0.0
gnb,elec2,0,1.4084507042253522,1.4084507042253613
gnb,elec2,0,11.538461538461538,-11.538461538461542
gnb,elec2,0,2.586206896551724,0.8620689655172376
gnb,elec2,0,7.035175879396985,4.020100502512558
gnb,elec2,0,0.0,0.0
gnb,elec2,0,0.0,0.0
gnb,elec2,0,0.0,0.0
gnb,elec2,0,3.896103896103896,-3.8961038961038916
gnb,elec2,0,0.0,0.0
gnb,elec2,0,0.0,0.0
gnb,elec2,0,0.0,0.0
gnb,elec2,0,0.0,0.0
gnb,elec2,0,0.0,0.0
gnb,elec2,0,0.0,0.0
gnb,elec2,0,2.34375,2.34375
gnb,elec2,0,0.0,0.0
gnb,elec2,0,15.517241379310345,-1.7241379310344807
gnb,elec2,0,0.0,0.0
gnb,elec2,0,0.0,0.0
gnb,elec2,0,0.0,0.0
gnb,elec2,0,0.5555555555555556,0.5555555555555536
gnb,elec2,0,1.1560693641618496,1.1560693641618491
gnb,elec2,0,0.0,0.0
gnb,elec2,0,0.0,0.0
gnb,elec2,0,0.0,0.0
gnb,elec2,0,1.25,1.2499999999999956
gnb,elec2,0,0.5780346820809248,0.5780346820809301
gnb,elec2,0,0.0,0.0
gnb,elec2,0,0.0,0.0
gnb,elec2,0,0.0,0.0
gnb,elec2,0,0.0,0.0
gnb,elec2,0,0.0,0.0
gnb,elec2,0,0.0,0.0
gnb,elec2,0,10.625,-9.375
gnb,elec2,0,19.26605504587156,17.431192660550455
gnb,elec2,0,0.0,0.0
gnb,elec2,0,0.0,0.0
gnb,elec2,0,0.0,0.0
gnb,elec2,0,0.0,0.0
gnb,elec2,0,0.0,0.0
gnb,elec2,0,0.0,0.0
gnb,elec2,0,0.0,0.0
gnb,elec2,0,0.0,0.0
gnb,elec2,0,0.0,0.0
gnb,elec2,0,0.0,0.0
gnb,elec2,0,0.0,0.0
gnb,covtype,0,22.950819672131146,1.9872813990461036
gnb,covtype,0,0.0,0.0
gnb,covtype,0,0.0,0.0
gnb,covtype,0,1.5625,-1.0989010989011005
gnb,covtype,0,0.0,0.0
gnb,covtype,0,6.796116504854369,5.5555555555555465
gnb,covtype,0,9.045226130653267,-0.10893246187362315
gnb,covtype,0,0.0,0.0
gnb,covtype,0,60.74074074074074,-4.882970137207426
gnb,covtype,0,16.5,9.876543209876548
gnb,covtype,0,27.0,11.92052980132451
gnb,covtype,0,0.0,0.0
gnb,covtype,0,0.0,0.0
gnb,covtype,0,0.0,0.0
gnb,covtype,0,4.444444444444445,2.941176470588236
gnb,covtype,0,0.0,0.0
gnb,covtype,0,0.0,0.0
gnb,covtype,0,1.1560693641618496,0.0
gnb,covtype,0,0.0,0.0
gnb,covtype,0,0.8620689655172413,0.5434782608695676
gnb,covtype,0,0.0,0.0
gnb,covtype,0,5.0,3.0120481927710885
gnb,covtype,0,20.74074074074074,11.764705882352938
gnb,covtype,0,0.0,0.0
gnb,covtype,0,0.0,0.0
gnb,covtype,0,0.0,0.0
gnb,covtype,0,0.0,0.0
gnb,covtype,0,0.0,0.0
gnb,covtype,0,0.0,0.0
gnb,covtype,0,0.0,0.0
gnb,covtype,0,0.0,0.0
gnb,covtype,0,0.0,0.0
gnb,covtype,0,0.0,0.0
gnb,covtype,0,0.0,0.0
gnb,covtype,0,1.7241379310344827,-1.6666666666666607
gnb,covtype,0,0.0,0.0
gnb,covtype,0,0.0,0.0
gnb,covtype,0,1.7241379310344827,1.315789473684209
gnb,covtype,0,1.5625,1.1111111111111127
gnb,covtype,0,1.7241379310344827,1.1363636363636354
gnb,covtype,0,0.0,0.0
gnb,covtype,0,0.0,0.0
gnb,covtype,0,0.0,0.0
gnb,covtype,0,0.0,0.0
gnb,covtype,0,0.0,0.0
gnb,covtype,0,0.0,0.0
gnb,covtype,0,0.0,0.0
gnb,covtype,0,0.0,0.0
gnb,covtype,0,1.2987012987012987,1.2987012987012991
gnb,covtype,0,0.0,0.0
gnb,covtype,0,0.0,0.0
gnb,covtype,0,0.0,0.0
gnb,covtype,0,0.0,0.0
gnb,covtype,0,0.0,0.0
gnb,covtype,0,3.8461538461538463,4.545454545454547
gnb,covtype,0,1.4084507042253522,1.3513513513513598
gnb,covtype,0,0.0,0.0
gnb,covtype,0,0.0,0.0
gnb,covtype,0,0.0,0.0
gnb,covtype,0,0.0,0.0
gnb,covtype,0,0.0,0.0
gnb,covtype,0,0.0,0.0
gnb,covtype,0,0.0,0.0
gnb,covtype,0,0.0,0.0
gnb,covtype,0,0.0,0.0
gnb,covtype,0,0.0,0.0
gnb,covtype,0,0.0,0.0
gnb,covtype,0,0.0,0.0
gnb,covtype,0,0.0,0.0
gnb,covtype,0,0.0,0.0
gnb,covtype,0,0.0,0.0
gnb,covtype,0,0.0,0.0
gnb,covtype,0,3.8461538461538463,-3.8461538461538463
gnb,covtype,0,0.0,0.0
gnb,covtype,0,3.8461538461538463,-1.9607843137254943
gnb,covtype,0,0.0,0.0
gnb,covtype,0,0.0,0.0
gnb,covtype,0,0.0,0.0
gnb,covtype,0,0.0,0.0
gnb,covtype,0,0.0,0.0
gnb,covtype,0,0.0,0.0
gnb,covtype,0,0.0,0.0
gnb,covtype,0,0.0,0.0
gnb,covtype,0,0.0,0.0
gnb,covtype,0,0.0,0.0
gnb,covtype,0,3.8461538461538463,7.14285714285714
gnb,covtype,0,0.0,0.0
gnb,covtype,0,0.0,0.0
gnb,covtype,0,0.0,0.0
gnb,covtype,0,0.0,0.0
gnb,covtype,0,0.0,0.0
gnb,covtype,0,0.0,0.0
gnb,covtype,0,0.0,0.0
gnb,covtype,0,0.0,0.0
gnb,covtype,0,0.0,0.0
gnb,covtype,0,0.0,0.0
gnb,covtype,0,0.0,0.0
gnb,covtype,0,0.0,0.0
gnb,covtype,0,0.0,0.0
gnb,covtype,0,2.564102564102564,2.5641025641025603
gnb,covtype,0,0.0,0.0
gnb,covtype,0,0.0,0.0
gnb,covtype,0,0.0,0.0
gnb,covtype,0,0.0,0.0
gnb,covtype,0,0.0,0.0
gnb,covtype,0,5.172413793103448,2.970297029702973
gnb,covtype,0,1.2987012987012987,-0.7042253521126751
gnb,covtype,0,1.2987012987012987,-0.7042253521126751
gnb,covtype,0,2.5974025974025974,1.3157894736842146
gnb,covtype,0,0.0,0.0
gnb,covtype,0,0.0,0.0
gnb,covtype,0,3.8461538461538463,-3.8461538461538463
gnb,covtype,0,0.0,0.0
gnb,covtype,0,15.384615384615385,15.384615384615383
gnb,covtype,0,0.0,0.0
gnb,covtype,0,3.8461538461538463,3.8461538461538463
gnb,covtype,0,0.0,0.0
gnb,covtype,0,1.2987012987012987,-1.2987012987012991
gnb,covtype,0,0.0,0.0
gnb,covtype,0,0.0,0.0
gnb,covtype,0,0.0,0.0
gnb,covtype,0,0.0,0.0
gnb,covtype,0,3.8461538461538463,-3.8461538461538463
gnb,covtype,0,0.0,0.0
gnb,covtype,0,0.0,0.0
gnb,covtype,0,0.0,0.0
gnb,covtype,0,0.0,0.0
gnb,covtype,0,0.0,0.0
gnb,covtype,0,0.0,0.0
gnb,covtype,0,0.0,0.0
gnb,covtype,0,0.0,0.0
gnb,covtype,0,0.0,0.0
gnb,covtype,0,0.0,0.0
gnb,covtype,0,0.0,0.0
gnb,covtype,0,1.948051948051948,2.238805970149249
gnb,covtype,0,0.0,0.0
gnb,covtype,0,0.0,0.0
gnb,covtype,0,0.0,0.0
gnb,covtype,0,0.0,0.0
gnb,covtype,0,0.0,0.0
gnb,covtype,0,0.0,0.0
gnb,covtype,0,0.0,0.0
gnb,covtype,0,0.0,0.0
gnb,covtype,0,0.0,0.0
gnb,covtype,0,0.0,0.0
gnb,covtype,0,0.0,0.0
gnb,covtype,0,1.4084507042253522,2.500000000000002
gnb,covtype,0,0.0,0.0
gnb,covtype,0,0.0,0.0
gnb,covtype,0,0.0,0.0
gnb,covtype,0,0.0,0.0
gnb,covtype,0,0.0,0.0
gnb,covtype,0,0.0,0.0
gnb,covtype,0,0.0,0.0
gnb,covtype,0,0.0,0.0
gnb,covtype,0,0.0,0.0
gnb,covtype,0,0.0,0.0
gnb,covtype,0,0.0,0.0
gnb,covtype,0,0.0,0.0
gnb,covtype,0,0.0,0.0
gnb,covtype,0,0.0,0.0
gnb,covtype,0,0.0,0.0
gnb,covtype,0,0.0,0.0
gnb,covtype,0,0.0,0.0
gnb,covtype,0,0.0,0.0
gnb,covtype,0,0.0,0.0
gnb,covtype,0,0.0,0.0
gnb,covtype,0,0.0,0.0
gnb,covtype,0,0.0,0.0
gnb,covtype,0,0.0,0.0
gnb,covtype,0,0.0,0.0
gnb,covtype,0,0.0,0.0
gnb,covtype,0,0.0,0.0
gnb,covtype,0,0.0,0.0
gnb,covtype,0,0.0,0.0
gnb,covtype,0,0.0,0.0
gnb,covtype,0,0.0,0.0
gnb,covtype,0,0.0,0.0
gnb,covtype,0,0.0,0.0
gnb,covtype,0,0.0,0.0
gnb,covtype,0,0.0,0.0
gnb,covtype,0,0.0,0.0
gnb,covtype,0,0.0,0.0
gnb,covtype,0,5.405405405405405,0.0
gnb,covtype,0,0.0,0.0
gnb,covtype,0,1.9607843137254901,0.0
gnb,covtype,0,0.0,0.0
gnb,covtype,0,0.0,0.0
gnb,covtype,0,0.0,0.0
gnb,covtype,0,0.0,0.0
gnb,covtype,0,0.0,0.0
gnb,covtype,0,0.0,0.0
gnb,covtype,0,0.0,0.0
gnb,covtype,0,0.0,0.0
gnb,covtype,0,0.0,0.0
gnb,covtype,0,0.0,0.0
gnb,covtype,0,0.0,0.0
gnb,covtype,0,0.0,0.0
gnb,covtype,0,0.0,0.0
gnb,covtype,0,0.0,0.0
gnb,covtype,0,0.0,0.0
gnb,covtype,0,0.0,0.0
gnb,covtype,0,0.0,0.0
gnb,covtype,0,0.0,0.0
gnb,covtype,0,0.0,0.0
gnb,covtype,0,0.0,0.0
gnb,covtype,0,0.0,0.0
gnb,covtype,0,0.0,0.0
gnb,covtype,0,0.0,0.0
gnb,covtype,0,0.0,0.0
gnb,covtype,0,0.0,0.0
gnb,covtype,0,0.0,0.0
gnb,covtype,0,0.0,0.0
gnb,covtype,0,0.0,0.0
gnb,covtype,0,0.0,0.0
gnb,covtype,0,0.0,0.0
gnb,covtype,0,0.0,0.0
gnb,covtype,0,0.0,0.0
gnb,covtype,0,0.0,0.0
gnb,covtype,0,0.0,0.0
gnb,covtype,0,0.0,0.0
gnb,covtype,0,0.0,0.0
gnb,covtype,0,0.0,0.0
gnb,covtype,0,0.0,0.0
gnb,covtype,0,0.0,0.0
gnb,covtype,0,0.0,0.0
gnb,covtype,0,0.0,0.0
gnb,covtype,0,0.0,0.0
gnb,covtype,0,1.9230769230769231,1.5625
gnb,covtype,0,0.0,0.0
gnb,covtype,0,0.0,0.0
gnb,covtype,0,0.0,0.0
gnb,covtype,0,0.0,0.0
gnb,covtype,0,0.0,0.0
gnb,covtype,0,0.0,0.0
gnb,covtype,0,0.0,0.0
gnb,covtype,0,0.0,0.0
gnb,covtype,0,0.0,0.0
gnb,covtype,0,0.0,0.0
gnb,covtype,0,0.0,0.0
gnb,covtype,0,0.0,0.0
gnb,covtype,0,0.0,0.0
gnb,covtype,0,0.0,0.0
gnb,covtype,0,0.0,0.0
gnb,covtype,0,0.0,0.0
gnb,covtype,0,0.0,0.0
gnb,covtype,0,0.0,0.0
gnb,covtype,0,0.0,0.0
gnb,covtype,0,0.0,0.0
gnb,covtype,0,0.0,0.0
gnb,covtype,0,0.0,0.0
gnb,covtype,0,0.0,0.0
gnb,covtype,0,0.0,0.0
gnb,covtype,0,0.0,0.0
gnb,covtype,0,0.0,0.0
gnb,covtype,0,0.0,0.0
gnb,covtype,0,0.0,0.0
gnb,covtype,0,0.0,0.0
gnb,covtype,0,0.0,0.0
gnb,covtype,0,0.0,0.0
gnb,covtype,0,0.0,0.0
gnb,covtype,0,0.0,0.0
gnb,covtype,0,0.0,0.0
gnb,covtype,0,0.0,0.0
gnb,covtype,0,0.0,0.0
gnb,covtype,0,0.0,0.0
gnb,covtype,0,0.0,0.0
gnb,covtype,0,0.0,0.0
gnb,covtype,0,0.0,0.0
gnb,covtype,0,0.0,0.0
gnb,covtype,0,0.0,0.0
gnb,covtype,0,0.0,0.0
gnb,covtype,0,0.0,0.0
gnb,covtype,0,0.0,0.0
gnb,insects_abrupt,0,9.0,3.500000000000003
gnb,insects_abrupt,0,1.5,0.13513513513513375
gnb,insects_abrupt,0,24.0,12.302400468384073
gnb,insects_abrupt,0,20.5,3.8658909637235395
gnb,insects_abrupt,0,9.5,2.2342555515107443
gnb,insects_abrupt,0,3.0,0.5228758169934622
gnb,insects_abrupt,0,4.5,2.4982607831445014
gnb,insects_gradual,0,15.5,-7.245069745069744
gnb,insects_gradual,0,20.0,5.0624928333906745
gnb,insects_gradual,0,28.999999999999996,25.0
gnb,insects_gradual,0,0.5,0.20703933747411307
gnb,insects_gradual,0,8.450704225352112,3.571428571428574
gnb,insects_gradual,0,10.0,0.0
gnb,insects_incremental,0,17.0,5.347683428209998
gnb,insects_incremental,0,10.5,6.523878490790258
gnb,insects_incremental,0,11.0,5.485766276207454
gnb,insects_incremental,0,19.0,7.610306384816193
