dataset,model,policy,stream_position_pct,cumulative_cost_pct_of_rebuild_total
elec2,xgb,AlwaysRebuild,0.0,0.0
elec2,xgb,AlwaysRebuild,0.4683553615654349,0.5130397605814451
elec2,xgb,AlwaysRebuild,2.037713641156421,2.2231722958529287
elec2,xgb,AlwaysRebuild,2.7439248669723644,2.992731936725096
elec2,xgb,AlwaysRebuild,5.2548981143179425,5.664814023086789
elec2,xgb,AlwaysRebuild,6.510384737990731,7.032920051303976
elec2,xgb,AlwaysRebuild,11.689267060640985,9.70500213766567
elec2,xgb,AlwaysRebuild,12.395478286456928,10.474561778537836
elec2,xgb,AlwaysRebuild,12.709349942375125,10.816588285592134
elec2,xgb,AlwaysRebuild,17.260488953188986,13.488670371953827
elec2,xgb,AlwaysRebuild,17.88823226502538,14.17272338606242
elec2,xgb,AlwaysRebuild,19.77146220053456,16.2248824283882
elec2,xgb,AlwaysRebuild,21.890095877982393,18.533561351004703
elec2,xgb,AlwaysRebuild,22.910178759716533,19.645147498931166
elec2,xgb,AlwaysRebuild,24.55800495328707,21.440786660966225
elec2,xgb,AlwaysRebuild,25.57808783502121,22.552372808892688
elec2,xgb,AlwaysRebuild,26.362766974816704,23.40743907652843
elec2,xgb,AlwaysRebuild,27.618253598489492,24.775545104745618
elec2,xgb,AlwaysRebuild,28.167528996346338,25.37409149209064
elec2,xgb,AlwaysRebuild,29.187611878080478,26.4856776400171
elec2,xgb,AlwaysRebuild,30.12922684583507,27.511757161179993
elec2,xgb,AlwaysRebuild,31.384713469507858,28.879863189397177
elec2,xgb,AlwaysRebuild,32.5617321792011,30.16246259085079
elec2,xgb,AlwaysRebuild,33.50334714695569,31.188542112013682
elec2,xgb,AlwaysRebuild,35.62198082440352,33.497221034630186
elec2,xgb,AlwaysRebuild,38.91763321154459,36.16930312099188
elec2,xgb,AlwaysRebuild,41.58554228684927,38.84138520735357
elec2,xgb,AlwaysRebuild,44.09651553419484,41.513467293715266
elec2,xgb,AlwaysRebuild,44.48885510409259,41.94100042753313
elec2,xgb,AlwaysRebuild,44.881194673990336,42.36853356135101
elec2,xgb,AlwaysRebuild,45.74434172776538,43.30910645575032
elec2,xgb,AlwaysRebuild,46.05821338368358,43.65113296280462
elec2,xgb,AlwaysRebuild,46.68595669551997,44.33518597691321
elec2,xgb,AlwaysRebuild,47.39216792133592,45.104745617785376
elec2,xgb,AlwaysRebuild,47.941443319192764,45.7032920051304
elec2,xgb,AlwaysRebuild,49.03999411490645,46.900384779820435
elec2,xgb,AlwaysRebuild,49.51080159878375,47.413424540401884
elec2,xgb,AlwaysRebuild,50.37394865255879,48.353997434801194
elec2,xgb,AlwaysRebuild,50.76628822245654,48.78153056861907
elec2,xgb,AlwaysRebuild,52.25717858806797,50.40615647712698
elec2,xgb,AlwaysRebuild,52.57105024398617,50.74818298418128
elec2,xgb,AlwaysRebuild,53.12032564184302,51.346729371526294
elec2,xgb,AlwaysRebuild,54.375812265515805,52.71483539974348
elec2,xgb,AlwaysRebuild,55.63129888918859,54.08294142796067
elec2,xgb,AlwaysRebuild,57.357592996738674,55.964087216759296
elec2,xgb,AlwaysRebuild,59.476226674186506,58.272766139375804
elec2,xgb,AlwaysRebuild,60.02550207204335,58.87131252672082
elec2,xgb,AlwaysRebuild,61.04558495377749,59.98289867464729
elec2,xgb,AlwaysRebuild,63.164218631225324,62.29157759726379
elec2,xgb,AlwaysRebuild,65.28285230867316,64.60025651988029
elec2,xgb,AlwaysRebuild,65.75365979255045,65.11329628046174
elec2,xgb,AlwaysRebuild,66.06753144846866,65.45532278751604
elec2,xgb,AlwaysRebuild,66.85221058826414,66.31038905515177
elec2,xgb,AlwaysRebuild,67.87229346999828,67.42197520307823
elec2,xgb,AlwaysRebuild,69.83399131948701,69.55964087216759
elec2,xgb,AlwaysRebuild,72.42343248081214,72.23172295852929
elec2,xgb,AlwaysRebuild,73.36504744856673,73.25780247969217
elec2,xgb,AlwaysRebuild,73.75738701846448,73.68533561351005
elec2,xgb,AlwaysRebuild,75.32674529805547,75.39546814878153
elec2,xgb,AlwaysRebuild,76.26836026581006,76.42154766994442
elec2,xgb,AlwaysRebuild,77.4453789755033,77.70414707139804
elec2,xgb,AlwaysRebuild,78.07312228733969,78.38820008550663
elec2,xgb,AlwaysRebuild,79.17167308305338,79.58529286019666
elec2,xgb,AlwaysRebuild,80.11328805080798,80.61137238135956
elec2,xgb,AlwaysRebuild,82.15345381427626,82.83454467721248
elec2,xgb,AlwaysRebuild,83.80128000784678,84.63018383924754
elec2,xgb,AlwaysRebuild,84.82136288958094,85.74176998717401
elec2,xgb,AlwaysRebuild,85.29217037345823,86.25480974775544
elec2,xgb,AlwaysRebuild,86.70459282509012,87.7939290294998
elec2,xgb,AlwaysRebuild,90.54952061008804,90.46601111586148
elec2,xgb,AlwaysRebuild,93.06049385743361,93.13809320222317
elec2,xgb,AlwaysRebuild,94.08057673916775,94.24967935014963
elec2,xgb,AlwaysRebuild,95.17912753488145,95.44677212483967
elec2,xgb,AlwaysRebuild,96.90542164243152,97.3279179136383
elec2,xgb,AlwaysRebuild,99.96567028763394,100.0
elec2,xgb,AlwaysRebuild,100.0,100.0
elec2,xgb,MechanismSelector,0.0,0.0
elec2,xgb,MechanismSelector,0.4683553615654349,0.5130397605814451
elec2,xgb,MechanismSelector,2.037713641156421,2.291577597263788
elec2,xgb,MechanismSelector,2.7439248669723644,3.091866182129115
elec2,xgb,MechanismSelector,5.2548981143179425,5.870831551945276
elec2,xgb,MechanismSelector,6.510384737990731,7.293581658828559
elec2,xgb,MechanismSelector,11.689267060640985,10.07254702864472
elec2,xgb,MechanismSelector,12.395478286456928,10.10327597263788
elec2,xgb,MechanismSelector,13.494029082170618,10.10327597263788
elec2,xgb,MechanismSelector,16.475809813393493,10.10327597263788
elec2,xgb,MechanismSelector,17.260488953188986,10.13747862334331
elec2,xgb,MechanismSelector,17.966700179004928,10.168207567336468
elec2,xgb,MechanismSelector,19.77146220053456,12.213419196237709
elec2,xgb,MechanismSelector,21.890095877982393,12.213419196237709
elec2,xgb,MechanismSelector,22.831710845736986,12.213419196237709
elec2,xgb,MechanismSelector,24.793408695225718,14.436591492090637
elec2,xgb,MechanismSelector,25.57808783502121,14.470794142796066
elec2,xgb,MechanismSelector,27.382849856550845,16.516005771697305
elec2,xgb,MechanismSelector,28.167528996346338,17.40527469003848
elec2,xgb,MechanismSelector,29.187611878080478,17.40527469003848
elec2,xgb,MechanismSelector,30.364630587773718,17.40527469003848
elec2,xgb,MechanismSelector,34.20955837277163,17.40527469003848
elec2,xgb,MechanismSelector,35.62198082440352,19.00585185976913
elec2,xgb,MechanismSelector,38.91763321154459,21.784817229585293
elec2,xgb,MechanismSelector,41.58554228684927,21.784817229585293
elec2,xgb,MechanismSelector,42.37022142664476,21.784817229585293
elec2,xgb,MechanismSelector,44.09651553419484,23.741182129115007
elec2,xgb,MechanismSelector,45.82280964174493,23.741182129115007
elec2,xgb,MechanismSelector,46.45055295358132,23.741182129115007
elec2,xgb,MechanismSelector,46.99982835143817,24.339728516460024
elec2,xgb,MechanismSelector,47.549103749295014,24.938274903805045
elec2,xgb,MechanismSelector,48.09837914715186,25.536821291150066
elec2,xgb,MechanismSelector,49.03999411490645,26.603917272338606
elec2,xgb,MechanismSelector,49.4323336848042,27.031450406156477
elec2,xgb,MechanismSelector,50.21701282459969,27.92071932449765
elec2,xgb,MechanismSelector,50.68782030847699,28.433759085079092
elec2,xgb,MechanismSelector,56.10210637306589,31.212724454895255
elec2,xgb,MechanismSelector,56.57291385694318,31.725764215476698
elec2,xgb,MechanismSelector,59.476226674186506,31.725764215476698
elec2,xgb,MechanismSelector,60.65324538387975,31.725764215476698
elec2,xgb,MechanismSelector,64.18430151295946,31.725764215476698
elec2,xgb,MechanismSelector,64.89051273877541,32.52605280034203
elec2,xgb,MechanismSelector,65.28285230867316,32.9535859341599
elec2,xgb,MechanismSelector,65.75365979255045,33.466625694741346
elec2,xgb,MechanismSelector,66.06753144846866,33.80865220179564
elec2,xgb,MechanismSelector,66.85221058826414,33.80865220179564
elec2,xgb,MechanismSelector,67.24455015816189,34.23618533561351
elec2,xgb,MechanismSelector,67.79382555601873,34.83473172295853
elec2,xgb,MechanismSelector,69.83399131948701,37.14675074818298
elec2,xgb,MechanismSelector,72.0310929109144,37.14675074818298
elec2,xgb,MechanismSelector,72.89423996468943,38.12486639589568
elec2,xgb,MechanismSelector,73.13945219587553,38.39207460453185
elec2,xgb,MechanismSelector,74.62053407223952,40.07054296707995
elec2,xgb,MechanismSelector,75.56214903999411,41.13763894826849
elec2,xgb,MechanismSelector,78.07312228733969,43.91660431808465
elec2,xgb,MechanismSelector,80.66256344866481,44.02348760153912
elec2,xgb,MechanismSelector,82.2319217282558,45.80202543822146
elec2,xgb,MechanismSelector,83.0166008680513,46.691294356562636
elec2,xgb,MechanismSelector,84.89983080356048,48.82548631893972
elec2,xgb,MechanismSelector,85.29217037345823,49.25301945275759
elec2,xgb,MechanismSelector,86.93999656702876,49.25301945275759
elec2,xgb,MechanismSelector,88.7447585885584,51.29823108165883
elec2,xgb,MechanismSelector,90.23564895416983,52.98778858486533
elec2,xgb,MechanismSelector,90.54952061008804,53.32981509191962
elec2,xgb,MechanismSelector,92.66815428753586,53.32981509191962
elec2,xgb,MechanismSelector,93.8451729972291,53.32981509191962
elec2,xgb,MechanismSelector,94.39444839508594,53.928361479264645
elec2,xgb,MechanismSelector,95.17912753488145,54.81763039760582
elec2,xgb,MechanismSelector,96.90542164243152,54.81763039760582
elec2,xgb,MechanismSelector,97.69010078222702,54.81763039760582
elec2,xgb,MechanismSelector,98.55324783600206,54.81763039760582
elec2,xgb,MechanismSelector,99.33792697579756,54.81763039760582
elec2,xgb,MechanismSelector,100.0,54.81763039760582
elec2,xgb,FixedSchedule,0.0,0.0
elec2,xgb,FixedSchedule,0.4683553615654349,0.02044142796066695
elec2,xgb,FixedSchedule,2.1946494691155194,0.0956605386917486
elec2,xgb,FixedSchedule,4.077879404624703,2.147819581017529
elec2,xgb,FixedSchedule,6.510384737990731,2.25376763574177
elec2,xgb,FixedSchedule,11.689267060640985,2.360650919196238
elec2,xgb,FixedSchedule,15.848066501557097,5.0327330055579305
elec2,xgb,FixedSchedule,17.260488953188986,5.0941908935442495
elec2,xgb,FixedSchedule,19.692994286555013,5.200138948268491
elec2,xgb,FixedSchedule,19.938206517741104,5.46734715690466
elec2,xgb,FixedSchedule,23.53792207155293,5.574230440359128
elec2,xgb,FixedSchedule,25.57808783502121,5.663077169730654
elec2,xgb,FixedSchedule,26.441234888796252,6.60365006412997
elec2,xgb,FixedSchedule,28.559868566244084,6.695970500213766
elec2,xgb,FixedSchedule,35.62198082440352,6.802853783668234
elec2,xgb,FixedSchedule,36.09278830828082,7.315893544249679
elec2,xgb,FixedSchedule,38.446825727667296,7.418501496365969
elec2,xgb,FixedSchedule,41.27167063093107,7.5253847798204365
elec2,xgb,FixedSchedule,44.09651553419484,10.197466866182129
elec2,xgb,FixedSchedule,44.48885510409259,10.214568191534845
elec2,xgb,FixedSchedule,45.97974546970403,10.279499786233433
elec2,xgb,FixedSchedule,46.99982835143817,11.391085934159898
elec2,xgb,FixedSchedule,47.70603957725411,11.421814878153057
elec2,xgb,FixedSchedule,48.17684706113141,11.442256306113723
elec2,xgb,FixedSchedule,49.51080159878375,12.895868961094484
elec2,xgb,FixedSchedule,50.37394865255879,12.933411714407866
elec2,xgb,FixedSchedule,55.1604914053113,13.040294997862334
elec2,xgb,FixedSchedule,58.92695127632966,15.712377084224027
elec2,xgb,FixedSchedule,60.1039699860229,15.763681060282172
elec2,xgb,FixedSchedule,62.30107157745028,15.85934159897392
elec2,xgb,FixedSchedule,63.164218631225324,16.799914493373237
elec2,xgb,FixedSchedule,65.28285230867316,16.892234929457032
elec2,xgb,FixedSchedule,66.06753144846866,16.926437580162464
elec2,xgb,FixedSchedule,66.85221058826414,17.781503847798206
elec2,xgb,FixedSchedule,67.87229346999828,17.825860410431808
elec2,xgb,FixedSchedule,71.63875334101665,17.932743693886277
elec2,xgb,FixedSchedule,72.42343248081214,18.78780996152202
elec2,xgb,FixedSchedule,72.97270787866898,18.811725096194955
elec2,xgb,FixedSchedule,74.07125867438268,18.859555365540828
elec2,xgb,FixedSchedule,74.93440572815771,19.800128259940145
elec2,xgb,FixedSchedule,75.56214903999411,19.827383497221035
elec2,xgb,FixedSchedule,80.74103136264436,19.934266780675504
elec2,xgb,FixedSchedule,82.2319217282558,21.558892689183413
elec2,xgb,FixedSchedule,83.87974792182634,21.630638093202222
elec2,xgb,FixedSchedule,84.82136288958094,21.671654553227874
elec2,xgb,FixedSchedule,86.54765699713101,23.552800342026508
elec2,xgb,FixedSchedule,88.9016944165175,23.655408294142795
elec2,xgb,FixedSchedule,89.84330938427209,23.696424754168447
elec2,xgb,FixedSchedule,91.96194306171992,26.00510367678495
elec2,xgb,FixedSchedule,93.76670508324955,26.083662890123986
elec2,xgb,FixedSchedule,95.17912753488145,26.145120778110304
elec2,xgb,FixedSchedule,96.43461415855423,27.51322680632749
elec2,xgb,FixedSchedule,98.23937618008387,27.591786019666525
elec2,xgb,FixedSchedule,100.0,27.591786019666525
elec2,xgb,AlwaysNudge,0.0,0.0
elec2,xgb,AlwaysNudge,0.4683553615654349,0.02044142796066695
elec2,xgb,AlwaysNudge,2.1946494691155194,0.0956605386917486
elec2,xgb,AlwaysNudge,4.077879404624703,0.1776934587430526
elec2,xgb,AlwaysNudge,4.548686888501998,0.19813488670371954
elec2,xgb,AlwaysNudge,6.274980996052083,0.2733539974348012
elec2,xgb,AlwaysNudge,11.689267060640985,0.3802372808892689
elec2,xgb,AlwaysNudge,12.395478286456928,0.4109662248824284
elec2,xgb,AlwaysNudge,12.866285770334224,0.43140765284309535
elec2,xgb,AlwaysNudge,13.33709325421152,0.4518490808037623
elec2,xgb,AlwaysNudge,15.848066501557097,0.55873236425823
elec2,xgb,AlwaysNudge,17.260488953188986,0.6201902522445489
elec2,xgb,AlwaysNudge,19.77146220053456,0.7270735356990167
elec2,xgb,AlwaysNudge,23.694857899512026,0.8339568191534844
elec2,xgb,AlwaysNudge,26.048895318898506,0.9365647712697734
elec2,xgb,AlwaysNudge,27.382849856550845,0.9946825566481402
elec2,xgb,AlwaysNudge,28.559868566244084,1.0459865327062847
elec2,xgb,AlwaysNudge,30.756970157671464,1.1416470713980333
elec2,xgb,AlwaysNudge,34.52343002868983,1.248530354852501
elec2,xgb,AlwaysNudge,35.62198082440352,1.2963606241983754
elec2,xgb,AlwaysNudge,36.09278830828082,1.3168020521590422
elec2,xgb,AlwaysNudge,36.79899953409676,1.3475309961522017
elec2,xgb,AlwaysNudge,37.50521075991271,1.3782599401453612
elec2,xgb,AlwaysNudge,38.99610112552414,1.4431915348439504
elec2,xgb,AlwaysNudge,43.233368480419806,1.550074818298418
elec2,xgb,AlwaysNudge,44.09651553419484,1.5876175716118
elec2,xgb,AlwaysNudge,44.34172776538094,1.5983058999572466
elec2,xgb,AlwaysNudge,45.74434172776538,1.6593629756306114
elec2,xgb,AlwaysNudge,46.29361712562223,1.6832781103035486
elec2,xgb,AlwaysNudge,47.235232093376815,1.7242945703292005
elec2,xgb,AlwaysNudge,47.941443319192764,1.75502351432236
elec2,xgb,AlwaysNudge,48.41225080307006,1.7754649422830269
elec2,xgb,AlwaysNudge,49.51080159878375,1.8232952116289012
elec2,xgb,AlwaysNudge,50.68782030847699,1.8745991876870458
elec2,xgb,AlwaysNudge,52.335646502047524,1.9463445917058573
elec2,xgb,AlwaysNudge,53.12032564184302,1.9805472424112869
elec2,xgb,AlwaysNudge,56.02363845908634,2.0874305258657544
elec2,xgb,AlwaysNudge,59.55469458816606,2.194313809320222
elec2,xgb,AlwaysNudge,60.49630955592065,2.2353302693458743
elec2,xgb,AlwaysNudge,66.9306785022437,2.342213552800342
elec2,xgb,AlwaysNudge,69.99092714744611,2.44909683625481
elec2,xgb,AlwaysNudge,70.7756062872416,2.4832994869602394
elec2,xgb,AlwaysNudge,72.8157720507099,2.572146216331766
elec2,xgb,AlwaysNudge,73.20811162060764,2.5892475416844807
elec2,xgb,AlwaysNudge,80.74103136264436,2.6961308251389484
elec2,xgb,AlwaysNudge,85.60604202937643,2.803014108593416
elec2,xgb,AlwaysNudge,86.54765699713101,2.844030568619068
elec2,xgb,AlwaysNudge,87.01846448100831,2.8644719965797347
elec2,xgb,AlwaysNudge,90.47105269610849,2.9713552800342025
elec2,xgb,AlwaysNudge,91.17726392192442,3.002084224027362
elec2,xgb,AlwaysNudge,92.82509011549496,3.0738296280461737
elec2,xgb,AlwaysNudge,95.17912753488145,3.1764375801624625
elec2,xgb,AlwaysNudge,96.82695372845197,3.248182984181274
elec2,xgb,AlwaysNudge,98.4747799220225,3.3199283882000854
elec2,xgb,AlwaysNudge,100.0,3.3199283882000854
elec2,xgb,NeverAdapt,0.0,0.0
elec2,xgb,NeverAdapt,0.4683553615654349,0.0
elec2,xgb,NeverAdapt,2.11618155513597,0.0
elec2,xgb,NeverAdapt,2.3613937863220618,0.0
elec2,xgb,NeverAdapt,4.077879404624703,0.0
elec2,xgb,NeverAdapt,4.784090630440646,0.0
elec2,xgb,NeverAdapt,6.510384737990731,0.0
elec2,xgb,NeverAdapt,9.570633383193154,0.0
elec2,xgb,NeverAdapt,11.689267060640985,0.0
elec2,xgb,NeverAdapt,12.317010372477379,0.0
elec2,xgb,NeverAdapt,13.650964910129717,0.0
elec2,xgb,NeverAdapt,15.61266275961845,0.0
elec2,xgb,NeverAdapt,16.318873985434394,0.0
elec2,xgb,NeverAdapt,17.88823226502538,0.0
elec2,xgb,NeverAdapt,22.831710845736986,0.0
elec2,xgb,NeverAdapt,25.264216179103013,0.0
elec2,xgb,NeverAdapt,26.59817071675535,0.0
elec2,xgb,NeverAdapt,28.245996910325886,0.0
elec2,xgb,NeverAdapt,28.716804394203184,0.0
elec2,xgb,NeverAdapt,31.933988867364704,0.0
elec2,xgb,NeverAdapt,33.50334714695569,0.0
elec2,xgb,NeverAdapt,35.62198082440352,0.0
elec2,xgb,NeverAdapt,36.24972413623991,0.0
elec2,xgb,NeverAdapt,36.64206370613766,0.0
elec2,xgb,NeverAdapt,37.50521075991271,0.0
elec2,xgb,NeverAdapt,38.2898898997082,0.0
elec2,xgb,NeverAdapt,38.760697383585494,0.0
elec2,xgb,NeverAdapt,39.15303695348324,0.0
elec2,xgb,NeverAdapt,40.722395233074224,0.0
elec2,xgb,NeverAdapt,41.89941394276747,0.0
elec2,xgb,NeverAdapt,44.174983448174395,0.0
elec2,xgb,NeverAdapt,45.82280964174493,0.0
elec2,xgb,NeverAdapt,46.607488781540425,0.0
elec2,xgb,NeverAdapt,46.99982835143817,0.0
elec2,xgb,NeverAdapt,47.47063583531546,0.0
elec2,xgb,NeverAdapt,47.86297540521321,0.0
elec2,xgb,NeverAdapt,48.255314975110956,0.0
elec2,xgb,NeverAdapt,49.03999411490645,0.0
elec2,xgb,NeverAdapt,49.51080159878375,0.0
elec2,xgb,NeverAdapt,50.68782030847699,0.0
elec2,xgb,NeverAdapt,51.629435276231575,0.0
elec2,xgb,NeverAdapt,52.17871067408842,0.0
elec2,xgb,NeverAdapt,52.64951815796572,0.0
elec2,xgb,NeverAdapt,53.19879355582256,0.0
elec2,xgb,NeverAdapt,55.23895931929085,0.0
elec2,xgb,NeverAdapt,55.94517054510679,0.0
elec2,xgb,NeverAdapt,56.57291385694318,0.0
elec2,xgb,NeverAdapt,56.96525342684093,0.0
elec2,xgb,NeverAdapt,58.92695127632966,0.0
elec2,xgb,NeverAdapt,60.1039699860229,0.0
elec2,xgb,NeverAdapt,62.30107157745028,0.0
elec2,xgb,NeverAdapt,64.41970525489812,0.0
elec2,xgb,NeverAdapt,65.59672396459135,0.0
elec2,xgb,NeverAdapt,66.06753144846866,0.0
elec2,xgb,NeverAdapt,66.77374267428459,0.0
elec2,xgb,NeverAdapt,67.16608224418233,0.0
elec2,xgb,NeverAdapt,68.81390843775287,0.0
elec2,xgb,NeverAdapt,69.91245923346656,0.0
elec2,xgb,NeverAdapt,71.95262499693484,0.0
elec2,xgb,NeverAdapt,72.42343248081214,0.0
elec2,xgb,NeverAdapt,72.8157720507099,0.0
elec2,xgb,NeverAdapt,73.12964370662809,0.0
elec2,xgb,NeverAdapt,73.75738701846448,0.0
elec2,xgb,NeverAdapt,75.40521321203502,0.0
elec2,xgb,NeverAdapt,78.07312228733969,0.0
elec2,xgb,NeverAdapt,79.56401265295113,0.0
elec2,xgb,NeverAdapt,82.2319217282558,0.0
elec2,xgb,NeverAdapt,84.97829871754003,0.0
elec2,xgb,NeverAdapt,86.70459282509012,0.0
elec2,xgb,NeverAdapt,88.7447585885584,0.0
elec2,xgb,NeverAdapt,90.00024521223119,0.0
elec2,xgb,NeverAdapt,91.96194306171992,0.0
elec2,xgb,NeverAdapt,92.82509011549496,0.0
elec2,xgb,NeverAdapt,95.25759544886098,0.0
elec2,xgb,NeverAdapt,96.04227458865648,0.0
elec2,xgb,NeverAdapt,96.90542164243152,0.0
elec2,xgb,NeverAdapt,97.61163286824747,0.0
elec2,xgb,NeverAdapt,97.92550452416566,0.0
elec2,xgb,NeverAdapt,98.4747799220225,0.0
elec2,xgb,NeverAdapt,99.259459061818,0.0
elec2,xgb,NeverAdapt,100.0,0.0
elec2,rf,AlwaysRebuild,0.0,0.0
elec2,rf,AlwaysRebuild,2.037713641156421,2.3990772779700116
elec2,rf,AlwaysRebuild,2.7439248669723644,3.229527104959631
elec2,rf,AlwaysRebuild,6.745788479929379,6.113033448673587
elec2,rf,AlwaysRebuild,11.139991662784139,8.996539792387543
elec2,rf,AlwaysRebuild,11.689267060640985,9.64244521337947
elec2,rf,AlwaysRebuild,12.395478286456928,10.472895040369089
elec2,rf,AlwaysRebuild,12.787817856354675,10.934256055363322
elec2,rf,AlwaysRebuild,15.377259017679801,13.817762399077278
elec2,rf,AlwaysRebuild,17.260488953188986,16.032295271049595
elec2,rf,AlwaysRebuild,17.88823226502538,16.77047289504037
elec2,rf,AlwaysRebuild,19.77146220053456,18.985005767012687
elec2,rf,AlwaysRebuild,21.890095877982393,21.476355247981544
elec2,rf,AlwaysRebuild,24.322601211348424,24.33679354094579
elec2,rf,AlwaysRebuild,25.57808783502121,25.813148788927336
elec2,rf,AlwaysRebuild,26.441234888796252,26.82814302191465
elec2,rf,AlwaysRebuild,26.990510286653098,27.474048442906575
elec2,rf,AlwaysRebuild,27.382849856550845,27.935409457900807
elec2,rf,AlwaysRebuild,28.167528996346338,28.858131487889274
elec2,rf,AlwaysRebuild,28.559868566244084,29.319492502883506
elec2,rf,AlwaysRebuild,31.46318138348741,32.20299884659746
elec2,rf,AlwaysRebuild,35.386577082464875,35.08650519031142
elec2,rf,AlwaysRebuild,35.63178931365096,35.37485582468281
elec2,rf,AlwaysRebuild,35.87700154483706,35.66320645905421
elec2,rf,AlwaysRebuild,38.368357813687744,38.54671280276817
elec2,rf,AlwaysRebuild,44.567323018072145,41.43021914648212
elec2,rf,AlwaysRebuild,47.627571663274566,44.31372549019608
elec2,rf,AlwaysRebuild,48.09837914715186,44.86735870818916
elec2,rf,AlwaysRebuild,49.03999411490645,45.97462514417532
elec2,rf,AlwaysRebuild,49.7462053407224,46.805074971164935
elec2,rf,AlwaysRebuild,52.335646502047524,49.688581314878896
elec2,rf,AlwaysRebuild,53.27726146980211,50.79584775086505
elec2,rf,AlwaysRebuild,55.4743630612295,53.37946943483276
elec2,rf,AlwaysRebuild,56.02363845908634,54.02537485582468
elec2,rf,AlwaysRebuild,56.57291385694318,54.67128027681661
elec2,rf,AlwaysRebuild,59.55469458816606,57.554786620530564
elec2,rf,AlwaysRebuild,60.49630955592065,58.662053056516726
elec2,rf,AlwaysRebuild,61.98719992153209,60.41522491349481
elec2,rf,AlwaysRebuild,63.164218631225324,61.799307958477506
elec2,rf,AlwaysRebuild,66.06753144846866,64.68281430219146
elec2,rf,AlwaysRebuild,67.87229346999828,66.80507497116494
elec2,rf,AlwaysRebuild,70.7756062872416,69.68858131487889
elec2,rf,AlwaysRebuild,71.79568916897576,70.88811995386389
elec2,rf,AlwaysRebuild,72.1880287388735,71.34948096885813
elec2,rf,AlwaysRebuild,72.8157720507099,72.08765859284891
elec2,rf,AlwaysRebuild,73.12964370662809,72.4567474048443
elec2,rf,AlwaysRebuild,74.62053407223952,74.20991926182238
elec2,rf,AlwaysRebuild,75.56214903999411,75.31718569780854
elec2,rf,AlwaysRebuild,77.60231480346239,77.71626297577855
elec2,rf,AlwaysRebuild,79.64248056693067,80.11534025374856
elec2,rf,AlwaysRebuild,80.50562762070572,81.13033448673588
elec2,rf,AlwaysRebuild,83.09506878203085,84.01384083044982
elec2,rf,AlwaysRebuild,84.89983080356048,86.1361014994233
elec2,rf,AlwaysRebuild,85.52757411539687,86.87427912341407
elec2,rf,AlwaysRebuild,88.9016944165175,89.75778546712803
elec2,rf,AlwaysRebuild,90.54952061008804,91.6955017301038
elec2,rf,AlwaysRebuild,92.43275054559722,93.91003460207612
elec2,rf,AlwaysRebuild,93.76670508324955,95.47866205305651
elec2,rf,AlwaysRebuild,95.72840293273829,97.78546712802768
elec2,rf,AlwaysRebuild,97.61163286824747,100.0
elec2,rf,AlwaysRebuild,100.0,100.0
elec2,rf,MechanismSelector,0.0,0.0
elec2,rf,MechanismSelector,2.037713641156421,2.4949538638985005
elec2,rf,MechanismSelector,2.7439248669723644,3.3585640138408306
elec2,rf,MechanismSelector,6.745788479929379,3.4739042675893885
elec2,rf,MechanismSelector,7.295063877786224,4.119809688581315
elec2,rf,MechanismSelector,8.472082587479463,5.5592560553633215
elec2,rf,MechanismSelector,11.689267060640985,8.558102652825836
elec2,rf,MechanismSelector,17.338956867168534,11.556949250288351
elec2,rf,MechanismSelector,17.88823226502538,12.202854671280276
elec2,rf,MechanismSelector,19.614526372575465,12.202854671280276
elec2,rf,MechanismSelector,19.92839802849366,12.571943483275664
elec2,rf,MechanismSelector,20.17361025967975,12.860294117647058
elec2,rf,MechanismSelector,22.36090336185969,12.860294117647058
elec2,rf,MechanismSelector,23.53792207155293,14.299740484429066
elec2,rf,MechanismSelector,26.441234888796252,14.299740484429066
elec2,rf,MechanismSelector,29.893823103896423,14.299740484429066
elec2,rf,MechanismSelector,31.384713469507858,14.299740484429066
elec2,rf,MechanismSelector,32.48326426522155,14.299740484429066
elec2,rf,MechanismSelector,35.62198082440352,14.299740484429066
elec2,rf,MechanismSelector,36.17125622226037,14.945645905420992
elec2,rf,MechanismSelector,38.21142198572865,17.440599769319494
elec2,rf,MechanismSelector,39.07456903950369,18.496107266435985
elec2,rf,MechanismSelector,39.54537652338099,19.049740484429066
elec2,rf,MechanismSelector,44.09651553419484,22.04858708189158
elec2,rf,MechanismSelector,46.607488781540425,22.04858708189158
elec2,rf,MechanismSelector,49.275397856845096,22.16392733564014
elec2,rf,MechanismSelector,56.10210637306589,25.162773933102653
elec2,rf,MechanismSelector,56.57291385694318,25.716407151095733
elec2,rf,MechanismSelector,59.476226674186506,25.83174740484429
elec2,rf,MechanismSelector,60.4178416419411,25.83174740484429
elec2,rf,MechanismSelector,64.26276942693902,25.83174740484429
elec2,rf,MechanismSelector,64.89051273877541,26.599336793540946
elec2,rf,MechanismSelector,66.85221058826414,28.998414071510958
elec2,rf,MechanismSelector,68.26463303989603,30.725634371395618
elec2,rf,MechanismSelector,69.83399131948701,32.64489619377163
elec2,rf,MechanismSelector,72.0310929109144,32.64489619377163
elec2,rf,MechanismSelector,73.36504744856673,32.64489619377163
elec2,rf,MechanismSelector,82.46732547019445,35.64374279123414
elec2,rf,MechanismSelector,84.89983080356048,38.61851211072664
elec2,rf,MechanismSelector,86.54765699713101,40.63365051903114
elec2,rf,MechanismSelector,88.9016944165175,43.51254325259516
elec2,rf,MechanismSelector,90.23564895416983,45.14388696655133
elec2,rf,MechanismSelector,90.54952061008804,45.51297577854671
elec2,rf,MechanismSelector,92.43275054559722,45.51297577854671
elec2,rf,MechanismSelector,92.82509011549496,45.97433679354094
elec2,rf,MechanismSelector,93.76670508324955,47.12586505190311
elec2,rf,MechanismSelector,94.01191731443565,47.41421568627451
elec2,rf,MechanismSelector,95.17912753488145,48.84155132641292
elec2,rf,MechanismSelector,95.96380667467693,49.80118223760092
elec2,rf,MechanismSelector,97.45469704028837,49.80118223760092
elec2,rf,MechanismSelector,97.69990927147447,50.08953287197232
elec2,rf,MechanismSelector,98.4747799220225,50.08953287197232
elec2,rf,MechanismSelector,99.33792697579756,50.08953287197232
elec2,rf,MechanismSelector,100.0,50.08953287197232
elec2,rf,FixedSchedule,0.0,0.0
elec2,rf,FixedSchedule,2.037713641156421,0.09587658592848904
elec2,rf,FixedSchedule,2.3515852970746183,0.11058246828143022
elec2,rf,FixedSchedule,4.313283146563351,2.417387543252595
elec2,rf,FixedSchedule,6.667320565949829,2.528114186851211
elec2,rf,FixedSchedule,8.001275103602168,2.5908304498269894
elec2,rf,FixedSchedule,10.041440867070449,4.989907727797001
elec2,rf,FixedSchedule,11.689267060640985,5.067329873125721
elec2,rf,FixedSchedule,12.552414114416028,5.107843137254902
elec2,rf,FixedSchedule,15.377259017679801,7.991349480968858
elec2,rf,FixedSchedule,17.260488953188986,8.079873125720876
elec2,rf,FixedSchedule,17.652828523086733,8.098327566320647
elec2,rf,FixedSchedule,18.04516809298448,8.559688581314878
elec2,rf,FixedSchedule,18.90831514675952,8.60020184544406
elec2,rf,FixedSchedule,19.849930114514112,8.64446366782007
elec2,rf,FixedSchedule,20.163801770432308,9.013552479815456
elec2,rf,FixedSchedule,22.59630710379834,9.127883506343714
elec2,rf,FixedSchedule,23.61638998553248,9.175749711649365
elec2,rf,FixedSchedule,25.57808783502121,11.48255478662053
elec2,rf,FixedSchedule,26.362766974816704,11.51946366782007
elec2,rf,FixedSchedule,27.382849856550845,11.56732987312572
elec2,rf,FixedSchedule,28.167528996346338,12.490051903114187
elec2,rf,FixedSchedule,28.559868566244084,12.508506343713956
elec2,rf,FixedSchedule,29.344547706039577,12.545415224913494
elec2,rf,FixedSchedule,34.20955837277163,15.428921568627452
elec2,rf,FixedSchedule,35.62198082440352,15.495242214532873
elec2,rf,FixedSchedule,36.09278830828082,15.517301038062284
elec2,rf,FixedSchedule,36.64206370613766,16.16320645905421
elec2,rf,FixedSchedule,39.07456903950369,16.277537485582467
elec2,rf,FixedSchedule,40.800863147053775,16.358708189158016
elec2,rf,FixedSchedule,41.58554228684927,17.281430219146483
elec2,rf,FixedSchedule,42.29175351266521,17.314590542099193
elec2,rf,FixedSchedule,44.09651553419484,17.399365628604382
elec2,rf,FixedSchedule,46.215149211642675,19.89071510957324
elec2,rf,FixedSchedule,46.68595669551997,19.912773933102653
elec2,rf,FixedSchedule,47.47063583531546,19.949682814302193
elec2,rf,FixedSchedule,47.86297540521321,20.411043829296425
elec2,rf,FixedSchedule,49.03999411490645,20.466407151095733
elec2,rf,FixedSchedule,49.82467325470194,20.50331603229527
elec2,rf,FixedSchedule,50.68782030847699,21.518310265282583
elec2,rf,FixedSchedule,53.27726146980211,21.633650519031143
elec2,rf,FixedSchedule,58.53461170643192,21.7489907727797
elec2,rf,FixedSchedule,63.242686545204876,24.632497116493656
elec2,rf,FixedSchedule,64.89051273877541,24.709919261822375
elec2,rf,FixedSchedule,65.83212770653,24.754181084198386
elec2,rf,FixedSchedule,66.9306785022437,26.04599192618224
elec2,rf,FixedSchedule,67.24455015816189,26.060697808535178
elec2,rf,FixedSchedule,68.57850469581423,26.123414071510958
elec2,rf,FixedSchedule,72.8157720507099,29.006920415224915
elec2,rf,FixedSchedule,73.12964370662809,29.021626297577853
elec2,rf,FixedSchedule,73.75738701846448,29.051038062283737
elec2,rf,FixedSchedule,74.38513033030088,29.78921568627451
elec2,rf,FixedSchedule,75.24827738407592,29.82972895040369
elec2,rf,FixedSchedule,76.42529609376916,29.885092272203
elec2,rf,FixedSchedule,76.8176356636669,30.34645328719723
elec2,rf,FixedSchedule,78.15159020131924,30.40916955017301
elec2,rf,FixedSchedule,79.56401265295113,30.475490196078432
elec2,rf,FixedSchedule,80.74103136264436,31.85957324106113
elec2,rf,FixedSchedule,82.2319217282558,31.92964244521338
elec2,rf,FixedSchedule,84.42902331968318,32.03287197231834
elec2,rf,FixedSchedule,85.60604202937643,33.416955017301035
elec2,rf,FixedSchedule,88.9016944165175,33.5322952710496
elec2,rf,FixedSchedule,89.52943772835388,33.561707035755475
elec2,rf,FixedSchedule,90.23564895416983,34.3921568627451
elec2,rf,FixedSchedule,90.54952061008804,34.40686274509804
elec2,rf,FixedSchedule,92.82509011549496,34.51384083044983
elec2,rf,FixedSchedule,93.76670508324955,35.621107266435985
elec2,rf,FixedSchedule,94.01191731443565,35.63264129181084
elec2,rf,FixedSchedule,95.96380667467693,35.72433679354094
elec2,rf,FixedSchedule,96.90542164243152,36.831603229527104
elec2,rf,FixedSchedule,99.02405531987935,36.931228373702425
elec2,rf,FixedSchedule,99.96567028763394,36.97549019607843
elec2,rf,FixedSchedule,100.0,36.97549019607843
elec2,rf,AlwaysNudge,0.0,0.0
elec2,rf,AlwaysNudge,2.037713641156421,0.09587658592848904
elec2,rf,AlwaysNudge,2.3515852970746183,0.11058246828143022
elec2,rf,AlwaysNudge,4.313283146563351,0.20285467128027682
elec2,rf,AlwaysNudge,6.510384737990731,0.30608419838523643
elec2,rf,AlwaysNudge,7.059660135847576,0.33189158016147635
elec2,rf,AlwaysNudge,8.001275103602168,0.3761534025374856
elec2,rf,AlwaysNudge,11.689267060640985,0.49149365628604386
elec2,rf,AlwaysNudge,12.552414114416028,0.5320069204152249
elec2,rf,AlwaysNudge,17.260488953188986,0.6473471741637832
elec2,rf,AlwaysNudge,19.77146220053456,0.7626874279123415
elec2,rf,AlwaysNudge,23.53792207155293,0.8780276816608996
elec2,rf,AlwaysNudge,25.57808783502121,0.9739042675893888
elec2,rf,AlwaysNudge,26.519702802775804,1.018166089965398
elec2,rf,AlwaysNudge,28.638336480223632,1.117791234140715
elec2,rf,AlwaysNudge,31.698585125426057,1.2331314878892734
elec2,rf,AlwaysNudge,33.50334714695569,1.3179065743944636
elec2,rf,AlwaysNudge,35.62198082440352,1.4175317185697809
elec2,rf,AlwaysNudge,36.09278830828082,1.4395905420991926
elec2,rf,AlwaysNudge,36.64206370613766,1.4653979238754324
elec2,rf,AlwaysNudge,37.348274931953604,1.498558246828143
elec2,rf,AlwaysNudge,37.8190824158309,1.5206170703575548
elec2,rf,AlwaysNudge,38.21142198572865,1.539071510957324
elec2,rf,AlwaysNudge,38.760697383585494,1.564878892733564
elec2,rf,AlwaysNudge,39.15303695348324,1.5833333333333333
elec2,rf,AlwaysNudge,40.722395233074224,1.6571510957324107
elec2,rf,AlwaysNudge,41.742478114808364,1.7050173010380623
elec2,rf,AlwaysNudge,42.29175351266521,1.7308246828143021
elec2,rf,AlwaysNudge,44.09651553419484,1.8155997693194925
elec2,rf,AlwaysNudge,46.05821338368358,1.907871972318339
elec2,rf,AlwaysNudge,46.68595669551997,1.9372837370242215
elec2,rf,AlwaysNudge,47.47063583531546,1.9741926182237601
elec2,rf,AlwaysNudge,47.86297540521321,1.9926470588235294
elec2,rf,AlwaysNudge,49.03999411490645,2.0480103806228374
elec2,rf,AlwaysNudge,49.51080159878375,2.070069204152249
elec2,rf,AlwaysNudge,50.68782030847699,2.125432525951557
elec2,rf,AlwaysNudge,52.335646502047524,2.202854671280277
elec2,rf,AlwaysNudge,53.12032564184302,2.2397635524798156
elec2,rf,AlwaysNudge,56.02363845908634,2.3551038062283736
elec2,rf,AlwaysNudge,59.55469458816606,2.470444059976932
elec2,rf,AlwaysNudge,60.02550207204335,2.4925028835063436
elec2,rf,AlwaysNudge,62.30107157745028,2.5994809688581313
elec2,rf,AlwaysNudge,63.164218631225324,2.6399942329873127
elec2,rf,AlwaysNudge,63.63502611510262,2.6620530565167244
elec2,rf,AlwaysNudge,64.41970525489812,2.698961937716263
elec2,rf,AlwaysNudge,65.28285230867316,2.739475201845444
elec2,rf,AlwaysNudge,65.83212770653,2.765282583621684
elec2,rf,AlwaysNudge,67.63688972805963,2.8500576701268745
elec2,rf,AlwaysNudge,69.67705549152792,2.9459342560553634
elec2,rf,AlwaysNudge,70.69713837326206,2.993800461361015
elec2,rf,AlwaysNudge,72.8157720507099,3.093425605536332
elec2,rf,AlwaysNudge,73.36504744856673,3.119232987312572
elec2,rf,AlwaysNudge,74.30666241632133,3.163494809688581
elec2,rf,AlwaysNudge,75.40521321203502,3.2151095732410613
elec2,rf,AlwaysNudge,76.18989235183051,3.2520184544406
elec2,rf,AlwaysNudge,76.8176356636669,3.281430219146482
elec2,rf,AlwaysNudge,77.83771854540105,3.3292964244521337
elec2,rf,AlwaysNudge,80.03482013682843,3.4325259515570936
elec2,rf,AlwaysNudge,80.66256344866481,3.461937716262976
elec2,rf,AlwaysNudge,81.36877467448076,3.4950980392156863
elec2,rf,AlwaysNudge,82.2319217282558,3.5356113033448673
elec2,rf,AlwaysNudge,84.50749123366273,3.642589388696655
elec2,rf,AlwaysNudge,84.97829871754003,3.664648212226067
elec2,rf,AlwaysNudge,86.93999656702876,3.7569204152249136
elec2,rf,AlwaysNudge,89.52943772835388,3.8722606689734715
elec2,rf,AlwaysNudge,90.54952061008804,3.9201268742791235
elec2,rf,AlwaysNudge,93.76670508324955,4.0354671280276815
elec2,rf,AlwaysNudge,94.08057673916775,4.050173010380623
elec2,rf,AlwaysNudge,95.17912753488145,4.101787773933102
elec2,rf,AlwaysNudge,96.04227458865648,4.142301038062284
elec2,rf,AlwaysNudge,96.90542164243152,4.182814302191465
elec2,rf,AlwaysNudge,97.61163286824747,4.215974625144176
elec2,rf,AlwaysNudge,97.92550452416566,4.230680507497117
elec2,rf,AlwaysNudge,98.4747799220225,4.256487889273356
elec2,rf,AlwaysNudge,99.259459061818,4.293396770472895
elec2,rf,AlwaysNudge,100.0,4.293396770472895
elec2,rf,NeverAdapt,0.0,0.0
elec2,rf,NeverAdapt,2.037713641156421,0.0
elec2,rf,NeverAdapt,2.3515852970746183,0.0
elec2,rf,NeverAdapt,4.077879404624703,0.0
elec2,rf,NeverAdapt,6.510384737990731,0.0
elec2,rf,NeverAdapt,11.689267060640985,0.0
elec2,rf,NeverAdapt,12.317010372477379,0.0
elec2,rf,NeverAdapt,13.729432824109267,0.0
elec2,rf,NeverAdapt,15.61266275961845,0.0
elec2,rf,NeverAdapt,16.318873985434394,0.0
elec2,rf,NeverAdapt,17.260488953188986,0.0
elec2,rf,NeverAdapt,22.047031705941492,0.0
elec2,rf,NeverAdapt,22.831710845736986,0.0
elec2,rf,NeverAdapt,24.793408695225718,0.0
elec2,rf,NeverAdapt,25.57808783502121,0.0
elec2,rf,NeverAdapt,27.147446114612197,0.0
elec2,rf,NeverAdapt,28.245996910325886,0.0
elec2,rf,NeverAdapt,28.716804394203184,0.0
elec2,rf,NeverAdapt,31.46318138348741,0.0
elec2,rf,NeverAdapt,32.5617321792011,0.0
elec2,rf,NeverAdapt,35.62198082440352,0.0
elec2,rf,NeverAdapt,36.24972413623991,0.0
elec2,rf,NeverAdapt,37.50521075991271,0.0
elec2,rf,NeverAdapt,38.2898898997082,0.0
elec2,rf,NeverAdapt,38.760697383585494,0.0
elec2,rf,NeverAdapt,39.15303695348324,0.0
elec2,rf,NeverAdapt,40.800863147053775,0.0
elec2,rf,NeverAdapt,41.97788185674701,0.0
elec2,rf,NeverAdapt,44.09651553419484,0.0
elec2,rf,NeverAdapt,45.97974546970403,0.0
elec2,rf,NeverAdapt,46.607488781540425,0.0
elec2,rf,NeverAdapt,46.99982835143817,0.0
elec2,rf,NeverAdapt,47.47063583531546,0.0
elec2,rf,NeverAdapt,47.941443319192764,0.0
elec2,rf,NeverAdapt,48.33378288909051,0.0
elec2,rf,NeverAdapt,49.03999411490645,0.0
elec2,rf,NeverAdapt,49.51080159878375,0.0
elec2,rf,NeverAdapt,50.68782030847699,0.0
elec2,rf,NeverAdapt,51.629435276231575,0.0
elec2,rf,NeverAdapt,52.10024276010888,0.0
elec2,rf,NeverAdapt,52.345454991294964,0.0
elec2,rf,NeverAdapt,52.72798607194527,0.0
elec2,rf,NeverAdapt,55.23895931929085,0.0
elec2,rf,NeverAdapt,55.94517054510679,0.0
elec2,rf,NeverAdapt,56.57291385694318,0.0
elec2,rf,NeverAdapt,56.96525342684093,0.0
elec2,rf,NeverAdapt,58.92695127632966,0.0
elec2,rf,NeverAdapt,60.65324538387975,0.0
elec2,rf,NeverAdapt,62.30107157745028,0.0
elec2,rf,NeverAdapt,64.49817316887767,0.0
elec2,rf,NeverAdapt,65.59672396459135,0.0
elec2,rf,NeverAdapt,66.06753144846866,0.0
elec2,rf,NeverAdapt,66.77374267428459,0.0
elec2,rf,NeverAdapt,67.16608224418233,0.0
elec2,rf,NeverAdapt,68.81390843775287,0.0
elec2,rf,NeverAdapt,69.83399131948701,0.0
elec2,rf,NeverAdapt,71.95262499693484,0.0
elec2,rf,NeverAdapt,72.42343248081214,0.0
elec2,rf,NeverAdapt,72.8157720507099,0.0
elec2,rf,NeverAdapt,73.12964370662809,0.0
elec2,rf,NeverAdapt,73.75738701846448,0.0
elec2,rf,NeverAdapt,75.56214903999411,0.0
elec2,rf,NeverAdapt,78.07312228733969,0.0
elec2,rf,NeverAdapt,79.48554473897158,0.0
elec2,rf,NeverAdapt,82.2319217282558,0.0
elec2,rf,NeverAdapt,85.52757411539687,0.0
elec2,rf,NeverAdapt,86.78306073906967,0.0
elec2,rf,NeverAdapt,88.7447585885584,0.0
elec2,rf,NeverAdapt,89.3725019003948,0.0
elec2,rf,NeverAdapt,91.25573183590397,0.0
elec2,rf,NeverAdapt,92.66815428753586,0.0
elec2,rf,NeverAdapt,93.29589759937225,0.0
elec2,rf,NeverAdapt,95.25759544886098,0.0
elec2,rf,NeverAdapt,96.04227458865648,0.0
elec2,rf,NeverAdapt,96.90542164243152,0.0
elec2,rf,NeverAdapt,97.61163286824747,0.0
elec2,rf,NeverAdapt,97.92550452416566,0.0
elec2,rf,NeverAdapt,98.4747799220225,0.0
elec2,rf,NeverAdapt,99.259459061818,0.0
elec2,rf,NeverAdapt,99.8872023736544,0.0
elec2,rf,NeverAdapt,100.0,0.0
elec2,sgd,AlwaysRebuild,0.0,0.0
elec2,sgd,AlwaysRebuild,2.037713641156421,2.7379420855045273
elec2,sgd,AlwaysRebuild,4.313283146563351,5.751082452423868
elec2,sgd,AlwaysRebuild,5.2548981143179425,6.610375045412981
elec2,sgd,AlwaysRebuild,8.158210931561266,9.725661713214608
elec2,sgd,AlwaysRebuild,11.689267060640985,13.49910753618559
elec2,sgd,AlwaysRebuild,12.395478286456928,14.219396915602935
elec2,sgd,AlwaysRebuild,13.650964910129717,15.432515870411095
elec2,sgd,AlwaysRebuild,15.691130673598,18.06094027249544
elec2,sgd,AlwaysRebuild,17.260488953188986,20.251293940899064
elec2,sgd,AlwaysRebuild,17.88823226502538,20.77922533789891
elec2,sgd,AlwaysRebuild,18.90831514675952,21.491090280130088
elec2,sgd,AlwaysRebuild,19.379122630636815,22.01340538567249
elec2,sgd,AlwaysRebuild,20.39920551237096,23.035570430927514
elec2,sgd,AlwaysRebuild,21.026948824207352,23.395013084204006
elec2,sgd,AlwaysRebuild,21.968563791961945,24.186910179703776
elec2,sgd,AlwaysRebuild,22.517839189818787,24.46210846111859
elec2,sgd,AlwaysRebuild,24.165665383389324,25.788957317940014
elec2,sgd,AlwaysRebuild,26.519702802775804,28.99024344868377
elec2,sgd,AlwaysRebuild,27.618253598489492,30.48417697636419
elec2,sgd,AlwaysRebuild,29.893823103896423,33.375163004084094
elec2,sgd,AlwaysRebuild,31.46318138348741,35.28470209961546
elec2,sgd,AlwaysRebuild,32.640200093180646,36.464123305678946
elec2,sgd,AlwaysRebuild,35.62198082440352,39.27226903440154
elec2,sgd,AlwaysRebuild,35.86719305558961,39.381962226929765
elec2,sgd,AlwaysRebuild,38.91763321154459,42.27786250967494
elec2,sgd,AlwaysRebuild,39.162845442730685,42.35245388059413
elec2,sgd,AlwaysRebuild,41.742478114808364,44.50244045414737
elec2,sgd,AlwaysRebuild,44.174983448174395,46.722279652702575
elec2,sgd,AlwaysRebuild,46.05821338368358,48.9126333211062
elec2,sgd,AlwaysRebuild,49.51080159878375,51.018742617648144
elec2,sgd,AlwaysRebuild,50.68782030847699,52.345591474469565
elec2,sgd,AlwaysRebuild,53.041857727863466,55.968099464521714
elec2,sgd,AlwaysRebuild,54.2188764375567,56.57887116051887
elec2,sgd,AlwaysRebuild,55.55283097520904,58.201979391720535
elec2,sgd,AlwaysRebuild,56.02363845908634,58.370468135443886
elec2,sgd,AlwaysRebuild,56.49444594296364,58.59792793947042
elec2,sgd,AlwaysRebuild,56.808317598881835,58.69902118570443
elec2,sgd,AlwaysRebuild,57.828400480615976,59.81245096714294
elec2,sgd,AlwaysRebuild,60.02550207204335,61.77815297724875
elec2,sgd,AlwaysRebuild,62.222603663470736,64.09768134917361
elec2,sgd,AlwaysRebuild,63.870429857041266,66.25012505023948
elec2,sgd,AlwaysRebuild,64.89051273877541,67.52783135680826
elec2,sgd,AlwaysRebuild,66.06753144846866,68.5387638191484
elec2,sgd,AlwaysRebuild,66.85221058826414,68.988067135744
elec2,sgd,AlwaysRebuild,68.97084426571197,72.28623429412869
elec2,sgd,AlwaysRebuild,69.83399131948701,72.88858155293968
elec2,sgd,AlwaysRebuild,72.0310929109144,75.71919244749206
elec2,sgd,AlwaysRebuild,72.89423996468943,76.38331891233496
elec2,sgd,AlwaysRebuild,73.13945219587553,76.46229801095528
elec2,sgd,AlwaysRebuild,74.54206615825997,78.69600242904606
elec2,sgd,AlwaysRebuild,76.5037640077487,80.27558440145252
elec2,sgd,AlwaysRebuild,77.60231480346239,81.29774944670754
elec2,sgd,AlwaysRebuild,80.34869179274662,82.57019048003497
elec2,sgd,AlwaysRebuild,82.2319217282558,85.36710362584266
elec2,sgd,AlwaysRebuild,86.70459282509012,87.60484475341848
elec2,sgd,AlwaysRebuild,88.50935484661974,89.76852103739924
elec2,sgd,AlwaysRebuild,92.19734680365856,94.20012601553958
elec2,sgd,AlwaysRebuild,92.82509011549496,94.69435966379476
elec2,sgd,AlwaysRebuild,93.8451729972291,96.2093542844406
elec2,sgd,AlwaysRebuild,97.69010078222702,99.32464095224222
elec2,sgd,AlwaysRebuild,98.71018366396116,100.0
elec2,sgd,AlwaysRebuild,100.0,100.0
elec2,sgd,MechanismSelector,0.0,0.0
elec2,sgd,MechanismSelector,2.037713641156421,2.7671204747170353
elec2,sgd,MechanismSelector,4.313283146563351,5.8128177811787545
elec2,sgd,MechanismSelector,5.2548981143179425,6.685580698210334
elec2,sgd,MechanismSelector,8.158210931561266,6.685580698210334
elec2,sgd,MechanismSelector,9.021357985336309,7.377481479401373
elec2,sgd,MechanismSelector,10.983055834825041,10.248810487020224
elec2,sgd,MechanismSelector,11.689267060640985,10.258902260732821
elec2,sgd,MechanismSelector,13.33709325421152,10.282464358487884
elec2,sgd,MechanismSelector,15.691130673598,12.464393589705338
elec2,sgd,MechanismSelector,17.02508521125034,12.464393589705338
elec2,sgd,MechanismSelector,17.88823226502538,12.47672310454551
elec2,sgd,MechanismSelector,18.90831514675952,13.203155302744436
elec2,sgd,MechanismSelector,19.379122630636815,13.725470408286839
elec2,sgd,MechanismSelector,20.39920551237096,13.740037664254587
elec2,sgd,MechanismSelector,24.165665383389324,13.775139485863619
elec2,sgd,MechanismSelector,25.264216179103013,13.775139485863619
elec2,sgd,MechanismSelector,29.893823103896423,13.775139485863619
elec2,sgd,MechanismSelector,31.855520953385156,17.172995817617956
elec2,sgd,MechanismSelector,32.640200093180646,17.886264832713493
elec2,sgd,MechanismSelector,35.62198082440352,17.886264832713493
elec2,sgd,MechanismSelector,36.17125622226037,18.22043417443148
elec2,sgd,MechanismSelector,38.446825727667296,18.22043417443148
elec2,sgd,MechanismSelector,44.95966258796989,18.22043417443148
elec2,sgd,MechanismSelector,47.941443319192764,18.22043417443148
elec2,sgd,MechanismSelector,48.8045903729678,18.232763689271653
elec2,sgd,MechanismSelector,49.589269512763295,18.8477476038619
elec2,sgd,MechanismSelector,49.981609082661045,18.960073433010805
elec2,sgd,MechanismSelector,55.23895931929085,18.995175254619838
elec2,sgd,MechanismSelector,56.10210637306589,19.563517623747085
elec2,sgd,MechanismSelector,56.65138177092273,19.848544415212427
elec2,sgd,MechanismSelector,56.89659400210883,19.901197147625975
elec2,sgd,MechanismSelector,57.828400480615976,20.631490546201896
elec2,sgd,MechanismSelector,58.92695127632966,20.647198611371937
elec2,sgd,MechanismSelector,60.260905813982,20.66628522687185
elec2,sgd,MechanismSelector,62.30107157745028,20.66628522687185
elec2,sgd,MechanismSelector,64.49817316887767,20.66628522687185
elec2,sgd,MechanismSelector,65.59672396459135,20.66628522687185
elec2,sgd,MechanismSelector,66.06753144846866,21.011687151504727
elec2,sgd,MechanismSelector,69.04931217969153,21.04678897311376
elec2,sgd,MechanismSelector,69.83399131948701,21.05802155602865
elec2,sgd,MechanismSelector,72.0310929109144,21.05802155602865
elec2,sgd,MechanismSelector,74.22819450234178,22.30817293263434
elec2,sgd,MechanismSelector,75.71908486795321,22.30817293263434
elec2,sgd,MechanismSelector,86.54765699713101,25.195297759977255
elec2,sgd,MechanismSelector,87.09693239498786,25.519638591644714
elec2,sgd,MechanismSelector,88.66629067457885,26.80576933539966
elec2,sgd,MechanismSelector,92.82509011549496,29.034735007573218
elec2,sgd,MechanismSelector,93.76670508324955,29.924346798977133
elec2,sgd,MechanismSelector,94.4729163090655,29.924346798977133
elec2,sgd,MechanismSelector,97.69010078222702,33.07473528838779
elec2,sgd,MechanismSelector,98.71018366396116,33.07473528838779
elec2,sgd,MechanismSelector,99.18099114783845,33.335892841158994
elec2,sgd,MechanismSelector,100.0,33.335892841158994
elec2,sgd,FixedSchedule,0.0,0.0
elec2,sgd,FixedSchedule,2.037713641156421,0.029178389212508184
elec2,sgd,FixedSchedule,2.3515852970746183,0.033653871467659816
elec2,sgd,FixedSchedule,5.2548981143179425,2.9734314312241232
elec2,sgd,FixedSchedule,5.8041735121747875,2.981285463809144
elec2,sgd,FixedSchedule,10.983055834825041,3.0163872854181766
elec2,sgd,FixedSchedule,11.689267060640985,3.382850303016475
elec2,sgd,FixedSchedule,15.61266275961845,3.4179521246255073
elec2,sgd,FixedSchedule,16.161938157475294,3.4258061572105283
elec2,sgd,FixedSchedule,17.338956867168534,4.963265943686148
elec2,sgd,FixedSchedule,17.88823226502538,4.971119976271169
elec2,sgd,FixedSchedule,19.22218680267772,4.99020659177108
elec2,sgd,FixedSchedule,20.163801770432308,6.220174420951575
elec2,sgd,FixedSchedule,23.61638998553248,6.255276242560607
elec2,sgd,FixedSchedule,26.519702802775804,6.29037806416964
elec2,sgd,FixedSchedule,28.559868566244084,8.15217868231272
elec2,sgd,FixedSchedule,31.933988867364704,8.187280503921752
elec2,sgd,FixedSchedule,35.386577082464875,8.222382325530784
elec2,sgd,FixedSchedule,35.85738456634217,8.559359812977494
elec2,sgd,FixedSchedule,37.50521075991271,8.582921910732557
elec2,sgd,FixedSchedule,38.839165297565046,8.602008526232469
elec2,sgd,FixedSchedule,40.56545940511513,11.47474160671568
elec2,sgd,FixedSchedule,46.215149211642675,11.509843428324713
elec2,sgd,FixedSchedule,47.549103749295014,11.528930043824625
elec2,sgd,FixedSchedule,48.01991123317231,12.177611707159542
elec2,sgd,FixedSchedule,49.275397856845096,12.19555751345716
elec2,sgd,FixedSchedule,49.82467325470194,12.203411546042181
elec2,sgd,FixedSchedule,51.70790319021113,14.461160711935145
elec2,sgd,FixedSchedule,52.64951815796572,14.474631035977612
elec2,sgd,FixedSchedule,55.4743630612295,14.509732857586645
elec2,sgd,FixedSchedule,56.10210637306589,14.97026875709715
elec2,sgd,FixedSchedule,56.57291385694318,14.976981980479877
elec2,sgd,FixedSchedule,57.51452882469778,14.990452304522343
elec2,sgd,FixedSchedule,58.92695127632966,15.976111455303974
elec2,sgd,FixedSchedule,61.35945660969569,16.010906135973926
elec2,sgd,FixedSchedule,61.90873200755254,16.01876016855895
elec2,sgd,FixedSchedule,63.164218631225324,16.692715143452368
elec2,sgd,FixedSchedule,63.79196194306172,16.701666107962673
elec2,sgd,FixedSchedule,65.28285230867316,16.72299046459016
elec2,sgd,FixedSchedule,65.83212770653,17.096473846510264
elec2,sgd,FixedSchedule,71.95262499693484,17.131575668119297
elec2,sgd,FixedSchedule,72.8157720507099,17.143905182959468
elec2,sgd,FixedSchedule,73.28657953458719,17.438760484475342
elec2,sgd,FixedSchedule,74.62053407223952,17.457847099975254
elec2,sgd,FixedSchedule,80.34869179274662,17.492948921584286
elec2,sgd,FixedSchedule,82.46732547019445,21.056485851333257
elec2,sgd,FixedSchedule,82.8596650400922,21.0621021427907
elec2,sgd,FixedSchedule,84.89983080356048,21.091280532003207
elec2,sgd,FixedSchedule,85.29217037345823,21.47038020538076
elec2,sgd,FixedSchedule,89.52943772835388,21.505482026989792
elec2,sgd,FixedSchedule,90.86339226600623,21.5245686424897
elec2,sgd,FixedSchedule,93.8451729972291,24.85924169534778
elec2,sgd,FixedSchedule,94.70832005100415,24.871571210187952
elec2,sgd,FixedSchedule,96.90542164243152,24.902987340528036
elec2,sgd,FixedSchedule,97.61163286824747,25.484273506373615
elec2,sgd,FixedSchedule,97.92550452416566,25.488748988628764
elec2,sgd,FixedSchedule,100.0,25.488748988628764
elec2,sgd,AlwaysNudge,0.0,0.0
elec2,sgd,AlwaysNudge,2.037713641156421,0.029178389212508184
elec2,sgd,AlwaysNudge,2.3515852970746183,0.033653871467659816
elec2,sgd,AlwaysNudge,5.2548981143179425,0.06875569307669221
elec2,sgd,AlwaysNudge,5.8041735121747875,0.07660972566171322
elec2,sgd,AlwaysNudge,6.9027243078884775,0.09231779083175522
elec2,sgd,AlwaysNudge,7.608935533704421,0.10240956454435203
elec2,sgd,AlwaysNudge,11.218459576763689,0.13751138615338443
elec2,sgd,AlwaysNudge,11.689267060640985,0.14422460953611188
elec2,sgd,AlwaysNudge,12.395478286456928,0.1543163832487087
elec2,sgd,AlwaysNudge,13.41556116819107,0.16888363921645713
elec2,sgd,AlwaysNudge,13.729432824109267,0.17335912147160876
elec2,sgd,AlwaysNudge,16.161938157475294,0.20815380214156215
elec2,sgd,AlwaysNudge,17.260488953188986,0.22386186731160412
elec2,sgd,AlwaysNudge,17.809764351045832,0.23171589989662514
elec2,sgd,AlwaysNudge,18.986783060739068,0.24856477426896068
elec2,sgd,AlwaysNudge,19.77146220053456,0.25979735718385105
elec2,sgd,AlwaysNudge,20.477673426350506,0.2698891308964479
elec2,sgd,AlwaysNudge,21.968563791961945,0.29121348752393506
elec2,sgd,AlwaysNudge,23.61638998553248,0.31477558527899807
elec2,sgd,AlwaysNudge,26.284299060837153,0.34987740688803043
elec2,sgd,AlwaysNudge,27.382849856550845,0.36558547205807246
elec2,sgd,AlwaysNudge,28.95220813614183,0.3880506378878532
elec2,sgd,AlwaysNudge,35.386577082464875,0.42315245949688557
elec2,sgd,AlwaysNudge,35.63178931365096,0.42666264165778883
elec2,sgd,AlwaysNudge,36.09278830828082,0.4332442332094824
elec2,sgd,AlwaysNudge,38.446825727667296,0.4669419819541535
elec2,sgd,AlwaysNudge,39.30997278144234,0.4792714967943261
elec2,sgd,AlwaysNudge,44.174983448174395,0.5143733184033585
elec2,sgd,AlwaysNudge,44.80272676001079,0.5233242829136618
elec2,sgd,AlwaysNudge,45.74434172776538,0.536794606956128
elec2,sgd,AlwaysNudge,46.68595669551997,0.5502649309985942
elec2,sgd,AlwaysNudge,47.47063583531546,0.5614975139134846
elec2,sgd,AlwaysNudge,47.86297540521321,0.5671138053709297
elec2,sgd,AlwaysNudge,48.72612245898826,0.5794433202111023
elec2,sgd,AlwaysNudge,49.51080159878375,0.5906759031259927
elec2,sgd,AlwaysNudge,50.68782030847699,0.6075247774983282
elec2,sgd,AlwaysNudge,51.39403153429293,0.6176165512109251
elec2,sgd,AlwaysNudge,52.64951815796572,0.635562357508543
elec2,sgd,AlwaysNudge,55.317427233270394,0.6706641791175753
elec2,sgd,AlwaysNudge,56.10210637306589,0.6818967620324656
elec2,sgd,AlwaysNudge,60.8886491258184,0.716998583641498
elec2,sgd,AlwaysNudge,63.164218631225324,0.7495555231838756
elec2,sgd,AlwaysNudge,69.36318383560972,0.784657344792908
elec2,sgd,AlwaysNudge,69.83399131948701,0.7913705681756354
elec2,sgd,AlwaysNudge,71.5602854270371,0.816073475132992
elec2,sgd,AlwaysNudge,72.97270787866898,0.8362570225581857
elec2,sgd,AlwaysNudge,75.64061695397366,0.8713588441672181
elec2,sgd,AlwaysNudge,78.23005811529879,0.9064606657762505
elec2,sgd,AlwaysNudge,80.11328805080798,0.9334013138611829
elec2,sgd,AlwaysNudge,84.82136288958094,0.9685031354702153
elec2,sgd,AlwaysNudge,85.44910620141732,0.9774540999805185
elec2,sgd,AlwaysNudge,86.70459282509012,0.9953999062781363
elec2,sgd,AlwaysNudge,89.29403398641524,1.0305017278871687
elec2,sgd,AlwaysNudge,90.54952061008804,1.0484475341847865
elec2,sgd,AlwaysNudge,91.33419974988352,1.0596801170996768
elec2,sgd,AlwaysNudge,92.35428263161766,1.0742473730674253
elec2,sgd,AlwaysNudge,92.82509011549496,1.0809605964501527
elec2,sgd,AlwaysNudge,94.0021088251882,1.0978094708224884
elec2,sgd,AlwaysNudge,95.17912753488145,1.114658345194824
elec2,sgd,AlwaysNudge,95.72840293273829,1.122512377779845
elec2,sgd,AlwaysNudge,97.45469704028837,1.1472152847372015
elec2,sgd,AlwaysNudge,97.69990927147447,1.1507254668981046
elec2,sgd,AlwaysNudge,98.31784409406342,1.159544799577374
elec2,sgd,AlwaysNudge,98.78865157794071,1.1662580229601016
elec2,sgd,AlwaysNudge,100.0,1.1662580229601016
elec2,sgd,NeverAdapt,0.0,0.0
elec2,sgd,NeverAdapt,2.037713641156421,0.0
elec2,sgd,NeverAdapt,2.3515852970746183,0.0
elec2,sgd,NeverAdapt,3.6855398347269563,0.0
elec2,sgd,NeverAdapt,5.333366028297491,0.0
elec2,sgd,NeverAdapt,6.745788479929379,0.0
elec2,sgd,NeverAdapt,9.649101297172702,0.0
elec2,sgd,NeverAdapt,10.747652092886392,0.0
elec2,sgd,NeverAdapt,12.317010372477379,0.0
elec2,sgd,NeverAdapt,13.41556116819107,0.0
elec2,sgd,NeverAdapt,13.807900738088815,0.0
elec2,sgd,NeverAdapt,14.200240307986562,0.0
elec2,sgd,NeverAdapt,14.749515705843407,0.0
elec2,sgd,NeverAdapt,15.926534415536647,0.0
elec2,sgd,NeverAdapt,17.260488953188986,0.0
elec2,sgd,NeverAdapt,17.73129643706628,0.0
elec2,sgd,NeverAdapt,18.04516809298448,0.0
elec2,sgd,NeverAdapt,18.90831514675952,0.0
elec2,sgd,NeverAdapt,19.536058458595914,0.0
elec2,sgd,NeverAdapt,19.92839802849366,0.0
elec2,sgd,NeverAdapt,21.968563791961945,0.0
elec2,sgd,NeverAdapt,22.753242931757438,0.0
elec2,sgd,NeverAdapt,24.63647286726662,0.0
elec2,sgd,NeverAdapt,25.421152007062112,0.0
elec2,sgd,NeverAdapt,26.441234888796252,0.0
elec2,sgd,NeverAdapt,29.893823103896423,0.0
elec2,sgd,NeverAdapt,31.384713469507858,0.0
elec2,sgd,NeverAdapt,33.346411318996594,0.0
elec2,sgd,NeverAdapt,35.62198082440352,0.0
elec2,sgd,NeverAdapt,36.17125622226037,0.0
elec2,sgd,NeverAdapt,37.50521075991271,0.0
elec2,sgd,NeverAdapt,38.21142198572865,0.0
elec2,sgd,NeverAdapt,38.760697383585494,0.0
elec2,sgd,NeverAdapt,39.15303695348324,0.0
elec2,sgd,NeverAdapt,40.800863147053775,0.0
elec2,sgd,NeverAdapt,41.89941394276747,0.0
elec2,sgd,NeverAdapt,44.174983448174395,0.0
elec2,sgd,NeverAdapt,45.82280964174493,0.0
elec2,sgd,NeverAdapt,46.607488781540425,0.0
elec2,sgd,NeverAdapt,46.99982835143817,0.0
elec2,sgd,NeverAdapt,47.47063583531546,0.0
elec2,sgd,NeverAdapt,47.941443319192764,0.0
elec2,sgd,NeverAdapt,48.33378288909051,0.0
elec2,sgd,NeverAdapt,49.03999411490645,0.0
elec2,sgd,NeverAdapt,49.51080159878375,0.0
elec2,sgd,NeverAdapt,50.76628822245654,0.0
elec2,sgd,NeverAdapt,52.25717858806797,0.0
elec2,sgd,NeverAdapt,52.57105024398617,0.0
elec2,sgd,NeverAdapt,53.19879355582256,0.0
elec2,sgd,NeverAdapt,55.23895931929085,0.0
elec2,sgd,NeverAdapt,55.86670263112724,0.0
elec2,sgd,NeverAdapt,56.57291385694318,0.0
elec2,sgd,NeverAdapt,56.96525342684093,0.0
elec2,sgd,NeverAdapt,58.92695127632966,0.0
elec2,sgd,NeverAdapt,60.65324538387975,0.0
elec2,sgd,NeverAdapt,62.30107157745028,0.0
elec2,sgd,NeverAdapt,64.49817316887767,0.0
elec2,sgd,NeverAdapt,65.59672396459135,0.0
elec2,sgd,NeverAdapt,66.06753144846866,0.0
elec2,sgd,NeverAdapt,66.77374267428459,0.0
elec2,sgd,NeverAdapt,67.16608224418233,0.0
elec2,sgd,NeverAdapt,68.81390843775287,0.0
elec2,sgd,NeverAdapt,69.83399131948701,0.0
elec2,sgd,NeverAdapt,71.95262499693484,0.0
elec2,sgd,NeverAdapt,72.42343248081214,0.0
elec2,sgd,NeverAdapt,72.8157720507099,0.0
elec2,sgd,NeverAdapt,73.12964370662809,0.0
elec2,sgd,NeverAdapt,73.75738701846448,0.0
elec2,sgd,NeverAdapt,75.71908486795321,0.0
elec2,sgd,NeverAdapt,77.7592506314215,0.0
elec2,sgd,NeverAdapt,80.03482013682843,0.0
elec2,sgd,NeverAdapt,82.15345381427626,0.0
elec2,sgd,NeverAdapt,86.54765699713101,0.0
elec2,sgd,NeverAdapt,88.5878227605993,0.0
elec2,sgd,NeverAdapt,92.35428263161766,0.0
elec2,sgd,NeverAdapt,92.82509011549496,0.0
elec2,sgd,NeverAdapt,94.0021088251882,0.0
elec2,sgd,NeverAdapt,96.90542164243152,0.0
elec2,sgd,NeverAdapt,97.61163286824747,0.0
elec2,sgd,NeverAdapt,98.00397243814521,0.0
elec2,sgd,NeverAdapt,98.4747799220225,0.0
elec2,sgd,NeverAdapt,99.33792697579756,0.0
elec2,sgd,NeverAdapt,100.0,0.0
elec2,gnb,AlwaysRebuild,0.0,0.0
elec2,gnb,AlwaysRebuild,2.037713641156421,2.251813359315795
elec2,gnb,AlwaysRebuild,2.7439248669723644,3.0312872144635703
elec2,gnb,AlwaysRebuild,3.29320026482921,3.6375446573562846
elec2,gnb,AlwaysRebuild,4.784090630440646,5.2831005737793655
elec2,gnb,AlwaysRebuild,6.274980996052083,6.928656490202447
elec2,gnb,AlwaysRebuild,6.981192221868027,7.708130345350222
elec2,gnb,AlwaysRebuild,8.472082587479463,9.353686261773303
elec2,gnb,AlwaysRebuild,9.727569211152252,10.739417559813793
elec2,gnb,AlwaysRebuild,10.983055834825041,12.125148857854281
elec2,gnb,AlwaysRebuild,11.689267060640985,12.904622713002057
elec2,gnb,AlwaysRebuild,12.395478286456928,13.684096568149831
elec2,gnb,AlwaysRebuild,14.043304480027464,15.502868896827975
elec2,gnb,AlwaysRebuild,15.45572693165935,17.061816607123525
elec2,gnb,AlwaysRebuild,17.260488953188986,19.053805348056727
elec2,gnb,AlwaysRebuild,17.809764351045832,19.660062790949443
elec2,gnb,AlwaysRebuild,19.143718888698167,21.132402295117462
elec2,gnb,AlwaysRebuild,19.77146220053456,21.825267944137707
elec2,gnb,AlwaysRebuild,23.61638998553248,24.531774385623038
elec2,gnb,AlwaysRebuild,24.322601211348424,25.311248240770812
elec2,gnb,AlwaysRebuild,25.81349157695986,26.956804157193893
elec2,gnb,AlwaysRebuild,27.382849856550845,28.688968279744504
elec2,gnb,AlwaysRebuild,29.893823103896423,31.395474721229835
elec2,gnb,AlwaysRebuild,31.384713469507858,33.041030637652916
elec2,gnb,AlwaysRebuild,32.012456781344255,33.733896286673165
elec2,gnb,AlwaysRebuild,33.50334714695569,35.37945220309624
elec2,gnb,AlwaysRebuild,34.994237512567125,37.02500811951933
elec2,gnb,AlwaysRebuild,35.70044873838307,37.8044819746671
elec2,gnb,AlwaysRebuild,36.09278830828082,38.23752300530475
elec2,gnb,AlwaysRebuild,38.446825727667296,40.83576918913067
elec2,gnb,AlwaysRebuild,39.15303695348324,41.615243044278444
elec2,gnb,AlwaysRebuild,40.486991491135576,43.08758254844646
elec2,gnb,AlwaysRebuild,42.134817684706114,44.906354877124606
elec2,gnb,AlwaysRebuild,44.09651553419484,47.071560030312874
elec2,gnb,AlwaysRebuild,46.215149211642675,49.4099815957562
elec2,gnb,AlwaysRebuild,47.07829626541772,50.362671863159036
elec2,gnb,AlwaysRebuild,47.549103749295014,50.88232109992422
elec2,gnb,AlwaysRebuild,48.41225080307006,51.835011367327056
elec2,gnb,AlwaysRebuild,49.03999411490645,52.5278770163473
elec2,gnb,AlwaysRebuild,49.667737426742846,53.220742665367545
elec2,gnb,AlwaysRebuild,50.68782030847699,54.34664934502544
elec2,gnb,AlwaysRebuild,51.55096736225203,55.29933961242828
elec2,gnb,AlwaysRebuild,52.335646502047524,56.165421673703584
elec2,gnb,AlwaysRebuild,52.963389813883914,56.858287322723825
elec2,gnb,AlwaysRebuild,55.23895931929085,59.36992530042222
elec2,gnb,AlwaysRebuild,56.02363845908634,60.236007361697524
elec2,gnb,AlwaysRebuild,56.57291385694318,60.842264804590236
elec2,gnb,AlwaysRebuild,57.12218925480003,61.44852224748295
elec2,gnb,AlwaysRebuild,58.69154753439101,63.18068637003356
elec2,gnb,AlwaysRebuild,59.476226674186506,64.04676843130886
elec2,gnb,AlwaysRebuild,62.30107157745028,66.7532748727942
elec2,gnb,AlwaysRebuild,63.164218631225324,67.70596514019704
elec2,gnb,AlwaysRebuild,64.10583359897991,68.7452636137274
elec2,gnb,AlwaysRebuild,64.96898065275496,69.69795388113023
elec2,gnb,AlwaysRebuild,66.06753144846866,70.91046876691567
elec2,gnb,AlwaysRebuild,67.24455015816189,72.20959185882863
elec2,gnb,AlwaysRebuild,67.87229346999828,72.90245750784887
elec2,gnb,AlwaysRebuild,69.44165174958927,74.63462163039948
elec2,gnb,AlwaysRebuild,69.83399131948701,75.06766266103713
elec2,gnb,AlwaysRebuild,71.01101002918026,76.3667857529501
elec2,gnb,AlwaysRebuild,71.95262499693484,77.40608422648046
elec2,gnb,AlwaysRebuild,72.26649665285305,77.75251705099058
elec2,gnb,AlwaysRebuild,72.58036830877124,78.09894987550071
elec2,gnb,AlwaysRebuild,73.12964370662809,78.70520731839342
elec2,gnb,AlwaysRebuild,81.13337093254212,81.41171375987875
elec2,gnb,AlwaysRebuild,82.46732547019445,82.88405326404677
elec2,gnb,AlwaysRebuild,84.89983080356048,85.56890765400021
elec2,gnb,AlwaysRebuild,85.84144577131508,86.60820612753058
elec2,gnb,AlwaysRebuild,88.5878227605993,89.31471256901591
elec2,gnb,AlwaysRebuild,90.54952061008804,91.47991772220418
elec2,gnb,AlwaysRebuild,91.96194306171992,93.03886543249973
elec2,gnb,AlwaysRebuild,92.51121845957677,93.64512287539245
elec2,gnb,AlwaysRebuild,95.17912753488145,96.35162931687778
elec2,gnb,AlwaysRebuild,96.51308207253378,97.8239688210458
elec2,gnb,AlwaysRebuild,97.21929329834973,98.60344267619357
elec2,gnb,AlwaysRebuild,97.69010078222702,99.12309191295876
elec2,gnb,AlwaysRebuild,98.23937618008387,99.72934935585147
elec2,gnb,AlwaysRebuild,98.48458841126995,100.0
elec2,gnb,AlwaysRebuild,100.0,100.0
elec2,gnb,MechanismSelector,0.0,0.0
elec2,gnb,MechanismSelector,2.037713641156421,4.0516401429035405
elec2,gnb,MechanismSelector,2.7439248669723644,5.453610479592942
elec2,gnb,MechanismSelector,3.29320026482921,6.0598679224856555
elec2,gnb,MechanismSelector,4.784090630440646,7.3752300530475265
elec2,gnb,MechanismSelector,5.568769770236139,7.3752300530475265
elec2,gnb,MechanismSelector,6.3534489100316325,8.934177763343076
elec2,gnb,MechanismSelector,9.806037125131802,11.099382916531342
elec2,gnb,MechanismSelector,11.689267060640985,14.839774818664068
elec2,gnb,MechanismSelector,12.081606630538731,15.272815849301722
elec2,gnb,MechanismSelector,12.552414114416028,15.792465086066905
elec2,gnb,MechanismSelector,13.494029082170618,16.6233625636029
elec2,gnb,MechanismSelector,15.063387361761604,18.00909386164339
elec2,gnb,MechanismSelector,17.260488953188986,18.00909386164339
elec2,gnb,MechanismSelector,17.88823226502538,18.00909386164339
elec2,gnb,MechanismSelector,19.849930114514112,18.00909386164339
elec2,gnb,MechanismSelector,23.61638998553248,18.00909386164339
elec2,gnb,MechanismSelector,25.264216179103013,18.00909386164339
elec2,gnb,MechanismSelector,26.59817071675535,18.00909386164339
elec2,gnb,MechanismSelector,29.893823103896423,18.00909386164339
elec2,gnb,MechanismSelector,31.855520953385156,21.906463137382268
elec2,gnb,MechanismSelector,33.346411318996594,23.221825267944137
elec2,gnb,MechanismSelector,35.62198082440352,27.74169102522464
elec2,gnb,MechanismSelector,36.09278830828082,28.261340261989822
elec2,gnb,MechanismSelector,39.15303695348324,28.261340261989822
elec2,gnb,MechanismSelector,41.27167063093107,28.261340261989822
elec2,gnb,MechanismSelector,43.0764326524607,29.8527660495832
elec2,gnb,MechanismSelector,44.09651553419484,31.877232867814225
elec2,gnb,MechanismSelector,44.41038719011304,32.223665692324346
elec2,gnb,MechanismSelector,45.97974546970403,35.34156111291545
elec2,gnb,MechanismSelector,47.549103749295014,38.45945653350655
elec2,gnb,MechanismSelector,47.86297540521321,38.80588935801667
elec2,gnb,MechanismSelector,49.03999411490645,41.14431092346
elec2,gnb,MechanismSelector,49.667737426742846,41.696438237523004
elec2,gnb,MechanismSelector,51.08015987837474,44.50037891090181
elec2,gnb,MechanismSelector,52.335646502047524,46.9930713435098
elec2,gnb,MechanismSelector,53.12032564184302,48.552019053805346
elec2,gnb,MechanismSelector,55.63129888918859,53.423730648478944
elec2,gnb,MechanismSelector,56.18057428704544,54.029988091371656
elec2,gnb,MechanismSelector,56.57291385694318,54.46302912200931
elec2,gnb,MechanismSelector,58.69154753439101,54.46302912200931
elec2,gnb,MechanismSelector,59.476226674186506,56.02197683230486
elec2,gnb,MechanismSelector,62.30107157745028,58.187181985493126
elec2,gnb,MechanismSelector,63.164218631225324,59.90040056295334
elec2,gnb,MechanismSelector,64.10583359897991,60.731298040489335
elec2,gnb,MechanismSelector,67.63688972805963,62.8965031936776
elec2,gnb,MechanismSelector,68.89237635173242,65.38919562628558
elec2,gnb,MechanismSelector,69.83399131948701,67.25939157735195
elec2,gnb,MechanismSelector,71.32488168509845,70.2203096243369
elec2,gnb,MechanismSelector,72.26649665285305,72.09050557540327
elec2,gnb,MechanismSelector,72.58036830877124,72.43693839991339
elec2,gnb,MechanismSelector,73.12964370662809,73.0431958428061
elec2,gnb,MechanismSelector,81.13337093254212,73.0431958428061
elec2,gnb,MechanismSelector,84.74289497560139,75.20840099599437
elec2,gnb,MechanismSelector,85.21370245947868,75.72805023275956
elec2,gnb,MechanismSelector,86.70459282509012,77.04341236332142
elec2,gnb,MechanismSelector,88.5878227605993,80.78380426545415
elec2,gnb,MechanismSelector,90.54952061008804,84.68117354119303
elec2,gnb,MechanismSelector,91.96194306171992,87.48511421457184
elec2,gnb,MechanismSelector,92.51121845957677,88.09137165746455
elec2,gnb,MechanismSelector,95.17912753488145,92.96308325213813
elec2,gnb,MechanismSelector,96.51308207253378,94.14041355418426
elec2,gnb,MechanismSelector,97.21929329834973,94.14041355418426
elec2,gnb,MechanismSelector,97.61163286824747,94.57345458482192
elec2,gnb,MechanismSelector,97.92550452416566,94.91988740933203
elec2,gnb,MechanismSelector,98.63171574998161,96.32185774602144
elec2,gnb,MechanismSelector,99.259459061818,97.56685070910468
elec2,gnb,MechanismSelector,100.0,97.56685070910468
elec2,gnb,FixedSchedule,0.0,0.0
elec2,gnb,FixedSchedule,2.037713641156421,1.7998267835877448
elec2,gnb,FixedSchedule,2.4300532110541675,2.1462596080978673
elec2,gnb,FixedSchedule,5.2548981143179425,4.852766049583198
elec2,gnb,FixedSchedule,6.3534489100316325,5.8216953556349464
elec2,gnb,FixedSchedule,7.4519997057453224,6.790624661686695
elec2,gnb,FixedSchedule,9.884505039111351,9.475479051640143
elec2,gnb,FixedSchedule,11.139991662784139,10.582440186207643
elec2,gnb,FixedSchedule,11.689267060640985,11.066904839233517
elec2,gnb,FixedSchedule,12.552414114416028,12.019595106636354
elec2,gnb,FixedSchedule,13.33709325421152,12.712460755656599
elec2,gnb,FixedSchedule,14.671047791863858,13.889791057702718
elec2,gnb,FixedSchedule,17.103553125229887,16.574645447656167
elec2,gnb,FixedSchedule,17.88823226502538,17.26751109667641
elec2,gnb,FixedSchedule,18.90831514675952,18.16607123524954
elec2,gnb,FixedSchedule,19.77146220053456,19.118761502652376
elec2,gnb,FixedSchedule,23.61638998553248,21.28396665584064
elec2,gnb,FixedSchedule,25.81349157695986,23.221825267944137
elec2,gnb,FixedSchedule,27.382849856550845,24.953989390494748
elec2,gnb,FixedSchedule,29.893823103896423,27.119194543683015
elec2,gnb,FixedSchedule,31.620117211446505,28.642957670239255
elec2,gnb,FixedSchedule,34.366494200730735,31.349464111724586
elec2,gnb,FixedSchedule,35.62198082440352,32.456425246292085
elec2,gnb,FixedSchedule,36.09278830828082,32.87052073183934
elec2,gnb,FixedSchedule,37.50521075991271,34.42946844213489
elec2,gnb,FixedSchedule,38.21142198572865,35.05196492367652
elec2,gnb,FixedSchedule,39.23150486746279,35.950525062249646
elec2,gnb,FixedSchedule,40.800863147053775,37.68268918480026
elec2,gnb,FixedSchedule,41.89941394276747,38.65161849085201
elec2,gnb,FixedSchedule,44.09651553419484,40.589477102955506
elec2,gnb,FixedSchedule,46.215149211642675,42.92789866839883
elec2,gnb,FixedSchedule,47.07829626541772,43.68842697845621
elec2,gnb,FixedSchedule,47.549103749295014,44.102522464003464
elec2,gnb,FixedSchedule,47.86297540521321,44.44895528851359
elec2,gnb,FixedSchedule,49.03999411490645,45.48825376204395
elec2,gnb,FixedSchedule,49.51080159878375,45.90234924759121
elec2,gnb,FixedSchedule,51.001691964395185,47.54790516401429
elec2,gnb,FixedSchedule,51.55096736225203,48.03236981704016
elec2,gnb,FixedSchedule,52.335646502047524,48.72523546606041
elec2,gnb,FixedSchedule,53.12032564184302,49.59131752733572
elec2,gnb,FixedSchedule,55.63129888918859,51.75652268052398
elec2,gnb,FixedSchedule,56.18057428704544,52.24098733354985
elec2,gnb,FixedSchedule,56.57291385694318,52.67402836418751
elec2,gnb,FixedSchedule,58.69154753439101,54.54422431525387
elec2,gnb,FixedSchedule,59.08388710428876,54.890657139763995
elec2,gnb,FixedSchedule,60.02550207204335,55.92995561329436
elec2,gnb,FixedSchedule,62.30107157745028,57.938183392876475
elec2,gnb,FixedSchedule,63.164218631225324,58.698711702933856
elec2,gnb,FixedSchedule,65.83212770653,61.40521814441918
elec2,gnb,FixedSchedule,67.63688972805963,62.99664393201256
elec2,gnb,FixedSchedule,68.57850469581423,63.82754140954855
elec2,gnb,FixedSchedule,69.44165174958927,64.78023167695139
elec2,gnb,FixedSchedule,69.83399131948701,65.12666450146152
elec2,gnb,FixedSchedule,70.69713837326206,65.88719281151889
elec2,gnb,FixedSchedule,72.0310929109144,67.3595323156869
elec2,gnb,FixedSchedule,72.8157720507099,68.05239796470715
elec2,gnb,FixedSchedule,73.36504744856673,68.53686261773304
elec2,gnb,FixedSchedule,73.83585493244404,69.05651185449821
elec2,gnb,FixedSchedule,74.46359824428042,69.60863916856123
elec2,gnb,FixedSchedule,74.70881047546652,69.82515968388005
elec2,gnb,FixedSchedule,75.01287364213727,70.16076648262423
elec2,gnb,FixedSchedule,76.58223192172825,71.54649778066472
elec2,gnb,FixedSchedule,76.97457149162601,71.89293060517484
elec2,gnb,FixedSchedule,77.83771854540105,72.84562087257768
elec2,gnb,FixedSchedule,80.03482013682843,74.78347948468118
elec2,gnb,FixedSchedule,80.74103136264436,75.4059759662228
elec2,gnb,FixedSchedule,84.89983080356048,78.11248240770813
elec2,gnb,FixedSchedule,85.84144577131508,78.94337988524413
elec2,gnb,FixedSchedule,86.93999656702876,79.91230919129588
elec2,gnb,FixedSchedule,88.7447585885584,81.90429793222908
elec2,gnb,FixedSchedule,90.54952061008804,83.49572371982245
elec2,gnb,FixedSchedule,91.96194306171992,84.7407166829057
elec2,gnb,FixedSchedule,92.82509011549496,85.69340695030854
elec2,gnb,FixedSchedule,93.76670508324955,86.52430442784454
elec2,gnb,FixedSchedule,94.08057673916775,86.80036808487604
elec2,gnb,FixedSchedule,94.70832005100415,87.49323373389629
elec2,gnb,FixedSchedule,95.17912753488145,87.90732921944354
elec2,gnb,FixedSchedule,96.12074250263603,88.73822669697954
elec2,gnb,FixedSchedule,96.90542164243152,89.60430875825485
elec2,gnb,FixedSchedule,98.00397243814521,90.5732380643066
elec2,gnb,FixedSchedule,98.4747799220225,90.98733354985384
elec2,gnb,FixedSchedule,99.33792697579756,91.94002381725669
elec2,gnb,FixedSchedule,100.0,91.94002381725669
elec2,gnb,AlwaysNudge,0.0,0.0
elec2,gnb,AlwaysNudge,2.037713641156421,1.7998267835877448
elec2,gnb,AlwaysNudge,2.4300532110541675,2.1462596080978673
elec2,gnb,AlwaysNudge,5.2548981143179425,4.311464761286132
elec2,gnb,AlwaysNudge,5.961109340133886,4.933961242827758
elec2,gnb,AlwaysNudge,6.745788479929379,5.626826891848003
elec2,gnb,AlwaysNudge,8.001275103602168,6.733788026415503
elec2,gnb,AlwaysNudge,10.119908781049999,8.603983977481866
elec2,gnb,AlwaysNudge,12.081606630538731,10.336148100032478
elec2,gnb,AlwaysNudge,13.33709325421152,11.443109234599978
elec2,gnb,AlwaysNudge,14.357176135945661,12.341669373173108
elec2,gnb,AlwaysNudge,17.103553125229887,14.506874526361372
elec2,gnb,AlwaysNudge,17.88823226502538,15.199740175381617
elec2,gnb,AlwaysNudge,19.849930114514112,16.931904297932228
elec2,gnb,AlwaysNudge,21.968563791961945,18.802100248998592
elec2,gnb,AlwaysNudge,23.61638998553248,20.255494208076215
elec2,gnb,AlwaysNudge,25.57808783502121,21.987658330626825
elec2,gnb,AlwaysNudge,26.441234888796252,22.748186640684207
elec2,gnb,AlwaysNudge,27.618253598489492,23.787485114214572
elec2,gnb,AlwaysNudge,28.95220813614183,24.96481541626069
elec2,gnb,AlwaysNudge,29.815355189916872,25.72534372631807
elec2,gnb,AlwaysNudge,31.698585125426057,27.387138681390063
elec2,gnb,AlwaysNudge,34.44496211471028,29.552343834578327
elec2,gnb,AlwaysNudge,35.62198082440352,30.591642308108693
elec2,gnb,AlwaysNudge,36.09278830828082,31.00573779365595
elec2,gnb,AlwaysNudge,36.64206370613766,31.490202446681824
elec2,gnb,AlwaysNudge,37.426742845933155,32.18306809570207
elec2,gnb,AlwaysNudge,38.21142198572865,32.87593374472231
elec2,gnb,AlwaysNudge,39.07456903950369,33.63646205477969
elec2,gnb,AlwaysNudge,39.388440695421885,33.91252571181119
elec2,gnb,AlwaysNudge,40.800863147053775,35.15751867489445
elec2,gnb,AlwaysNudge,43.233368480419806,37.30377828299231
elec2,gnb,AlwaysNudge,44.174983448174395,38.13467576052831
elec2,gnb,AlwaysNudge,46.05821338368358,39.7964707156003
elec2,gnb,AlwaysNudge,46.68595669551997,40.34859802966331
elec2,gnb,AlwaysNudge,47.627571663274566,41.179495507199306
elec2,gnb,AlwaysNudge,48.01991123317231,41.52592833170943
elec2,gnb,AlwaysNudge,49.03999411490645,42.42448847028256
elec2,gnb,AlwaysNudge,49.51080159878375,42.83858395582981
elec2,gnb,AlwaysNudge,50.68782030847699,43.877882429360184
elec2,gnb,AlwaysNudge,52.335646502047524,45.33127638843781
elec2,gnb,AlwaysNudge,53.12032564184302,46.02414203745805
elec2,gnb,AlwaysNudge,54.689683921434,47.40987333549854
elec2,gnb,AlwaysNudge,55.86670263112724,48.449171809028904
elec2,gnb,AlwaysNudge,56.57291385694318,49.07166829057053
elec2,gnb,AlwaysNudge,56.96525342684093,49.41810111508065
elec2,gnb,AlwaysNudge,58.92695127632966,51.15026523763127
elec2,gnb,AlwaysNudge,60.1039699860229,52.18956371116163
elec2,gnb,AlwaysNudge,62.30107157745028,54.12742232326513
elec2,gnb,AlwaysNudge,64.41970525489812,55.997618274331494
elec2,gnb,AlwaysNudge,66.85221058826414,58.14387788242936
elec2,gnb,AlwaysNudge,67.24455015816189,58.49031070693948
elec2,gnb,AlwaysNudge,67.87229346999828,59.04243802100249
elec2,gnb,AlwaysNudge,69.83399131948701,60.7746021435531
elec2,gnb,AlwaysNudge,71.95262499693484,62.64479809461947
elec2,gnb,AlwaysNudge,72.42343248081214,63.05889358016672
elec2,gnb,AlwaysNudge,72.8157720507099,63.40532640467684
elec2,gnb,AlwaysNudge,73.28657953458719,63.8194218902241
elec2,gnb,AlwaysNudge,73.75738701846448,64.23351737577136
elec2,gnb,AlwaysNudge,75.48368112601456,65.75728050232759
elec2,gnb,AlwaysNudge,78.07312228733969,67.92248565551586
elec2,gnb,AlwaysNudge,80.03482013682843,69.65464977806647
elec2,gnb,AlwaysNudge,81.36877467448076,70.83198008011259
elec2,gnb,AlwaysNudge,84.89983080356048,72.99718523330085
elec2,gnb,AlwaysNudge,86.93999656702876,74.7970120168886
elec2,gnb,AlwaysNudge,90.54952061008804,76.96221717007687
elec2,gnb,AlwaysNudge,91.96194306171992,78.20721013316012
elec2,gnb,AlwaysNudge,92.82509011549496,78.9677384432175
elec2,gnb,AlwaysNudge,93.76670508324955,79.7986359207535
elec2,gnb,AlwaysNudge,95.17912753488145,81.04362888383675
elec2,gnb,AlwaysNudge,96.04227458865648,81.80415719389413
elec2,gnb,AlwaysNudge,97.69010078222702,83.25755115297174
elec2,gnb,AlwaysNudge,98.4747799220225,83.95041680199199
elec2,gnb,AlwaysNudge,99.259459061818,84.64328245101224
elec2,gnb,AlwaysNudge,100.0,84.64328245101224
elec2,gnb,NeverAdapt,0.0,0.0
elec2,gnb,NeverAdapt,2.037713641156421,0.0
elec2,gnb,NeverAdapt,2.4300532110541675,0.0
elec2,gnb,NeverAdapt,5.2548981143179425,0.0
elec2,gnb,NeverAdapt,5.961109340133886,0.0
elec2,gnb,NeverAdapt,6.745788479929379,0.0
elec2,gnb,NeverAdapt,8.001275103602168,0.0
elec2,gnb,NeverAdapt,10.198376695029548,0.0
elec2,gnb,NeverAdapt,12.081606630538731,0.0
elec2,gnb,NeverAdapt,14.671047791863858,0.0
elec2,gnb,NeverAdapt,15.377259017679801,0.0
elec2,gnb,NeverAdapt,16.005002329516195,0.0
elec2,gnb,NeverAdapt,16.475809813393493,0.0
elec2,gnb,NeverAdapt,17.103553125229887,0.0
elec2,gnb,NeverAdapt,17.88823226502538,0.0
elec2,gnb,NeverAdapt,19.849930114514112,0.0
elec2,gnb,NeverAdapt,23.61638998553248,0.0
elec2,gnb,NeverAdapt,25.264216179103013,0.0
elec2,gnb,NeverAdapt,26.59817071675535,0.0
elec2,gnb,NeverAdapt,29.893823103896423,0.0
elec2,gnb,NeverAdapt,31.855520953385156,0.0
elec2,gnb,NeverAdapt,35.70044873838307,0.0
elec2,gnb,NeverAdapt,38.446825727667296,0.0
elec2,gnb,NeverAdapt,39.15303695348324,0.0
elec2,gnb,NeverAdapt,41.42860645889017,0.0
elec2,gnb,NeverAdapt,44.174983448174395,0.0
elec2,gnb,NeverAdapt,45.82280964174493,0.0
elec2,gnb,NeverAdapt,46.607488781540425,0.0
elec2,gnb,NeverAdapt,47.15676417939727,0.0
elec2,gnb,NeverAdapt,47.627571663274566,0.0
elec2,gnb,NeverAdapt,48.09837914715186,0.0
elec2,gnb,NeverAdapt,49.51080159878375,0.0
elec2,gnb,NeverAdapt,50.06007699664059,0.0
elec2,gnb,NeverAdapt,50.76628822245654,0.0
elec2,gnb,NeverAdapt,52.17871067408842,0.0
elec2,gnb,NeverAdapt,52.72798607194527,0.0
elec2,gnb,NeverAdapt,53.041857727863466,0.0
elec2,gnb,NeverAdapt,55.317427233270394,0.0
elec2,gnb,NeverAdapt,56.10210637306589,0.0
elec2,gnb,NeverAdapt,56.57291385694318,0.0
elec2,gnb,NeverAdapt,56.96525342684093,0.0
elec2,gnb,NeverAdapt,58.92695127632966,0.0
elec2,gnb,NeverAdapt,60.65324538387975,0.0
elec2,gnb,NeverAdapt,62.30107157745028,0.0
elec2,gnb,NeverAdapt,64.49817316887767,0.0
elec2,gnb,NeverAdapt,65.59672396459135,0.0
elec2,gnb,NeverAdapt,66.06753144846866,0.0
elec2,gnb,NeverAdapt,66.85221058826414,0.0
elec2,gnb,NeverAdapt,67.24455015816189,0.0
elec2,gnb,NeverAdapt,67.87229346999828,0.0
elec2,gnb,NeverAdapt,69.83399131948701,0.0
elec2,gnb,NeverAdapt,72.0310929109144,0.0
elec2,gnb,NeverAdapt,72.89423996468943,0.0
elec2,gnb,NeverAdapt,73.13945219587553,0.0
elec2,gnb,NeverAdapt,73.75738701846448,0.0
elec2,gnb,NeverAdapt,82.46732547019445,0.0
elec2,gnb,NeverAdapt,82.93813295407175,0.0
elec2,gnb,NeverAdapt,86.62612491111057,0.0
elec2,gnb,NeverAdapt,87.4892719648856,0.0
elec2,gnb,NeverAdapt,92.58968637355632,0.0
elec2,gnb,NeverAdapt,93.8451729972291,0.0
elec2,gnb,NeverAdapt,94.39444839508594,0.0
elec2,gnb,NeverAdapt,97.69010078222702,0.0
elec2,gnb,NeverAdapt,98.4747799220225,0.0
elec2,gnb,NeverAdapt,99.18099114783845,0.0
elec2,gnb,NeverAdapt,100.0,0.0
covtype,xgb,AlwaysRebuild,0.0,0.0
covtype,xgb,AlwaysRebuild,0.8166666666666667,1.0949773863365866
covtype,xgb,AlwaysRebuild,2.3455555555555554,2.5827184003808616
covtype,xgb,AlwaysRebuild,2.807777777777778,3.20161866222328
covtype,xgb,AlwaysRebuild,3.4833333333333334,4.106165198762199
covtype,xgb,AlwaysRebuild,4.941111111111111,5.593906212806474
covtype,xgb,AlwaysRebuild,5.723333333333334,6.641275886693644
covtype,xgb,AlwaysRebuild,6.256666666666667,7.355391573434896
covtype,xgb,AlwaysRebuild,7.252222222222223,8.688407522018567
covtype,xgb,AlwaysRebuild,8.034444444444444,9.735777195905737
covtype,xgb,AlwaysRebuild,8.994444444444444,11.02118543203999
covtype,xgb,AlwaysRebuild,9.99,12.35420138062366
covtype,xgb,AlwaysRebuild,10.63,13.211140204713164
covtype,xgb,AlwaysRebuild,11.127777777777778,13.877648179004998
covtype,xgb,AlwaysRebuild,11.625555555555556,14.544156153296834
covtype,xgb,AlwaysRebuild,14.363333333333333,16.03189716734111
covtype,xgb,AlwaysRebuild,14.967777777777778,16.841228278981195
covtype,xgb,AlwaysRebuild,16.532222222222224,18.32896929302547
covtype,xgb,AlwaysRebuild,17.27888888888889,19.32873125446322
covtype,xgb,AlwaysRebuild,17.954444444444444,20.23327779100214
covtype,xgb,AlwaysRebuild,18.63,21.13782432754106
covtype,xgb,AlwaysRebuild,19.412222222222223,22.185194001428233
covtype,xgb,AlwaysRebuild,20.23,23.280171387764817
covtype,xgb,AlwaysRebuild,21.65222222222222,24.76791240180909
covtype,xgb,AlwaysRebuild,22.718888888888888,26.196143775291596
covtype,xgb,AlwaysRebuild,24.105555555555554,27.683884789335874
covtype,xgb,AlwaysRebuild,24.994444444444444,28.874077600571294
covtype,xgb,AlwaysRebuild,25.81222222222222,29.969054986907878
covtype,xgb,AlwaysRebuild,26.558888888888887,30.968816948345633
covtype,xgb,AlwaysRebuild,27.59,32.34944060937872
covtype,xgb,AlwaysRebuild,28.79888888888889,33.83718162342299
covtype,xgb,AlwaysRebuild,30.185555555555556,35.32492263746727
covtype,xgb,AlwaysRebuild,33.52777777777778,36.81266365151154
covtype,xgb,AlwaysRebuild,34.95,38.30040466555582
covtype,xgb,AlwaysRebuild,36.656666666666666,39.78814567960009
covtype,xgb,AlwaysRebuild,37.93666666666667,41.275886693644374
covtype,xgb,AlwaysRebuild,38.82555555555555,42.466079504879794
covtype,xgb,AlwaysRebuild,40.14111111111111,43.95382051892407
covtype,xgb,AlwaysRebuild,40.745555555555555,44.76315163056415
covtype,xgb,AlwaysRebuild,42.91444444444444,46.25089264460843
covtype,xgb,AlwaysRebuild,45.83,47.7386336586527
covtype,xgb,AlwaysRebuild,47.53666666666667,49.22637467269698
covtype,xgb,AlwaysRebuild,49.385555555555555,50.71411568674125
covtype,xgb,AlwaysRebuild,52.336666666666666,52.20185670078553
covtype,xgb,AlwaysRebuild,53.90111111111111,53.6895977148298
covtype,xgb,AlwaysRebuild,56.67444444444445,55.177338728874076
covtype,xgb,AlwaysRebuild,57.13666666666666,55.796238990716496
covtype,xgb,AlwaysRebuild,58.132222222222225,57.12925493930017
covtype,xgb,AlwaysRebuild,58.52333333333333,57.65293977624375
covtype,xgb,AlwaysRebuild,59.19888888888889,58.55748631278267
covtype,xgb,AlwaysRebuild,59.83888888888889,59.414425136872175
covtype,xgb,AlwaysRebuild,60.51444444444444,60.31897167341109
covtype,xgb,AlwaysRebuild,61.33222222222222,61.41394905974768
covtype,xgb,AlwaysRebuild,63.43,62.901690073791954
covtype,xgb,AlwaysRebuild,67.12777777777778,64.38943108783623
covtype,xgb,AlwaysRebuild,67.5188888888889,64.91311592477982
covtype,xgb,AlwaysRebuild,67.80333333333333,65.29397762437515
covtype,xgb,AlwaysRebuild,67.91444444444444,65.44275172577957
covtype,xgb,AlwaysRebuild,68.90555555555555,66.76981671030707
covtype,xgb,AlwaysRebuild,69.9011111111111,68.10283265889073
covtype,xgb,AlwaysRebuild,70.5411111111111,68.95977148298024
covtype,xgb,AlwaysRebuild,71.75,70.44751249702452
covtype,xgb,AlwaysRebuild,72.49666666666667,71.44727445846227
covtype,xgb,AlwaysRebuild,73.45666666666666,72.73268269459652
covtype,xgb,AlwaysRebuild,74.09666666666666,73.58962151868603
covtype,xgb,AlwaysRebuild,74.77222222222223,74.49416805522495
covtype,xgb,AlwaysRebuild,75.69666666666667,75.73196857890979
covtype,xgb,AlwaysRebuild,76.94111111111111,77.21970959295406
covtype,xgb,AlwaysRebuild,77.86555555555556,78.4575101166389
covtype,xgb,AlwaysRebuild,78.82555555555555,79.74291835277315
covtype,xgb,AlwaysRebuild,79.82111111111111,81.07593430135682
covtype,xgb,AlwaysRebuild,82.13222222222223,82.5636753154011
covtype,xgb,AlwaysRebuild,82.98555555555555,83.7062604141871
covtype,xgb,AlwaysRebuild,83.76777777777778,84.75363008807427
covtype,xgb,AlwaysRebuild,84.08777777777777,85.18209950011902
covtype,xgb,AlwaysRebuild,84.40777777777778,85.61056891216377
covtype,xgb,AlwaysRebuild,84.72777777777777,86.03903832420852
covtype,xgb,AlwaysRebuild,85.04777777777778,86.46750773625327
covtype,xgb,AlwaysRebuild,85.36777777777777,86.89597714829803
covtype,xgb,AlwaysRebuild,86.00777777777778,87.75291597238753
covtype,xgb,AlwaysRebuild,86.32777777777778,88.18138538443228
covtype,xgb,AlwaysRebuild,86.68333333333334,88.65746250892644
covtype,xgb,AlwaysRebuild,86.96777777777778,89.03832420852179
covtype,xgb,AlwaysRebuild,87.32333333333334,89.51440133301595
covtype,xgb,AlwaysRebuild,88.28333333333333,90.7998095691502
covtype,xgb,AlwaysRebuild,88.60333333333334,91.22827898119495
covtype,xgb,AlwaysRebuild,88.9588888888889,91.70435610568911
covtype,xgb,AlwaysRebuild,89.5988888888889,92.56129492977863
covtype,xgb,AlwaysRebuild,93.83,94.0490359438229
covtype,xgb,AlwaysRebuild,96.03444444444445,95.53677695786718
covtype,xgb,AlwaysRebuild,97.24333333333334,97.02451797191145
covtype,xgb,AlwaysRebuild,98.48777777777778,98.51225898595573
covtype,xgb,AlwaysRebuild,99.83888888888889,100.0
covtype,xgb,AlwaysRebuild,100.0,100.0
covtype,xgb,MechanismSelector,0.0,0.0
covtype,xgb,MechanismSelector,0.8166666666666667,1.1387169721494883
covtype,xgb,MechanismSelector,2.3455555555555554,1.1982266127112593
covtype,xgb,MechanismSelector,3.8744444444444444,1.1982266127112593
covtype,xgb,MechanismSelector,4.941111111111111,1.2553558676505594
covtype,xgb,MechanismSelector,5.332222222222223,1.2553558676505594
covtype,xgb,MechanismSelector,5.83,1.9484944060937872
covtype,xgb,MechanismSelector,7.252222222222223,3.4957450606998335
covtype,xgb,MechanismSelector,8.034444444444444,4.584994644132349
covtype,xgb,MechanismSelector,8.994444444444444,5.921804332301833
covtype,xgb,MechanismSelector,9.99,5.975065460604618
covtype,xgb,MechanismSelector,10.736666666666666,6.015011306831707
covtype,xgb,MechanismSelector,11.376666666666667,6.049229350154725
covtype,xgb,MechanismSelector,12.087777777777777,6.087315520114259
covtype,xgb,MechanismSelector,13.83,6.14682516067603
covtype,xgb,MechanismSelector,14.683333333333334,6.192498809807189
covtype,xgb,MechanismSelector,15.43,6.232444656034278
covtype,xgb,MechanismSelector,16.532222222222224,6.291433587241133
covtype,xgb,MechanismSelector,17.634444444444444,6.3504225184479886
covtype,xgb,MechanismSelector,17.954444444444444,6.796000952154249
covtype,xgb,MechanismSelector,18.63,7.736699595334445
covtype,xgb,MechanismSelector,19.412222222222223,7.77857950487979
covtype,xgb,MechanismSelector,19.83888888888889,8.372708878838372
covtype,xgb,MechanismSelector,20.656666666666666,9.51142585098786
covtype,xgb,MechanismSelector,22.434444444444445,11.058676505593906
covtype,xgb,MechanismSelector,24.105555555555554,12.605927160199952
covtype,xgb,MechanismSelector,24.994444444444444,13.84372768388479
covtype,xgb,MechanismSelector,25.81222222222222,14.982444656034277
covtype,xgb,MechanismSelector,26.558888888888887,16.02215246369912
covtype,xgb,MechanismSelector,27.59,17.457971316353248
covtype,xgb,MechanismSelector,28.79888888888889,17.51748095691502
covtype,xgb,MechanismSelector,29.75888888888889,18.854290645084504
covtype,xgb,MechanismSelector,32.21222222222222,20.40154129969055
covtype,xgb,MechanismSelector,34.52333333333333,21.948791954296595
covtype,xgb,MechanismSelector,36.656666666666666,23.49604260890264
covtype,xgb,MechanismSelector,37.93666666666667,25.043293263508687
covtype,xgb,MechanismSelector,38.82555555555555,26.281093787193527
covtype,xgb,MechanismSelector,40.14111111111111,27.828344441799572
covtype,xgb,MechanismSelector,40.745555555555555,28.67003392049512
covtype,xgb,MechanismSelector,42.91444444444444,30.217284575101168
covtype,xgb,MechanismSelector,45.83,30.27679421566294
covtype,xgb,MechanismSelector,48.318888888888885,30.27679421566294
covtype,xgb,MechanismSelector,48.67444444444445,30.771914425136874
covtype,xgb,MechanismSelector,49.74111111111111,32.25727505355868
covtype,xgb,MechanismSelector,51.87444444444444,33.804525708164725
covtype,xgb,MechanismSelector,53.90111111111111,35.35177636277077
covtype,xgb,MechanismSelector,56.67444444444445,36.89902701737682
covtype,xgb,MechanismSelector,57.13666666666666,37.54262378005237
covtype,xgb,MechanismSelector,58.132222222222225,37.59588490835515
covtype,xgb,MechanismSelector,58.80777777777778,38.53658355153535
covtype,xgb,MechanismSelector,59.51888888888889,39.52682397048322
covtype,xgb,MechanismSelector,60.51444444444444,40.91310104736967
covtype,xgb,MechanismSelector,61.33222222222222,42.05181801951916
covtype,xgb,MechanismSelector,63.43,43.599068674125206
covtype,xgb,MechanismSelector,67.12777777777778,43.65857831468698
covtype,xgb,MechanismSelector,67.5188888888889,44.203165912877886
covtype,xgb,MechanismSelector,67.80333333333333,44.59920257081647
covtype,xgb,MechanismSelector,67.91444444444444,44.7479766722209
covtype,xgb,MechanismSelector,68.90555555555555,46.12807962389907
covtype,xgb,MechanismSelector,69.9011111111111,46.181340752201855
covtype,xgb,MechanismSelector,70.5411111111111,47.072497619614374
covtype,xgb,MechanismSelector,71.75,48.61974827422043
covtype,xgb,MechanismSelector,72.49666666666667,49.65945608188527
covtype,xgb,MechanismSelector,73.45666666666666,50.99626577005475
covtype,xgb,MechanismSelector,74.09666666666666,51.88742263746727
covtype,xgb,MechanismSelector,74.77222222222223,52.828121280647466
covtype,xgb,MechanismSelector,75.69666666666667,54.115389193049275
covtype,xgb,MechanismSelector,76.94111111111111,55.66263984765532
covtype,xgb,MechanismSelector,77.86555555555556,56.94990776005713
covtype,xgb,MechanismSelector,78.82555555555555,58.28671744822661
covtype,xgb,MechanismSelector,79.82111111111111,59.67299452511307
covtype,xgb,MechanismSelector,82.13222222222223,61.220245179719115
covtype,xgb,MechanismSelector,82.98555555555555,61.265918828850275
covtype,xgb,MechanismSelector,83.73222222222222,62.305626636515115
covtype,xgb,MechanismSelector,83.94555555555556,62.59127291121162
covtype,xgb,MechanismSelector,84.12333333333333,62.8293114734587
covtype,xgb,MechanismSelector,85.04777777777778,62.87877886217567
covtype,xgb,MechanismSelector,86.64777777777778,62.93828850273744
covtype,xgb,MechanismSelector,87.64333333333333,62.99154963104023
covtype,xgb,MechanismSelector,88.28333333333333,63.88270649845275
covtype,xgb,MechanismSelector,88.92333333333333,64.77386336586527
covtype,xgb,MechanismSelector,89.5988888888889,65.71456200904547
covtype,xgb,MechanismSelector,90.2388888888889,66.60571887645798
covtype,xgb,MechanismSelector,95.14555555555556,66.66522851701976
covtype,xgb,MechanismSelector,96.03444444444445,67.9030290407046
covtype,xgb,MechanismSelector,97.24333333333334,67.9030290407046
covtype,xgb,MechanismSelector,97.52777777777777,68.29906569864318
covtype,xgb,MechanismSelector,98.48777777777778,68.35046715067841
covtype,xgb,MechanismSelector,98.80777777777777,68.36757617233992
covtype,xgb,MechanismSelector,99.73222222222222,68.36757617233992
covtype,xgb,MechanismSelector,100.0,68.36757617233992
covtype,xgb,FixedSchedule,0.0,0.0
covtype,xgb,FixedSchedule,0.8166666666666667,0.04373958581290169
covtype,xgb,FixedSchedule,1.4566666666666668,0.07795762913592003
covtype,xgb,FixedSchedule,3.0922222222222224,1.5656986431801951
covtype,xgb,FixedSchedule,3.8033333333333332,1.6037848131397285
covtype,xgb,FixedSchedule,4.87,1.6609140680790289
covtype,xgb,FixedSchedule,5.154444444444445,2.041775767674363
covtype,xgb,FixedSchedule,5.474444444444444,2.0588847893358726
covtype,xgb,FixedSchedule,5.7588888888888885,2.074059747679124
covtype,xgb,FixedSchedule,100.0,2.074059747679124
covtype,xgb,AlwaysNudge,0.0,0.0
covtype,xgb,AlwaysNudge,0.8166666666666667,0.04373958581290169
covtype,xgb,AlwaysNudge,1.4566666666666668,0.07795762913592003
covtype,xgb,AlwaysNudge,3.0922222222222224,0.13746726969769102
covtype,xgb,AlwaysNudge,4.621111111111111,0.19697691025946204
covtype,xgb,AlwaysNudge,6.078888888888889,0.25648655082123306
covtype,xgb,AlwaysNudge,7.394444444444445,0.31599619138300405
covtype,xgb,AlwaysNudge,9.03,0.37550583194477505
covtype,xgb,AlwaysNudge,9.243333333333334,0.38688705070221374
covtype,xgb,AlwaysNudge,9.492222222222223,0.40020233277791
covtype,xgb,AlwaysNudge,9.741111111111111,0.4135176148536063
covtype,xgb,AlwaysNudge,9.99,0.42683289692930254
covtype,xgb,AlwaysNudge,10.238888888888889,0.4401481790049988
covtype,xgb,AlwaysNudge,10.487777777777778,0.4534634610806951
covtype,xgb,AlwaysNudge,10.63,0.46105094025232085
covtype,xgb,AlwaysNudge,10.741111111111111,0.467001904308498
covtype,xgb,AlwaysNudge,10.87888888888889,0.4743662223280171
covtype,xgb,AlwaysNudge,11.234444444444444,0.4934093073077839
covtype,xgb,AlwaysNudge,12.514444444444445,0.5529189478695549
covtype,xgb,AlwaysNudge,13.332222222222223,0.5966585336824566
covtype,xgb,AlwaysNudge,14.114444444444445,0.638538443227803
covtype,xgb,AlwaysNudge,14.967777777777778,0.6842120923589622
covtype,xgb,AlwaysNudge,15.856666666666667,0.7318198048083789
covtype,xgb,AlwaysNudge,17.954444444444444,0.7913294453701499
covtype,xgb,AlwaysNudge,18.274444444444445,0.8084384670316591
covtype,xgb,AlwaysNudge,18.63,0.8274815520114258
covtype,xgb,AlwaysNudge,19.02111111111111,0.848384313258748
covtype,xgb,AlwaysNudge,19.412222222222223,0.86928707450607
covtype,xgb,AlwaysNudge,19.803333333333335,0.8901898357533921
covtype,xgb,AlwaysNudge,20.23,0.9130266603189717
covtype,xgb,AlwaysNudge,20.621111111111112,0.9339294215662938
covtype,xgb,AlwaysNudge,21.047777777777778,0.9567662461318733
covtype,xgb,AlwaysNudge,21.43888888888889,0.9776690073791954
covtype,xgb,AlwaysNudge,24.532222222222224,1.0371786479409664
covtype,xgb,AlwaysNudge,24.95888888888889,1.060015472506546
covtype,xgb,AlwaysNudge,25.385555555555555,1.0828522970721257
covtype,xgb,AlwaysNudge,25.776666666666667,1.1037550583194478
covtype,xgb,AlwaysNudge,25.99,1.1151362770768865
covtype,xgb,AlwaysNudge,26.985555555555557,1.1683974053796715
covtype,xgb,AlwaysNudge,28.372222222222224,1.2279070459414425
covtype,xgb,AlwaysNudge,29.296666666666667,1.2773744346584146
covtype,xgb,AlwaysNudge,30.54111111111111,1.3368840752201856
covtype,xgb,AlwaysNudge,34.95,1.3963937157819566
covtype,xgb,AlwaysNudge,36.15888888888889,1.4559033563437276
covtype,xgb,AlwaysNudge,37.51,1.5154129969054988
covtype,xgb,AlwaysNudge,37.93666666666667,1.5382498214710782
covtype,xgb,AlwaysNudge,38.36333333333334,1.561086646036658
covtype,xgb,AlwaysNudge,38.79,1.5839234706022376
covtype,xgb,AlwaysNudge,39.25222222222222,1.6086199714353726
covtype,xgb,AlwaysNudge,39.67888888888889,1.631456796000952
covtype,xgb,AlwaysNudge,40.56777777777778,1.679064508450369
covtype,xgb,AlwaysNudge,43.87444444444444,1.73857414901214
covtype,xgb,AlwaysNudge,46.221111111111114,1.798083789573911
covtype,xgb,AlwaysNudge,48.14111111111111,1.857593430135682
covtype,xgb,AlwaysNudge,49.74111111111111,1.917103070697453
covtype,xgb,AlwaysNudge,50.096666666666664,1.9361461556772197
covtype,xgb,AlwaysNudge,50.843333333333334,1.9760920019043084
covtype,xgb,AlwaysNudge,51.19888888888889,1.9951350868840751
covtype,xgb,AlwaysNudge,52.23,2.050330278505118
covtype,xgb,AlwaysNudge,53.61666666666667,2.109839919066889
covtype,xgb,AlwaysNudge,53.90111111111111,2.1250148774101403
covtype,xgb,AlwaysNudge,54.25666666666667,2.144057962389907
covtype,xgb,AlwaysNudge,54.57666666666667,2.1611669840514165
covtype,xgb,AlwaysNudge,54.89666666666667,2.1782760057129256
covtype,xgb,AlwaysNudge,55.21666666666667,2.1953850273744346
covtype,xgb,AlwaysNudge,55.53666666666667,2.2124940490359437
covtype,xgb,AlwaysNudge,55.85666666666667,2.229603070697453
covtype,xgb,AlwaysNudge,56.21222222222222,2.24864615567722
covtype,xgb,AlwaysNudge,56.532222222222224,2.265755177338729
covtype,xgb,AlwaysNudge,56.852222222222224,2.282864199000238
covtype,xgb,AlwaysNudge,57.13666666666666,2.2980391573434895
covtype,xgb,AlwaysNudge,57.492222222222225,2.317082242323256
covtype,xgb,AlwaysNudge,57.776666666666664,2.332257200666508
covtype,xgb,AlwaysNudge,58.132222222222225,2.351300285646275
covtype,xgb,AlwaysNudge,60.08777777777778,2.410809926208046
covtype,xgb,AlwaysNudge,61.33222222222222,2.470319566769817
covtype,xgb,AlwaysNudge,61.687777777777775,2.4893626517495835
covtype,xgb,AlwaysNudge,62.007777777777775,2.5064716734110926
covtype,xgb,AlwaysNudge,62.327777777777776,2.5235806950726016
covtype,xgb,AlwaysNudge,62.647777777777776,2.540689716734111
covtype,xgb,AlwaysNudge,62.93222222222222,2.5558646750773626
covtype,xgb,AlwaysNudge,63.75,2.5996042608902643
covtype,xgb,AlwaysNudge,65.70555555555555,2.6591139014520353
covtype,xgb,AlwaysNudge,67.19888888888889,2.7186235420138063
covtype,xgb,AlwaysNudge,67.48333333333333,2.7337985003570577
covtype,xgb,AlwaysNudge,67.59444444444445,2.7397494644132347
covtype,xgb,AlwaysNudge,67.80333333333333,2.750907522018567
covtype,xgb,AlwaysNudge,68.05222222222223,2.7642228040942634
covtype,xgb,AlwaysNudge,69.22555555555556,2.8237324446560343
covtype,xgb,AlwaysNudge,70.5411111111111,2.8832420852178053
covtype,xgb,AlwaysNudge,70.86111111111111,2.9003511068793144
covtype,xgb,AlwaysNudge,71.18111111111111,2.9174601285408235
covtype,xgb,AlwaysNudge,71.75,2.947884432278029
covtype,xgb,AlwaysNudge,72.10555555555555,2.966927517257796
covtype,xgb,AlwaysNudge,72.49666666666667,2.987830278505118
covtype,xgb,AlwaysNudge,72.74555555555555,3.001145560580814
covtype,xgb,AlwaysNudge,75.37666666666667,3.060655201142585
covtype,xgb,AlwaysNudge,75.69666666666667,3.0777642228040945
covtype,xgb,AlwaysNudge,75.9811111111111,3.092939181147346
covtype,xgb,AlwaysNudge,76.30111111111111,3.110048202808855
covtype,xgb,AlwaysNudge,76.6211111111111,3.127157224470364
covtype,xgb,AlwaysNudge,76.94111111111111,3.1442662461318736
covtype,xgb,AlwaysNudge,77.22555555555556,3.159441204475125
covtype,xgb,AlwaysNudge,77.43888888888888,3.1708224232325635
covtype,xgb,AlwaysNudge,77.72333333333333,3.1859973815758154
covtype,xgb,AlwaysNudge,80.78111111111112,3.2455070221375864
covtype,xgb,AlwaysNudge,81.10111111111111,3.2626160437990954
covtype,xgb,AlwaysNudge,81.42111111111112,3.2797250654606045
covtype,xgb,AlwaysNudge,81.77666666666667,3.298768150440371
covtype,xgb,AlwaysNudge,82.09666666666666,3.3158771721018807
covtype,xgb,AlwaysNudge,82.45222222222222,3.3349202570816474
covtype,xgb,AlwaysNudge,82.77222222222223,3.3520292787431565
covtype,xgb,AlwaysNudge,82.98555555555555,3.363410497500595
covtype,xgb,AlwaysNudge,83.23444444444445,3.3767257795762915
covtype,xgb,AlwaysNudge,84.40777777777778,3.4362354201380625
covtype,xgb,AlwaysNudge,84.69222222222223,3.451410378481314
covtype,xgb,AlwaysNudge,84.80333333333333,3.457361342537491
covtype,xgb,AlwaysNudge,86.00777777777778,3.516870983099262
covtype,xgb,AlwaysNudge,86.32777777777778,3.5339800047607715
covtype,xgb,AlwaysNudge,86.64777777777778,3.5510890264222805
covtype,xgb,AlwaysNudge,86.96777777777778,3.5681980480837896
covtype,xgb,AlwaysNudge,87.11,3.5757855272554155
covtype,xgb,AlwaysNudge,87.32333333333334,3.587166746012854
covtype,xgb,AlwaysNudge,87.64333333333333,3.604275767674363
covtype,xgb,AlwaysNudge,87.96333333333334,3.6213847893358726
covtype,xgb,AlwaysNudge,88.31888888888889,3.6404278743156393
covtype,xgb,AlwaysNudge,88.60333333333334,3.6556028326588907
covtype,xgb,AlwaysNudge,88.71444444444444,3.6615537967150678
covtype,xgb,AlwaysNudge,89.03,3.6784396572244704
covtype,xgb,AlwaysNudge,91.37666666666667,3.7379492977862414
covtype,xgb,AlwaysNudge,93.15444444444445,3.7974589383480124
covtype,xgb,AlwaysNudge,97.24333333333334,3.8569685789097834
covtype,xgb,AlwaysNudge,97.56333333333333,3.8740776005712925
covtype,xgb,AlwaysNudge,97.84777777777778,3.8892525589145444
covtype,xgb,AlwaysNudge,98.09666666666666,3.9025678409902405
covtype,xgb,AlwaysNudge,98.31,3.913949059747679
covtype,xgb,AlwaysNudge,98.80777777777777,3.9405796238990716
covtype,xgb,AlwaysNudge,99.41222222222223,3.972937990954535
covtype,xgb,AlwaysNudge,99.73222222222222,3.990047012616044
covtype,xgb,AlwaysNudge,100.0,3.990047012616044
covtype,xgb,NeverAdapt,0.0,0.0
covtype,xgb,NeverAdapt,0.8166666666666667,0.0
covtype,xgb,NeverAdapt,1.4922222222222221,0.0
covtype,xgb,NeverAdapt,3.1277777777777778,0.0
covtype,xgb,NeverAdapt,4.585555555555556,0.0
covtype,xgb,NeverAdapt,5.7588888888888885,0.0
covtype,xgb,NeverAdapt,7.8566666666666665,0.0
covtype,xgb,NeverAdapt,8.034444444444444,0.0
covtype,xgb,NeverAdapt,8.212222222222222,0.0
covtype,xgb,NeverAdapt,8.425555555555556,0.0
covtype,xgb,NeverAdapt,8.567777777777778,0.0
covtype,xgb,NeverAdapt,8.78111111111111,0.0
covtype,xgb,NeverAdapt,9.03,0.0
covtype,xgb,NeverAdapt,9.278888888888888,0.0
covtype,xgb,NeverAdapt,9.492222222222223,0.0
covtype,xgb,NeverAdapt,9.741111111111111,0.0
covtype,xgb,NeverAdapt,9.99,0.0
covtype,xgb,NeverAdapt,12.692222222222222,0.0
covtype,xgb,NeverAdapt,13.047777777777778,0.0
covtype,xgb,NeverAdapt,13.296666666666667,0.0
covtype,xgb,NeverAdapt,14.363333333333333,0.0
covtype,xgb,NeverAdapt,14.967777777777778,0.0
covtype,xgb,NeverAdapt,15.252222222222223,0.0
covtype,xgb,NeverAdapt,15.572222222222223,0.0
covtype,xgb,NeverAdapt,15.856666666666667,0.0
covtype,xgb,NeverAdapt,16.176666666666666,0.0
covtype,xgb,NeverAdapt,19.092222222222222,0.0
covtype,xgb,NeverAdapt,19.447777777777777,0.0
covtype,xgb,NeverAdapt,20.265555555555554,0.0
covtype,xgb,NeverAdapt,22.683333333333334,0.0
covtype,xgb,NeverAdapt,24.105555555555554,0.0
covtype,xgb,NeverAdapt,24.532222222222224,0.0
covtype,xgb,NeverAdapt,24.923333333333332,0.0
covtype,xgb,NeverAdapt,25.17222222222222,0.0
covtype,xgb,NeverAdapt,25.563333333333333,0.0
covtype,xgb,NeverAdapt,27.127777777777776,0.0
covtype,xgb,NeverAdapt,27.447777777777777,0.0
covtype,xgb,NeverAdapt,27.732222222222223,0.0
covtype,xgb,NeverAdapt,28.23,0.0
covtype,xgb,NeverAdapt,28.621111111111112,0.0
covtype,xgb,NeverAdapt,29.047777777777778,0.0
covtype,xgb,NeverAdapt,29.616666666666667,0.0
covtype,xgb,NeverAdapt,30.043333333333333,0.0
covtype,xgb,NeverAdapt,30.47,0.0
covtype,xgb,NeverAdapt,30.932222222222222,0.0
covtype,xgb,NeverAdapt,31.358888888888888,0.0
covtype,xgb,NeverAdapt,31.785555555555554,0.0
covtype,xgb,NeverAdapt,32.21222222222222,0.0
covtype,xgb,NeverAdapt,32.638888888888886,0.0
covtype,xgb,NeverAdapt,33.065555555555555,0.0
covtype,xgb,NeverAdapt,34.38111111111111,0.0
covtype,xgb,NeverAdapt,35.66111111111111,0.0
covtype,xgb,NeverAdapt,36.08777777777778,0.0
covtype,xgb,NeverAdapt,36.51444444444444,0.0
covtype,xgb,NeverAdapt,36.94111111111111,0.0
covtype,xgb,NeverAdapt,37.367777777777775,0.0
covtype,xgb,NeverAdapt,38.36333333333334,0.0
covtype,xgb,NeverAdapt,38.79,0.0
covtype,xgb,NeverAdapt,39.25222222222222,0.0
covtype,xgb,NeverAdapt,40.60333333333333,0.0
covtype,xgb,NeverAdapt,49.278888888888886,0.0
covtype,xgb,NeverAdapt,50.736666666666665,0.0
covtype,xgb,NeverAdapt,53.54555555555555,0.0
covtype,xgb,NeverAdapt,57.45666666666666,0.0
covtype,xgb,NeverAdapt,57.812222222222225,0.0
covtype,xgb,NeverAdapt,58.132222222222225,0.0
covtype,xgb,NeverAdapt,58.452222222222225,0.0
covtype,xgb,NeverAdapt,60.26555555555556,0.0
covtype,xgb,NeverAdapt,60.58555555555556,0.0
covtype,xgb,NeverAdapt,61.33222222222222,0.0
covtype,xgb,NeverAdapt,61.65222222222222,0.0
covtype,xgb,NeverAdapt,61.97222222222222,0.0
covtype,xgb,NeverAdapt,62.114444444444445,0.0
covtype,xgb,NeverAdapt,62.327777777777776,0.0
covtype,xgb,NeverAdapt,62.68333333333333,0.0
covtype,xgb,NeverAdapt,63.03888888888889,0.0
covtype,xgb,NeverAdapt,63.43,0.0
covtype,xgb,NeverAdapt,63.785555555555554,0.0
covtype,xgb,NeverAdapt,67.5188888888889,0.0
covtype,xgb,NeverAdapt,67.83888888888889,0.0
covtype,xgb,NeverAdapt,68.19444444444444,0.0
covtype,xgb,NeverAdapt,68.55,0.0
covtype,xgb,NeverAdapt,68.83444444444444,0.0
covtype,xgb,NeverAdapt,69.58111111111111,0.0
covtype,xgb,NeverAdapt,69.9011111111111,0.0
covtype,xgb,NeverAdapt,70.22111111111111,0.0
covtype,xgb,NeverAdapt,70.5411111111111,0.0
covtype,xgb,NeverAdapt,70.86111111111111,0.0
covtype,xgb,NeverAdapt,71.18111111111111,0.0
covtype,xgb,NeverAdapt,71.82111111111111,0.0
covtype,xgb,NeverAdapt,72.14111111111112,0.0
covtype,xgb,NeverAdapt,72.49666666666667,0.0
covtype,xgb,NeverAdapt,75.69666666666667,0.0
covtype,xgb,NeverAdapt,76.01666666666667,0.0
covtype,xgb,NeverAdapt,76.6211111111111,0.0
covtype,xgb,NeverAdapt,76.94111111111111,0.0
covtype,xgb,NeverAdapt,83.73222222222222,0.0
covtype,xgb,NeverAdapt,84.08777777777777,0.0
covtype,xgb,NeverAdapt,84.37222222222222,0.0
covtype,xgb,NeverAdapt,84.69222222222223,0.0
covtype,xgb,NeverAdapt,85.97222222222223,0.0
covtype,xgb,NeverAdapt,86.22111111111111,0.0
covtype,xgb,NeverAdapt,86.43444444444444,0.0
covtype,xgb,NeverAdapt,86.61222222222223,0.0
covtype,xgb,NeverAdapt,88.10555555555555,0.0
covtype,xgb,NeverAdapt,88.60333333333334,0.0
covtype,xgb,NeverAdapt,88.99444444444444,0.0
covtype,xgb,NeverAdapt,89.31444444444445,0.0
covtype,xgb,NeverAdapt,93.01222222222222,0.0
covtype,xgb,NeverAdapt,93.29666666666667,0.0
covtype,xgb,NeverAdapt,93.93666666666667,0.0
covtype,xgb,NeverAdapt,94.22111111111111,0.0
covtype,xgb,NeverAdapt,94.82555555555555,0.0
covtype,xgb,NeverAdapt,95.11,0.0
covtype,xgb,NeverAdapt,97.56333333333333,0.0
covtype,xgb,NeverAdapt,100.0,0.0
covtype,rf,AlwaysRebuild,0.0,0.0
covtype,rf,AlwaysRebuild,1.278888888888889,1.4716270308453026
covtype,rf,AlwaysRebuild,1.5277777777777777,1.8012714857546503
covtype,rf,AlwaysRebuild,2.4166666666666665,2.9785731104308923
covtype,rf,AlwaysRebuild,4.372222222222222,4.450200141276195
covtype,rf,AlwaysRebuild,5.794444444444444,5.921827172121498
covtype,rf,AlwaysRebuild,6.861111111111111,7.334589121732988
covtype,rf,AlwaysRebuild,7.216666666666667,7.805509771603485
covtype,rf,AlwaysRebuild,8.034444444444444,8.888627266305628
covtype,rf,AlwaysRebuild,8.994444444444444,10.160113020955968
covtype,rf,AlwaysRebuild,10.238888888888889,11.631740051801271
covtype,rf,AlwaysRebuild,10.87888888888889,12.479397221568165
covtype,rf,AlwaysRebuild,11.625555555555556,13.46833058629621
covtype,rf,AlwaysRebuild,14.078888888888889,14.939957617141511
covtype,rf,AlwaysRebuild,14.967777777777778,16.117259241817752
covtype,rf,AlwaysRebuild,16.532222222222224,17.588886272663057
covtype,rf,AlwaysRebuild,17.954444444444444,19.06051330350836
covtype,rf,AlwaysRebuild,18.63,19.955262538262303
covtype,rf,AlwaysRebuild,19.51888888888889,21.132564162938547
covtype,rf,AlwaysRebuild,20.407777777777778,22.309865787614786
covtype,rf,AlwaysRebuild,22.434444444444445,23.78149281846009
covtype,rf,AlwaysRebuild,23.67888888888889,25.253119849305392
covtype,rf,AlwaysRebuild,24.923333333333332,26.724746880150693
covtype,rf,AlwaysRebuild,25.776666666666667,27.85495643983989
covtype,rf,AlwaysRebuild,26.70111111111111,29.07935012950318
covtype,rf,AlwaysRebuild,27.412222222222223,30.021191429244173
covtype,rf,AlwaysRebuild,30.07888888888889,31.492818460089474
covtype,rf,AlwaysRebuild,32.638888888888886,32.96444549093478
covtype,rf,AlwaysRebuild,34.91444444444444,34.43607252178008
covtype,rf,AlwaysRebuild,35.803333333333335,35.61337414645632
covtype,rf,AlwaysRebuild,36.656666666666666,36.743583706145515
covtype,rf,AlwaysRebuild,37.51,37.873793265834706
covtype,rf,AlwaysRebuild,38.36333333333334,39.0040028255239
covtype,rf,AlwaysRebuild,39.25222222222222,40.181304450200145
covtype,rf,AlwaysRebuild,40.14111111111111,41.358606074876384
covtype,rf,AlwaysRebuild,43.056666666666665,42.83023310572169
covtype,rf,AlwaysRebuild,45.83,44.30186013656699
covtype,rf,AlwaysRebuild,47.75,45.77348716741229
covtype,rf,AlwaysRebuild,49.74111111111111,47.245114198257596
covtype,rf,AlwaysRebuild,51.66111111111111,48.716741229102894
covtype,rf,AlwaysRebuild,52.69222222222222,50.08241111372734
covtype,rf,AlwaysRebuild,53.22555555555556,50.788792088533086
covtype,rf,AlwaysRebuild,54.36333333333334,52.26041911937838
covtype,rf,AlwaysRebuild,55.53666666666667,53.73204615022369
covtype,rf,AlwaysRebuild,57.13666666666666,55.20367318106899
covtype,rf,AlwaysRebuild,58.132222222222225,56.52225100070638
covtype,rf,AlwaysRebuild,58.80777777777778,57.41700023546033
covtype,rf,AlwaysRebuild,59.44777777777778,58.26465740522722
covtype,rf,AlwaysRebuild,61.154444444444444,59.73628443607252
covtype,rf,AlwaysRebuild,61.33222222222222,59.97174476100777
covtype,rf,AlwaysRebuild,61.443333333333335,60.1189074640923
covtype,rf,AlwaysRebuild,61.58111111111111,60.30138921591712
covtype,rf,AlwaysRebuild,61.69222222222222,60.448551919001645
covtype,rf,AlwaysRebuild,61.803333333333335,60.59571462208618
covtype,rf,AlwaysRebuild,61.93666666666667,60.77230986578761
covtype,rf,AlwaysRebuild,62.114444444444445,61.007770190722866
covtype,rf,AlwaysRebuild,62.25666666666667,61.196138450671064
covtype,rf,AlwaysRebuild,62.47,61.47869084059336
covtype,rf,AlwaysRebuild,62.79,61.902519425476804
covtype,rf,AlwaysRebuild,64.14111111111112,63.37414645632211
covtype,rf,AlwaysRebuild,67.19888888888889,64.8457734871674
covtype,rf,AlwaysRebuild,67.5188888888889,65.26960207205086
covtype,rf,AlwaysRebuild,68.23,66.21144337179186
covtype,rf,AlwaysRebuild,69.08333333333333,67.34165293148105
covtype,rf,AlwaysRebuild,69.9011111111111,68.42477042618319
covtype,rf,AlwaysRebuild,70.47,69.17824346597598
covtype,rf,AlwaysRebuild,70.86111111111111,69.69625618083353
covtype,rf,AlwaysRebuild,71.75,70.87355780550978
covtype,rf,AlwaysRebuild,72.49666666666667,71.86249117023782
covtype,rf,AlwaysRebuild,73.45666666666666,73.13397692488816
covtype,rf,AlwaysRebuild,74.41666666666667,74.4054626795385
covtype,rf,AlwaysRebuild,74.98555555555555,75.1589357193313
covtype,rf,AlwaysRebuild,75.69666666666667,76.10077701907228
covtype,rf,AlwaysRebuild,76.6211111111111,77.32517070873558
covtype,rf,AlwaysRebuild,77.2611111111111,78.17282787850247
covtype,rf,AlwaysRebuild,77.86555555555556,78.97339298328232
covtype,rf,AlwaysRebuild,78.22111111111111,79.44431363315282
covtype,rf,AlwaysRebuild,79.14555555555556,80.6687073228161
covtype,rf,AlwaysRebuild,80.78111111111112,82.1403343536614
covtype,rf,AlwaysRebuild,82.80777777777777,83.61196138450671
covtype,rf,AlwaysRebuild,83.76777777777778,84.88344713915706
covtype,rf,AlwaysRebuild,84.40777777777778,85.73110430892395
covtype,rf,AlwaysRebuild,85.01222222222222,86.5316694137038
covtype,rf,AlwaysRebuild,85.68777777777778,87.42641864845774
covtype,rf,AlwaysRebuild,86.29222222222222,88.22698375323758
covtype,rf,AlwaysRebuild,86.96777777777778,89.12173298799152
covtype,rf,AlwaysRebuild,88.28333333333333,90.59336001883683
covtype,rf,AlwaysRebuild,88.60333333333334,91.01718860372027
covtype,rf,AlwaysRebuild,89.27888888888889,91.91193783847422
covtype,rf,AlwaysRebuild,89.91888888888889,92.7595950082411
covtype,rf,AlwaysRebuild,95.14555555555556,94.23122203908642
covtype,rf,AlwaysRebuild,96.03444444444445,95.40852366376265
covtype,rf,AlwaysRebuild,97.24333333333334,96.88015069460796
covtype,rf,AlwaysRebuild,97.56333333333333,97.3039792794914
covtype,rf,AlwaysRebuild,98.48777777777778,98.5283729691547
covtype,rf,AlwaysRebuild,99.73222222222222,100.0
covtype,rf,AlwaysRebuild,100.0,100.0
covtype,rf,MechanismSelector,0.0,0.0
covtype,rf,MechanismSelector,1.278888888888889,1.5304921120791146
covtype,rf,MechanismSelector,1.5277777777777777,1.8601365669884624
covtype,rf,MechanismSelector,2.4166666666666665,3.084530256651754
covtype,rf,MechanismSelector,4.372222222222222,4.615022368730869
covtype,rf,MechanismSelector,5.794444444444444,4.615022368730869
covtype,rf,MechanismSelector,7.394444444444445,6.145514480809983
covtype,rf,MechanismSelector,8.034444444444444,7.02701907228632
covtype,rf,MechanismSelector,8.994444444444444,8.349349540852366
covtype,rf,MechanismSelector,10.238888888888889,8.349349540852366
covtype,rf,MechanismSelector,10.487777777777778,8.678993995761713
covtype,rf,MechanismSelector,10.87888888888889,9.217683070402638
covtype,rf,MechanismSelector,11.625555555555556,10.246129620908876
covtype,rf,MechanismSelector,14.078888888888889,11.77662173298799
covtype,rf,MechanismSelector,14.967777777777778,13.001015422651284
covtype,rf,MechanismSelector,16.532222222222224,14.531507534730398
covtype,rf,MechanismSelector,17.954444444444444,16.06199964680951
covtype,rf,MechanismSelector,18.63,16.992509418412997
covtype,rf,MechanismSelector,19.51888888888889,18.216903108076288
covtype,rf,MechanismSelector,20.407777777777778,19.441296797739582
covtype,rf,MechanismSelector,22.434444444444445,20.971788909818695
covtype,rf,MechanismSelector,23.67888888888889,22.50228102189781
covtype,rf,MechanismSelector,24.923333333333332,24.032773133976924
covtype,rf,MechanismSelector,25.776666666666667,25.20816164351307
covtype,rf,MechanismSelector,26.70111111111111,26.481486931951967
covtype,rf,MechanismSelector,27.412222222222223,27.4610018836826
covtype,rf,MechanismSelector,30.07888888888889,28.991493995761715
covtype,rf,MechanismSelector,32.638888888888886,28.991493995761715
covtype,rf,MechanismSelector,33.065555555555555,28.991493995761715
covtype,rf,MechanismSelector,33.52777777777778,28.991493995761715
covtype,rf,MechanismSelector,33.95444444444445,29.579188250529786
covtype,rf,MechanismSelector,34.95,30.95045031787144
covtype,rf,MechanismSelector,36.656666666666666,32.48094242995055
covtype,rf,MechanismSelector,37.93666666666667,34.01143454202967
covtype,rf,MechanismSelector,38.36333333333334,34.59912879679774
covtype,rf,MechanismSelector,39.25222222222222,35.82352248646103
covtype,rf,MechanismSelector,40.14111111111111,37.047916176124325
covtype,rf,MechanismSelector,43.056666666666665,38.57840828820344
covtype,rf,MechanismSelector,45.83,38.57840828820344
covtype,rf,MechanismSelector,46.221111111111114,38.57840828820344
covtype,rf,MechanismSelector,46.61222222222222,38.57840828820344
covtype,rf,MechanismSelector,47.00333333333333,38.57840828820344
covtype,rf,MechanismSelector,47.35888888888889,38.57840828820344
covtype,rf,MechanismSelector,47.75,38.57840828820344
covtype,rf,MechanismSelector,48.14111111111111,38.57840828820344
covtype,rf,MechanismSelector,48.49666666666667,38.57840828820344
covtype,rf,MechanismSelector,48.88777777777778,38.57840828820344
covtype,rf,MechanismSelector,49.24333333333333,38.57840828820344
covtype,rf,MechanismSelector,49.52777777777778,38.57840828820344
covtype,rf,MechanismSelector,49.638888888888886,38.72557099128797
covtype,rf,MechanismSelector,49.88333333333333,39.049328938073934
covtype,rf,MechanismSelector,49.99444444444445,39.19649164115847
covtype,rf,MechanismSelector,50.23888888888889,39.520249587944434
covtype,rf,MechanismSelector,50.35,39.66741229102896
covtype,rf,MechanismSelector,50.59444444444444,39.99117023781493
covtype,rf,MechanismSelector,50.80777777777778,40.27372262773723
covtype,rf,MechanismSelector,51.02111111111111,40.55627501765952
covtype,rf,MechanismSelector,51.23444444444444,40.838827407581825
covtype,rf,MechanismSelector,51.41222222222222,41.07428773251707
covtype,rf,MechanismSelector,51.66111111111111,41.40393218742642
covtype,rf,MechanismSelector,52.08777777777778,41.99162644219449
covtype,rf,MechanismSelector,55.03888888888889,43.522118554273604
covtype,rf,MechanismSelector,56.21222222222222,45.05261066635272
covtype,rf,MechanismSelector,57.13666666666666,46.32593595479162
covtype,rf,MechanismSelector,58.132222222222225,47.69719802213327
covtype,rf,MechanismSelector,58.80777777777778,48.627707793736754
covtype,rf,MechanismSelector,59.44777777777778,49.50921238521309
covtype,rf,MechanismSelector,61.154444444444444,51.039704497292206
covtype,rf,MechanismSelector,61.33222222222222,51.27516482222745
covtype,rf,MechanismSelector,61.443333333333335,51.422327525311985
covtype,rf,MechanismSelector,61.58111111111111,51.6048092771368
covtype,rf,MechanismSelector,61.69222222222222,51.751971980221334
covtype,rf,MechanismSelector,61.803333333333335,51.89913468330586
covtype,rf,MechanismSelector,61.93666666666667,52.0757299270073
covtype,rf,MechanismSelector,62.114444444444445,52.31119025194255
covtype,rf,MechanismSelector,62.25666666666667,52.49955851189075
covtype,rf,MechanismSelector,62.47,52.78211090181304
covtype,rf,MechanismSelector,62.79,52.78211090181304
covtype,rf,MechanismSelector,62.93222222222222,52.97047916176124
covtype,rf,MechanismSelector,63.04333333333334,53.11764186484577
covtype,rf,MechanismSelector,63.154444444444444,53.264804567930305
covtype,rf,MechanismSelector,63.394444444444446,53.58267600659289
covtype,rf,MechanismSelector,63.57222222222222,53.81813633152814
covtype,rf,MechanismSelector,63.68333333333333,53.96529903461267
covtype,rf,MechanismSelector,63.85666666666667,54.194872851424535
covtype,rf,MechanismSelector,64.07,54.477425241346836
covtype,rf,MechanismSelector,65.03,55.79975570991288
covtype,rf,MechanismSelector,67.16333333333333,55.79975570991288
covtype,rf,MechanismSelector,67.48333333333333,56.24050800565105
covtype,rf,MechanismSelector,67.59444444444445,56.38767070873558
covtype,rf,MechanismSelector,67.76777777777778,56.61724452554745
covtype,rf,MechanismSelector,67.9811111111111,56.89979691546974
covtype,rf,MechanismSelector,68.51444444444445,57.63443312926772
covtype,rf,MechanismSelector,69.08333333333333,58.4180009418413
covtype,rf,MechanismSelector,69.9011111111111,59.544384271250294
covtype,rf,MechanismSelector,70.47,60.327952083823874
covtype,rf,MechanismSelector,70.86111111111111,60.8666411584648
covtype,rf,MechanismSelector,71.75,62.09103484812809
covtype,rf,MechanismSelector,72.49666666666667,63.11948139863433
covtype,rf,MechanismSelector,73.45666666666666,64.44181186720037
covtype,rf,MechanismSelector,74.41666666666667,65.76414233576642
covtype,rf,MechanismSelector,74.98555555555555,66.54771014834
covtype,rf,MechanismSelector,75.69666666666667,67.52722510007064
covtype,rf,MechanismSelector,76.6211111111111,68.80055038850954
covtype,rf,MechanismSelector,77.2611111111111,69.68205497998588
covtype,rf,MechanismSelector,77.86555555555556,70.5146279726866
covtype,rf,MechanismSelector,78.22111111111111,71.00438544855191
covtype,rf,MechanismSelector,79.14555555555556,72.27771073699081
covtype,rf,MechanismSelector,80.78111111111112,73.80820284906993
covtype,rf,MechanismSelector,82.80777777777777,75.33869496114905
covtype,rf,MechanismSelector,83.76777777777778,76.6610254297151
covtype,rf,MechanismSelector,84.40777777777778,77.54253002119142
covtype,rf,MechanismSelector,85.01222222222222,78.37510301389216
covtype,rf,MechanismSelector,85.68777777777778,79.30561278549564
covtype,rf,MechanismSelector,86.29222222222222,80.13818577819637
covtype,rf,MechanismSelector,86.96777777777778,81.06869554979986
covtype,rf,MechanismSelector,88.28333333333333,82.59918766187897
covtype,rf,MechanismSelector,88.60333333333334,83.03993995761714
covtype,rf,MechanismSelector,89.27888888888889,83.97044972922063
covtype,rf,MechanismSelector,89.91888888888889,84.85195432069696
covtype,rf,MechanismSelector,95.14555555555556,86.38244643277608
covtype,rf,MechanismSelector,96.03444444444445,87.60684012243937
covtype,rf,MechanismSelector,97.24333333333334,87.60684012243937
covtype,rf,MechanismSelector,97.52777777777777,87.99858723805039
covtype,rf,MechanismSelector,97.88333333333334,88.48834471391571
covtype,rf,MechanismSelector,99.73222222222222,90.01883682599482
covtype,rf,MechanismSelector,100.0,90.01883682599482
covtype,rf,FixedSchedule,0.0,0.0
covtype,rf,FixedSchedule,1.278888888888889,0.0588650812338121
covtype,rf,FixedSchedule,3.0922222222222224,0.1177301624676242
covtype,rf,FixedSchedule,4.585555555555556,1.5893571933129267
covtype,rf,FixedSchedule,5.794444444444444,1.648222274546739
covtype,rf,FixedSchedule,7.394444444444445,1.707087355780551
covtype,rf,FixedSchedule,7.607777777777778,1.989639745702849
covtype,rf,FixedSchedule,8.07,2.014068754414881
covtype,rf,FixedSchedule,8.283333333333333,2.025326701200848
covtype,rf,FixedSchedule,8.532222222222222,2.3549711561101954
covtype,rf,FixedSchedule,8.994444444444444,2.3794001648222274
covtype,rf,FixedSchedule,9.243333333333334,2.392571226748293
covtype,rf,FixedSchedule,9.492222222222223,2.722215681657641
covtype,rf,FixedSchedule,10.63,2.781080762891453
covtype,rf,FixedSchedule,10.87888888888889,2.7942518248175183
covtype,rf,FixedSchedule,11.127777777777778,3.123896279726866
covtype,rf,FixedSchedule,14.078888888888889,3.182761360960678
covtype,rf,FixedSchedule,14.398888888888889,3.199685071815399
covtype,rf,FixedSchedule,14.683333333333334,3.5764215917117967
covtype,rf,FixedSchedule,15.536666666666667,3.6216005415587476
covtype,rf,FixedSchedule,15.892222222222221,3.640437367553567
covtype,rf,FixedSchedule,16.212222222222223,4.064265952437014
covtype,rf,FixedSchedule,17.456666666666667,4.123131033670827
covtype,rf,FixedSchedule,18.807777777777776,4.1819961149046385
covtype,rf,FixedSchedule,19.02111111111111,4.464548504826936
covtype,rf,FixedSchedule,19.59,4.494643277607723
covtype,rf,FixedSchedule,19.98111111111111,4.5153196373911
covtype,rf,FixedSchedule,20.407777777777778,5.080424417235696
covtype,rf,FixedSchedule,21.90111111111111,5.139289498469508
covtype,rf,FixedSchedule,23.287777777777777,5.19815457970332
covtype,rf,FixedSchedule,23.572222222222223,5.574891099599718
covtype,rf,FixedSchedule,23.927777777777777,5.593727925594537
covtype,rf,FixedSchedule,24.105555555555554,5.603146338591947
covtype,rf,FixedSchedule,24.496666666666666,6.121159053449494
covtype,rf,FixedSchedule,25.385555555555555,6.168251118436544
covtype,rf,FixedSchedule,25.776666666666667,6.18892747821992
covtype,rf,FixedSchedule,25.99,6.471479868142218
covtype,rf,FixedSchedule,26.101111111111113,6.477366376265599
covtype,rf,FixedSchedule,26.31,6.488403578996939
covtype,rf,FixedSchedule,26.48777777777778,6.7238639039321875
covtype,rf,FixedSchedule,26.736666666666668,6.7370349658582525
covtype,rf,FixedSchedule,26.985555555555557,6.750206027784318
covtype,rf,FixedSchedule,27.163333333333334,6.985666352719567
covtype,rf,FixedSchedule,27.376666666666665,6.996924299505533
covtype,rf,FixedSchedule,27.51888888888889,7.0044295973628445
covtype,rf,FixedSchedule,27.803333333333335,7.381166117259242
covtype,rf,FixedSchedule,27.945555555555554,7.388671415116553
covtype,rf,FixedSchedule,28.301111111111112,7.407508241111373
covtype,rf,FixedSchedule,28.412222222222223,7.554670944195903
covtype,rf,FixedSchedule,28.727777777777778,7.571373910995997
covtype,rf,FixedSchedule,28.976666666666667,7.584544972922062
covtype,rf,FixedSchedule,29.403333333333332,8.149649752766658
covtype,rf,FixedSchedule,32.21222222222222,8.208514834000471
covtype,rf,FixedSchedule,32.638888888888886,8.231104308923946
covtype,rf,FixedSchedule,33.065555555555555,8.796209088768542
covtype,rf,FixedSchedule,34.95,8.855074170002355
covtype,rf,FixedSchedule,35.376666666666665,8.87766364492583
covtype,rf,FixedSchedule,35.803333333333335,9.442768424770426
covtype,rf,FixedSchedule,36.656666666666666,9.487947374617377
covtype,rf,FixedSchedule,37.083333333333336,9.510536849540852
covtype,rf,FixedSchedule,37.51,10.075641629385448
covtype,rf,FixedSchedule,38.36333333333334,10.120820579232399
covtype,rf,FixedSchedule,38.79,10.143410054155876
covtype,rf,FixedSchedule,39.25222222222222,10.755606898987521
covtype,rf,FixedSchedule,40.56777777777778,10.814471980221333
covtype,rf,FixedSchedule,40.99444444444445,10.837061455144807
covtype,rf,FixedSchedule,42.20333333333333,12.30868848599011
covtype,rf,FixedSchedule,45.047777777777775,12.367553567223922
covtype,rf,FixedSchedule,45.43888888888889,12.388229927007298
covtype,rf,FixedSchedule,45.83,12.906242641864846
covtype,rf,FixedSchedule,47.75,12.965107723098658
covtype,rf,FixedSchedule,48.88777777777778,13.02397280433247
covtype,rf,FixedSchedule,49.74111111111111,14.154182364021663
covtype,rf,FixedSchedule,50.52333333333333,14.195608664939957
covtype,rf,FixedSchedule,53.01222222222222,14.254473746173769
covtype,rf,FixedSchedule,53.22555555555556,14.537026136096069
covtype,rf,FixedSchedule,53.403333333333336,14.546444549093478
covtype,rf,FixedSchedule,53.61666666666667,14.557702495879445
covtype,rf,FixedSchedule,53.727777777777774,14.704865198963974
covtype,rf,FixedSchedule,53.90111111111111,14.713989286555215
covtype,rf,FixedSchedule,54.114444444444445,14.725247233341182
covtype,rf,FixedSchedule,54.22555555555556,14.872409936425711
covtype,rf,FixedSchedule,54.47,14.88536025429715
covtype,rf,FixedSchedule,54.61222222222222,14.892865552154461
covtype,rf,FixedSchedule,54.79,15.12832587708971
covtype,rf,FixedSchedule,55.074444444444445,15.143336472804332
covtype,rf,FixedSchedule,55.18555555555555,15.149222980927714
covtype,rf,FixedSchedule,55.50111111111111,15.56716505768778
covtype,rf,FixedSchedule,57.13666666666666,15.626030138921593
covtype,rf,FixedSchedule,57.45666666666666,15.642953849776312
covtype,rf,FixedSchedule,57.776666666666664,16.06678243465976
covtype,rf,FixedSchedule,58.452222222222225,16.1025429715093
covtype,rf,FixedSchedule,58.80777777777778,16.12137979750412
covtype,rf,FixedSchedule,59.12777777777778,16.545208382387568
covtype,rf,FixedSchedule,61.33222222222222,16.60407346362138
covtype,rf,FixedSchedule,61.65222222222222,16.620997174476102
covtype,rf,FixedSchedule,62.007777777777775,17.0919178243466
covtype,rf,FixedSchedule,62.68333333333333,17.12767836119614
covtype,rf,FixedSchedule,62.794444444444444,17.13356486931952
covtype,rf,FixedSchedule,63.074444444444445,17.504414881092536
covtype,rf,FixedSchedule,63.18555555555555,17.51030138921592
covtype,rf,FixedSchedule,63.50111111111111,17.52700435601601
covtype,rf,FixedSchedule,63.85666666666667,17.997925005886508
covtype,rf,FixedSchedule,67.48333333333333,18.05679008712032
covtype,rf,FixedSchedule,67.59444444444445,18.0626765952437
covtype,rf,FixedSchedule,67.80333333333333,18.339342477042617
covtype,rf,FixedSchedule,67.9811111111111,18.34876089004003
covtype,rf,FixedSchedule,68.23,18.361931951966092
covtype,rf,FixedSchedule,68.58555555555556,18.832852601836592
covtype,rf,FixedSchedule,69.08333333333333,18.85919472568872
covtype,rf,FixedSchedule,69.40333333333334,18.876118436543443
covtype,rf,FixedSchedule,70.22111111111111,19.959235931245583
covtype,rf,FixedSchedule,70.86111111111111,19.993083352955026
covtype,rf,FixedSchedule,71.18111111111111,20.01000706380975
covtype,rf,FixedSchedule,71.50111111111111,20.433835648693194
covtype,rf,FixedSchedule,72.17666666666666,20.469596185542738
covtype,rf,FixedSchedule,72.49666666666667,20.486519896397457
covtype,rf,FixedSchedule,72.81666666666666,20.910348481280906
covtype,rf,FixedSchedule,73.49222222222222,20.946109018130446
covtype,rf,FixedSchedule,74.09666666666666,20.97811690605133
covtype,rf,FixedSchedule,74.41666666666667,21.40194549093478
covtype,rf,FixedSchedule,74.98555555555555,21.432040263715564
covtype,rf,FixedSchedule,75.69666666666667,21.469713915705203
covtype,rf,FixedSchedule,75.91,21.7522663056275
covtype,rf,FixedSchedule,76.26555555555555,21.771103131622322
covtype,rf,FixedSchedule,76.44333333333333,21.78052154461973
covtype,rf,FixedSchedule,76.6211111111111,22.01598186955498
covtype,rf,FixedSchedule,77.58111111111111,22.066826583470686
covtype,rf,FixedSchedule,77.86555555555556,22.081837179185307
covtype,rf,FixedSchedule,78.18555555555555,22.505665764068755
covtype,rf,FixedSchedule,79.14555555555556,22.55651047798446
covtype,rf,FixedSchedule,79.46555555555555,22.57343418883918
covtype,rf,FixedSchedule,79.78555555555556,22.99726277372263
covtype,rf,FixedSchedule,81.81222222222222,23.05612785495644
covtype,rf,FixedSchedule,82.13222222222223,23.07305156581116
covtype,rf,FixedSchedule,82.80777777777777,23.967800800565104
covtype,rf,FixedSchedule,83.76777777777778,24.01864551448081
covtype,rf,FixedSchedule,84.08777777777777,24.035569225335532
covtype,rf,FixedSchedule,84.37222222222222,24.41230574523193
covtype,rf,FixedSchedule,84.48333333333333,24.41819225335531
covtype,rf,FixedSchedule,84.72777777777777,24.431142571226747
covtype,rf,FixedSchedule,85.04777777777778,24.854971156110196
covtype,rf,FixedSchedule,85.68777777777778,24.888818577819638
covtype,rf,FixedSchedule,85.97222222222223,24.90382917353426
covtype,rf,FixedSchedule,86.32777777777778,25.374749823404755
covtype,rf,FixedSchedule,86.96777777777778,25.408597245114198
covtype,rf,FixedSchedule,87.11,25.416102542971508
covtype,rf,FixedSchedule,87.32333333333334,25.698654932893806
covtype,rf,FixedSchedule,87.78555555555556,25.72308394160584
covtype,rf,FixedSchedule,88.10555555555555,25.74000765246056
covtype,rf,FixedSchedule,88.46111111111111,26.21092830233106
covtype,rf,FixedSchedule,89.24333333333334,26.25235460324935
covtype,rf,FixedSchedule,89.5988888888889,26.271191429244173
covtype,rf,FixedSchedule,89.91888888888889,26.69502001412762
covtype,rf,FixedSchedule,94.79,26.753885095361433
covtype,rf,FixedSchedule,96.03444444444445,26.812750176595245
covtype,rf,FixedSchedule,96.31888888888889,27.18948669649164
covtype,rf,FixedSchedule,97.24333333333334,27.23841829526725
covtype,rf,FixedSchedule,97.56333333333333,27.255342006121968
covtype,rf,FixedSchedule,97.84777777777778,27.632078526018365
covtype,rf,FixedSchedule,98.02555555555556,27.641496939015777
covtype,rf,FixedSchedule,98.80777777777777,27.68292323993407
covtype,rf,FixedSchedule,99.12777777777778,28.10675182481752
covtype,rf,FixedSchedule,100.0,28.10675182481752
covtype,rf,AlwaysNudge,0.0,0.0
covtype,rf,AlwaysNudge,1.278888888888889,0.0588650812338121
covtype,rf,AlwaysNudge,3.0922222222222224,0.1177301624676242
covtype,rf,AlwaysNudge,4.585555555555556,0.1765952437014363
covtype,rf,AlwaysNudge,6.292222222222223,0.2354603249352484
covtype,rf,AlwaysNudge,7.43,0.2943254061690605
covtype,rf,AlwaysNudge,7.8566666666666665,0.3169148810925359
covtype,rf,AlwaysNudge,8.034444444444444,0.3263332940899458
covtype,rf,AlwaysNudge,8.283333333333333,0.3395043560160113
covtype,rf,AlwaysNudge,8.532222222222222,0.35267541794207674
covtype,rf,AlwaysNudge,8.78111111111111,0.3658464798681422
covtype,rf,AlwaysNudge,8.994444444444444,0.37710442665410876
covtype,rf,AlwaysNudge,9.172222222222222,0.38652283965151873
covtype,rf,AlwaysNudge,9.35,0.39594125264892865
covtype,rf,AlwaysNudge,9.492222222222223,0.4034465505062397
covtype,rf,AlwaysNudge,9.741111111111111,0.41661761243230516
covtype,rf,AlwaysNudge,9.99,0.4297886743583706
covtype,rf,AlwaysNudge,10.238888888888889,0.4429597362844361
covtype,rf,AlwaysNudge,10.487777777777778,0.4561307982105015
covtype,rf,AlwaysNudge,10.736666666666666,0.469301860136567
covtype,rf,AlwaysNudge,10.87888888888889,0.476807157993878
covtype,rf,AlwaysNudge,10.99,0.4826936661172592
covtype,rf,AlwaysNudge,11.127777777777778,0.4899782199199435
covtype,rf,AlwaysNudge,11.238888888888889,0.4958647280433247
covtype,rf,AlwaysNudge,11.376666666666667,0.5031492818460089
covtype,rf,AlwaysNudge,11.487777777777778,0.5090357899693901
covtype,rf,AlwaysNudge,11.625555555555556,0.5163203437720744
covtype,rf,AlwaysNudge,11.736666666666666,0.5222068518954556
covtype,rf,AlwaysNudge,11.981111111111112,0.5351571697668943
covtype,rf,AlwaysNudge,12.23,0.5483282316929597
covtype,rf,AlwaysNudge,12.514444444444445,0.5633388274075818
covtype,rf,AlwaysNudge,12.763333333333334,0.5765098893336473
covtype,rf,AlwaysNudge,13.047777777777778,0.5915204850482694
covtype,rf,AlwaysNudge,13.296666666666667,0.6046915469743348
covtype,rf,AlwaysNudge,13.545555555555556,0.6178626089004002
covtype,rf,AlwaysNudge,13.83,0.6328732046150224
covtype,rf,AlwaysNudge,14.078888888888889,0.6460442665410878
covtype,rf,AlwaysNudge,14.363333333333333,0.6610548622557099
covtype,rf,AlwaysNudge,14.647777777777778,0.676065457970332
covtype,rf,AlwaysNudge,14.932222222222222,0.6910760536849541
covtype,rf,AlwaysNudge,15.252222222222223,0.7079997645396751
covtype,rf,AlwaysNudge,15.43,0.717418177537085
covtype,rf,AlwaysNudge,15.572222222222223,0.724923475394396
covtype,rf,AlwaysNudge,15.856666666666667,0.7399340711090181
covtype,rf,AlwaysNudge,16.176666666666666,0.7568577819637391
covtype,rf,AlwaysNudge,16.354444444444443,0.7662761949611491
covtype,rf,AlwaysNudge,16.496666666666666,0.7737814928184601
covtype,rf,AlwaysNudge,16.674444444444443,0.7831999058158701
covtype,rf,AlwaysNudge,16.816666666666666,0.7907052036731811
covtype,rf,AlwaysNudge,16.994444444444444,0.800123616670591
covtype,rf,AlwaysNudge,17.456666666666667,0.8245526253826231
covtype,rf,AlwaysNudge,17.776666666666667,0.841476336237344
covtype,rf,AlwaysNudge,17.954444444444444,0.8508947492347539
covtype,rf,AlwaysNudge,18.096666666666668,0.858400047092065
covtype,rf,AlwaysNudge,18.31,0.8696579938780316
covtype,rf,AlwaysNudge,19.02111111111111,0.9073316458676713
covtype,rf,AlwaysNudge,19.412222222222223,0.9280080056510478
covtype,rf,AlwaysNudge,19.803333333333335,0.9486843654344242
covtype,rf,AlwaysNudge,20.15888888888889,0.9675211914292442
covtype,rf,AlwaysNudge,20.47888888888889,0.9844449022839652
covtype,rf,AlwaysNudge,20.656666666666666,0.9938633152813751
covtype,rf,AlwaysNudge,21.01222222222222,1.012700141276195
covtype,rf,AlwaysNudge,21.474444444444444,1.037129149988227
covtype,rf,AlwaysNudge,21.83,1.0559659759830469
covtype,rf,AlwaysNudge,22.22111111111111,1.0766423357664234
covtype,rf,AlwaysNudge,22.647777777777776,1.0992318106898988
covtype,rf,AlwaysNudge,23.074444444444445,1.1218212856133742
covtype,rf,AlwaysNudge,23.50111111111111,1.1444107605368496
covtype,rf,AlwaysNudge,23.927777777777777,1.1670002354603248
covtype,rf,AlwaysNudge,24.283333333333335,1.1858370614551448
covtype,rf,AlwaysNudge,24.63888888888889,1.2046738874499647
covtype,rf,AlwaysNudge,24.781111111111112,1.2121791853072756
covtype,rf,AlwaysNudge,25.101111111111113,1.2291028961619967
covtype,rf,AlwaysNudge,25.212222222222223,1.234989404285378
covtype,rf,AlwaysNudge,25.52777777777778,1.2516923710854722
covtype,rf,AlwaysNudge,25.63888888888889,1.2575788792088534
covtype,rf,AlwaysNudge,25.99,1.2761213797975042
covtype,rf,AlwaysNudge,26.38111111111111,1.2967977395808805
covtype,rf,AlwaysNudge,26.523333333333333,1.3043030374381916
covtype,rf,AlwaysNudge,26.985555555555557,1.3287320461502237
covtype,rf,AlwaysNudge,27.376666666666665,1.3494084059336002
covtype,rf,AlwaysNudge,27.696666666666665,1.3663321167883211
covtype,rf,AlwaysNudge,28.123333333333335,1.3889215917117965
covtype,rf,AlwaysNudge,28.727777777777778,1.420929479632682
covtype,rf,AlwaysNudge,30.932222222222222,1.479794560866494
covtype,rf,AlwaysNudge,31.785555555555554,1.5249735107134448
covtype,rf,AlwaysNudge,32.21222222222222,1.5475629856369202
covtype,rf,AlwaysNudge,32.638888888888886,1.5701524605603956
covtype,rf,AlwaysNudge,33.065555555555555,1.592741935483871
covtype,rf,AlwaysNudge,33.492222222222225,1.6153314104073464
covtype,rf,AlwaysNudge,33.95444444444445,1.6397604191193784
covtype,rf,AlwaysNudge,34.345555555555556,1.660436778902755
covtype,rf,AlwaysNudge,34.772222222222226,1.6830262538262304
covtype,rf,AlwaysNudge,35.19888888888889,1.7056157287497056
covtype,rf,AlwaysNudge,35.483333333333334,1.7206263244643278
covtype,rf,AlwaysNudge,35.66111111111111,1.7300447374617376
covtype,rf,AlwaysNudge,36.08777777777778,1.752634212385213
covtype,rf,AlwaysNudge,36.51444444444444,1.7752236873086884
covtype,rf,AlwaysNudge,36.94111111111111,1.7978131622321638
covtype,rf,AlwaysNudge,37.367777777777775,1.8204026371556392
covtype,rf,AlwaysNudge,37.51,1.8279079350129503
covtype,rf,AlwaysNudge,37.794444444444444,1.8429185307275724
covtype,rf,AlwaysNudge,37.93666666666667,1.8504238285848835
covtype,rf,AlwaysNudge,38.221111111111114,1.8654344242995056
covtype,rf,AlwaysNudge,38.541111111111114,1.8823581351542265
covtype,rf,AlwaysNudge,38.65222222222222,1.8882446432776077
covtype,rf,AlwaysNudge,38.967777777777776,1.9049476100777019
covtype,rf,AlwaysNudge,39.11,1.912452907935013
covtype,rf,AlwaysNudge,39.53666666666667,1.9350423828584884
covtype,rf,AlwaysNudge,39.92777777777778,1.9557187426418647
covtype,rf,AlwaysNudge,40.07,1.9632240404991759
covtype,rf,AlwaysNudge,40.425555555555555,1.9820608664939958
covtype,rf,AlwaysNudge,40.852222222222224,2.004650341417471
covtype,rf,AlwaysNudge,40.99444444444445,2.0121556392747824
covtype,rf,AlwaysNudge,41.31444444444445,2.029079350129503
covtype,rf,AlwaysNudge,41.74111111111111,2.0516688250529787
covtype,rf,AlwaysNudge,42.16777777777778,2.074258299976454
covtype,rf,AlwaysNudge,42.31,2.081763597833765
covtype,rf,AlwaysNudge,42.59444444444444,2.096774193548387
covtype,rf,AlwaysNudge,42.705555555555556,2.1026607016717684
covtype,rf,AlwaysNudge,43.02111111111111,2.1193636684718626
covtype,rf,AlwaysNudge,43.132222222222225,2.1252501765952436
covtype,rf,AlwaysNudge,43.44777777777778,2.141953143395338
covtype,rf,AlwaysNudge,43.59,2.1494584412526487
covtype,rf,AlwaysNudge,43.87444444444444,2.164469036967271
covtype,rf,AlwaysNudge,44.23,2.183305862962091
covtype,rf,AlwaysNudge,44.34111111111111,2.189192371085472
covtype,rf,AlwaysNudge,44.62111111111111,2.2039822227454673
covtype,rf,AlwaysNudge,44.73222222222222,2.2098687308688487
covtype,rf,AlwaysNudge,45.047777777777775,2.226571697668943
covtype,rf,AlwaysNudge,45.43888888888889,2.2472480574523193
covtype,rf,AlwaysNudge,45.794444444444444,2.266084883447139
covtype,rf,AlwaysNudge,45.90555555555556,2.27197139157052
covtype,rf,AlwaysNudge,46.18555555555555,2.2867612432305156
covtype,rf,AlwaysNudge,46.327777777777776,2.294266541087827
covtype,rf,AlwaysNudge,46.57666666666667,2.3074376030138923
covtype,rf,AlwaysNudge,46.71888888888889,2.3149429008712032
covtype,rf,AlwaysNudge,46.967777777777776,2.3281139627972687
covtype,rf,AlwaysNudge,47.35888888888889,2.348790322580645
covtype,rf,AlwaysNudge,47.714444444444446,2.367627148575465
covtype,rf,AlwaysNudge,47.82555555555555,2.3735136566988464
covtype,rf,AlwaysNudge,48.105555555555554,2.3883035083588418
covtype,rf,AlwaysNudge,48.28333333333333,2.3977219213562515
covtype,rf,AlwaysNudge,48.49666666666667,2.408979868142218
covtype,rf,AlwaysNudge,48.88777777777778,2.4296562279255944
covtype,rf,AlwaysNudge,49.24333333333333,2.4484930539204144
covtype,rf,AlwaysNudge,49.52777777777778,2.4635036496350367
covtype,rf,AlwaysNudge,49.88333333333333,2.482340475629856
covtype,rf,AlwaysNudge,50.736666666666665,2.527519425476807
covtype,rf,AlwaysNudge,51.09222222222222,2.546356251471627
covtype,rf,AlwaysNudge,51.44777777777778,2.565193077466447
covtype,rf,AlwaysNudge,51.803333333333335,2.584029903461267
covtype,rf,AlwaysNudge,52.55,2.623543089239463
covtype,rf,AlwaysNudge,52.83444444444444,2.6385536849540854
covtype,rf,AlwaysNudge,53.90111111111111,2.695064162938545
covtype,rf,AlwaysNudge,54.89666666666667,2.7477484106428065
covtype,rf,AlwaysNudge,55.82111111111111,2.796680009418413
covtype,rf,AlwaysNudge,57.492222222222225,2.855545090652225
covtype,rf,AlwaysNudge,57.776666666666664,2.8705556863668473
covtype,rf,AlwaysNudge,58.132222222222225,2.8893925123616673
covtype,rf,AlwaysNudge,58.452222222222225,2.906316223216388
covtype,rf,AlwaysNudge,58.772222222222226,2.923239934071109
covtype,rf,AlwaysNudge,60.26555555555556,2.982105015304921
covtype,rf,AlwaysNudge,60.443333333333335,2.991523428302331
covtype,rf,AlwaysNudge,61.01222222222222,3.0216182010831174
covtype,rf,AlwaysNudge,61.33222222222222,3.0385419119378385
covtype,rf,AlwaysNudge,61.65222222222222,3.0554656227925596
covtype,rf,AlwaysNudge,61.97222222222222,3.0723893336472803
covtype,rf,AlwaysNudge,62.114444444444445,3.0798946315045916
covtype,rf,AlwaysNudge,62.327777777777776,3.0911525782905582
covtype,rf,AlwaysNudge,62.68333333333333,3.1099894042853777
covtype,rf,AlwaysNudge,63.03888888888889,3.1288262302801977
covtype,rf,AlwaysNudge,63.43,3.1495025900635745
covtype,rf,AlwaysNudge,63.785555555555554,3.168339416058394
covtype,rf,AlwaysNudge,66.06111111111112,3.227204497292206
covtype,rf,AlwaysNudge,66.41666666666667,3.246041323287026
covtype,rf,AlwaysNudge,66.77222222222223,3.264878149281846
covtype,rf,AlwaysNudge,67.12777777777778,3.283714975276666
covtype,rf,AlwaysNudge,67.44777777777777,3.300638686131387
covtype,rf,AlwaysNudge,67.59,3.308143983988698
covtype,rf,AlwaysNudge,67.80333333333333,3.3194019307746645
covtype,rf,AlwaysNudge,67.94555555555556,3.3269072286319754
covtype,rf,AlwaysNudge,68.1588888888889,3.338165175417942
covtype,rf,AlwaysNudge,68.30111111111111,3.345670473275253
covtype,rf,AlwaysNudge,68.47888888888889,3.355088886272663
covtype,rf,AlwaysNudge,68.6211111111111,3.362594184129974
covtype,rf,AlwaysNudge,68.83444444444444,3.3738521309159406
covtype,rf,AlwaysNudge,68.97666666666667,3.3813574287732515
covtype,rf,AlwaysNudge,69.22555555555556,3.394528490699317
covtype,rf,AlwaysNudge,69.40333333333334,3.403946903696727
covtype,rf,AlwaysNudge,69.72333333333333,3.4208706145514483
covtype,rf,AlwaysNudge,70.00777777777778,3.43588121026607
covtype,rf,AlwaysNudge,70.82555555555555,3.479147044972922
covtype,rf,AlwaysNudge,71.18111111111111,3.497983870967742
covtype,rf,AlwaysNudge,71.46555555555555,3.512994466682364
covtype,rf,AlwaysNudge,71.82111111111111,3.5318312926771838
covtype,rf,AlwaysNudge,72.17666666666666,3.5506681186720037
covtype,rf,AlwaysNudge,72.49666666666667,3.567591829526725
covtype,rf,AlwaysNudge,72.81666666666666,3.584515540381446
covtype,rf,AlwaysNudge,73.13666666666667,3.6014392512361666
covtype,rf,AlwaysNudge,73.45666666666666,3.6183629620908877
covtype,rf,AlwaysNudge,73.77666666666667,3.635286672945609
covtype,rf,AlwaysNudge,74.13222222222223,3.6541234989404283
covtype,rf,AlwaysNudge,74.41666666666667,3.6691340946550506
covtype,rf,AlwaysNudge,74.77222222222223,3.6879709206498705
covtype,rf,AlwaysNudge,74.98555555555555,3.699228867435837
covtype,rf,AlwaysNudge,75.23444444444445,3.7123999293619026
covtype,rf,AlwaysNudge,75.5188888888889,3.727410525076525
covtype,rf,AlwaysNudge,75.83888888888889,3.7443342359312455
covtype,rf,AlwaysNudge,76.19444444444444,3.7631710619260654
covtype,rf,AlwaysNudge,76.44333333333333,3.776342123852131
covtype,rf,AlwaysNudge,76.94111111111111,3.8026842477042617
covtype,rf,AlwaysNudge,77.2611111111111,3.819607958558983
covtype,rf,AlwaysNudge,77.54555555555555,3.834618554273605
covtype,rf,AlwaysNudge,77.86555555555556,3.8515422651283258
covtype,rf,AlwaysNudge,78.50555555555556,3.885389686837768
covtype,rf,AlwaysNudge,78.82555555555555,3.9023133976924886
covtype,rf,AlwaysNudge,79.11,3.917323993407111
covtype,rf,AlwaysNudge,79.25222222222222,3.924829291264422
covtype,rf,AlwaysNudge,79.43,3.934247704261832
covtype,rf,AlwaysNudge,79.57222222222222,3.941753002119143
covtype,rf,AlwaysNudge,79.78555555555556,3.9530109489051095
covtype,rf,AlwaysNudge,80.10555555555555,3.9699346597598306
covtype,rf,AlwaysNudge,80.39,3.9849452554744524
covtype,rf,AlwaysNudge,80.53222222222222,3.992450553331764
covtype,rf,AlwaysNudge,80.74555555555555,4.00370850011773
covtype,rf,AlwaysNudge,81.06555555555556,4.020632210972451
covtype,rf,AlwaysNudge,81.42111111111112,4.039469036967271
covtype,rf,AlwaysNudge,81.74111111111111,4.056392747821992
covtype,rf,AlwaysNudge,82.09666666666666,4.075229573816812
covtype,rf,AlwaysNudge,82.41666666666667,4.092153284671533
covtype,rf,AlwaysNudge,82.73666666666666,4.109076995526253
covtype,rf,AlwaysNudge,83.09222222222222,4.127913821521074
covtype,rf,AlwaysNudge,83.41222222222223,4.144837532375795
covtype,rf,AlwaysNudge,83.76777777777778,4.163674358370614
covtype,rf,AlwaysNudge,84.05222222222223,4.178684954085236
covtype,rf,AlwaysNudge,84.19444444444444,4.186190251942548
covtype,rf,AlwaysNudge,84.51444444444445,4.203113962797269
covtype,rf,AlwaysNudge,84.83444444444444,4.22003767365199
covtype,rf,AlwaysNudge,85.15444444444445,4.236961384506711
covtype,rf,AlwaysNudge,85.47444444444444,4.253885095361432
covtype,rf,AlwaysNudge,85.79444444444445,4.270808806216152
covtype,rf,AlwaysNudge,86.18555555555555,4.2914851659995294
covtype,rf,AlwaysNudge,87.32333333333334,4.350350247233341
covtype,rf,AlwaysNudge,87.64333333333333,4.367273958088062
covtype,rf,AlwaysNudge,87.96333333333334,4.384197668942783
covtype,rf,AlwaysNudge,88.28333333333333,4.401121379797504
covtype,rf,AlwaysNudge,88.39444444444445,4.407007887920885
covtype,rf,AlwaysNudge,88.60333333333334,4.4180450906522255
covtype,rf,AlwaysNudge,88.71444444444444,4.4239315987756065
covtype,rf,AlwaysNudge,88.92333333333333,4.434968801506946
covtype,rf,AlwaysNudge,89.03444444444445,4.440855309630328
covtype,rf,AlwaysNudge,89.24333333333334,4.451892512361667
covtype,rf,AlwaysNudge,89.38555555555556,4.459397810218978
covtype,rf,AlwaysNudge,89.63444444444444,4.472568872145043
covtype,rf,AlwaysNudge,95.43,4.531433953378856
covtype,rf,AlwaysNudge,95.67888888888889,4.544605015304922
covtype,rf,AlwaysNudge,96.03444444444445,4.563441841299741
covtype,rf,AlwaysNudge,96.28333333333333,4.576612903225806
covtype,rf,AlwaysNudge,96.63888888888889,4.5954497292206264
covtype,rf,AlwaysNudge,96.92333333333333,4.610460324935248
covtype,rf,AlwaysNudge,97.13666666666667,4.621718271721215
covtype,rf,AlwaysNudge,97.24777777777778,4.627604779844596
covtype,rf,AlwaysNudge,97.56333333333333,4.6443077466446905
covtype,rf,AlwaysNudge,97.88333333333334,4.661231457499412
covtype,rf,AlwaysNudge,98.16777777777777,4.676242053214033
covtype,rf,AlwaysNudge,98.48777777777778,4.6931657640687545
covtype,rf,AlwaysNudge,98.80777777777777,4.710089474923476
covtype,rf,AlwaysNudge,99.09222222222222,4.7251000706380974
covtype,rf,AlwaysNudge,99.41222222222223,4.742023781492819
covtype,rf,AlwaysNudge,99.69666666666667,4.75703437720744
covtype,rf,AlwaysNudge,100.0,4.75703437720744
covtype,rf,NeverAdapt,0.0,0.0
covtype,rf,NeverAdapt,1.278888888888889,0.0
covtype,rf,NeverAdapt,2.9855555555555555,0.0
covtype,rf,NeverAdapt,4.585555555555556,0.0
covtype,rf,NeverAdapt,6.256666666666667,0.0
covtype,rf,NeverAdapt,7.43,0.0
covtype,rf,NeverAdapt,7.998888888888889,0.0
covtype,rf,NeverAdapt,8.141111111111112,0.0
covtype,rf,NeverAdapt,8.283333333333333,0.0
covtype,rf,NeverAdapt,8.532222222222222,0.0
covtype,rf,NeverAdapt,8.78111111111111,0.0
covtype,rf,NeverAdapt,9.03,0.0
covtype,rf,NeverAdapt,9.172222222222222,0.0
covtype,rf,NeverAdapt,9.492222222222223,0.0
covtype,rf,NeverAdapt,9.741111111111111,0.0
covtype,rf,NeverAdapt,9.99,0.0
covtype,rf,NeverAdapt,12.158888888888889,0.0
covtype,rf,NeverAdapt,12.514444444444445,0.0
covtype,rf,NeverAdapt,12.763333333333334,0.0
covtype,rf,NeverAdapt,13.047777777777778,0.0
covtype,rf,NeverAdapt,13.296666666666667,0.0
covtype,rf,NeverAdapt,13.581111111111111,0.0
covtype,rf,NeverAdapt,13.83,0.0
covtype,rf,NeverAdapt,14.363333333333333,0.0
covtype,rf,NeverAdapt,14.647777777777778,0.0
covtype,rf,NeverAdapt,14.932222222222222,0.0
covtype,rf,NeverAdapt,15.252222222222223,0.0
covtype,rf,NeverAdapt,15.536666666666667,0.0
covtype,rf,NeverAdapt,15.678888888888888,0.0
covtype,rf,NeverAdapt,15.998888888888889,0.0
covtype,rf,NeverAdapt,16.176666666666666,0.0
covtype,rf,NeverAdapt,16.496666666666666,0.0
covtype,rf,NeverAdapt,16.816666666666666,0.0
covtype,rf,NeverAdapt,17.456666666666667,0.0
covtype,rf,NeverAdapt,18.772222222222222,0.0
covtype,rf,NeverAdapt,19.05666666666667,0.0
covtype,rf,NeverAdapt,19.305555555555557,0.0
covtype,rf,NeverAdapt,19.732222222222223,0.0
covtype,rf,NeverAdapt,20.123333333333335,0.0
covtype,rf,NeverAdapt,20.514444444444443,0.0
covtype,rf,NeverAdapt,20.976666666666667,0.0
covtype,rf,NeverAdapt,21.36777777777778,0.0
covtype,rf,NeverAdapt,21.75888888888889,0.0
covtype,rf,NeverAdapt,22.22111111111111,0.0
covtype,rf,NeverAdapt,22.718888888888888,0.0
covtype,rf,NeverAdapt,23.11,0.0
covtype,rf,NeverAdapt,23.892222222222223,0.0
covtype,rf,NeverAdapt,24.247777777777777,0.0
covtype,rf,NeverAdapt,24.745555555555555,0.0
covtype,rf,NeverAdapt,25.101111111111113,0.0
covtype,rf,NeverAdapt,25.35,0.0
covtype,rf,NeverAdapt,26.48777777777778,0.0
covtype,rf,NeverAdapt,26.914444444444445,0.0
covtype,rf,NeverAdapt,27.234444444444446,0.0
covtype,rf,NeverAdapt,27.554444444444446,0.0
covtype,rf,NeverAdapt,27.874444444444446,0.0
covtype,rf,NeverAdapt,28.123333333333335,0.0
covtype,rf,NeverAdapt,28.585555555555555,0.0
covtype,rf,NeverAdapt,28.976666666666667,0.0
covtype,rf,NeverAdapt,29.19,0.0
covtype,rf,NeverAdapt,29.616666666666667,0.0
covtype,rf,NeverAdapt,30.043333333333333,0.0
covtype,rf,NeverAdapt,30.47,0.0
covtype,rf,NeverAdapt,30.718888888888888,0.0
covtype,rf,NeverAdapt,30.89666666666667,0.0
covtype,rf,NeverAdapt,31.11,0.0
covtype,rf,NeverAdapt,31.323333333333334,0.0
covtype,rf,NeverAdapt,31.643333333333334,0.0
covtype,rf,NeverAdapt,32.034444444444446,0.0
covtype,rf,NeverAdapt,32.21222222222222,0.0
covtype,rf,NeverAdapt,32.638888888888886,0.0
covtype,rf,NeverAdapt,33.065555555555555,0.0
covtype,rf,NeverAdapt,33.492222222222225,0.0
covtype,rf,NeverAdapt,33.91888888888889,0.0
covtype,rf,NeverAdapt,34.345555555555556,0.0
covtype,rf,NeverAdapt,34.80777777777778,0.0
covtype,rf,NeverAdapt,35.23444444444444,0.0
covtype,rf,NeverAdapt,35.66111111111111,0.0
covtype,rf,NeverAdapt,36.08777777777778,0.0
covtype,rf,NeverAdapt,36.51444444444444,0.0
covtype,rf,NeverAdapt,36.94111111111111,0.0
covtype,rf,NeverAdapt,37.367777777777775,0.0
covtype,rf,NeverAdapt,37.93666666666667,0.0
covtype,rf,NeverAdapt,41.59888888888889,0.0
covtype,rf,NeverAdapt,42.63,0.0
covtype,rf,NeverAdapt,44.79888888888889,0.0
covtype,rf,NeverAdapt,47.67888888888889,0.0
covtype,rf,NeverAdapt,51.696666666666665,0.0
covtype,rf,NeverAdapt,56.46111111111111,0.0
covtype,rf,NeverAdapt,57.492222222222225,0.0
covtype,rf,NeverAdapt,57.776666666666664,0.0
covtype,rf,NeverAdapt,58.132222222222225,0.0
covtype,rf,NeverAdapt,58.452222222222225,0.0
covtype,rf,NeverAdapt,60.58555555555556,0.0
covtype,rf,NeverAdapt,61.33222222222222,0.0
covtype,rf,NeverAdapt,61.65222222222222,0.0
covtype,rf,NeverAdapt,61.97222222222222,0.0
covtype,rf,NeverAdapt,62.114444444444445,0.0
covtype,rf,NeverAdapt,62.327777777777776,0.0
covtype,rf,NeverAdapt,62.68333333333333,0.0
covtype,rf,NeverAdapt,63.03888888888889,0.0
covtype,rf,NeverAdapt,63.465555555555554,0.0
covtype,rf,NeverAdapt,67.37666666666667,0.0
covtype,rf,NeverAdapt,67.5188888888889,0.0
covtype,rf,NeverAdapt,67.73222222222222,0.0
covtype,rf,NeverAdapt,67.9811111111111,0.0
covtype,rf,NeverAdapt,68.33666666666667,0.0
covtype,rf,NeverAdapt,68.65666666666667,0.0
covtype,rf,NeverAdapt,68.87,0.0
covtype,rf,NeverAdapt,69.22555555555556,0.0
covtype,rf,NeverAdapt,69.58111111111111,0.0
covtype,rf,NeverAdapt,69.86555555555556,0.0
covtype,rf,NeverAdapt,70.04333333333334,0.0
covtype,rf,NeverAdapt,70.5411111111111,0.0
covtype,rf,NeverAdapt,70.86111111111111,0.0
covtype,rf,NeverAdapt,71.14555555555556,0.0
covtype,rf,NeverAdapt,71.35888888888888,0.0
covtype,rf,NeverAdapt,71.60777777777778,0.0
covtype,rf,NeverAdapt,71.82111111111111,0.0
covtype,rf,NeverAdapt,72.14111111111112,0.0
covtype,rf,NeverAdapt,72.46111111111111,0.0
covtype,rf,NeverAdapt,72.81666666666666,0.0
covtype,rf,NeverAdapt,75.69666666666667,0.0
covtype,rf,NeverAdapt,75.87444444444445,0.0
covtype,rf,NeverAdapt,76.12333333333333,0.0
covtype,rf,NeverAdapt,76.40777777777778,0.0
covtype,rf,NeverAdapt,81.95444444444445,0.0
covtype,rf,NeverAdapt,83.76777777777778,0.0
covtype,rf,NeverAdapt,84.08777777777777,0.0
covtype,rf,NeverAdapt,84.40777777777778,0.0
covtype,rf,NeverAdapt,84.69222222222223,0.0
covtype,rf,NeverAdapt,85.01222222222222,0.0
covtype,rf,NeverAdapt,85.36777777777777,0.0
covtype,rf,NeverAdapt,85.97222222222223,0.0
covtype,rf,NeverAdapt,86.29222222222222,0.0
covtype,rf,NeverAdapt,86.61222222222223,0.0
covtype,rf,NeverAdapt,86.96777777777778,0.0
covtype,rf,NeverAdapt,87.64333333333333,0.0
covtype,rf,NeverAdapt,88.31888888888889,0.0
covtype,rf,NeverAdapt,88.60333333333334,0.0
covtype,rf,NeverAdapt,88.92333333333333,0.0
covtype,rf,NeverAdapt,89.06555555555556,0.0
covtype,rf,NeverAdapt,91.44777777777777,0.0
covtype,rf,NeverAdapt,92.44333333333333,0.0
covtype,rf,NeverAdapt,92.69222222222223,0.0
covtype,rf,NeverAdapt,93.01222222222222,0.0
covtype,rf,NeverAdapt,93.29666666666667,0.0
covtype,rf,NeverAdapt,93.61666666666666,0.0
covtype,rf,NeverAdapt,93.9011111111111,0.0
covtype,rf,NeverAdapt,94.07888888888888,0.0
covtype,rf,NeverAdapt,94.36333333333333,0.0
covtype,rf,NeverAdapt,97.56333333333333,0.0
covtype,rf,NeverAdapt,97.88333333333334,0.0
covtype,rf,NeverAdapt,100.0,0.0
covtype,sgd,AlwaysRebuild,0.0,0.0
covtype,sgd,AlwaysRebuild,1.5633333333333332,1.5603007560842992
covtype,sgd,AlwaysRebuild,2.238888888888889,2.508963615783553
covtype,sgd,AlwaysRebuild,2.95,2.5968397543662207
covtype,sgd,AlwaysRebuild,3.4122222222222223,2.6474683932996443
covtype,sgd,AlwaysRebuild,3.9455555555555555,2.724609662680452
covtype,sgd,AlwaysRebuild,4.905555555555556,4.072709515937286
covtype,sgd,AlwaysRebuild,5.403333333333333,4.771724254663052
covtype,sgd,AlwaysRebuild,13.687777777777777,6.332025010747351
covtype,sgd,AlwaysRebuild,14.078888888888889,6.881250876889025
covtype,sgd,AlwaysRebuild,14.19,7.037280952497455
covtype,sgd,AlwaysRebuild,14.301111111111112,7.193311028105885
covtype,sgd,AlwaysRebuild,14.434444444444445,7.380547118836001
covtype,sgd,AlwaysRebuild,14.647777777777778,7.680124864004186
covtype,sgd,AlwaysRebuild,15.11,8.329209978535255
covtype,sgd,AlwaysRebuild,15.287777777777778,8.578858099508743
covtype,sgd,AlwaysRebuild,15.536666666666667,8.928365468871625
covtype,sgd,AlwaysRebuild,15.678888888888888,9.128083965650415
covtype,sgd,AlwaysRebuild,15.79,9.284114041258846
covtype,sgd,AlwaysRebuild,15.927777777777777,9.4775913350133
covtype,sgd,AlwaysRebuild,16.07,9.677309831792089
covtype,sgd,AlwaysRebuild,16.18111111111111,9.83333990740052
covtype,sgd,AlwaysRebuild,16.39,10.126676449544368
covtype,sgd,AlwaysRebuild,16.50111111111111,10.282706525152797
covtype,sgd,AlwaysRebuild,16.71,10.576043067296645
covtype,sgd,AlwaysRebuild,16.82111111111111,10.732073142905076
covtype,sgd,AlwaysRebuild,17.03,11.025409685048924
covtype,sgd,AlwaysRebuild,17.243333333333332,11.324987430217108
covtype,sgd,AlwaysRebuild,17.563333333333333,11.774354047969387
covtype,sgd,AlwaysRebuild,17.883333333333333,12.223720665721665
covtype,sgd,AlwaysRebuild,18.63,13.272242773810314
covtype,sgd,AlwaysRebuild,18.914444444444445,13.671679767367895
covtype,sgd,AlwaysRebuild,19.025555555555556,13.827709842976326
covtype,sgd,AlwaysRebuild,19.136666666666667,13.983739918584755
covtype,sgd,AlwaysRebuild,19.27,14.17097600931487
covtype,sgd,AlwaysRebuild,19.447777777777777,14.420624130288358
covtype,sgd,AlwaysRebuild,19.732222222222223,14.820061123845939
covtype,sgd,AlwaysRebuild,20.123333333333335,15.369286989987613
covtype,sgd,AlwaysRebuild,20.55,15.968442480323983
covtype,sgd,AlwaysRebuild,20.79888888888889,16.317949849686865
covtype,sgd,AlwaysRebuild,21.047777777777778,16.667457219049748
covtype,sgd,AlwaysRebuild,21.296666666666667,17.016964588412634
covtype,sgd,AlwaysRebuild,21.43888888888889,17.216683085191423
covtype,sgd,AlwaysRebuild,24.105555555555554,18.776983841275722
covtype,sgd,AlwaysRebuild,24.39,19.1764208348333
covtype,sgd,AlwaysRebuild,24.674444444444443,19.575857828390884
covtype,sgd,AlwaysRebuild,24.785555555555554,19.73188790399931
covtype,sgd,AlwaysRebuild,25.101111111111113,20.175013318727252
covtype,sgd,AlwaysRebuild,25.212222222222223,20.331043394335683
covtype,sgd,AlwaysRebuild,25.456666666666667,20.674309560674228
covtype,sgd,AlwaysRebuild,25.634444444444444,20.923957681647718
covtype,sgd,AlwaysRebuild,25.883333333333333,21.2734650510106
covtype,sgd,AlwaysRebuild,26.06111111111111,21.52311317198409
covtype,sgd,AlwaysRebuild,26.31,21.872620541346972
covtype,sgd,AlwaysRebuild,26.558888888888887,22.222127910709855
covtype,sgd,AlwaysRebuild,26.985555555555557,22.821283401046227
covtype,sgd,AlwaysRebuild,27.27,23.220720394603806
covtype,sgd,AlwaysRebuild,27.38111111111111,23.376750470212237
covtype,sgd,AlwaysRebuild,27.625555555555554,23.72001663655078
covtype,sgd,AlwaysRebuild,27.767777777777777,23.91973513332957
covtype,sgd,AlwaysRebuild,27.945555555555554,24.16938325430306
covtype,sgd,AlwaysRebuild,28.15888888888889,24.468960999471246
covtype,sgd,AlwaysRebuild,28.27,24.624991075079674
covtype,sgd,AlwaysRebuild,28.47888888888889,24.91832761722352
covtype,sgd,AlwaysRebuild,28.656666666666666,25.16797573819701
covtype,sgd,AlwaysRebuild,28.79888888888889,25.3676942349758
covtype,sgd,AlwaysRebuild,29.19,25.916920101117476
covtype,sgd,AlwaysRebuild,33.52777777777778,27.477220857201775
covtype,sgd,AlwaysRebuild,34.95,29.037521613286074
covtype,sgd,AlwaysRebuild,35.163333333333334,29.33709935845426
covtype,sgd,AlwaysRebuild,35.27444444444444,29.493129434062688
covtype,sgd,AlwaysRebuild,36.23,30.834988084295187
covtype,sgd,AlwaysRebuild,36.55,31.284354702047462
covtype,sgd,AlwaysRebuild,36.87,31.73372131979974
covtype,sgd,AlwaysRebuild,37.01222222222222,31.93343981657853
covtype,sgd,AlwaysRebuild,37.22555555555556,32.23301756174672
covtype,sgd,AlwaysRebuild,37.336666666666666,32.38904763735515
covtype,sgd,AlwaysRebuild,37.44777777777778,32.545077712963575
covtype,sgd,AlwaysRebuild,37.58111111111111,32.73231380369369
covtype,sgd,AlwaysRebuild,37.723333333333336,32.932032300472486
covtype,sgd,AlwaysRebuild,37.83444444444444,33.08806237608091
covtype,sgd,AlwaysRebuild,38.07888888888889,33.43132854241946
covtype,sgd,AlwaysRebuild,38.19,33.58735861802789
covtype,sgd,AlwaysRebuild,38.30111111111111,33.74338869363632
covtype,sgd,AlwaysRebuild,38.41222222222222,33.89941876924475
covtype,sgd,AlwaysRebuild,38.647777777777776,34.23020252953462
covtype,sgd,AlwaysRebuild,38.82555555555555,34.47985065050811
covtype,sgd,AlwaysRebuild,39.03888888888889,34.77942839567629
covtype,sgd,AlwaysRebuild,39.15,34.935458471284726
covtype,sgd,AlwaysRebuild,39.50111111111111,35.42851351020736
covtype,sgd,AlwaysRebuild,39.64333333333333,35.62823200698615
covtype,sgd,AlwaysRebuild,39.82111111111111,35.87788012795964
covtype,sgd,AlwaysRebuild,40.034444444444446,36.17745787312783
covtype,sgd,AlwaysRebuild,45.43888888888889,37.737758629212124
covtype,sgd,AlwaysRebuild,47.00333333333333,39.298059385296426
covtype,sgd,AlwaysRebuild,47.21666666666667,39.59763713046461
covtype,sgd,AlwaysRebuild,47.327777777777776,39.75366720607304
covtype,sgd,AlwaysRebuild,47.43888888888889,39.90969728168147
covtype,sgd,AlwaysRebuild,47.60777777777778,40.14686299660628
covtype,sgd,AlwaysRebuild,47.71888888888889,40.302893072214715
covtype,sgd,AlwaysRebuild,47.85666666666667,40.49637036596916
covtype,sgd,AlwaysRebuild,47.967777777777776,40.6524004415776
covtype,sgd,AlwaysRebuild,48.105555555555554,40.84587773533205
covtype,sgd,AlwaysRebuild,48.28333333333333,41.095525856305535
covtype,sgd,AlwaysRebuild,48.532222222222224,41.44503322566842
covtype,sgd,AlwaysRebuild,49.74111111111111,43.00533398175272
covtype,sgd,AlwaysRebuild,50.025555555555556,43.4047709753103
covtype,sgd,AlwaysRebuild,50.452222222222225,44.00392646564667
covtype,sgd,AlwaysRebuild,50.66555555555556,44.30350421081486
covtype,sgd,AlwaysRebuild,50.843333333333334,44.55315233178835
covtype,sgd,AlwaysRebuild,51.056666666666665,44.85273007695653
covtype,sgd,AlwaysRebuild,51.16777777777778,45.00876015256496
covtype,sgd,AlwaysRebuild,51.44777777777778,45.4019559430982
covtype,sgd,AlwaysRebuild,51.59,45.601674439876994
covtype,sgd,AlwaysRebuild,51.73222222222222,45.80139293665578
covtype,sgd,AlwaysRebuild,52.08777777777778,46.30068917860276
covtype,sgd,AlwaysRebuild,55.074444444444445,47.86098993468706
covtype,sgd,AlwaysRebuild,55.25222222222222,48.110638055660544
covtype,sgd,AlwaysRebuild,56.39,49.67093881174485
covtype,sgd,AlwaysRebuild,56.60333333333333,49.97051655691303
covtype,sgd,AlwaysRebuild,56.78111111111111,50.22016467788652
covtype,sgd,AlwaysRebuild,56.89222222222222,50.37619475349495
covtype,sgd,AlwaysRebuild,57.172222222222224,50.76939054402819
covtype,sgd,AlwaysRebuild,57.42111111111111,51.11889791339107
covtype,sgd,AlwaysRebuild,57.56333333333333,51.31861641016987
covtype,sgd,AlwaysRebuild,57.84777777777778,51.718053403727446
covtype,sgd,AlwaysRebuild,58.096666666666664,52.06756077309033
covtype,sgd,AlwaysRebuild,58.416666666666664,52.51692739084261
covtype,sgd,AlwaysRebuild,58.736666666666665,52.966294008594886
covtype,sgd,AlwaysRebuild,59.696666666666665,54.31439386185172
covtype,sgd,AlwaysRebuild,59.80777777777778,54.47042393746015
covtype,sgd,AlwaysRebuild,60.05222222222222,54.8136901037987
covtype,sgd,AlwaysRebuild,60.163333333333334,54.969720179407126
covtype,sgd,AlwaysRebuild,60.40777777777778,55.31298634574567
covtype,sgd,AlwaysRebuild,60.62111111111111,55.61256409091386
covtype,sgd,AlwaysRebuild,60.763333333333335,55.81228258769265
covtype,sgd,AlwaysRebuild,61.11888888888889,56.31157882963962
covtype,sgd,AlwaysRebuild,61.23,56.467608905248056
covtype,sgd,AlwaysRebuild,61.34111111111111,56.623638980856484
covtype,sgd,AlwaysRebuild,61.452222222222225,56.77966905646491
covtype,sgd,AlwaysRebuild,61.58111111111111,56.96066394417069
covtype,sgd,AlwaysRebuild,61.69222222222222,57.116694019779125
covtype,sgd,AlwaysRebuild,61.803333333333335,57.27272409538755
covtype,sgd,AlwaysRebuild,61.91444444444444,57.42875417099598
covtype,sgd,AlwaysRebuild,62.114444444444445,57.70960830709115
covtype,sgd,AlwaysRebuild,62.25666666666667,57.909326803869945
covtype,sgd,AlwaysRebuild,62.47,58.20890454903813
covtype,sgd,AlwaysRebuild,62.68333333333333,58.50848229420632
covtype,sgd,AlwaysRebuild,62.82555555555555,58.70820079098511
covtype,sgd,AlwaysRebuild,63.03888888888889,59.00777853615329
covtype,sgd,AlwaysRebuild,63.181111111111115,59.20749703293208
covtype,sgd,AlwaysRebuild,63.57222222222222,59.75672289907376
covtype,sgd,AlwaysRebuild,63.92777777777778,60.25601914102073
covtype,sgd,AlwaysRebuild,64.14111111111112,60.555596886188916
covtype,sgd,AlwaysRebuild,64.25222222222222,60.71162696179735
covtype,sgd,AlwaysRebuild,64.53222222222222,61.10482275233059
covtype,sgd,AlwaysRebuild,64.71,61.35447087330408
covtype,sgd,AlwaysRebuild,64.9588888888889,61.70397824266696
covtype,sgd,AlwaysRebuild,67.48333333333333,63.26427899875126
covtype,sgd,AlwaysRebuild,67.59444444444445,63.42030907435969
covtype,sgd,AlwaysRebuild,67.76777777777778,63.66371599230884
covtype,sgd,AlwaysRebuild,67.94555555555556,63.91336411328233
covtype,sgd,AlwaysRebuild,68.12333333333333,64.16301223425582
covtype,sgd,AlwaysRebuild,68.26555555555555,64.3627307310346
covtype,sgd,AlwaysRebuild,68.44333333333333,64.61237885200809
covtype,sgd,AlwaysRebuild,68.6211111111111,64.86202697298158
covtype,sgd,AlwaysRebuild,68.90555555555555,65.26146396653917
covtype,sgd,AlwaysRebuild,69.15444444444445,65.61097133590205
covtype,sgd,AlwaysRebuild,69.29666666666667,65.81068983268084
covtype,sgd,AlwaysRebuild,69.54555555555555,66.16019720204372
covtype,sgd,AlwaysRebuild,69.72333333333333,66.40984532301721
covtype,sgd,AlwaysRebuild,69.97222222222223,66.75935269238009
covtype,sgd,AlwaysRebuild,70.18555555555555,67.05893043754827
covtype,sgd,AlwaysRebuild,70.29666666666667,67.21496051315671
covtype,sgd,AlwaysRebuild,70.5411111111111,67.55822667949525
covtype,sgd,AlwaysRebuild,70.65222222222222,67.71425675510368
covtype,sgd,AlwaysRebuild,70.82555555555555,67.95766367305283
covtype,sgd,AlwaysRebuild,71.07444444444444,68.30717104241572
covtype,sgd,AlwaysRebuild,71.25222222222222,68.5568191633892
covtype,sgd,AlwaysRebuild,71.60777777777778,69.05611540533617
covtype,sgd,AlwaysRebuild,71.71888888888888,69.21214548094461
covtype,sgd,AlwaysRebuild,71.89222222222222,69.45555239889376
covtype,sgd,AlwaysRebuild,72.03444444444445,69.65527089567254
covtype,sgd,AlwaysRebuild,72.21222222222222,69.90491901664603
covtype,sgd,AlwaysRebuild,72.49666666666667,70.30435601020362
covtype,sgd,AlwaysRebuild,72.99444444444444,71.00337074892938
covtype,sgd,AlwaysRebuild,73.24333333333334,71.35287811829227
covtype,sgd,AlwaysRebuild,73.35444444444444,71.5089081939007
covtype,sgd,AlwaysRebuild,73.5988888888889,71.85217436023925
covtype,sgd,AlwaysRebuild,73.95444444444445,72.35147060218623
covtype,sgd,AlwaysRebuild,74.27444444444444,72.8008372199385
covtype,sgd,AlwaysRebuild,74.52333333333333,73.15034458930138
covtype,sgd,AlwaysRebuild,74.66555555555556,73.35006308608017
covtype,sgd,AlwaysRebuild,74.91444444444444,73.69957045544305
covtype,sgd,AlwaysRebuild,75.16333333333333,74.04907782480593
covtype,sgd,AlwaysRebuild,75.69666666666667,74.7980221877264
covtype,sgd,AlwaysRebuild,75.91,75.09759993289458
covtype,sgd,AlwaysRebuild,76.33666666666667,75.69675542323095
covtype,sgd,AlwaysRebuild,76.55,75.99633316839915
covtype,sgd,AlwaysRebuild,76.79888888888888,76.34584053776203
covtype,sgd,AlwaysRebuild,76.97666666666667,76.59548865873552
covtype,sgd,AlwaysRebuild,77.15444444444445,76.845136779709
covtype,sgd,AlwaysRebuild,77.40333333333334,77.19464414907188
covtype,sgd,AlwaysRebuild,77.65222222222222,77.54415151843476
covtype,sgd,AlwaysRebuild,77.79444444444445,77.74387001521356
covtype,sgd,AlwaysRebuild,78.00777777777778,78.04344776038174
covtype,sgd,AlwaysRebuild,78.32777777777778,78.49281437813401
covtype,sgd,AlwaysRebuild,78.43888888888888,78.64884445374246
covtype,sgd,AlwaysRebuild,78.64777777777778,78.9421809958863
covtype,sgd,AlwaysRebuild,78.75888888888889,79.09821107149473
covtype,sgd,AlwaysRebuild,78.93222222222222,79.34161798944388
covtype,sgd,AlwaysRebuild,79.04333333333334,79.4976480650523
covtype,sgd,AlwaysRebuild,79.25222222222222,79.79098460719615
covtype,sgd,AlwaysRebuild,79.60777777777778,80.29028084914313
covtype,sgd,AlwaysRebuild,79.92777777777778,80.7396474668954
covtype,sgd,AlwaysRebuild,80.24777777777778,81.1890140846477
covtype,sgd,AlwaysRebuild,80.56777777777778,81.63838070239997
covtype,sgd,AlwaysRebuild,80.85222222222222,82.03781769595754
covtype,sgd,AlwaysRebuild,81.06555555555556,82.33739544112574
covtype,sgd,AlwaysRebuild,81.17666666666666,82.49342551673416
covtype,sgd,AlwaysRebuild,81.35,82.73683243468331
covtype,sgd,AlwaysRebuild,81.49222222222222,82.93655093146211
covtype,sgd,AlwaysRebuild,81.70555555555555,83.23612867663029
covtype,sgd,AlwaysRebuild,81.81666666666666,83.39215875223871
covtype,sgd,AlwaysRebuild,82.06111111111112,83.73542491857727
covtype,sgd,AlwaysRebuild,82.20333333333333,83.93514341535605
covtype,sgd,AlwaysRebuild,82.38111111111111,84.18479153632954
covtype,sgd,AlwaysRebuild,82.52333333333333,84.38451003310833
covtype,sgd,AlwaysRebuild,82.70111111111112,84.63415815408182
covtype,sgd,AlwaysRebuild,82.8788888888889,84.8838062750553
covtype,sgd,AlwaysRebuild,83.27,85.43303214119699
covtype,sgd,AlwaysRebuild,83.5188888888889,85.78253951055987
covtype,sgd,AlwaysRebuild,83.91,86.33176537670154
covtype,sgd,AlwaysRebuild,84.19444444444444,86.73120237025913
covtype,sgd,AlwaysRebuild,84.40777777777778,87.0307801154273
covtype,sgd,AlwaysRebuild,84.55,87.23049861220609
covtype,sgd,AlwaysRebuild,84.83444444444444,87.62993560576368
covtype,sgd,AlwaysRebuild,85.15444444444445,88.07930222351595
covtype,sgd,AlwaysRebuild,85.47444444444444,88.52866884126823
covtype,sgd,AlwaysRebuild,85.58555555555556,88.68469891687666
covtype,sgd,AlwaysRebuild,85.75888888888889,88.92810583482581
covtype,sgd,AlwaysRebuild,85.9011111111111,89.1278243316046
covtype,sgd,AlwaysRebuild,86.07888888888888,89.37747245257809
covtype,sgd,AlwaysRebuild,86.19,89.53350252818652
covtype,sgd,AlwaysRebuild,86.47,89.92669831871976
covtype,sgd,AlwaysRebuild,87.00333333333333,90.67564268164023
covtype,sgd,AlwaysRebuild,87.32333333333334,91.1250092993925
covtype,sgd,AlwaysRebuild,87.64333333333333,91.57437591714478
covtype,sgd,AlwaysRebuild,87.82111111111111,91.82402403811827
covtype,sgd,AlwaysRebuild,87.96333333333334,92.02374253489707
covtype,sgd,AlwaysRebuild,88.21222222222222,92.37324990425995
covtype,sgd,AlwaysRebuild,88.39,92.62289802523344
covtype,sgd,AlwaysRebuild,88.50111111111111,92.77892810084187
covtype,sgd,AlwaysRebuild,88.63888888888889,92.97240539459632
covtype,sgd,AlwaysRebuild,88.81666666666666,93.2220535155698
covtype,sgd,AlwaysRebuild,88.9588888888889,93.4217720123486
covtype,sgd,AlwaysRebuild,89.13666666666667,93.67142013332209
covtype,sgd,AlwaysRebuild,89.35,93.97099787849027
covtype,sgd,AlwaysRebuild,89.52777777777777,94.22064599946376
covtype,sgd,AlwaysRebuild,89.81222222222222,94.62008299302134
covtype,sgd,AlwaysRebuild,94.43444444444444,96.18038374910563
covtype,sgd,AlwaysRebuild,96.03444444444445,97.74068450518993
covtype,sgd,AlwaysRebuild,96.28333333333333,98.09019187455281
covtype,sgd,AlwaysRebuild,96.53222222222222,98.4396992439157
covtype,sgd,AlwaysRebuild,97.88333333333334,100.0
covtype,sgd,AlwaysRebuild,100.0,100.0
covtype,sgd,MechanismSelector,0.0,0.0
covtype,sgd,MechanismSelector,1.5633333333333332,0.0
covtype,sgd,MechanismSelector,2.132222222222222,0.7995121501243997
covtype,sgd,MechanismSelector,2.701111111111111,0.7995121501243997
covtype,sgd,MechanismSelector,3.9455555555555555,0.9427477595329383
covtype,sgd,MechanismSelector,4.941111111111111,0.9438649348742947
covtype,sgd,MechanismSelector,5.332222222222223,1.4935292455284277
covtype,sgd,MechanismSelector,5.7588888888888885,1.4935292455284277
covtype,sgd,MechanismSelector,6.576666666666667,2.6428280588510495
covtype,sgd,MechanismSelector,6.7188888888888885,2.84254655562984
covtype,sgd,MechanismSelector,7.252222222222223,2.84254655562984
covtype,sgd,MechanismSelector,7.394444444444445,3.04226505240863
covtype,sgd,MechanismSelector,7.5055555555555555,3.19829512801706
covtype,sgd,MechanismSelector,7.616666666666666,3.35432520362549
covtype,sgd,MechanismSelector,8.034444444444444,3.35432520362549
covtype,sgd,MechanismSelector,8.283333333333333,3.703832572988373
covtype,sgd,MechanismSelector,8.78111111111111,3.704391160659051
covtype,sgd,MechanismSelector,8.994444444444444,4.003968905827237
covtype,sgd,MechanismSelector,10.87888888888889,4.003968905827237
covtype,sgd,MechanismSelector,12.194444444444445,4.003968905827237
covtype,sgd,MechanismSelector,12.372222222222222,4.2536170268007245
covtype,sgd,MechanismSelector,12.585555555555555,4.55319477196891
covtype,sgd,MechanismSelector,14.114444444444445,6.114743768658077
covtype,sgd,MechanismSelector,14.225555555555555,6.270773844266507
covtype,sgd,MechanismSelector,14.363333333333333,6.464251138020959
covtype,sgd,MechanismSelector,14.54111111111111,6.713899258994448
covtype,sgd,MechanismSelector,14.652222222222223,6.869929334602877
covtype,sgd,MechanismSelector,14.825555555555555,7.113336252552028
covtype,sgd,MechanismSelector,15.074444444444444,7.462843621914911
covtype,sgd,MechanismSelector,15.216666666666667,7.662562118693701
covtype,sgd,MechanismSelector,15.327777777777778,7.8185921943021315
covtype,sgd,MechanismSelector,15.465555555555556,8.012069488056584
covtype,sgd,MechanismSelector,15.643333333333333,8.261717609030072
covtype,sgd,MechanismSelector,15.785555555555556,8.461436105808863
covtype,sgd,MechanismSelector,15.927777777777777,8.661154602587652
covtype,sgd,MechanismSelector,16.176666666666666,9.010661971950535
covtype,sgd,MechanismSelector,16.31888888888889,9.210380468729326
covtype,sgd,MechanismSelector,16.43,9.366410544337755
covtype,sgd,MechanismSelector,16.567777777777778,9.559887838092209
covtype,sgd,MechanismSelector,16.71,9.759606334871
covtype,sgd,MechanismSelector,16.82111111111111,9.91563641047943
covtype,sgd,MechanismSelector,17.03,10.208972952623277
covtype,sgd,MechanismSelector,17.243333333333332,10.508550697791463
covtype,sgd,MechanismSelector,17.563333333333333,10.508550697791463
covtype,sgd,MechanismSelector,18.096666666666668,10.508550697791463
covtype,sgd,MechanismSelector,18.31,10.808128442959648
covtype,sgd,MechanismSelector,19.447777777777777,10.808128442959648
covtype,sgd,MechanismSelector,19.732222222222223,10.808128442959648
covtype,sgd,MechanismSelector,20.123333333333335,10.808128442959648
covtype,sgd,MechanismSelector,20.514444444444443,10.808128442959648
covtype,sgd,MechanismSelector,20.656666666666666,11.007846939738439
covtype,sgd,MechanismSelector,22.256666666666668,11.007846939738439
covtype,sgd,MechanismSelector,22.647777777777776,11.007846939738439
covtype,sgd,MechanismSelector,23.074444444444445,11.007846939738439
covtype,sgd,MechanismSelector,23.43,11.007846939738439
covtype,sgd,MechanismSelector,23.82111111111111,11.007846939738439
covtype,sgd,MechanismSelector,23.932222222222222,11.163877015346868
covtype,sgd,MechanismSelector,24.247777777777777,11.163877015346868
covtype,sgd,MechanismSelector,24.532222222222224,11.56363231025869
covtype,sgd,MechanismSelector,24.816666666666666,11.963387605170512
covtype,sgd,MechanismSelector,25.101111111111113,11.963387605170512
covtype,sgd,MechanismSelector,25.212222222222223,12.119417680778943
covtype,sgd,MechanismSelector,25.456666666666667,12.462683847117487
covtype,sgd,MechanismSelector,25.634444444444444,12.712331968090975
covtype,sgd,MechanismSelector,25.883333333333333,13.06183933745386
covtype,sgd,MechanismSelector,26.06111111111111,13.311487458427347
covtype,sgd,MechanismSelector,26.31,13.66099482779023
covtype,sgd,MechanismSelector,26.558888888888887,14.010502197153112
covtype,sgd,MechanismSelector,26.985555555555557,14.010502197153112
covtype,sgd,MechanismSelector,27.305555555555557,14.010502197153112
covtype,sgd,MechanismSelector,27.732222222222223,14.010502197153112
covtype,sgd,MechanismSelector,27.874444444444446,14.210220693931904
covtype,sgd,MechanismSelector,31.67888888888889,14.210220693931904
covtype,sgd,MechanismSelector,32.105555555555554,14.809855196600392
covtype,sgd,MechanismSelector,32.638888888888886,14.810454352090728
covtype,sgd,MechanismSelector,34.38111111111111,14.810454352090728
covtype,sgd,MechanismSelector,34.80777777777778,14.810454352090728
covtype,sgd,MechanismSelector,35.66111111111111,14.810454352090728
covtype,sgd,MechanismSelector,36.08777777777778,14.810454352090728
covtype,sgd,MechanismSelector,36.51444444444444,14.810454352090728
covtype,sgd,MechanismSelector,37.083333333333336,14.810454352090728
covtype,sgd,MechanismSelector,37.367777777777775,15.21020964700255
covtype,sgd,MechanismSelector,37.47888888888889,15.36623972261098
covtype,sgd,MechanismSelector,37.83,15.36623972261098
covtype,sgd,MechanismSelector,37.97222222222222,15.56595821938977
covtype,sgd,MechanismSelector,38.18555555555555,15.865535964557955
covtype,sgd,MechanismSelector,38.29666666666667,16.021566040166384
covtype,sgd,MechanismSelector,38.47,16.264972958115536
covtype,sgd,MechanismSelector,38.647777777777776,16.514621079089025
covtype,sgd,MechanismSelector,38.89666666666667,16.864128448451908
covtype,sgd,MechanismSelector,39.074444444444445,17.113776569425394
covtype,sgd,MechanismSelector,39.18555555555555,17.269806645033825
covtype,sgd,MechanismSelector,39.35888888888889,17.513213562982976
covtype,sgd,MechanismSelector,39.47,17.669243638591407
covtype,sgd,MechanismSelector,39.58111111111111,17.825273714199835
covtype,sgd,MechanismSelector,39.89222222222222,17.825273714199835
covtype,sgd,MechanismSelector,42.63,17.825273714199835
covtype,sgd,MechanismSelector,43.056666666666665,17.825273714199835
covtype,sgd,MechanismSelector,43.483333333333334,17.825273714199835
covtype,sgd,MechanismSelector,43.87444444444444,17.825273714199835
covtype,sgd,MechanismSelector,44.26555555555556,17.825273714199835
covtype,sgd,MechanismSelector,44.656666666666666,17.825273714199835
covtype,sgd,MechanismSelector,45.047777777777775,17.825273714199835
covtype,sgd,MechanismSelector,45.367777777777775,17.825273714199835
covtype,sgd,MechanismSelector,45.83,17.825791734050856
covtype,sgd,MechanismSelector,48.14111111111111,17.825791734050856
covtype,sgd,MechanismSelector,48.49666666666667,17.825791734050856
covtype,sgd,MechanismSelector,48.88777777777778,17.825791734050856
covtype,sgd,MechanismSelector,49.24333333333333,17.826191171044414
covtype,sgd,MechanismSelector,49.52777777777778,17.826191171044414
covtype,sgd,MechanismSelector,49.638888888888886,17.98222124665284
covtype,sgd,MechanismSelector,49.84777777777778,18.27555778879669
covtype,sgd,MechanismSelector,49.958888888888886,18.43158786440512
covtype,sgd,MechanismSelector,50.07,18.58761794001355
covtype,sgd,MechanismSelector,50.23888888888889,18.824783654938365
covtype,sgd,MechanismSelector,50.35,18.980813730546796
covtype,sgd,MechanismSelector,50.59444444444444,19.32407989688534
covtype,sgd,MechanismSelector,50.705555555555556,19.48010997249377
covtype,sgd,MechanismSelector,50.98555555555556,19.480423592945744
covtype,sgd,MechanismSelector,51.12777777777778,19.680142089724534
covtype,sgd,MechanismSelector,51.87444444444444,19.680142089724534
covtype,sgd,MechanismSelector,53.90111111111111,19.6813903303294
covtype,sgd,MechanismSelector,54.71888888888889,20.830689143652023
covtype,sgd,MechanismSelector,55.181111111111115,20.83120716350304
covtype,sgd,MechanismSelector,56.07,20.83120716350304
covtype,sgd,MechanismSelector,56.39,21.28093265042922
covtype,sgd,MechanismSelector,56.67444444444445,21.68068794534104
covtype,sgd,MechanismSelector,56.785555555555554,21.836718020949473
covtype,sgd,MechanismSelector,56.89666666666667,21.9927480965579
covtype,sgd,MechanismSelector,57.03,22.179984187288017
covtype,sgd,MechanismSelector,57.14111111111111,22.336014262896448
covtype,sgd,MechanismSelector,57.42111111111111,22.336014262896448
covtype,sgd,MechanismSelector,58.80777777777778,23.897563259585613
covtype,sgd,MechanismSelector,58.91888888888889,24.053593335194044
covtype,sgd,MechanismSelector,59.27,24.053593335194044
covtype,sgd,MechanismSelector,59.62555555555556,24.053593335194044
covtype,sgd,MechanismSelector,59.91,24.053593335194044
covtype,sgd,MechanismSelector,60.08777777777778,24.30324145616753
covtype,sgd,MechanismSelector,60.336666666666666,24.652748825530416
covtype,sgd,MechanismSelector,60.47888888888889,24.852467322309206
covtype,sgd,MechanismSelector,61.33222222222222,26.051736327646182
covtype,sgd,MechanismSelector,61.443333333333335,26.207766403254613
covtype,sgd,MechanismSelector,61.65222222222222,26.50110294539846
covtype,sgd,MechanismSelector,61.83,26.750751066371947
covtype,sgd,MechanismSelector,61.94111111111111,26.906781141980378
covtype,sgd,MechanismSelector,62.221111111111114,26.906781141980378
covtype,sgd,MechanismSelector,62.33222222222222,27.06281121758881
covtype,sgd,MechanismSelector,62.443333333333335,27.21884129319724
covtype,sgd,MechanismSelector,62.68333333333333,27.555866256511447
covtype,sgd,MechanismSelector,62.861111111111114,27.805514377484936
covtype,sgd,MechanismSelector,63.03888888888889,28.055162498458422
covtype,sgd,MechanismSelector,63.181111111111115,28.25488099523721
covtype,sgd,MechanismSelector,63.57222222222222,28.804545305891345
covtype,sgd,MechanismSelector,63.92777777777778,29.30424098483188
covtype,sgd,MechanismSelector,64.14111111111112,29.603818730000064
covtype,sgd,MechanismSelector,64.25222222222222,29.759848805608495
covtype,sgd,MechanismSelector,64.53222222222222,29.760162426060468
covtype,sgd,MechanismSelector,64.71,30.009810547033954
covtype,sgd,MechanismSelector,64.9588888888889,30.35931791639684
covtype,sgd,MechanismSelector,67.48333333333333,30.360566157001706
covtype,sgd,MechanismSelector,67.59444444444445,30.516596232610137
covtype,sgd,MechanismSelector,67.76777777777778,30.760003150559285
covtype,sgd,MechanismSelector,67.94555555555556,31.009651271532775
covtype,sgd,MechanismSelector,68.12333333333333,31.25929939250626
covtype,sgd,MechanismSelector,68.26555555555555,31.459017889285054
covtype,sgd,MechanismSelector,68.44333333333333,31.70866601025854
covtype,sgd,MechanismSelector,68.6211111111111,31.95831413123203
covtype,sgd,MechanismSelector,68.90555555555555,32.35806942614385
covtype,sgd,MechanismSelector,69.15444444444445,32.70757679550673
covtype,sgd,MechanismSelector,69.29666666666667,32.907295292285525
covtype,sgd,MechanismSelector,69.54555555555555,33.25680266164841
covtype,sgd,MechanismSelector,69.72333333333333,33.5064507826219
covtype,sgd,MechanismSelector,69.97222222222223,33.85595815198478
covtype,sgd,MechanismSelector,70.18555555555555,34.155535897152966
covtype,sgd,MechanismSelector,70.29666666666667,34.31156597276139
covtype,sgd,MechanismSelector,70.5411111111111,34.65483213909994
covtype,sgd,MechanismSelector,70.65222222222222,34.810862214708365
covtype,sgd,MechanismSelector,70.82555555555555,35.05426913265752
covtype,sgd,MechanismSelector,71.07444444444444,35.4037765020204
covtype,sgd,MechanismSelector,71.25222222222222,35.65342462299389
covtype,sgd,MechanismSelector,71.60777777777778,35.65342462299389
covtype,sgd,MechanismSelector,71.92777777777778,35.65342462299389
covtype,sgd,MechanismSelector,72.24777777777778,35.65342462299389
covtype,sgd,MechanismSelector,72.60333333333334,35.65342462299389
covtype,sgd,MechanismSelector,72.92333333333333,35.65342462299389
covtype,sgd,MechanismSelector,73.10111111111111,35.90307274396738
covtype,sgd,MechanismSelector,73.27888888888889,36.15272086494087
covtype,sgd,MechanismSelector,73.56333333333333,36.15272086494087
covtype,sgd,MechanismSelector,73.74111111111111,36.40236898591435
covtype,sgd,MechanismSelector,73.95444444444445,36.701946731082536
covtype,sgd,MechanismSelector,74.16777777777777,37.00152447625072
covtype,sgd,MechanismSelector,74.31,37.201242973029515
covtype,sgd,MechanismSelector,74.52333333333333,37.5008207181977
covtype,sgd,MechanismSelector,74.66555555555556,37.70053921497649
covtype,sgd,MechanismSelector,74.91444444444444,38.05004658433938
covtype,sgd,MechanismSelector,75.16333333333333,38.39955395370226
covtype,sgd,MechanismSelector,75.69666666666667,39.149097472113056
covtype,sgd,MechanismSelector,75.91,39.44867521728124
covtype,sgd,MechanismSelector,76.33666666666667,39.44867521728124
covtype,sgd,MechanismSelector,76.6211111111111,39.84843051219306
covtype,sgd,MechanismSelector,76.79888888888888,40.09807863316655
covtype,sgd,MechanismSelector,77.04777777777778,40.447586002529434
covtype,sgd,MechanismSelector,77.40333333333334,40.447586002529434
covtype,sgd,MechanismSelector,77.68777777777778,40.447586002529434
covtype,sgd,MechanismSelector,78.00777777777778,40.447586002529434
covtype,sgd,MechanismSelector,78.32777777777778,40.447586002529434
covtype,sgd,MechanismSelector,78.64777777777778,40.447586002529434
covtype,sgd,MechanismSelector,78.93222222222222,40.447586002529434
covtype,sgd,MechanismSelector,79.14555555555556,40.74716374769762
covtype,sgd,MechanismSelector,79.39444444444445,41.0966711170605
covtype,sgd,MechanismSelector,79.53666666666666,41.296389613839295
covtype,sgd,MechanismSelector,79.71444444444444,41.54603773481278
covtype,sgd,MechanismSelector,79.85666666666667,41.74575623159157
covtype,sgd,MechanismSelector,80.07,42.04533397675976
covtype,sgd,MechanismSelector,80.21222222222222,42.24505247353855
covtype,sgd,MechanismSelector,80.35444444444444,42.444770970317336
covtype,sgd,MechanismSelector,80.49666666666667,42.64448946709613
covtype,sgd,MechanismSelector,80.74555555555555,42.99399683645901
covtype,sgd,MechanismSelector,80.92333333333333,43.2436449574325
covtype,sgd,MechanismSelector,81.06555555555556,43.44336345421129
covtype,sgd,MechanismSelector,86.04333333333334,43.44336345421129
covtype,sgd,MechanismSelector,86.36333333333333,43.44336345421129
covtype,sgd,MechanismSelector,86.68333333333334,43.44336345421129
covtype,sgd,MechanismSelector,87.00333333333333,43.44336345421129
covtype,sgd,MechanismSelector,87.25222222222222,43.79287082357417
covtype,sgd,MechanismSelector,87.39444444444445,43.99258932035296
covtype,sgd,MechanismSelector,87.50555555555556,44.14861939596139
covtype,sgd,MechanismSelector,87.61666666666666,44.304649471569824
covtype,sgd,MechanismSelector,87.72777777777777,44.46067954717825
covtype,sgd,MechanismSelector,87.89222222222222,44.69160405907873
covtype,sgd,MechanismSelector,88.07,44.94125218005222
covtype,sgd,MechanismSelector,88.18111111111111,45.097282255660645
covtype,sgd,MechanismSelector,88.31888888888889,45.2907595494151
covtype,sgd,MechanismSelector,88.53222222222222,45.590337294583286
covtype,sgd,MechanismSelector,88.64333333333333,45.74636737019171
covtype,sgd,MechanismSelector,88.88777777777777,46.08963353653026
covtype,sgd,MechanismSelector,89.03,46.28935203330905
covtype,sgd,MechanismSelector,89.14111111111112,46.44538210891748
covtype,sgd,MechanismSelector,89.27888888888889,46.63885940267193
covtype,sgd,MechanismSelector,89.49222222222222,46.93843714784012
covtype,sgd,MechanismSelector,91.41222222222223,48.49998614452929
covtype,sgd,MechanismSelector,91.55444444444444,48.699704641308074
covtype,sgd,MechanismSelector,95.14555555555556,48.699704641308074
covtype,sgd,MechanismSelector,95.67888888888889,48.699704641308074
covtype,sgd,MechanismSelector,96.03444444444445,48.699704641308074
covtype,sgd,MechanismSelector,96.28333333333333,49.049212010670956
covtype,sgd,MechanismSelector,96.53222222222222,49.39871938003384
covtype,sgd,MechanismSelector,97.88333333333334,49.39871938003384
covtype,sgd,MechanismSelector,98.20333333333333,49.39871938003384
covtype,sgd,MechanismSelector,98.48777777777778,49.39903768138808
covtype,sgd,MechanismSelector,98.80777777777777,49.39903768138808
covtype,sgd,MechanismSelector,99.12777777777778,49.39903768138808
covtype,sgd,MechanismSelector,100.0,49.39903768138808
covtype,sgd,FixedSchedule,0.0,0.0
covtype,sgd,FixedSchedule,1.5633333333333332,0.0012482406048674394
covtype,sgd,FixedSchedule,4.905555555555556,0.002496481209734879
covtype,sgd,FixedSchedule,5.972222222222222,1.500385207050662
covtype,sgd,FixedSchedule,7.252222222222223,1.5016334476555295
covtype,sgd,FixedSchedule,7.394444444444445,1.50179259833265
covtype,sgd,FixedSchedule,7.536666666666667,1.7015110951114405
covtype,sgd,FixedSchedule,7.714444444444444,1.7017108136082193
covtype,sgd,FixedSchedule,7.963333333333333,1.7019901074435584
covtype,sgd,FixedSchedule,8.176666666666666,2.0015678526117435
covtype,sgd,FixedSchedule,8.532222222222222,2.001967289605301
covtype,sgd,FixedSchedule,8.745555555555555,2.0022060156209824
covtype,sgd,FixedSchedule,8.994444444444444,2.3517133849838654
covtype,sgd,FixedSchedule,10.025555555555556,2.35287112814488
covtype,sgd,FixedSchedule,10.87888888888889,2.3538291528091158
covtype,sgd,FixedSchedule,12.194444444444445,3.9141299088934147
covtype,sgd,FixedSchedule,12.407777777777778,3.9143686349090956
covtype,sgd,FixedSchedule,14.114444444444445,3.915616875513963
covtype,sgd,FixedSchedule,14.327777777777778,4.215194620682149
covtype,sgd,FixedSchedule,14.438888888888888,4.215319444742636
covtype,sgd,FixedSchedule,14.55,4.215444268803122
covtype,sgd,FixedSchedule,14.754444444444445,4.502539607922633
covtype,sgd,FixedSchedule,15.252222222222223,4.503098195593311
covtype,sgd,FixedSchedule,15.536666666666667,4.503416496947552
covtype,sgd,FixedSchedule,15.678888888888888,4.7031349937263425
covtype,sgd,FixedSchedule,15.79,4.7032598177868294
covtype,sgd,FixedSchedule,15.927777777777777,4.703414287561682
covtype,sgd,FixedSchedule,16.07,4.903132784340472
covtype,sgd,FixedSchedule,16.18111111111111,4.903257608400959
covtype,sgd,FixedSchedule,16.39,4.903491653514371
covtype,sgd,FixedSchedule,16.50111111111111,5.059521729122801
covtype,sgd,FixedSchedule,16.71,5.059755774236214
covtype,sgd,FixedSchedule,16.82111111111111,5.059880598296701
covtype,sgd,FixedSchedule,16.95888888888889,5.253357892051154
covtype,sgd,FixedSchedule,17.17222222222222,5.253596618066835
covtype,sgd,FixedSchedule,19.02111111111111,5.254844858671702
covtype,sgd,FixedSchedule,19.305555555555557,5.654281852229283
covtype,sgd,FixedSchedule,19.732222222222223,5.654760864561401
covtype,sgd,FixedSchedule,20.052222222222223,5.6551197337353
covtype,sgd,FixedSchedule,20.194444444444443,5.8548382305140905
covtype,sgd,FixedSchedule,20.44333333333333,5.85511752434943
covtype,sgd,FixedSchedule,20.621111111111112,5.855317242846208
covtype,sgd,FixedSchedule,20.941111111111113,6.3046838605984865
covtype,sgd,FixedSchedule,21.083333333333332,6.304843011275607
covtype,sgd,FixedSchedule,21.261111111111113,6.305042729772386
covtype,sgd,FixedSchedule,21.403333333333332,6.504761226551176
covtype,sgd,FixedSchedule,21.65222222222222,6.505040520386515
covtype,sgd,FixedSchedule,21.83,6.505240238883294
covtype,sgd,FixedSchedule,22.043333333333333,6.804817984051479
covtype,sgd,FixedSchedule,22.22111111111111,6.805017702548258
covtype,sgd,FixedSchedule,22.647777777777776,6.805496714880376
covtype,sgd,FixedSchedule,22.967777777777776,7.254863332632654
covtype,sgd,FixedSchedule,23.394444444444446,7.255342344964772
covtype,sgd,FixedSchedule,23.536666666666665,7.255501495641893
covtype,sgd,FixedSchedule,23.75,7.555079240810078
covtype,sgd,FixedSchedule,23.927777777777777,7.555278959306857
covtype,sgd,FixedSchedule,24.141111111111112,7.555517685322538
covtype,sgd,FixedSchedule,24.31888888888889,7.805165806296026
covtype,sgd,FixedSchedule,24.60333333333333,7.805484107650267
covtype,sgd,FixedSchedule,24.781111111111112,7.805683826147046
covtype,sgd,FixedSchedule,25.065555555555555,8.205120819704627
covtype,sgd,FixedSchedule,25.20777777777778,8.205279970381747
covtype,sgd,FixedSchedule,25.52777777777778,8.205638839555647
covtype,sgd,FixedSchedule,25.63888888888889,8.361668915164076
covtype,sgd,FixedSchedule,25.883333333333333,8.361943528097147
covtype,sgd,FixedSchedule,26.06111111111111,8.362143246593925
covtype,sgd,FixedSchedule,26.345555555555556,8.761580240151506
covtype,sgd,FixedSchedule,26.48777777777778,8.761739390828627
covtype,sgd,FixedSchedule,26.878888888888888,8.762177835341086
covtype,sgd,FixedSchedule,27.27,9.31140370148276
covtype,sgd,FixedSchedule,30.54111111111111,9.312651942087628
covtype,sgd,FixedSchedule,33.385555555555555,9.313900182692494
covtype,sgd,FixedSchedule,34.95,10.874200938776793
covtype,sgd,FixedSchedule,35.163333333333334,10.874439664792474
covtype,sgd,FixedSchedule,35.62555555555556,10.874957684643496
covtype,sgd,FixedSchedule,36.83444444444444,12.435258440727795
covtype,sgd,FixedSchedule,36.97666666666667,12.435417591404915
covtype,sgd,FixedSchedule,37.367777777777775,12.435856035917375
covtype,sgd,FixedSchedule,37.58111111111111,12.73543378108556
covtype,sgd,FixedSchedule,37.723333333333336,12.73559293176268
covtype,sgd,FixedSchedule,37.83444444444444,12.735717755823167
covtype,sgd,FixedSchedule,38.07888888888889,13.078983922161713
covtype,sgd,FixedSchedule,38.19,13.0791087462222
covtype,sgd,FixedSchedule,38.36333333333334,13.079302223515954
covtype,sgd,FixedSchedule,38.50555555555555,13.279020720294744
covtype,sgd,FixedSchedule,38.61666666666667,13.27914554435523
covtype,sgd,FixedSchedule,38.727777777777774,13.279270368415718
covtype,sgd,FixedSchedule,38.861111111111114,13.466506459145833
covtype,sgd,FixedSchedule,39.074444444444445,13.466745185161514
covtype,sgd,FixedSchedule,39.28777777777778,13.466983911177195
covtype,sgd,FixedSchedule,39.50111111111111,13.766561656345381
covtype,sgd,FixedSchedule,39.61222222222222,13.766686480405868
covtype,sgd,FixedSchedule,39.723333333333336,13.766811304466355
covtype,sgd,FixedSchedule,40.034444444444446,14.203695516169958
covtype,sgd,FixedSchedule,42.63,14.204943756774826
covtype,sgd,FixedSchedule,43.483333333333334,14.205901781439062
covtype,sgd,FixedSchedule,45.75888888888889,15.76620253752336
covtype,sgd,FixedSchedule,45.87,15.766327361583848
covtype,sgd,FixedSchedule,47.28777777777778,15.767575602188716
covtype,sgd,FixedSchedule,48.852222222222224,17.327876358273013
covtype,sgd,FixedSchedule,49.74111111111111,17.32887495075691
covtype,sgd,FixedSchedule,50.096666666666664,17.329274387750466
covtype,sgd,FixedSchedule,50.452222222222225,17.82857062969744
covtype,sgd,FixedSchedule,50.843333333333334,17.8290090742099
covtype,sgd,FixedSchedule,51.19888888888889,17.829408511203457
covtype,sgd,FixedSchedule,51.87444444444444,18.778071370902712
covtype,sgd,FixedSchedule,52.15888888888889,18.778389672256953
covtype,sgd,FixedSchedule,52.30111111111111,18.778548822934074
covtype,sgd,FixedSchedule,52.47888888888889,19.028196943907563
covtype,sgd,FixedSchedule,52.727777777777774,19.0284762377429
covtype,sgd,FixedSchedule,52.87,19.02863538842002
covtype,sgd,FixedSchedule,53.474444444444444,19.87743899972988
covtype,sgd,FixedSchedule,53.58555555555556,19.877563823790368
covtype,sgd,FixedSchedule,53.90111111111111,19.877918012061997
covtype,sgd,FixedSchedule,55.074444444444445,21.4382187681463
covtype,sgd,FixedSchedule,55.25222222222222,21.438418486643076
covtype,sgd,FixedSchedule,56.39,21.439666727247943
covtype,sgd,FixedSchedule,56.745555555555555,21.938962969194918
covtype,sgd,FixedSchedule,57.172222222222224,21.939441981527036
covtype,sgd,FixedSchedule,57.385555555555555,21.939680707542717
covtype,sgd,FixedSchedule,57.705555555555556,22.389047325294996
covtype,sgd,FixedSchedule,57.84777777777778,22.389206475972117
covtype,sgd,FixedSchedule,58.06111111111111,22.389445201987797
covtype,sgd,FixedSchedule,58.38111111111111,22.838811819740076
covtype,sgd,FixedSchedule,58.59444444444444,22.839050545755757
covtype,sgd,FixedSchedule,59.696666666666665,22.84028786425533
covtype,sgd,FixedSchedule,61.11888888888889,24.400588620339633
covtype,sgd,FixedSchedule,61.33222222222222,24.400827346355314
covtype,sgd,FixedSchedule,61.443333333333335,24.4009521704158
covtype,sgd,FixedSchedule,61.65222222222222,24.694288712559647
covtype,sgd,FixedSchedule,61.83,24.694488431056428
covtype,sgd,FixedSchedule,61.97222222222222,24.69464758173355
covtype,sgd,FixedSchedule,62.15,24.944295702707034
covtype,sgd,FixedSchedule,62.26111111111111,24.94442052676752
covtype,sgd,FixedSchedule,62.50555555555555,24.944695139700592
covtype,sgd,FixedSchedule,62.61666666666667,25.100725215309023
covtype,sgd,FixedSchedule,62.861111111111114,25.10099982824209
covtype,sgd,FixedSchedule,63.03888888888889,25.101199546738872
covtype,sgd,FixedSchedule,63.15,25.257229622347303
covtype,sgd,FixedSchedule,63.26111111111111,25.25735444640779
covtype,sgd,FixedSchedule,63.43,25.257543242799276
covtype,sgd,FixedSchedule,63.541111111111114,25.413573318407703
covtype,sgd,FixedSchedule,65.38555555555556,25.414821559012573
covtype,sgd,FixedSchedule,65.70555555555555,25.41518042818647
covtype,sgd,FixedSchedule,65.81666666666666,25.5712105037949
covtype,sgd,FixedSchedule,66.02555555555556,25.571444548908314
covtype,sgd,FixedSchedule,66.20333333333333,25.57164426740509
covtype,sgd,FixedSchedule,66.38111111111111,25.82129238837858
covtype,sgd,FixedSchedule,66.55888888888889,25.821492106875358
covtype,sgd,FixedSchedule,66.73666666666666,25.821691825372138
covtype,sgd,FixedSchedule,67.5188888888889,26.920143557655486
covtype,sgd,FixedSchedule,67.87444444444445,26.920542994649043
covtype,sgd,FixedSchedule,68.1588888888889,26.920861296003284
covtype,sgd,FixedSchedule,68.30111111111111,27.120579792782074
covtype,sgd,FixedSchedule,68.44333333333333,27.120738943459195
covtype,sgd,FixedSchedule,68.58555555555556,27.120898094136315
covtype,sgd,FixedSchedule,68.79888888888888,27.4204758393045
covtype,sgd,FixedSchedule,68.94111111111111,27.42063498998162
covtype,sgd,FixedSchedule,69.11888888888889,27.4208347084784
covtype,sgd,FixedSchedule,69.33222222222223,27.720412453646585
covtype,sgd,FixedSchedule,69.72333333333333,27.720850898159046
covtype,sgd,FixedSchedule,70.00777777777778,27.721169199513287
covtype,sgd,FixedSchedule,70.22111111111111,28.02074694468147
covtype,sgd,FixedSchedule,70.39888888888889,28.02094666317825
covtype,sgd,FixedSchedule,70.64777777777778,28.021225957013588
covtype,sgd,FixedSchedule,71.96333333333334,29.58152671309789
covtype,sgd,FixedSchedule,72.46111111111111,29.58208530076857
covtype,sgd,FixedSchedule,72.74555555555555,29.58240360212281
covtype,sgd,FixedSchedule,73.06555555555556,30.031770219875085
covtype,sgd,FixedSchedule,73.24333333333334,30.031969938371866
covtype,sgd,FixedSchedule,73.38555555555556,30.032129089048986
covtype,sgd,FixedSchedule,73.56333333333333,30.281777210022472
covtype,sgd,FixedSchedule,74.66555555555556,30.28301452852205
covtype,sgd,FixedSchedule,74.80777777777777,30.28317367919917
covtype,sgd,FixedSchedule,74.95,30.48289217597796
covtype,sgd,FixedSchedule,75.19888888888889,30.4831714698133
covtype,sgd,FixedSchedule,75.5188888888889,30.483530338987197
covtype,sgd,FixedSchedule,75.87444444444445,30.982826580934173
covtype,sgd,FixedSchedule,76.1588888888889,30.983144882288414
covtype,sgd,FixedSchedule,76.44333333333333,30.983463183642655
covtype,sgd,FixedSchedule,76.79888888888888,31.48275942558963
covtype,sgd,FixedSchedule,77.04777777777778,31.48303871942497
covtype,sgd,FixedSchedule,77.2611111111111,31.483277445440653
covtype,sgd,FixedSchedule,77.54555555555555,31.88271443899823
covtype,sgd,FixedSchedule,78.82555555555555,31.883962679603098
covtype,sgd,FixedSchedule,79.07444444444444,31.88424197343844
covtype,sgd,FixedSchedule,79.18555555555555,32.04027204904687
covtype,sgd,FixedSchedule,79.35888888888888,32.040465526340626
covtype,sgd,FixedSchedule,79.60777777777778,32.04074482017596
covtype,sgd,FixedSchedule,82.09666666666666,33.60104557626026
covtype,sgd,FixedSchedule,82.2388888888889,33.60120472693738
covtype,sgd,FixedSchedule,82.59444444444445,33.601604163930936
covtype,sgd,FixedSchedule,82.84333333333333,33.95111153329382
covtype,sgd,FixedSchedule,83.02111111111111,33.9513112517906
covtype,sgd,FixedSchedule,83.16333333333333,33.95147040246772
covtype,sgd,FixedSchedule,83.3411111111111,34.20111852344121
covtype,sgd,FixedSchedule,83.55444444444444,34.20135724945689
covtype,sgd,FixedSchedule,83.87444444444445,34.20171611863079
covtype,sgd,FixedSchedule,84.1588888888889,34.60115311218837
covtype,sgd,FixedSchedule,84.27,34.601277936248856
covtype,sgd,FixedSchedule,84.44333333333333,34.60147141354261
covtype,sgd,FixedSchedule,84.69222222222223,34.950978782905494
covtype,sgd,FixedSchedule,84.80333333333333,34.95110360696598
covtype,sgd,FixedSchedule,84.94111111111111,34.951258076740835
covtype,sgd,FixedSchedule,85.11888888888889,35.200906197714325
covtype,sgd,FixedSchedule,85.23,35.20103102177481
covtype,sgd,FixedSchedule,85.43888888888888,35.20126506688822
covtype,sgd,FixedSchedule,85.58111111111111,35.40098356366701
covtype,sgd,FixedSchedule,85.75888888888889,35.40118328216379
covtype,sgd,FixedSchedule,86.07888888888888,35.40154215133769
covtype,sgd,FixedSchedule,86.19,35.55757222694612
covtype,sgd,FixedSchedule,86.47,35.55788584739809
covtype,sgd,FixedSchedule,86.71888888888888,35.55816514123343
covtype,sgd,FixedSchedule,86.83,35.71419521684186
covtype,sgd,FixedSchedule,87.11,35.714508837293835
covtype,sgd,FixedSchedule,87.22111111111111,35.71463366135432
covtype,sgd,FixedSchedule,87.43,36.00797020349817
covtype,sgd,FixedSchedule,87.5411111111111,36.00809502755865
covtype,sgd,FixedSchedule,87.65222222222222,36.008219851619145
covtype,sgd,FixedSchedule,87.82111111111111,36.24538556654396
covtype,sgd,FixedSchedule,87.96333333333334,36.24554471722108
covtype,sgd,FixedSchedule,88.28333333333333,36.245903586394974
covtype,sgd,FixedSchedule,88.39444444444445,36.40193366200341
covtype,sgd,FixedSchedule,88.50555555555556,36.40205848606389
covtype,sgd,FixedSchedule,88.67444444444445,36.40224728245538
covtype,sgd,FixedSchedule,88.85222222222222,36.65189540342887
covtype,sgd,FixedSchedule,88.96333333333334,36.65202022748935
covtype,sgd,FixedSchedule,89.10111111111111,36.65217469726421
covtype,sgd,FixedSchedule,89.21222222222222,36.808204772872635
covtype,sgd,FixedSchedule,89.42111111111112,36.80843881798605
covtype,sgd,FixedSchedule,89.53222222222222,36.808563642046536
covtype,sgd,FixedSchedule,89.74111111111111,37.101900184190384
covtype,sgd,FixedSchedule,89.95444444444445,37.102138910206065
covtype,sgd,FixedSchedule,93.36777777777777,37.10338715081093
covtype,sgd,FixedSchedule,93.65222222222222,37.50282414436851
covtype,sgd,FixedSchedule,95.67888888888889,37.50407238497338
covtype,sgd,FixedSchedule,96.31888888888889,37.50479012332118
covtype,sgd,FixedSchedule,96.63888888888889,37.954156741073454
covtype,sgd,FixedSchedule,96.75,37.95428156513395
covtype,sgd,FixedSchedule,96.92333333333333,37.954475042427696
covtype,sgd,FixedSchedule,97.03444444444445,38.11050511803613
covtype,sgd,FixedSchedule,97.14555555555556,38.110629942096615
covtype,sgd,FixedSchedule,97.27888888888889,38.1107797309692
covtype,sgd,FixedSchedule,97.42111111111112,38.31049822774799
covtype,sgd,FixedSchedule,97.56333333333333,38.31065737842511
covtype,sgd,FixedSchedule,97.70555555555555,38.31081652910223
covtype,sgd,FixedSchedule,97.84777777777778,38.51053502588102
covtype,sgd,FixedSchedule,98.02555555555556,38.5107347443778
covtype,sgd,FixedSchedule,98.66555555555556,38.511452482725595
covtype,sgd,FixedSchedule,99.41222222222223,39.55997459081425
covtype,sgd,FixedSchedule,99.69666666666667,39.56029289216849
covtype,sgd,FixedSchedule,99.91,39.56053161818417
covtype,sgd,FixedSchedule,100.0,39.56053161818417
covtype,sgd,AlwaysNudge,0.0,0.0
covtype,sgd,AlwaysNudge,1.5633333333333332,0.0012482406048674394
covtype,sgd,AlwaysNudge,4.905555555555556,0.002496481209734879
covtype,sgd,AlwaysNudge,5.972222222222222,0.0036947921904076204
covtype,sgd,AlwaysNudge,7.252222222222223,0.00494303279527506
covtype,sgd,AlwaysNudge,7.394444444444445,0.005102183472395658
covtype,sgd,AlwaysNudge,8.034444444444444,0.005819921820194436
covtype,sgd,AlwaysNudge,8.145555555555555,0.00594474588068118
covtype,sgd,AlwaysNudge,8.283333333333333,0.006099215655533526
covtype,sgd,AlwaysNudge,8.532222222222222,0.006378509490872615
covtype,sgd,AlwaysNudge,8.78111111111111,0.006657803326211705
covtype,sgd,AlwaysNudge,8.994444444444444,0.006896529341892602
covtype,sgd,AlwaysNudge,9.172222222222222,0.007096247838671393
covtype,sgd,AlwaysNudge,9.283333333333333,0.007221071899158137
covtype,sgd,AlwaysNudge,9.394444444444444,0.007345895959644881
covtype,sgd,AlwaysNudge,9.505555555555556,0.007470720020131625
covtype,sgd,AlwaysNudge,9.634444444444444,0.00761426768969138
covtype,sgd,AlwaysNudge,9.745555555555555,0.007739091750178124
covtype,sgd,AlwaysNudge,9.856666666666667,0.007863915810664868
covtype,sgd,AlwaysNudge,9.99,0.00801370468324896
covtype,sgd,AlwaysNudge,10.101111111111111,0.008138528743735704
covtype,sgd,AlwaysNudge,10.238888888888889,0.00829299851858805
covtype,sgd,AlwaysNudge,10.35,0.008417822579074793
covtype,sgd,AlwaysNudge,10.487777777777778,0.00857229235392714
covtype,sgd,AlwaysNudge,10.598888888888888,0.008697116414413883
covtype,sgd,AlwaysNudge,10.736666666666666,0.00885158618926623
covtype,sgd,AlwaysNudge,10.87888888888889,0.009010736866386827
covtype,sgd,AlwaysNudge,10.99,0.009135560926873572
covtype,sgd,AlwaysNudge,11.101111111111111,0.009260384987360315
covtype,sgd,AlwaysNudge,11.341111111111111,0.009528756717406816
covtype,sgd,AlwaysNudge,11.59,0.009808050552745905
covtype,sgd,AlwaysNudge,11.838888888888889,0.010087344388084995
covtype,sgd,AlwaysNudge,11.981111111111112,0.010246495065205592
covtype,sgd,AlwaysNudge,12.23,0.010525788900544682
covtype,sgd,AlwaysNudge,12.514444444444445,0.010844090254785879
covtype,sgd,AlwaysNudge,12.763333333333334,0.011123384090124968
covtype,sgd,AlwaysNudge,13.047777777777778,0.011441685444366165
covtype,sgd,AlwaysNudge,13.296666666666667,0.011720979279705255
covtype,sgd,AlwaysNudge,13.545555555555556,0.012000273115044344
covtype,sgd,AlwaysNudge,13.83,0.012318574469285542
covtype,sgd,AlwaysNudge,14.078888888888889,0.012597868304624631
covtype,sgd,AlwaysNudge,14.363333333333333,0.012916169658865828
covtype,sgd,AlwaysNudge,14.647777777777778,0.013234471013107025
covtype,sgd,AlwaysNudge,14.825555555555555,0.013434189509885817
covtype,sgd,AlwaysNudge,15.03888888888889,0.013672915525566714
covtype,sgd,AlwaysNudge,15.252222222222223,0.013911641541247612
covtype,sgd,AlwaysNudge,15.43,0.014111360038026401
covtype,sgd,AlwaysNudge,15.572222222222223,0.014270510715147
covtype,sgd,AlwaysNudge,15.75,0.01447022921192579
covtype,sgd,AlwaysNudge,15.927777777777777,0.01466994770870458
covtype,sgd,AlwaysNudge,16.176666666666666,0.01494924154404367
covtype,sgd,AlwaysNudge,16.496666666666666,0.015308110717943059
covtype,sgd,AlwaysNudge,16.674444444444443,0.015507829214721849
covtype,sgd,AlwaysNudge,16.816666666666666,0.015666979891842448
covtype,sgd,AlwaysNudge,16.994444444444444,0.015866698388621238
covtype,sgd,AlwaysNudge,17.105555555555554,0.01599152244910798
covtype,sgd,AlwaysNudge,17.216666666666665,0.016116346509594728
covtype,sgd,AlwaysNudge,17.52777777777778,0.01646585387895761
covtype,sgd,AlwaysNudge,17.63888888888889,0.016590677939444354
covtype,sgd,AlwaysNudge,17.883333333333333,0.01686529087251519
covtype,sgd,AlwaysNudge,19.02111111111111,0.01811353147738263
covtype,sgd,AlwaysNudge,19.234444444444446,0.018352257493063528
covtype,sgd,AlwaysNudge,19.412222222222223,0.018551975989842318
covtype,sgd,AlwaysNudge,19.696666666666665,0.018870277344083513
covtype,sgd,AlwaysNudge,21.474444444444444,0.020118517948950955
covtype,sgd,AlwaysNudge,21.83,0.020517954942508534
covtype,sgd,AlwaysNudge,22.22111111111111,0.020956399454968223
covtype,sgd,AlwaysNudge,22.33222222222222,0.021081223515454967
covtype,sgd,AlwaysNudge,22.647777777777776,0.021435411787086103
covtype,sgd,AlwaysNudge,22.89666666666667,0.021714705622425192
covtype,sgd,AlwaysNudge,23.927777777777777,0.02287244878343974
covtype,sgd,AlwaysNudge,24.141111111111112,0.02311117479912064
covtype,sgd,AlwaysNudge,24.39,0.02339046863445973
covtype,sgd,AlwaysNudge,24.60333333333333,0.023629194650140628
covtype,sgd,AlwaysNudge,24.781111111111112,0.023828913146919418
covtype,sgd,AlwaysNudge,24.95888888888889,0.024028631643698208
covtype,sgd,AlwaysNudge,25.17222222222222,0.024267357659379107
covtype,sgd,AlwaysNudge,25.314444444444444,0.024426508336499703
covtype,sgd,AlwaysNudge,25.49222222222222,0.024626226833278492
covtype,sgd,AlwaysNudge,25.67,0.024825945330057286
covtype,sgd,AlwaysNudge,25.883333333333333,0.02506467134573818
covtype,sgd,AlwaysNudge,26.06111111111111,0.02526438984251697
covtype,sgd,AlwaysNudge,26.345555555555556,0.02558269119675817
covtype,sgd,AlwaysNudge,26.48777777777778,0.02574184187387877
covtype,sgd,AlwaysNudge,26.70111111111111,0.025980567889559665
covtype,sgd,AlwaysNudge,26.985555555555557,0.026298869243800864
covtype,sgd,AlwaysNudge,27.163333333333334,0.026498587740579654
covtype,sgd,AlwaysNudge,27.274444444444445,0.026623411801066397
covtype,sgd,AlwaysNudge,27.412222222222223,0.026777881575918743
covtype,sgd,AlwaysNudge,27.59,0.026977600072697533
covtype,sgd,AlwaysNudge,27.803333333333335,0.027216326088378432
covtype,sgd,AlwaysNudge,27.945555555555554,0.027375476765499028
covtype,sgd,AlwaysNudge,28.265555555555554,0.027734345939398417
covtype,sgd,AlwaysNudge,28.585555555555555,0.028093215113297806
covtype,sgd,AlwaysNudge,28.763333333333332,0.028292933610076596
covtype,sgd,AlwaysNudge,28.941111111111113,0.028492652106855386
covtype,sgd,AlwaysNudge,29.11888888888889,0.02869237060363418
covtype,sgd,AlwaysNudge,29.403333333333332,0.029010671957875375
covtype,sgd,AlwaysNudge,29.545555555555556,0.029169822634995974
covtype,sgd,AlwaysNudge,29.656666666666666,0.029294646695482717
covtype,sgd,AlwaysNudge,30.07888888888889,0.029768978125332343
covtype,sgd,AlwaysNudge,30.22111111111111,0.029928128802452943
covtype,sgd,AlwaysNudge,30.47,0.030207422637792032
covtype,sgd,AlwaysNudge,30.825555555555557,0.03060685963134961
covtype,sgd,AlwaysNudge,30.967777777777776,0.03076601030847021
covtype,sgd,AlwaysNudge,31.394444444444446,0.03124502264058809
covtype,sgd,AlwaysNudge,31.785555555555554,0.031683467153047776
covtype,sgd,AlwaysNudge,32.21222222222222,0.03216247948516566
covtype,sgd,AlwaysNudge,32.638888888888886,0.03264149181728354
covtype,sgd,AlwaysNudge,33.065555555555555,0.03312050414940142
covtype,sgd,AlwaysNudge,33.492222222222225,0.0335995164815193
covtype,sgd,AlwaysNudge,33.91888888888889,0.034078528813637175
covtype,sgd,AlwaysNudge,34.31,0.034516973326096864
covtype,sgd,AlwaysNudge,34.42111111111111,0.03464179738658361
covtype,sgd,AlwaysNudge,34.80777777777778,0.03507556099677504
covtype,sgd,AlwaysNudge,35.27,0.035593580847795035
covtype,sgd,AlwaysNudge,35.66111111111111,0.036032025360254724
covtype,sgd,AlwaysNudge,36.08777777777778,0.0365110376923726
covtype,sgd,AlwaysNudge,36.656666666666666,0.03714920070161108
covtype,sgd,AlwaysNudge,37.083333333333336,0.03762821303372896
covtype,sgd,AlwaysNudge,37.403333333333336,0.03798708220762835
covtype,sgd,AlwaysNudge,37.61666666666667,0.038225808223309246
covtype,sgd,AlwaysNudge,38.07888888888889,0.03874382807432923
covtype,sgd,AlwaysNudge,38.25666666666667,0.038943546571108024
covtype,sgd,AlwaysNudge,38.39888888888889,0.039102697248228624
covtype,sgd,AlwaysNudge,38.57666666666667,0.03930241574500741
covtype,sgd,AlwaysNudge,38.687777777777775,0.03942723980549415
covtype,sgd,AlwaysNudge,38.89666666666667,0.0396612849189068
covtype,sgd,AlwaysNudge,39.074444444444445,0.03986100341568559
covtype,sgd,AlwaysNudge,39.18555555555555,0.03998582747617233
covtype,sgd,AlwaysNudge,39.50111111111111,0.04034001574780347
covtype,sgd,AlwaysNudge,39.61222222222222,0.040464839808290215
covtype,sgd,AlwaysNudge,39.723333333333336,0.04058966386877696
covtype,sgd,AlwaysNudge,39.89222222222222,0.04077846026026316
covtype,sgd,AlwaysNudge,40.034444444444446,0.04093761093738376
covtype,sgd,AlwaysNudge,40.17666666666667,0.04109676161450435
covtype,sgd,AlwaysNudge,42.20333333333333,0.0423450022193718
covtype,sgd,AlwaysNudge,47.53666666666667,0.04359324282423924
covtype,sgd,AlwaysNudge,47.785555555555554,0.043872536659578326
covtype,sgd,AlwaysNudge,47.89666666666667,0.04399736072006507
covtype,sgd,AlwaysNudge,48.105555555555554,0.04423140583347771
covtype,sgd,AlwaysNudge,48.39,0.04454970718771891
covtype,sgd,AlwaysNudge,48.532222222222224,0.04470885786483951
covtype,sgd,AlwaysNudge,49.74111111111111,0.04595709846970695
covtype,sgd,AlwaysNudge,50.096666666666664,0.04635653546326453
covtype,sgd,AlwaysNudge,50.452222222222225,0.04675597245682211
covtype,sgd,AlwaysNudge,50.772222222222226,0.0471148416307215
covtype,sgd,AlwaysNudge,50.98555555555556,0.047353567646402396
covtype,sgd,AlwaysNudge,51.12777777777778,0.047512718323522996
covtype,sgd,AlwaysNudge,51.51888888888889,0.047951162835982684
covtype,sgd,AlwaysNudge,51.83888888888889,0.04831003200988207
covtype,sgd,AlwaysNudge,52.08777777777778,0.04858932584522116
covtype,sgd,AlwaysNudge,52.19888888888889,0.0487141499057079
covtype,sgd,AlwaysNudge,55.181111111111115,0.04996239051057534
covtype,sgd,AlwaysNudge,56.67444444444445,0.05121063111544279
covtype,sgd,AlwaysNudge,57.13666666666666,0.05172865096646277
covtype,sgd,AlwaysNudge,57.385555555555555,0.05200794480180186
covtype,sgd,AlwaysNudge,57.56333333333333,0.05220766329858065
covtype,sgd,AlwaysNudge,57.705555555555556,0.05236681397570125
covtype,sgd,AlwaysNudge,57.84777777777778,0.05252596465282185
covtype,sgd,AlwaysNudge,57.99,0.052685115329942446
covtype,sgd,AlwaysNudge,58.416666666666664,0.05316412766206033
covtype,sgd,AlwaysNudge,58.66555555555556,0.05344342149739942
covtype,sgd,AlwaysNudge,58.91444444444444,0.05372271533273851
covtype,sgd,AlwaysNudge,59.09222222222222,0.053922433829517294
covtype,sgd,AlwaysNudge,59.30555555555556,0.0541611598451982
covtype,sgd,AlwaysNudge,60.08777777777778,0.05503960917087365
covtype,sgd,AlwaysNudge,60.336666666666666,0.05531890300621274
covtype,sgd,AlwaysNudge,60.44777777777778,0.055443727066699484
covtype,sgd,AlwaysNudge,60.62111111111111,0.05563720436045394
covtype,sgd,AlwaysNudge,60.79888888888889,0.05583692285723273
covtype,sgd,AlwaysNudge,60.94111111111111,0.055996073534353326
covtype,sgd,AlwaysNudge,61.083333333333336,0.056155224211473925
covtype,sgd,AlwaysNudge,61.29666666666667,0.05639395022715483
covtype,sgd,AlwaysNudge,61.43888888888889,0.05655310090427542
covtype,sgd,AlwaysNudge,61.65222222222222,0.05679182691995632
covtype,sgd,AlwaysNudge,61.763333333333335,0.056916650980443066
covtype,sgd,AlwaysNudge,62.04333333333334,0.05723027143241601
covtype,sgd,AlwaysNudge,62.25666666666667,0.05746899744809691
covtype,sgd,AlwaysNudge,62.57666666666667,0.05782786662199629
covtype,sgd,AlwaysNudge,62.754444444444445,0.05802758511877509
covtype,sgd,AlwaysNudge,63.00333333333333,0.058306878954114176
covtype,sgd,AlwaysNudge,63.14555555555555,0.058466029631234775
covtype,sgd,AlwaysNudge,63.394444444444446,0.058745323466573865
covtype,sgd,AlwaysNudge,63.75,0.059144760460131444
covtype,sgd,AlwaysNudge,63.99888888888889,0.059424054295470534
covtype,sgd,AlwaysNudge,64.24777777777778,0.05970334813080962
covtype,sgd,AlwaysNudge,64.60333333333334,0.0601027851243672
covtype,sgd,AlwaysNudge,64.99444444444444,0.06054122963682689
covtype,sgd,AlwaysNudge,65.70555555555555,0.06134010362394205
covtype,sgd,AlwaysNudge,66.06111111111112,0.06173954061749964
covtype,sgd,AlwaysNudge,67.48333333333333,0.06298778122236708
covtype,sgd,AlwaysNudge,67.59444444444445,0.06311260528285381
covtype,sgd,AlwaysNudge,67.83888888888889,0.06338721821592465
covtype,sgd,AlwaysNudge,67.95,0.0635120422764114
covtype,sgd,AlwaysNudge,68.1588888888889,0.06374608738982404
covtype,sgd,AlwaysNudge,68.30111111111111,0.06390523806694465
covtype,sgd,AlwaysNudge,68.51444444444445,0.06414396408262554
covtype,sgd,AlwaysNudge,68.62555555555555,0.06426878814311228
covtype,sgd,AlwaysNudge,68.79888888888888,0.06446226543686674
covtype,sgd,AlwaysNudge,69.01222222222222,0.06470099145254764
covtype,sgd,AlwaysNudge,69.36777777777777,0.06510042844610521
covtype,sgd,AlwaysNudge,69.65222222222222,0.06541872980034641
covtype,sgd,AlwaysNudge,69.86555555555556,0.0656574558160273
covtype,sgd,AlwaysNudge,69.97666666666667,0.06578227987651405
covtype,sgd,AlwaysNudge,70.22111111111111,0.06605689280958489
covtype,sgd,AlwaysNudge,70.47,0.06633618664492398
covtype,sgd,AlwaysNudge,70.61222222222223,0.06649533732204457
covtype,sgd,AlwaysNudge,70.79,0.06669505581882337
covtype,sgd,AlwaysNudge,70.93222222222222,0.06685420649594397
covtype,sgd,AlwaysNudge,71.14555555555556,0.06709293251162486
covtype,sgd,AlwaysNudge,71.46555555555555,0.06745180168552425
covtype,sgd,AlwaysNudge,71.82111111111111,0.06785123867908184
covtype,sgd,AlwaysNudge,71.93222222222222,0.06797606273956858
covtype,sgd,AlwaysNudge,72.07,0.06813053251442093
covtype,sgd,AlwaysNudge,72.24777777777778,0.06833025101119972
covtype,sgd,AlwaysNudge,72.42555555555556,0.0685299695079785
covtype,sgd,AlwaysNudge,72.60333333333334,0.06872968800475729
covtype,sgd,AlwaysNudge,72.81666666666666,0.0689684140204382
covtype,sgd,AlwaysNudge,73.03,0.0692071400361191
covtype,sgd,AlwaysNudge,73.27888888888889,0.06948643387145818
covtype,sgd,AlwaysNudge,73.63444444444444,0.06988587086501576
covtype,sgd,AlwaysNudge,73.88333333333334,0.07016516470035485
covtype,sgd,AlwaysNudge,74.02555555555556,0.07032431537747545
covtype,sgd,AlwaysNudge,74.20333333333333,0.07052403387425424
covtype,sgd,AlwaysNudge,74.34555555555555,0.07068318455137483
covtype,sgd,AlwaysNudge,74.52333333333333,0.07088290304815363
covtype,sgd,AlwaysNudge,74.66555555555556,0.07104205372527422
covtype,sgd,AlwaysNudge,74.84333333333333,0.07124177222205301
covtype,sgd,AlwaysNudge,74.98555555555555,0.07140092289917362
covtype,sgd,AlwaysNudge,75.19888888888889,0.07163964891485451
covtype,sgd,AlwaysNudge,75.5188888888889,0.0719985180887539
covtype,sgd,AlwaysNudge,75.87444444444445,0.07239795508231148
covtype,sgd,AlwaysNudge,76.12333333333333,0.07267724891765057
covtype,sgd,AlwaysNudge,76.26555555555555,0.07283639959477117
covtype,sgd,AlwaysNudge,76.44333333333333,0.07303611809154996
covtype,sgd,AlwaysNudge,76.79888888888888,0.07343555508510755
covtype,sgd,AlwaysNudge,77.04777777777778,0.07371484892044664
covtype,sgd,AlwaysNudge,77.2611111111111,0.07395357493612753
covtype,sgd,AlwaysNudge,77.47444444444444,0.07419230095180843
covtype,sgd,AlwaysNudge,77.72333333333333,0.07447159478714752
covtype,sgd,AlwaysNudge,78.00777777777778,0.07478989614138871
covtype,sgd,AlwaysNudge,78.11888888888889,0.07491472020187545
covtype,sgd,AlwaysNudge,78.32777777777778,0.07514876531528811
covtype,sgd,AlwaysNudge,78.43888888888888,0.07527358937577484
covtype,sgd,AlwaysNudge,78.64777777777778,0.07550763448918749
covtype,sgd,AlwaysNudge,78.75888888888889,0.07563245854967424
covtype,sgd,AlwaysNudge,78.93222222222222,0.07582593584342869
covtype,sgd,AlwaysNudge,79.07444444444444,0.07598508652054929
covtype,sgd,AlwaysNudge,79.25222222222222,0.07618480501732808
covtype,sgd,AlwaysNudge,79.39444444444445,0.07634395569444867
covtype,sgd,AlwaysNudge,79.53666666666666,0.07650310637156928
covtype,sgd,AlwaysNudge,79.67888888888889,0.07666225704868987
covtype,sgd,AlwaysNudge,79.85666666666667,0.07686197554546866
covtype,sgd,AlwaysNudge,79.99888888888889,0.07702112622258926
covtype,sgd,AlwaysNudge,80.17666666666666,0.07722084471936805
covtype,sgd,AlwaysNudge,80.35444444444444,0.07742056321614683
covtype,sgd,AlwaysNudge,80.49666666666667,0.07757971389326744
covtype,sgd,AlwaysNudge,80.74555555555555,0.07785900772860653
covtype,sgd,AlwaysNudge,81.06555555555556,0.07821787690250592
covtype,sgd,AlwaysNudge,81.42111111111112,0.0786173138960635
covtype,sgd,AlwaysNudge,81.74111111111111,0.07897618306996289
covtype,sgd,AlwaysNudge,82.09666666666666,0.07937562006352047
covtype,sgd,AlwaysNudge,82.41666666666667,0.07973448923741985
covtype,sgd,AlwaysNudge,82.73666666666666,0.08009335841131925
covtype,sgd,AlwaysNudge,83.05666666666667,0.08045222758521864
covtype,sgd,AlwaysNudge,83.27,0.08069095360089953
covtype,sgd,AlwaysNudge,83.5188888888889,0.08097024743623862
covtype,sgd,AlwaysNudge,83.66111111111111,0.08112939811335922
covtype,sgd,AlwaysNudge,83.83888888888889,0.08132911661013802
covtype,sgd,AlwaysNudge,84.08777777777777,0.0816084104454771
covtype,sgd,AlwaysNudge,84.26555555555555,0.08180812894225589
covtype,sgd,AlwaysNudge,84.47888888888889,0.08204685495793679
covtype,sgd,AlwaysNudge,84.59,0.08217167901842354
covtype,sgd,AlwaysNudge,84.87,0.08248529947039647
covtype,sgd,AlwaysNudge,85.11888888888889,0.08276459330573556
covtype,sgd,AlwaysNudge,85.33222222222223,0.08300331932141647
covtype,sgd,AlwaysNudge,85.47444444444444,0.08316246999853706
covtype,sgd,AlwaysNudge,85.58555555555556,0.08328729405902381
covtype,sgd,AlwaysNudge,85.75888888888889,0.08348077135277826
covtype,sgd,AlwaysNudge,85.9011111111111,0.08363992202989885
covtype,sgd,AlwaysNudge,86.07888888888888,0.08383964052667765
covtype,sgd,AlwaysNudge,86.19,0.08396446458716439
covtype,sgd,AlwaysNudge,86.47,0.08427808503913733
covtype,sgd,AlwaysNudge,87.00333333333333,0.08487724052947371
covtype,sgd,AlwaysNudge,87.32333333333334,0.0852361097033731
covtype,sgd,AlwaysNudge,87.64333333333333,0.08559497887727248
covtype,sgd,AlwaysNudge,87.96333333333334,0.08595384805117187
covtype,sgd,AlwaysNudge,88.14111111111112,0.08615356654795066
covtype,sgd,AlwaysNudge,88.42555555555556,0.08647186790219186
covtype,sgd,AlwaysNudge,88.63888888888889,0.08671059391787275
covtype,sgd,AlwaysNudge,88.81666666666666,0.08691031241465155
covtype,sgd,AlwaysNudge,88.92777777777778,0.08703513647513829
covtype,sgd,AlwaysNudge,89.03888888888889,0.08715996053562504
covtype,sgd,AlwaysNudge,89.15,0.08728478459611178
covtype,sgd,AlwaysNudge,89.31444444444445,0.08746890008532973
covtype,sgd,AlwaysNudge,89.5988888888889,0.08778720143957093
covtype,sgd,AlwaysNudge,95.67888888888889,0.08903544204443836
covtype,sgd,AlwaysNudge,95.99888888888889,0.08939431121833775
covtype,sgd,AlwaysNudge,96.31888888888889,0.08975318039223715
covtype,sgd,AlwaysNudge,96.63888888888889,0.09011204956613653
covtype,sgd,AlwaysNudge,96.92333333333333,0.09043035092037773
covtype,sgd,AlwaysNudge,97.56333333333333,0.09114808926817651
covtype,sgd,AlwaysNudge,97.88333333333334,0.09150695844207589
covtype,sgd,AlwaysNudge,98.48777777777778,0.09218568927097257
covtype,sgd,AlwaysNudge,98.80777777777777,0.09254455844487196
covtype,sgd,AlwaysNudge,99.09222222222222,0.09286285979911316
covtype,sgd,AlwaysNudge,99.41222222222223,0.09322172897301254
covtype,sgd,AlwaysNudge,99.69666666666667,0.09354003032725373
covtype,sgd,AlwaysNudge,100.0,0.09354003032725373
covtype,sgd,NeverAdapt,0.0,0.0
covtype,sgd,NeverAdapt,1.5633333333333332,0.0
covtype,sgd,NeverAdapt,2.132222222222222,0.0
covtype,sgd,NeverAdapt,3.27,0.0
covtype,sgd,NeverAdapt,3.9811111111111113,0.0
covtype,sgd,NeverAdapt,4.976666666666667,0.0
covtype,sgd,NeverAdapt,5.7588888888888885,0.0
covtype,sgd,NeverAdapt,7.252222222222223,0.0
covtype,sgd,NeverAdapt,7.394444444444445,0.0
covtype,sgd,NeverAdapt,8.034444444444444,0.0
covtype,sgd,NeverAdapt,8.283333333333333,0.0
covtype,sgd,NeverAdapt,8.532222222222222,0.0
covtype,sgd,NeverAdapt,8.78111111111111,0.0
covtype,sgd,NeverAdapt,8.994444444444444,0.0
covtype,sgd,NeverAdapt,9.172222222222222,0.0
covtype,sgd,NeverAdapt,9.283333333333333,0.0
covtype,sgd,NeverAdapt,9.492222222222223,0.0
covtype,sgd,NeverAdapt,9.741111111111111,0.0
covtype,sgd,NeverAdapt,9.99,0.0
covtype,sgd,NeverAdapt,10.238888888888889,0.0
covtype,sgd,NeverAdapt,10.487777777777778,0.0
covtype,sgd,NeverAdapt,10.736666666666666,0.0
covtype,sgd,NeverAdapt,10.87888888888889,0.0
covtype,sgd,NeverAdapt,10.99,0.0
covtype,sgd,NeverAdapt,11.127777777777778,0.0
covtype,sgd,NeverAdapt,11.238888888888889,0.0
covtype,sgd,NeverAdapt,11.376666666666667,0.0
covtype,sgd,NeverAdapt,11.487777777777778,0.0
covtype,sgd,NeverAdapt,11.625555555555556,0.0
covtype,sgd,NeverAdapt,11.736666666666666,0.0
covtype,sgd,NeverAdapt,11.981111111111112,0.0
covtype,sgd,NeverAdapt,12.23,0.0
covtype,sgd,NeverAdapt,12.514444444444445,0.0
covtype,sgd,NeverAdapt,12.763333333333334,0.0
covtype,sgd,NeverAdapt,13.047777777777778,0.0
covtype,sgd,NeverAdapt,13.296666666666667,0.0
covtype,sgd,NeverAdapt,13.545555555555556,0.0
covtype,sgd,NeverAdapt,13.83,0.0
covtype,sgd,NeverAdapt,14.078888888888889,0.0
covtype,sgd,NeverAdapt,14.363333333333333,0.0
covtype,sgd,NeverAdapt,14.647777777777778,0.0
covtype,sgd,NeverAdapt,14.932222222222222,0.0
covtype,sgd,NeverAdapt,15.252222222222223,0.0
covtype,sgd,NeverAdapt,15.43,0.0
covtype,sgd,NeverAdapt,15.572222222222223,0.0
covtype,sgd,NeverAdapt,15.856666666666667,0.0
covtype,sgd,NeverAdapt,16.176666666666666,0.0
covtype,sgd,NeverAdapt,16.354444444444443,0.0
covtype,sgd,NeverAdapt,16.496666666666666,0.0
covtype,sgd,NeverAdapt,16.674444444444443,0.0
covtype,sgd,NeverAdapt,16.816666666666666,0.0
covtype,sgd,NeverAdapt,16.994444444444444,0.0
covtype,sgd,NeverAdapt,17.456666666666667,0.0
covtype,sgd,NeverAdapt,17.776666666666667,0.0
covtype,sgd,NeverAdapt,17.954444444444444,0.0
covtype,sgd,NeverAdapt,18.096666666666668,0.0
covtype,sgd,NeverAdapt,18.31,0.0
covtype,sgd,NeverAdapt,19.02111111111111,0.0
covtype,sgd,NeverAdapt,19.412222222222223,0.0
covtype,sgd,NeverAdapt,19.732222222222223,0.0
covtype,sgd,NeverAdapt,20.123333333333335,0.0
covtype,sgd,NeverAdapt,20.55,0.0
covtype,sgd,NeverAdapt,20.941111111111113,0.0
covtype,sgd,NeverAdapt,21.36777777777778,0.0
covtype,sgd,NeverAdapt,21.75888888888889,0.0
covtype,sgd,NeverAdapt,22.185555555555556,0.0
covtype,sgd,NeverAdapt,22.54111111111111,0.0
covtype,sgd,NeverAdapt,22.65222222222222,0.0
covtype,sgd,NeverAdapt,23.074444444444445,0.0
covtype,sgd,NeverAdapt,23.43,0.0
covtype,sgd,NeverAdapt,23.82111111111111,0.0
covtype,sgd,NeverAdapt,23.932222222222222,0.0
covtype,sgd,NeverAdapt,24.247777777777777,0.0
covtype,sgd,NeverAdapt,24.358888888888888,0.0
covtype,sgd,NeverAdapt,24.674444444444443,0.0
covtype,sgd,NeverAdapt,24.785555555555554,0.0
covtype,sgd,NeverAdapt,25.101111111111113,0.0
covtype,sgd,NeverAdapt,25.212222222222223,0.0
covtype,sgd,NeverAdapt,25.52777777777778,0.0
covtype,sgd,NeverAdapt,25.63888888888889,0.0
covtype,sgd,NeverAdapt,25.99,0.0
covtype,sgd,NeverAdapt,26.101111111111113,0.0
covtype,sgd,NeverAdapt,26.345555555555556,0.0
covtype,sgd,NeverAdapt,26.48777777777778,0.0
covtype,sgd,NeverAdapt,26.70111111111111,0.0
covtype,sgd,NeverAdapt,26.914444444444445,0.0
covtype,sgd,NeverAdapt,27.05666666666667,0.0
covtype,sgd,NeverAdapt,27.34111111111111,0.0
covtype,sgd,NeverAdapt,27.483333333333334,0.0
covtype,sgd,NeverAdapt,27.803333333333335,0.0
covtype,sgd,NeverAdapt,27.945555555555554,0.0
covtype,sgd,NeverAdapt,28.23,0.0
covtype,sgd,NeverAdapt,28.372222222222224,0.0
covtype,sgd,NeverAdapt,28.656666666666666,0.0
covtype,sgd,NeverAdapt,28.79888888888889,0.0
covtype,sgd,NeverAdapt,29.083333333333332,0.0
covtype,sgd,NeverAdapt,29.225555555555555,0.0
covtype,sgd,NeverAdapt,29.545555555555556,0.0
covtype,sgd,NeverAdapt,29.656666666666666,0.0
covtype,sgd,NeverAdapt,29.97222222222222,0.0
covtype,sgd,NeverAdapt,30.083333333333332,0.0
covtype,sgd,NeverAdapt,30.398888888888887,0.0
covtype,sgd,NeverAdapt,30.51,0.0
covtype,sgd,NeverAdapt,30.825555555555557,0.0
covtype,sgd,NeverAdapt,30.967777777777776,0.0
covtype,sgd,NeverAdapt,31.252222222222223,0.0
covtype,sgd,NeverAdapt,31.394444444444446,0.0
covtype,sgd,NeverAdapt,31.714444444444446,0.0
covtype,sgd,NeverAdapt,31.825555555555557,0.0
covtype,sgd,NeverAdapt,32.14111111111111,0.0
covtype,sgd,NeverAdapt,32.25222222222222,0.0
covtype,sgd,NeverAdapt,32.56777777777778,0.0
covtype,sgd,NeverAdapt,32.67888888888889,0.0
covtype,sgd,NeverAdapt,32.99444444444445,0.0
covtype,sgd,NeverAdapt,33.105555555555554,0.0
covtype,sgd,NeverAdapt,33.42111111111111,0.0
covtype,sgd,NeverAdapt,33.532222222222224,0.0
covtype,sgd,NeverAdapt,33.84777777777778,0.0
covtype,sgd,NeverAdapt,33.958888888888886,0.0
covtype,sgd,NeverAdapt,34.27444444444444,0.0
covtype,sgd,NeverAdapt,34.385555555555555,0.0
covtype,sgd,NeverAdapt,34.70111111111111,0.0
covtype,sgd,NeverAdapt,34.843333333333334,0.0
covtype,sgd,NeverAdapt,35.12777777777778,0.0
covtype,sgd,NeverAdapt,35.27,0.0
covtype,sgd,NeverAdapt,35.59,0.0
covtype,sgd,NeverAdapt,35.70111111111111,0.0
covtype,sgd,NeverAdapt,36.016666666666666,0.0
covtype,sgd,NeverAdapt,36.12777777777778,0.0
covtype,sgd,NeverAdapt,36.443333333333335,0.0
covtype,sgd,NeverAdapt,36.55444444444444,0.0
covtype,sgd,NeverAdapt,36.87,0.0
covtype,sgd,NeverAdapt,36.98111111111111,0.0
covtype,sgd,NeverAdapt,37.29666666666667,0.0
covtype,sgd,NeverAdapt,37.40777777777778,0.0
covtype,sgd,NeverAdapt,37.65222222222222,0.0
covtype,sgd,NeverAdapt,37.763333333333335,0.0
covtype,sgd,NeverAdapt,37.87444444444444,0.0
covtype,sgd,NeverAdapt,38.114444444444445,0.0
covtype,sgd,NeverAdapt,38.25666666666667,0.0
covtype,sgd,NeverAdapt,38.57666666666667,0.0
covtype,sgd,NeverAdapt,38.687777777777775,0.0
covtype,sgd,NeverAdapt,39.03888888888889,0.0
covtype,sgd,NeverAdapt,39.15,0.0
covtype,sgd,NeverAdapt,39.465555555555554,0.0
covtype,sgd,NeverAdapt,39.57666666666667,0.0
covtype,sgd,NeverAdapt,39.89222222222222,0.0
covtype,sgd,NeverAdapt,40.034444444444446,0.0
covtype,sgd,NeverAdapt,40.35444444444445,0.0
covtype,sgd,NeverAdapt,40.465555555555554,0.0
covtype,sgd,NeverAdapt,40.78111111111111,0.0
covtype,sgd,NeverAdapt,40.92333333333333,0.0
covtype,sgd,NeverAdapt,41.24333333333333,0.0
covtype,sgd,NeverAdapt,41.35444444444445,0.0
covtype,sgd,NeverAdapt,41.67,0.0
covtype,sgd,NeverAdapt,41.78111111111111,0.0
covtype,sgd,NeverAdapt,42.096666666666664,0.0
covtype,sgd,NeverAdapt,42.23888888888889,0.0
covtype,sgd,NeverAdapt,42.55888888888889,0.0
covtype,sgd,NeverAdapt,42.67,0.0
covtype,sgd,NeverAdapt,42.98555555555556,0.0
covtype,sgd,NeverAdapt,43.096666666666664,0.0
covtype,sgd,NeverAdapt,43.41222222222222,0.0
covtype,sgd,NeverAdapt,43.52333333333333,0.0
covtype,sgd,NeverAdapt,43.803333333333335,0.0
covtype,sgd,NeverAdapt,43.91444444444444,0.0
covtype,sgd,NeverAdapt,44.23,0.0
covtype,sgd,NeverAdapt,44.34111111111111,0.0
covtype,sgd,NeverAdapt,44.62111111111111,0.0
covtype,sgd,NeverAdapt,44.73222222222222,0.0
covtype,sgd,NeverAdapt,45.01222222222222,0.0
covtype,sgd,NeverAdapt,45.123333333333335,0.0
covtype,sgd,NeverAdapt,45.403333333333336,0.0
covtype,sgd,NeverAdapt,45.54555555555555,0.0
covtype,sgd,NeverAdapt,45.75888888888889,0.0
covtype,sgd,NeverAdapt,45.87,0.0
covtype,sgd,NeverAdapt,46.15,0.0
covtype,sgd,NeverAdapt,46.26111111111111,0.0
covtype,sgd,NeverAdapt,46.541111111111114,0.0
covtype,sgd,NeverAdapt,46.65222222222222,0.0
covtype,sgd,NeverAdapt,46.93222222222222,0.0
covtype,sgd,NeverAdapt,47.04333333333334,0.0
covtype,sgd,NeverAdapt,47.32333333333333,0.0
covtype,sgd,NeverAdapt,47.434444444444445,0.0
covtype,sgd,NeverAdapt,47.67888888888889,0.0
covtype,sgd,NeverAdapt,47.79,0.0
covtype,sgd,NeverAdapt,48.07,0.0
covtype,sgd,NeverAdapt,48.181111111111115,0.0
covtype,sgd,NeverAdapt,48.425555555555555,0.0
covtype,sgd,NeverAdapt,48.53666666666667,0.0
covtype,sgd,NeverAdapt,48.81666666666667,0.0
covtype,sgd,NeverAdapt,48.92777777777778,0.0
covtype,sgd,NeverAdapt,49.20777777777778,0.0
covtype,sgd,NeverAdapt,49.318888888888885,0.0
covtype,sgd,NeverAdapt,49.56333333333333,0.0
covtype,sgd,NeverAdapt,49.67444444444445,0.0
covtype,sgd,NeverAdapt,49.91888888888889,0.0
covtype,sgd,NeverAdapt,50.03,0.0
covtype,sgd,NeverAdapt,50.31,0.0
covtype,sgd,NeverAdapt,50.42111111111111,0.0
covtype,sgd,NeverAdapt,50.66555555555556,0.0
covtype,sgd,NeverAdapt,50.776666666666664,0.0
covtype,sgd,NeverAdapt,51.02111111111111,0.0
covtype,sgd,NeverAdapt,51.132222222222225,0.0
covtype,sgd,NeverAdapt,51.376666666666665,0.0
covtype,sgd,NeverAdapt,51.48777777777778,0.0
covtype,sgd,NeverAdapt,51.73222222222222,0.0
covtype,sgd,NeverAdapt,51.843333333333334,0.0
covtype,sgd,NeverAdapt,52.05222222222222,0.0
covtype,sgd,NeverAdapt,52.19444444444444,0.0
covtype,sgd,NeverAdapt,52.40777777777778,0.0
covtype,sgd,NeverAdapt,52.51888888888889,0.0
covtype,sgd,NeverAdapt,52.727777777777774,0.0
covtype,sgd,NeverAdapt,52.87,0.0
covtype,sgd,NeverAdapt,53.083333333333336,0.0
covtype,sgd,NeverAdapt,53.19444444444444,0.0
covtype,sgd,NeverAdapt,53.403333333333336,0.0
covtype,sgd,NeverAdapt,53.54555555555555,0.0
covtype,sgd,NeverAdapt,53.75888888888889,0.0
covtype,sgd,NeverAdapt,53.87,0.0
covtype,sgd,NeverAdapt,54.07888888888889,0.0
covtype,sgd,NeverAdapt,54.221111111111114,0.0
covtype,sgd,NeverAdapt,54.434444444444445,0.0
covtype,sgd,NeverAdapt,54.54555555555555,0.0
covtype,sgd,NeverAdapt,54.79,0.0
covtype,sgd,NeverAdapt,54.90111111111111,0.0
covtype,sgd,NeverAdapt,55.11,0.0
covtype,sgd,NeverAdapt,55.221111111111114,0.0
covtype,sgd,NeverAdapt,55.43,0.0
covtype,sgd,NeverAdapt,55.541111111111114,0.0
covtype,sgd,NeverAdapt,55.75,0.0
covtype,sgd,NeverAdapt,55.861111111111114,0.0
covtype,sgd,NeverAdapt,56.105555555555554,0.0
covtype,sgd,NeverAdapt,56.21666666666667,0.0
covtype,sgd,NeverAdapt,56.425555555555555,0.0
covtype,sgd,NeverAdapt,56.53666666666667,0.0
covtype,sgd,NeverAdapt,56.78111111111111,0.0
covtype,sgd,NeverAdapt,56.89222222222222,0.0
covtype,sgd,NeverAdapt,57.10111111111111,0.0
covtype,sgd,NeverAdapt,57.42111111111111,0.0
covtype,sgd,NeverAdapt,57.74111111111111,0.0
covtype,sgd,NeverAdapt,58.416666666666664,0.0
covtype,sgd,NeverAdapt,58.736666666666665,0.0
covtype,sgd,NeverAdapt,58.95,0.0
covtype,sgd,NeverAdapt,59.23444444444444,0.0
covtype,sgd,NeverAdapt,59.41222222222222,0.0
covtype,sgd,NeverAdapt,59.73222222222222,0.0
covtype,sgd,NeverAdapt,60.05222222222222,0.0
covtype,sgd,NeverAdapt,60.163333333333334,0.0
covtype,sgd,NeverAdapt,60.336666666666666,0.0
covtype,sgd,NeverAdapt,60.44777777777778,0.0
covtype,sgd,NeverAdapt,60.69222222222222,0.0
covtype,sgd,NeverAdapt,60.803333333333335,0.0
covtype,sgd,NeverAdapt,61.01222222222222,0.0
covtype,sgd,NeverAdapt,61.123333333333335,0.0
covtype,sgd,NeverAdapt,61.33222222222222,0.0
covtype,sgd,NeverAdapt,61.443333333333335,0.0
covtype,sgd,NeverAdapt,61.65222222222222,0.0
covtype,sgd,NeverAdapt,61.763333333333335,0.0
covtype,sgd,NeverAdapt,61.97222222222222,0.0
covtype,sgd,NeverAdapt,62.114444444444445,0.0
covtype,sgd,NeverAdapt,62.327777777777776,0.0
covtype,sgd,NeverAdapt,62.43888888888889,0.0
covtype,sgd,NeverAdapt,62.68333333333333,0.0
covtype,sgd,NeverAdapt,62.82555555555555,0.0
covtype,sgd,NeverAdapt,63.03888888888889,0.0
covtype,sgd,NeverAdapt,63.181111111111115,0.0
covtype,sgd,NeverAdapt,63.43,0.0
covtype,sgd,NeverAdapt,63.541111111111114,0.0
covtype,sgd,NeverAdapt,63.785555555555554,0.0
covtype,sgd,NeverAdapt,63.92777777777778,0.0
covtype,sgd,NeverAdapt,64.14111111111112,0.0
covtype,sgd,NeverAdapt,64.28333333333333,0.0
covtype,sgd,NeverAdapt,64.53222222222222,0.0
covtype,sgd,NeverAdapt,64.67444444444445,0.0
covtype,sgd,NeverAdapt,64.88777777777777,0.0
covtype,sgd,NeverAdapt,65.03,0.0
covtype,sgd,NeverAdapt,65.24333333333334,0.0
covtype,sgd,NeverAdapt,65.38555555555556,0.0
covtype,sgd,NeverAdapt,65.5988888888889,0.0
covtype,sgd,NeverAdapt,65.74111111111111,0.0
covtype,sgd,NeverAdapt,65.95444444444445,0.0
covtype,sgd,NeverAdapt,66.09666666666666,0.0
covtype,sgd,NeverAdapt,66.31,0.0
covtype,sgd,NeverAdapt,66.45222222222222,0.0
covtype,sgd,NeverAdapt,66.66555555555556,0.0
covtype,sgd,NeverAdapt,66.80777777777777,0.0
covtype,sgd,NeverAdapt,66.98555555555555,0.0
covtype,sgd,NeverAdapt,67.12777777777778,0.0
covtype,sgd,NeverAdapt,67.3411111111111,0.0
covtype,sgd,NeverAdapt,67.48333333333333,0.0
covtype,sgd,NeverAdapt,67.59444444444445,0.0
covtype,sgd,NeverAdapt,67.70555555555555,0.0
covtype,sgd,NeverAdapt,67.91,0.0
covtype,sgd,NeverAdapt,68.05222222222223,0.0
covtype,sgd,NeverAdapt,68.26555555555555,0.0
covtype,sgd,NeverAdapt,68.40777777777778,0.0
covtype,sgd,NeverAdapt,68.58555555555556,0.0
covtype,sgd,NeverAdapt,68.76333333333334,0.0
covtype,sgd,NeverAdapt,68.94111111111111,0.0
covtype,sgd,NeverAdapt,69.11888888888889,0.0
covtype,sgd,NeverAdapt,69.29666666666667,0.0
covtype,sgd,NeverAdapt,69.43888888888888,0.0
covtype,sgd,NeverAdapt,69.65222222222222,0.0
covtype,sgd,NeverAdapt,69.79444444444445,0.0
covtype,sgd,NeverAdapt,69.97222222222223,0.0
covtype,sgd,NeverAdapt,70.11444444444444,0.0
covtype,sgd,NeverAdapt,70.29222222222222,0.0
covtype,sgd,NeverAdapt,70.61222222222223,0.0
covtype,sgd,NeverAdapt,70.79,0.0
covtype,sgd,NeverAdapt,70.93222222222222,0.0
covtype,sgd,NeverAdapt,71.11,0.0
covtype,sgd,NeverAdapt,71.22111111111111,0.0
covtype,sgd,NeverAdapt,71.33222222222223,0.0
covtype,sgd,NeverAdapt,71.44333333333333,0.0
covtype,sgd,NeverAdapt,71.57222222222222,0.0
covtype,sgd,NeverAdapt,71.75,0.0
covtype,sgd,NeverAdapt,71.89222222222222,0.0
covtype,sgd,NeverAdapt,72.10555555555555,0.0
covtype,sgd,NeverAdapt,72.21666666666667,0.0
covtype,sgd,NeverAdapt,72.32777777777778,0.0
covtype,sgd,NeverAdapt,72.43888888888888,0.0
covtype,sgd,NeverAdapt,72.56777777777778,0.0
covtype,sgd,NeverAdapt,72.74555555555555,0.0
covtype,sgd,NeverAdapt,72.9588888888889,0.0
covtype,sgd,NeverAdapt,73.07,0.0
covtype,sgd,NeverAdapt,73.27888888888889,0.0
covtype,sgd,NeverAdapt,73.39,0.0
covtype,sgd,NeverAdapt,73.5988888888889,0.0
covtype,sgd,NeverAdapt,73.71,0.0
covtype,sgd,NeverAdapt,73.91888888888889,0.0
covtype,sgd,NeverAdapt,74.03,0.0
covtype,sgd,NeverAdapt,74.27444444444444,0.0
covtype,sgd,NeverAdapt,74.38555555555556,0.0
covtype,sgd,NeverAdapt,74.59444444444445,0.0
covtype,sgd,NeverAdapt,74.70555555555555,0.0
covtype,sgd,NeverAdapt,74.91444444444444,0.0
covtype,sgd,NeverAdapt,75.02555555555556,0.0
covtype,sgd,NeverAdapt,75.23444444444445,0.0
covtype,sgd,NeverAdapt,75.34555555555555,0.0
covtype,sgd,NeverAdapt,75.48333333333333,0.0
covtype,sgd,NeverAdapt,75.62555555555555,0.0
covtype,sgd,NeverAdapt,75.83888888888889,0.0
covtype,sgd,NeverAdapt,75.95,0.0
covtype,sgd,NeverAdapt,76.1588888888889,0.0
covtype,sgd,NeverAdapt,76.27,0.0
covtype,sgd,NeverAdapt,76.47888888888889,0.0
covtype,sgd,NeverAdapt,76.59,0.0
covtype,sgd,NeverAdapt,76.76333333333334,0.0
covtype,sgd,NeverAdapt,76.87444444444445,0.0
covtype,sgd,NeverAdapt,77.08333333333333,0.0
covtype,sgd,NeverAdapt,77.19444444444444,0.0
covtype,sgd,NeverAdapt,77.40333333333334,0.0
covtype,sgd,NeverAdapt,77.51444444444445,0.0
covtype,sgd,NeverAdapt,77.72333333333333,0.0
covtype,sgd,NeverAdapt,77.83444444444444,0.0
covtype,sgd,NeverAdapt,78.00777777777778,0.0
covtype,sgd,NeverAdapt,78.11888888888889,0.0
covtype,sgd,NeverAdapt,78.32777777777778,0.0
covtype,sgd,NeverAdapt,78.43888888888888,0.0
covtype,sgd,NeverAdapt,78.64777777777778,0.0
covtype,sgd,NeverAdapt,78.75888888888889,0.0
covtype,sgd,NeverAdapt,78.96777777777778,0.0
covtype,sgd,NeverAdapt,79.07888888888888,0.0
covtype,sgd,NeverAdapt,79.32333333333334,0.0
covtype,sgd,NeverAdapt,79.60777777777778,0.0
covtype,sgd,NeverAdapt,79.71888888888888,0.0
covtype,sgd,NeverAdapt,79.85666666666667,0.0
covtype,sgd,NeverAdapt,79.99888888888889,0.0
covtype,sgd,NeverAdapt,80.24777777777778,0.0
covtype,sgd,NeverAdapt,80.35888888888888,0.0
covtype,sgd,NeverAdapt,80.56777777777778,0.0
covtype,sgd,NeverAdapt,80.67888888888889,0.0
covtype,sgd,NeverAdapt,80.79,0.0
covtype,sgd,NeverAdapt,80.9011111111111,0.0
covtype,sgd,NeverAdapt,81.01222222222222,0.0
covtype,sgd,NeverAdapt,81.12333333333333,0.0
covtype,sgd,NeverAdapt,81.23444444444445,0.0
covtype,sgd,NeverAdapt,81.34555555555555,0.0
covtype,sgd,NeverAdapt,81.45666666666666,0.0
covtype,sgd,NeverAdapt,81.56777777777778,0.0
covtype,sgd,NeverAdapt,81.67888888888889,0.0
covtype,sgd,NeverAdapt,81.88333333333334,0.0
covtype,sgd,NeverAdapt,81.99444444444444,0.0
covtype,sgd,NeverAdapt,82.10555555555555,0.0
covtype,sgd,NeverAdapt,82.2388888888889,0.0
covtype,sgd,NeverAdapt,82.38111111111111,0.0
covtype,sgd,NeverAdapt,82.52333333333333,0.0
covtype,sgd,NeverAdapt,82.70111111111112,0.0
covtype,sgd,NeverAdapt,82.91444444444444,0.0
covtype,sgd,NeverAdapt,83.02555555555556,0.0
covtype,sgd,NeverAdapt,83.23444444444445,0.0
covtype,sgd,NeverAdapt,83.34555555555555,0.0
covtype,sgd,NeverAdapt,83.55444444444444,0.0
covtype,sgd,NeverAdapt,83.66555555555556,0.0
covtype,sgd,NeverAdapt,83.87444444444445,0.0
covtype,sgd,NeverAdapt,83.98555555555555,0.0
covtype,sgd,NeverAdapt,84.19444444444444,0.0
covtype,sgd,NeverAdapt,84.30555555555556,0.0
covtype,sgd,NeverAdapt,84.51444444444445,0.0
covtype,sgd,NeverAdapt,84.62555555555555,0.0
covtype,sgd,NeverAdapt,84.83444444444444,0.0
covtype,sgd,NeverAdapt,84.94555555555556,0.0
covtype,sgd,NeverAdapt,85.15444444444445,0.0
covtype,sgd,NeverAdapt,85.26555555555555,0.0
covtype,sgd,NeverAdapt,85.47444444444444,0.0
covtype,sgd,NeverAdapt,85.58555555555556,0.0
covtype,sgd,NeverAdapt,85.83,0.0
covtype,sgd,NeverAdapt,86.15,0.0
covtype,sgd,NeverAdapt,86.47,0.0
covtype,sgd,NeverAdapt,86.79,0.0
covtype,sgd,NeverAdapt,87.00333333333333,0.0
covtype,sgd,NeverAdapt,87.11444444444444,0.0
covtype,sgd,NeverAdapt,87.32333333333334,0.0
covtype,sgd,NeverAdapt,87.43444444444444,0.0
covtype,sgd,NeverAdapt,87.64333333333333,0.0
covtype,sgd,NeverAdapt,87.75444444444445,0.0
covtype,sgd,NeverAdapt,87.89222222222222,0.0
covtype,sgd,NeverAdapt,88.10555555555555,0.0
covtype,sgd,NeverAdapt,88.28333333333333,0.0
covtype,sgd,NeverAdapt,88.39444444444445,0.0
covtype,sgd,NeverAdapt,88.50555555555556,0.0
covtype,sgd,NeverAdapt,88.61666666666666,0.0
covtype,sgd,NeverAdapt,88.72777777777777,0.0
covtype,sgd,NeverAdapt,88.85222222222222,0.0
covtype,sgd,NeverAdapt,88.96333333333334,0.0
covtype,sgd,NeverAdapt,89.20777777777778,0.0
covtype,sgd,NeverAdapt,89.38555555555556,0.0
covtype,sgd,NeverAdapt,89.49666666666667,0.0
covtype,sgd,NeverAdapt,90.63,0.0
covtype,sgd,NeverAdapt,90.91444444444444,0.0
covtype,sgd,NeverAdapt,91.23444444444445,0.0
covtype,sgd,NeverAdapt,91.5188888888889,0.0
covtype,sgd,NeverAdapt,91.83888888888889,0.0
covtype,sgd,NeverAdapt,92.08777777777777,0.0
covtype,sgd,NeverAdapt,92.19888888888889,0.0
covtype,sgd,NeverAdapt,92.37222222222222,0.0
covtype,sgd,NeverAdapt,92.48333333333333,0.0
covtype,sgd,NeverAdapt,92.69222222222223,0.0
covtype,sgd,NeverAdapt,92.97666666666667,0.0
covtype,sgd,NeverAdapt,93.2611111111111,0.0
covtype,sgd,NeverAdapt,93.54555555555555,0.0
covtype,sgd,NeverAdapt,93.65666666666667,0.0
covtype,sgd,NeverAdapt,93.83,0.0
covtype,sgd,NeverAdapt,93.94111111111111,0.0
covtype,sgd,NeverAdapt,94.11444444444444,0.0
covtype,sgd,NeverAdapt,94.22555555555556,0.0
covtype,sgd,NeverAdapt,94.43444444444444,0.0
covtype,sgd,NeverAdapt,94.57666666666667,0.0
covtype,sgd,NeverAdapt,94.71888888888888,0.0
covtype,sgd,NeverAdapt,94.83,0.0
covtype,sgd,NeverAdapt,95.00333333333333,0.0
covtype,sgd,NeverAdapt,95.11444444444444,0.0
covtype,sgd,NeverAdapt,95.32333333333334,0.0
covtype,sgd,NeverAdapt,95.46555555555555,0.0
covtype,sgd,NeverAdapt,95.60777777777778,0.0
covtype,sgd,NeverAdapt,95.75,0.0
covtype,sgd,NeverAdapt,95.92777777777778,0.0
covtype,sgd,NeverAdapt,96.07,0.0
covtype,sgd,NeverAdapt,96.21222222222222,0.0
covtype,sgd,NeverAdapt,96.35444444444444,0.0
covtype,sgd,NeverAdapt,96.53222222222222,0.0
covtype,sgd,NeverAdapt,96.67444444444445,0.0
covtype,sgd,NeverAdapt,96.81666666666666,0.0
covtype,sgd,NeverAdapt,96.9588888888889,0.0
covtype,sgd,NeverAdapt,97.13666666666667,0.0
covtype,sgd,NeverAdapt,97.31444444444445,0.0
covtype,sgd,NeverAdapt,97.45666666666666,0.0
covtype,sgd,NeverAdapt,97.5988888888889,0.0
covtype,sgd,NeverAdapt,97.74111111111111,0.0
covtype,sgd,NeverAdapt,97.91888888888889,0.0
covtype,sgd,NeverAdapt,98.06111111111112,0.0
covtype,sgd,NeverAdapt,98.20333333333333,0.0
covtype,sgd,NeverAdapt,98.38111111111111,0.0
covtype,sgd,NeverAdapt,98.55888888888889,0.0
covtype,sgd,NeverAdapt,98.73666666666666,0.0
covtype,sgd,NeverAdapt,98.95,0.0
covtype,sgd,NeverAdapt,99.16333333333333,0.0
covtype,sgd,NeverAdapt,99.48333333333333,0.0
covtype,sgd,NeverAdapt,99.80333333333333,0.0
covtype,sgd,NeverAdapt,100.0,0.0
covtype,gnb,AlwaysRebuild,0.0,0.0
covtype,gnb,AlwaysRebuild,0.6744444444444444,0.8742163685512164
covtype,gnb,AlwaysRebuild,1.0655555555555556,1.3803416345545523
covtype,gnb,AlwaysRebuild,1.5277777777777777,1.9784896761948583
covtype,gnb,AlwaysRebuild,1.99,2.576637717835164
covtype,gnb,AlwaysRebuild,2.2744444444444443,2.9447288203830446
covtype,gnb,AlwaysRebuild,2.807777777777778,3.634899637660321
covtype,gnb,AlwaysRebuild,3.59,4.647150169666992
covtype,gnb,AlwaysRebuild,5.545555555555556,6.085006038994651
covtype,gnb,AlwaysRebuild,5.9366666666666665,6.591131304997987
covtype,gnb,AlwaysRebuild,7.216666666666667,8.028987174325646
covtype,gnb,AlwaysRebuild,7.8566666666666665,8.857192155058376
covtype,gnb,AlwaysRebuild,8.07,9.133260481969288
covtype,gnb,AlwaysRebuild,8.994444444444444,10.329556565249899
covtype,gnb,AlwaysRebuild,9.207777777777778,10.60562489216081
covtype,gnb,AlwaysRebuild,9.421111111111111,10.881693219071721
covtype,gnb,AlwaysRebuild,10.274444444444445,11.985966526715362
covtype,gnb,AlwaysRebuild,10.87888888888889,12.768160119629608
covtype,gnb,AlwaysRebuild,14.612222222222222,14.206015988957267
covtype,gnb,AlwaysRebuild,15.003333333333334,14.712141254960603
covtype,gnb,AlwaysRebuild,15.181111111111111,14.942198194053027
covtype,gnb,AlwaysRebuild,15.323333333333334,15.126243745326969
covtype,gnb,AlwaysRebuild,16.674444444444443,16.564099614654626
covtype,gnb,AlwaysRebuild,16.816666666666666,16.748145165928566
covtype,gnb,AlwaysRebuild,16.927777777777777,16.891930752861334
covtype,gnb,AlwaysRebuild,18.096666666666668,18.32978662218899
covtype,gnb,AlwaysRebuild,18.274444444444445,18.55984356128142
covtype,gnb,AlwaysRebuild,19.02111111111111,19.526082705469605
covtype,gnb,AlwaysRebuild,19.163333333333334,19.710128256743545
covtype,gnb,AlwaysRebuild,19.34111111111111,19.94018519583597
covtype,gnb,AlwaysRebuild,19.625555555555554,20.30827629838385
covtype,gnb,AlwaysRebuild,19.83888888888889,20.58434462529476
covtype,gnb,AlwaysRebuild,20.087777777777777,20.906424340024156
covtype,gnb,AlwaysRebuild,20.514444444444443,21.45856099384598
covtype,gnb,AlwaysRebuild,20.656666666666666,21.642606545119918
covtype,gnb,AlwaysRebuild,21.047777777777778,22.148731811123252
covtype,gnb,AlwaysRebuild,21.261111111111113,22.424800138034165
covtype,gnb,AlwaysRebuild,21.43888888888889,22.65485707712659
covtype,gnb,AlwaysRebuild,21.794444444444444,23.11497095531144
covtype,gnb,AlwaysRebuild,22.07888888888889,23.48306205785932
covtype,gnb,AlwaysRebuild,22.256666666666668,23.713118996951746
covtype,gnb,AlwaysRebuild,22.36777777777778,23.85690458388451
covtype,gnb,AlwaysRebuild,22.612222222222222,24.173232875136595
covtype,gnb,AlwaysRebuild,22.89666666666667,24.541323977684478
covtype,gnb,AlwaysRebuild,23.074444444444445,24.771380916776902
covtype,gnb,AlwaysRebuild,23.394444444444446,25.185483407143266
covtype,gnb,AlwaysRebuild,23.572222222222223,25.415540346235694
covtype,gnb,AlwaysRebuild,23.82111111111111,25.73762006096509
covtype,gnb,AlwaysRebuild,23.932222222222222,25.881405647897854
covtype,gnb,AlwaysRebuild,24.247777777777777,26.28975671478691
covtype,gnb,AlwaysRebuild,24.39,26.47380226606085
covtype,gnb,AlwaysRebuild,24.63888888888889,26.795881980790245
covtype,gnb,AlwaysRebuild,24.781111111111112,26.979927532064185
covtype,gnb,AlwaysRebuild,24.892222222222223,27.123713118996953
covtype,gnb,AlwaysRebuild,25.065555555555555,27.348018634612068
covtype,gnb,AlwaysRebuild,25.243333333333332,27.578075573704492
covtype,gnb,AlwaysRebuild,25.52777777777778,27.94616667625237
covtype,gnb,AlwaysRebuild,25.67,28.130212227526314
covtype,gnb,AlwaysRebuild,25.954444444444444,28.498303330074194
covtype,gnb,AlwaysRebuild,26.13222222222222,28.72836026916662
covtype,gnb,AlwaysRebuild,26.38111111111111,29.050439983896013
covtype,gnb,AlwaysRebuild,26.558888888888887,29.28049692298844
covtype,gnb,AlwaysRebuild,26.914444444444445,29.74061080117329
covtype,gnb,AlwaysRebuild,27.198888888888888,30.108701903721172
covtype,gnb,AlwaysRebuild,27.447777777777777,30.430781618450567
covtype,gnb,AlwaysRebuild,27.91,31.028929660090874
covtype,gnb,AlwaysRebuild,30.185555555555556,32.46678552941853
covtype,gnb,AlwaysRebuild,30.505555555555556,32.8808880197849
covtype,gnb,AlwaysRebuild,30.683333333333334,33.11094495887732
covtype,gnb,AlwaysRebuild,30.86111111111111,33.34100189796975
covtype,gnb,AlwaysRebuild,31.216666666666665,33.801115776154596
covtype,gnb,AlwaysRebuild,31.50111111111111,34.16920687870248
covtype,gnb,AlwaysRebuild,31.82111111111111,34.58330936906884
covtype,gnb,AlwaysRebuild,32.24777777777778,35.13544602289067
covtype,gnb,AlwaysRebuild,32.67444444444445,35.68758267671249
covtype,gnb,AlwaysRebuild,33.10111111111111,36.23971933053431
covtype,gnb,AlwaysRebuild,33.52777777777778,36.791855984356125
covtype,gnb,AlwaysRebuild,33.95444444444445,37.34399263817795
covtype,gnb,AlwaysRebuild,34.38111111111111,37.89612929199977
covtype,gnb,AlwaysRebuild,34.80777777777778,38.44826594582159
covtype,gnb,AlwaysRebuild,34.91888888888889,38.592051532754354
covtype,gnb,AlwaysRebuild,35.12777777777778,38.86236843618796
covtype,gnb,AlwaysRebuild,35.34111111111111,39.138436763098866
covtype,gnb,AlwaysRebuild,35.51888888888889,39.368493702191294
covtype,gnb,AlwaysRebuild,35.696666666666665,39.598550641283715
covtype,gnb,AlwaysRebuild,35.91,39.874618968194625
covtype,gnb,AlwaysRebuild,36.02111111111111,40.0184045551274
covtype,gnb,AlwaysRebuild,36.15888888888889,40.19669868292402
covtype,gnb,AlwaysRebuild,36.37222222222222,40.47276700983493
covtype,gnb,AlwaysRebuild,36.483333333333334,40.6165525967677
covtype,gnb,AlwaysRebuild,36.59444444444444,40.76033818370047
covtype,gnb,AlwaysRebuild,36.727777777777774,40.93288088801979
covtype,gnb,AlwaysRebuild,36.87,41.11692643929373
covtype,gnb,AlwaysRebuild,37.01222222222222,41.30097199056767
covtype,gnb,AlwaysRebuild,37.22555555555556,41.57704031747858
covtype,gnb,AlwaysRebuild,37.336666666666666,41.72082590441134
covtype,gnb,AlwaysRebuild,37.44777777777778,41.86461149134411
covtype,gnb,AlwaysRebuild,37.58111111111111,42.037154195663426
covtype,gnb,AlwaysRebuild,37.723333333333336,42.221199746937366
covtype,gnb,AlwaysRebuild,37.86555555555555,42.405245298211305
covtype,gnb,AlwaysRebuild,38.07888888888889,42.681313625122215
covtype,gnb,AlwaysRebuild,38.19,42.82509921205499
covtype,gnb,AlwaysRebuild,38.30111111111111,42.96888479898775
covtype,gnb,AlwaysRebuild,38.41222222222222,43.11267038592052
covtype,gnb,AlwaysRebuild,38.57666666666667,43.32547305458101
covtype,gnb,AlwaysRebuild,38.71888888888889,43.50951860585495
covtype,gnb,AlwaysRebuild,38.89666666666667,43.73957554494737
covtype,gnb,AlwaysRebuild,39.03888888888889,43.92362109622132
covtype,gnb,AlwaysRebuild,39.15,44.06740668315408
covtype,gnb,AlwaysRebuild,39.35888888888889,44.33772358658768
covtype,gnb,AlwaysRebuild,39.47,44.48150917352044
covtype,gnb,AlwaysRebuild,39.60777777777778,44.659803301317076
covtype,gnb,AlwaysRebuild,39.785555555555554,44.889860240409504
covtype,gnb,AlwaysRebuild,39.89666666666667,45.03364582734227
covtype,gnb,AlwaysRebuild,40.034444444444446,45.211939955138895
covtype,gnb,AlwaysRebuild,40.35444444444445,45.62604244550526
covtype,gnb,AlwaysRebuild,40.465555555555554,45.76982803243803
covtype,gnb,AlwaysRebuild,40.78111111111111,46.17817909932708
covtype,gnb,AlwaysRebuild,40.92333333333333,46.36222465060102
covtype,gnb,AlwaysRebuild,41.10111111111111,46.59228158969345
covtype,gnb,AlwaysRebuild,41.24333333333333,46.77632714096739
covtype,gnb,AlwaysRebuild,41.385555555555555,46.96037269224133
covtype,gnb,AlwaysRebuild,41.56333333333333,47.19042963133376
covtype,gnb,AlwaysRebuild,41.67444444444445,47.33421521826652
covtype,gnb,AlwaysRebuild,41.785555555555554,47.47800080519929
covtype,gnb,AlwaysRebuild,41.91888888888889,47.650543509518606
covtype,gnb,AlwaysRebuild,42.096666666666664,47.880600448611034
covtype,gnb,AlwaysRebuild,42.23888888888889,48.06464599988497
covtype,gnb,AlwaysRebuild,42.416666666666664,48.294702938977395
covtype,gnb,AlwaysRebuild,42.55888888888889,48.478748490251334
covtype,gnb,AlwaysRebuild,42.70111111111111,48.66279404152528
covtype,gnb,AlwaysRebuild,46.434444444444445,50.10064991085294
covtype,gnb,AlwaysRebuild,49.74111111111111,51.53850578018059
covtype,gnb,AlwaysRebuild,50.096666666666664,51.99861965836545
covtype,gnb,AlwaysRebuild,50.452222222222225,52.4587335365503
covtype,gnb,AlwaysRebuild,51.30555555555556,53.563006844193936
covtype,gnb,AlwaysRebuild,51.51888888888889,53.839075171104845
covtype,gnb,AlwaysRebuild,51.83888888888889,54.25317766147121
covtype,gnb,AlwaysRebuild,52.08777777777778,54.57525737620061
covtype,gnb,AlwaysRebuild,52.26555555555556,54.80531431529303
covtype,gnb,AlwaysRebuild,52.443333333333335,55.03537125438546
covtype,gnb,AlwaysRebuild,52.763333333333335,55.44947374475183
covtype,gnb,AlwaysRebuild,53.687777777777775,56.645769828032435
covtype,gnb,AlwaysRebuild,54.04333333333334,57.10588370621729
covtype,gnb,AlwaysRebuild,54.36333333333334,57.51998619658365
covtype,gnb,AlwaysRebuild,55.99888888888889,58.957842065911315
covtype,gnb,AlwaysRebuild,57.67,60.39569793523897
covtype,gnb,AlwaysRebuild,57.812222222222225,60.57974348651291
covtype,gnb,AlwaysRebuild,58.06111111111111,60.90182320124231
covtype,gnb,AlwaysRebuild,61.33222222222222,62.339679070569964
covtype,gnb,AlwaysRebuild,61.65222222222222,62.75378156093633
covtype,gnb,AlwaysRebuild,62.36333333333334,63.67400931730603
covtype,gnb,AlwaysRebuild,62.71888888888889,64.13412319549089
covtype,gnb,AlwaysRebuild,63.85666666666667,65.57197906481855
covtype,gnb,AlwaysRebuild,67.27,67.0098349341462
covtype,gnb,AlwaysRebuild,67.5188888888889,67.3319146488756
covtype,gnb,AlwaysRebuild,68.1588888888889,68.16011962960833
covtype,gnb,AlwaysRebuild,68.44333333333333,68.52821073215621
covtype,gnb,AlwaysRebuild,68.58555555555556,68.71225628343015
covtype,gnb,AlwaysRebuild,70.04333333333334,70.15011215275781
covtype,gnb,AlwaysRebuild,70.39888888888889,70.61022603094266
covtype,gnb,AlwaysRebuild,70.64777777777778,70.93230574567205
covtype,gnb,AlwaysRebuild,71.03888888888889,71.43843101167539
covtype,gnb,AlwaysRebuild,71.25222222222222,71.7144993385863
covtype,gnb,AlwaysRebuild,72.10555555555555,72.81877264622995
covtype,gnb,AlwaysRebuild,72.39,73.18686374877782
covtype,gnb,AlwaysRebuild,72.56777777777778,73.41692068787025
covtype,gnb,AlwaysRebuild,73.45666666666666,74.56720538333238
covtype,gnb,AlwaysRebuild,73.5988888888889,74.75125093460632
covtype,gnb,AlwaysRebuild,73.95444444444445,75.21136481279116
covtype,gnb,AlwaysRebuild,74.20333333333333,75.53344452752056
covtype,gnb,AlwaysRebuild,74.34555555555555,75.7174900787945
covtype,gnb,AlwaysRebuild,74.59444444444445,76.0395697935239
covtype,gnb,AlwaysRebuild,74.8788888888889,76.40766089607177
covtype,gnb,AlwaysRebuild,75.09222222222222,76.68372922298269
covtype,gnb,AlwaysRebuild,75.23444444444445,76.86777477425663
covtype,gnb,AlwaysRebuild,75.48333333333333,77.18985448898603
covtype,gnb,AlwaysRebuild,75.62555555555555,77.37390004025997
covtype,gnb,AlwaysRebuild,75.83888888888889,77.64996836717087
covtype,gnb,AlwaysRebuild,76.12333333333333,78.01805946971875
covtype,gnb,AlwaysRebuild,76.26555555555555,78.20210502099269
covtype,gnb,AlwaysRebuild,76.44333333333333,78.43216196008512
covtype,gnb,AlwaysRebuild,76.76333333333334,78.84626445045149
covtype,gnb,AlwaysRebuild,76.90555555555555,79.03031000172543
covtype,gnb,AlwaysRebuild,77.11888888888889,79.30637832863634
covtype,gnb,AlwaysRebuild,77.33222222222223,79.58244665554724
covtype,gnb,AlwaysRebuild,77.9011111111111,80.318628860643
covtype,gnb,AlwaysRebuild,78.11444444444444,80.59469718755392
covtype,gnb,AlwaysRebuild,78.32777777777778,80.87076551446484
covtype,gnb,AlwaysRebuild,78.64777777777778,81.2848680048312
covtype,gnb,AlwaysRebuild,78.75888888888889,81.42865359176396
covtype,gnb,AlwaysRebuild,78.93222222222222,81.65295910737908
covtype,gnb,AlwaysRebuild,81.38555555555556,83.09081497670674
covtype,gnb,AlwaysRebuild,81.56333333333333,83.32087191579916
covtype,gnb,AlwaysRebuild,81.77666666666667,83.59694024271008
covtype,gnb,AlwaysRebuild,81.99,83.87300856962098
covtype,gnb,AlwaysRebuild,82.20333333333333,84.1490768965319
covtype,gnb,AlwaysRebuild,82.38111111111111,84.37913383562432
covtype,gnb,AlwaysRebuild,82.52333333333333,84.56317938689826
covtype,gnb,AlwaysRebuild,82.70111111111112,84.79323632599068
covtype,gnb,AlwaysRebuild,82.8788888888889,85.02329326508311
covtype,gnb,AlwaysRebuild,83.09222222222222,85.29936159199401
covtype,gnb,AlwaysRebuild,83.37666666666667,85.6674526945419
covtype,gnb,AlwaysRebuild,83.55444444444444,85.89750963363433
covtype,gnb,AlwaysRebuild,83.87444444444445,86.31161212400069
covtype,gnb,AlwaysRebuild,84.01666666666667,86.49565767527463
covtype,gnb,AlwaysRebuild,84.1588888888889,86.67970322654857
covtype,gnb,AlwaysRebuild,84.33666666666667,86.90976016564099
covtype,gnb,AlwaysRebuild,84.47888888888889,87.09380571691494
covtype,gnb,AlwaysRebuild,84.59,87.23759130384771
covtype,gnb,AlwaysRebuild,84.79888888888888,87.5079082072813
covtype,gnb,AlwaysRebuild,84.91,87.65169379421407
covtype,gnb,AlwaysRebuild,85.15444444444445,87.96802208546616
covtype,gnb,AlwaysRebuild,85.43888888888888,88.33611318801404
covtype,gnb,AlwaysRebuild,85.58111111111111,88.52015873928798
covtype,gnb,AlwaysRebuild,85.75888888888889,88.7502156783804
covtype,gnb,AlwaysRebuild,86.11444444444444,89.21032955656526
covtype,gnb,AlwaysRebuild,86.39888888888889,89.57842065911314
covtype,gnb,AlwaysRebuild,86.51,89.7222062460459
covtype,gnb,AlwaysRebuild,86.86111111111111,90.17656870075344
covtype,gnb,AlwaysRebuild,87.07444444444444,90.45263702766435
covtype,gnb,AlwaysRebuild,87.28777777777778,90.72870535457525
covtype,gnb,AlwaysRebuild,87.50111111111111,91.00477368148617
covtype,gnb,AlwaysRebuild,88.14111111111112,91.8329786622189
covtype,gnb,AlwaysRebuild,88.49666666666667,92.29309254040375
covtype,gnb,AlwaysRebuild,88.81666666666666,92.70719503077011
covtype,gnb,AlwaysRebuild,89.10111111111111,93.075286133318
covtype,gnb,AlwaysRebuild,89.5988888888889,93.71944556277678
covtype,gnb,AlwaysRebuild,89.77666666666667,93.94950250186922
covtype,gnb,AlwaysRebuild,95.43,95.38735837119687
covtype,gnb,AlwaysRebuild,95.71444444444444,95.75544947374475
covtype,gnb,AlwaysRebuild,95.99888888888889,96.12354057629263
covtype,gnb,AlwaysRebuild,96.31888888888889,96.537643066659
covtype,gnb,AlwaysRebuild,97.88333333333334,97.97549893598665
covtype,gnb,AlwaysRebuild,98.20333333333333,98.38960142635302
covtype,gnb,AlwaysRebuild,98.48777777777778,98.7576925289009
covtype,gnb,AlwaysRebuild,98.80777777777777,99.17179501926726
covtype,gnb,AlwaysRebuild,99.12777777777778,99.58589750963364
covtype,gnb,AlwaysRebuild,99.44777777777777,100.0
covtype,gnb,AlwaysRebuild,100.0,100.0
covtype,gnb,MechanismSelector,0.0,0.0
covtype,gnb,MechanismSelector,0.6744444444444444,1.5730143210444585
covtype,gnb,MechanismSelector,1.0655555555555556,1.9770518203255305
covtype,gnb,MechanismSelector,1.5633333333333332,1.9770518203255305
covtype,gnb,MechanismSelector,2.0966666666666667,2.5291884741473516
covtype,gnb,MechanismSelector,2.63,3.0813251279691722
covtype,gnb,MechanismSelector,4.23,3.0813251279691722
covtype,gnb,MechanismSelector,5.047777777777778,3.0813251279691722
covtype,gnb,MechanismSelector,5.474444444444444,4.074883533674584
covtype,gnb,MechanismSelector,5.7588888888888885,4.736297233565307
covtype,gnb,MechanismSelector,7.216666666666667,7.324437798355093
covtype,gnb,MechanismSelector,7.8566666666666665,8.814056478978546
covtype,gnb,MechanismSelector,8.07,9.090124805889458
covtype,gnb,MechanismSelector,8.994444444444444,11.242595042272962
covtype,gnb,MechanismSelector,9.207777777777778,11.518663369183873
covtype,gnb,MechanismSelector,9.421111111111111,11.794731696094784
covtype,gnb,MechanismSelector,10.274444444444445,13.781848507505607
covtype,gnb,MechanismSelector,10.87888888888889,15.189509403577386
covtype,gnb,MechanismSelector,14.612222222222222,17.77764996836717
covtype,gnb,MechanismSelector,15.003333333333334,18.68781273365158
covtype,gnb,MechanismSelector,15.181111111111111,18.917869672744004
covtype,gnb,MechanismSelector,15.323333333333334,19.101915224017944
covtype,gnb,MechanismSelector,16.674444444444443,20.25219991948007
covtype,gnb,MechanismSelector,16.816666666666666,20.436245470754013
covtype,gnb,MechanismSelector,16.927777777777777,20.580031057686778
covtype,gnb,MechanismSelector,18.096666666666668,20.580031057686778
covtype,gnb,MechanismSelector,18.31,20.856099384597687
covtype,gnb,MechanismSelector,18.63,20.856099384597687
covtype,gnb,MechanismSelector,19.02111111111111,21.26013688387876
covtype,gnb,MechanismSelector,19.234444444444446,21.53620521078967
covtype,gnb,MechanismSelector,19.412222222222223,21.766262149882095
covtype,gnb,MechanismSelector,19.696666666666665,21.766262149882095
covtype,gnb,MechanismSelector,19.83888888888889,21.950307701156035
covtype,gnb,MechanismSelector,20.087777777777777,22.272387415885433
covtype,gnb,MechanismSelector,20.514444444444443,22.272387415885433
covtype,gnb,MechanismSelector,20.79888888888889,22.565710013228273
covtype,gnb,MechanismSelector,21.047777777777778,22.88778972795767
covtype,gnb,MechanismSelector,21.261111111111113,23.16385805486858
covtype,gnb,MechanismSelector,21.43888888888889,23.393914993961005
covtype,gnb,MechanismSelector,21.794444444444444,23.393914993961005
covtype,gnb,MechanismSelector,22.114444444444445,23.393914993961005
covtype,gnb,MechanismSelector,22.256666666666668,23.577960545234944
covtype,gnb,MechanismSelector,22.36777777777778,23.721746132167713
covtype,gnb,MechanismSelector,22.612222222222222,24.038074423419797
covtype,gnb,MechanismSelector,22.89666666666667,24.038074423419797
covtype,gnb,MechanismSelector,23.11,24.314142750330706
covtype,gnb,MechanismSelector,23.465555555555557,24.314142750330706
covtype,gnb,MechanismSelector,23.785555555555554,24.314142750330706
covtype,gnb,MechanismSelector,23.963333333333335,24.54419968942313
covtype,gnb,MechanismSelector,24.247777777777777,24.54419968942313
covtype,gnb,MechanismSelector,24.425555555555555,24.77425662851556
covtype,gnb,MechanismSelector,24.674444444444443,25.096336343244953
covtype,gnb,MechanismSelector,24.785555555555554,25.240121930177718
covtype,gnb,MechanismSelector,25.101111111111113,25.240121930177718
covtype,gnb,MechanismSelector,25.243333333333332,25.424167481451658
covtype,gnb,MechanismSelector,25.52777777777778,25.424167481451658
covtype,gnb,MechanismSelector,25.67,25.6082130327256
covtype,gnb,MechanismSelector,25.954444444444444,25.6082130327256
covtype,gnb,MechanismSelector,26.096666666666668,25.79225858399954
covtype,gnb,MechanismSelector,26.416666666666668,25.79225858399954
covtype,gnb,MechanismSelector,29.19,26.942543279461667
covtype,gnb,MechanismSelector,29.43888888888889,27.26462299419106
covtype,gnb,MechanismSelector,29.55,27.40840858112383
covtype,gnb,MechanismSelector,30.754444444444445,29.996549145913615
covtype,gnb,MechanismSelector,30.967777777777776,30.272617472824525
covtype,gnb,MechanismSelector,31.394444444444446,31.266175878529936
covtype,gnb,MechanismSelector,31.82111111111111,32.25973428423535
covtype,gnb,MechanismSelector,32.24777777777778,32.25973428423535
covtype,gnb,MechanismSelector,32.67444444444445,33.25329268994076
covtype,gnb,MechanismSelector,33.10111111111111,34.24685109564617
covtype,gnb,MechanismSelector,33.52777777777778,35.240409501351586
covtype,gnb,MechanismSelector,33.95444444444445,36.233967907057
covtype,gnb,MechanismSelector,34.38111111111111,37.22752631276241
covtype,gnb,MechanismSelector,34.80777777777778,37.22752631276241
covtype,gnb,MechanismSelector,35.27,37.22752631276241
covtype,gnb,MechanismSelector,35.696666666666665,37.22752631276241
covtype,gnb,MechanismSelector,36.123333333333335,37.22752631276241
covtype,gnb,MechanismSelector,36.55,37.22752631276241
covtype,gnb,MechanismSelector,36.87,37.22752631276241
covtype,gnb,MechanismSelector,36.98111111111111,37.37131189969517
covtype,gnb,MechanismSelector,37.29666666666667,37.37131189969517
covtype,gnb,MechanismSelector,37.43888888888889,37.55535745096911
covtype,gnb,MechanismSelector,37.65222222222222,37.83142577788003
covtype,gnb,MechanismSelector,37.763333333333335,37.97521136481279
covtype,gnb,MechanismSelector,37.87444444444444,38.11899695174556
covtype,gnb,MechanismSelector,37.98555555555556,38.26278253867832
covtype,gnb,MechanismSelector,38.15,38.47558520733882
covtype,gnb,MechanismSelector,38.29222222222222,38.65963075861276
covtype,gnb,MechanismSelector,38.50555555555555,38.935699085523666
covtype,gnb,MechanismSelector,38.61666666666667,39.07948467245643
covtype,gnb,MechanismSelector,38.727777777777774,39.223270259389196
covtype,gnb,MechanismSelector,38.861111111111114,39.395812963708515
covtype,gnb,MechanismSelector,39.03888888888889,39.62586990280094
covtype,gnb,MechanismSelector,39.15,39.76965548973371
covtype,gnb,MechanismSelector,39.35888888888889,40.03997239316731
covtype,gnb,MechanismSelector,39.47,40.183757980100076
covtype,gnb,MechanismSelector,39.60777777777778,40.3620521078967
covtype,gnb,MechanismSelector,39.785555555555554,40.59210904698913
covtype,gnb,MechanismSelector,39.89666666666667,40.735894633921895
covtype,gnb,MechanismSelector,40.034444444444446,40.91418876171853
covtype,gnb,MechanismSelector,40.35444444444445,41.244895611663885
covtype,gnb,MechanismSelector,40.465555555555554,41.38868119859665
covtype,gnb,MechanismSelector,40.78111111111111,41.71507448093403
covtype,gnb,MechanismSelector,40.92333333333333,41.899120032207975
covtype,gnb,MechanismSelector,41.10111111111111,42.129176971300396
covtype,gnb,MechanismSelector,41.24333333333333,42.313222522574335
covtype,gnb,MechanismSelector,41.385555555555555,42.497268073848275
covtype,gnb,MechanismSelector,41.56333333333333,42.7273250129407
covtype,gnb,MechanismSelector,41.67444444444445,42.87111059987347
covtype,gnb,MechanismSelector,41.785555555555554,43.01489618680623
covtype,gnb,MechanismSelector,41.91888888888889,43.18743889112555
covtype,gnb,MechanismSelector,42.096666666666664,43.41749583021798
covtype,gnb,MechanismSelector,42.23888888888889,43.60154138149192
covtype,gnb,MechanismSelector,42.416666666666664,43.83159832058435
covtype,gnb,MechanismSelector,42.55888888888889,44.01564387185829
covtype,gnb,MechanismSelector,42.70111111111111,44.19968942313223
covtype,gnb,MechanismSelector,46.434444444444445,44.19968942313223
covtype,gnb,MechanismSelector,48.88777777777778,46.78782998792201
covtype,gnb,MechanismSelector,49.74111111111111,46.78782998792201
covtype,gnb,MechanismSelector,50.096666666666664,47.616034968654745
covtype,gnb,MechanismSelector,50.452222222222225,48.44423994938747
covtype,gnb,MechanismSelector,51.30555555555556,50.431356760798295
covtype,gnb,MechanismSelector,51.51888888888889,50.70742508770921
covtype,gnb,MechanismSelector,51.83888888888889,50.70742508770921
covtype,gnb,MechanismSelector,52.123333333333335,50.70742508770921
covtype,gnb,MechanismSelector,52.47888888888889,50.70742508770921
covtype,gnb,MechanismSelector,52.79888888888889,50.70742508770921
covtype,gnb,MechanismSelector,53.154444444444444,50.70742508770921
covtype,gnb,MechanismSelector,53.474444444444444,50.70742508770921
covtype,gnb,MechanismSelector,53.794444444444444,50.70742508770921
covtype,gnb,MechanismSelector,54.15,50.70742508770921
covtype,gnb,MechanismSelector,54.47,50.70742508770921
covtype,gnb,MechanismSelector,54.82555555555555,50.70742508770921
covtype,gnb,MechanismSelector,55.14555555555555,50.70742508770921
covtype,gnb,MechanismSelector,55.465555555555554,50.70742508770921
covtype,gnb,MechanismSelector,55.785555555555554,50.70742508770921
covtype,gnb,MechanismSelector,56.14111111111111,50.70742508770921
covtype,gnb,MechanismSelector,57.24333333333333,50.70742508770921
covtype,gnb,MechanismSelector,59.483333333333334,53.29556565249899
covtype,gnb,MechanismSelector,59.73222222222222,53.61764536722839
covtype,gnb,MechanismSelector,59.94555555555556,53.8937136941393
covtype,gnb,MechanismSelector,61.33222222222222,56.48185425892908
covtype,gnb,MechanismSelector,61.65222222222222,57.226663599240815
covtype,gnb,MechanismSelector,62.36333333333334,58.88307356070627
covtype,gnb,MechanismSelector,62.71888888888889,59.71127854143901
covtype,gnb,MechanismSelector,63.85666666666667,62.29941910622879
covtype,gnb,MechanismSelector,67.27,64.88755967101858
covtype,gnb,MechanismSelector,67.5188888888889,65.20963938574798
covtype,gnb,MechanismSelector,68.1588888888889,66.69925806637143
covtype,gnb,MechanismSelector,68.44333333333333,66.69925806637143
covtype,gnb,MechanismSelector,68.65666666666667,66.97532639328234
covtype,gnb,MechanismSelector,68.79888888888888,67.15937194455628
covtype,gnb,MechanismSelector,68.97666666666667,67.3894288836487
covtype,gnb,MechanismSelector,69.08777777777777,67.53321447058147
covtype,gnb,MechanismSelector,69.29666666666667,67.80353137401507
covtype,gnb,MechanismSelector,69.51,68.07959970092598
covtype,gnb,MechanismSelector,69.65222222222222,68.26364525219992
covtype,gnb,MechanismSelector,69.79444444444445,68.44769080347386
covtype,gnb,MechanismSelector,69.97222222222223,68.67774774256628
covtype,gnb,MechanismSelector,70.15,68.90780468165872
covtype,gnb,MechanismSelector,70.29222222222222,69.09185023293266
covtype,gnb,MechanismSelector,71.50111111111111,70.24213492839478
covtype,gnb,MechanismSelector,71.75,70.56421464312417
covtype,gnb,MechanismSelector,71.89222222222222,70.74826019439811
covtype,gnb,MechanismSelector,72.99444444444444,70.74826019439811
covtype,gnb,MechanismSelector,73.24333333333334,71.07033990912751
covtype,gnb,MechanismSelector,73.38555555555556,71.25438546040145
covtype,gnb,MechanismSelector,73.70555555555555,71.25438546040145
covtype,gnb,MechanismSelector,73.95444444444445,71.57646517513085
covtype,gnb,MechanismSelector,74.2388888888889,71.57646517513085
covtype,gnb,MechanismSelector,74.55888888888889,71.57646517513085
covtype,gnb,MechanismSelector,74.70111111111112,71.76051072640479
covtype,gnb,MechanismSelector,74.8788888888889,71.99056766549721
covtype,gnb,MechanismSelector,74.99,72.13435325242997
covtype,gnb,MechanismSelector,75.23444444444445,72.45068154368207
covtype,gnb,MechanismSelector,75.5188888888889,72.45068154368207
covtype,gnb,MechanismSelector,75.63,72.59446713061483
covtype,gnb,MechanismSelector,75.87444444444445,72.91079542186691
covtype,gnb,MechanismSelector,76.08777777777777,73.18686374877782
covtype,gnb,MechanismSelector,76.30111111111111,73.46293207568873
covtype,gnb,MechanismSelector,76.58555555555556,74.12434577557946
covtype,gnb,MechanismSelector,76.76333333333334,74.35440271467188
covtype,gnb,MechanismSelector,77.04777777777778,74.35440271467188
covtype,gnb,MechanismSelector,77.36777777777777,74.35440271467188
covtype,gnb,MechanismSelector,77.68777777777778,74.35440271467188
covtype,gnb,MechanismSelector,77.97222222222223,74.35440271467188
covtype,gnb,MechanismSelector,78.08333333333333,74.49818830160464
covtype,gnb,MechanismSelector,78.43444444444444,74.49818830160464
covtype,gnb,MechanismSelector,78.64777777777778,74.77425662851556
covtype,gnb,MechanismSelector,79.03888888888889,75.17829412779663
covtype,gnb,MechanismSelector,79.39444444444445,76.00649910852935
covtype,gnb,MechanismSelector,79.64333333333333,76.32857882325875
covtype,gnb,MechanismSelector,79.85666666666667,76.60464715016967
covtype,gnb,MechanismSelector,80.03444444444445,76.83470408926209
covtype,gnb,MechanismSelector,80.17666666666666,77.01874964053603
covtype,gnb,MechanismSelector,80.28777777777778,77.1625352274688
covtype,gnb,MechanismSelector,80.39888888888889,77.30632081440156
covtype,gnb,MechanismSelector,80.53222222222222,77.47886351872089
covtype,gnb,MechanismSelector,80.78111111111112,77.80094323345028
covtype,gnb,MechanismSelector,80.99444444444444,78.07701156036119
covtype,gnb,MechanismSelector,81.10555555555555,78.22079714729395
covtype,gnb,MechanismSelector,81.88333333333334,78.22079714729395
covtype,gnb,MechanismSelector,83.83888888888889,80.80893771208375
covtype,gnb,MechanismSelector,84.01666666666667,81.03899465117617
covtype,gnb,MechanismSelector,84.1588888888889,81.22304020245011
covtype,gnb,MechanismSelector,84.33666666666667,81.45309714154253
covtype,gnb,MechanismSelector,84.47888888888889,81.63714269281647
covtype,gnb,MechanismSelector,84.59,81.78092827974923
covtype,gnb,MechanismSelector,84.79888888888888,82.05124518318284
covtype,gnb,MechanismSelector,84.91,82.19503077011561
covtype,gnb,MechanismSelector,85.15444444444445,82.51135906136768
covtype,gnb,MechanismSelector,85.43888888888888,82.51135906136768
covtype,gnb,MechanismSelector,85.79444444444445,82.51135906136768
covtype,gnb,MechanismSelector,86.11444444444444,82.51135906136768
covtype,gnb,MechanismSelector,86.43444444444444,82.51135906136768
covtype,gnb,MechanismSelector,86.57666666666667,82.69540461264162
covtype,gnb,MechanismSelector,86.75444444444445,82.92546155173406
covtype,gnb,MechanismSelector,86.96777777777778,83.20152987864496
covtype,gnb,MechanismSelector,87.28777777777778,83.9463392189567
covtype,gnb,MechanismSelector,87.50111111111111,84.2224075458676
covtype,gnb,MechanismSelector,88.14111111111112,85.71202622649106
covtype,gnb,MechanismSelector,88.49666666666667,86.54023120722378
covtype,gnb,MechanismSelector,88.81666666666666,87.28504054753552
covtype,gnb,MechanismSelector,89.10111111111111,87.28504054753552
covtype,gnb,MechanismSelector,89.21222222222222,87.42882613446828
covtype,gnb,MechanismSelector,89.38555555555556,87.6531316500834
covtype,gnb,MechanismSelector,89.5988888888889,87.92919997699431
covtype,gnb,MechanismSelector,90.16777777777777,87.92919997699431
covtype,gnb,MechanismSelector,90.45222222222222,87.92919997699431
covtype,gnb,MechanismSelector,91.27,87.92919997699431
covtype,gnb,MechanismSelector,91.55444444444444,88.59061367688503
covtype,gnb,MechanismSelector,94.79,89.74089837234716
covtype,gnb,MechanismSelector,95.82111111111111,92.14211767412435
covtype,gnb,MechanismSelector,95.99888888888889,92.37217461321677
covtype,gnb,MechanismSelector,96.24777777777778,92.69425432794617
covtype,gnb,MechanismSelector,96.46111111111111,92.97032265485707
covtype,gnb,MechanismSelector,97.84777777777778,94.1206073503192
covtype,gnb,MechanismSelector,98.20333333333333,94.94881233105194
covtype,gnb,MechanismSelector,98.48777777777778,95.61022603094266
covtype,gnb,MechanismSelector,98.80777777777777,95.61022603094266
covtype,gnb,MechanismSelector,99.12777777777778,95.61022603094266
covtype,gnb,MechanismSelector,99.73222222222222,95.61022603094266
covtype,gnb,MechanismSelector,100.0,95.61022603094266
covtype,gnb,FixedSchedule,0.0,0.0
covtype,gnb,FixedSchedule,0.6744444444444444,0.6987979524932421
covtype,gnb,FixedSchedule,1.35,1.3975959049864841
covtype,gnb,FixedSchedule,2.0255555555555556,2.2718122735377007
covtype,gnb,FixedSchedule,2.736666666666667,3.007994478633462
covtype,gnb,FixedSchedule,3.767777777777778,4.074883533674584
covtype,gnb,FixedSchedule,4.621111111111111,5.1791568413182265
covtype,gnb,FixedSchedule,5.794444444444444,6.329441536780353
covtype,gnb,FixedSchedule,7.394444444444445,7.47972623224248
covtype,gnb,FixedSchedule,7.536666666666667,7.66377178351642
covtype,gnb,FixedSchedule,7.714444444444444,7.847817334790361
covtype,gnb,FixedSchedule,7.8566666666666665,7.994478633461782
covtype,gnb,FixedSchedule,8.07,8.270546960372693
covtype,gnb,FixedSchedule,8.994444444444444,9.226721113475586
covtype,gnb,FixedSchedule,9.99,10.25622591591419
covtype,gnb,FixedSchedule,10.274444444444445,10.624317018462069
covtype,gnb,FixedSchedule,10.87888888888889,11.2497843216196
covtype,gnb,FixedSchedule,12.727777777777778,12.400069017081728
covtype,gnb,FixedSchedule,13.012222222222222,12.768160119629608
covtype,gnb,FixedSchedule,14.114444444444445,13.908379824006442
covtype,gnb,FixedSchedule,14.398888888888889,14.201702421349284
covtype,gnb,FixedSchedule,14.683333333333334,14.569793523897165
covtype,gnb,FixedSchedule,14.86111111111111,14.753839075171104
covtype,gnb,FixedSchedule,15.181111111111111,15.084545925116466
covtype,gnb,FixedSchedule,15.501111111111111,15.498648415482831
covtype,gnb,FixedSchedule,15.785555555555556,15.791971012825675
covtype,gnb,FixedSchedule,16.034444444444443,16.049347213435325
covtype,gnb,FixedSchedule,16.31888888888889,16.417438315983205
covtype,gnb,FixedSchedule,16.43,16.53246678552942
covtype,gnb,FixedSchedule,16.71,16.82147581526428
covtype,gnb,FixedSchedule,16.923333333333332,17.097544142175188
covtype,gnb,FixedSchedule,17.954444444444444,18.16443319721631
covtype,gnb,FixedSchedule,18.274444444444445,18.495140047161673
covtype,gnb,FixedSchedule,18.665555555555557,19.001265313165007
covtype,gnb,FixedSchedule,18.878888888888888,19.22125726117214
covtype,gnb,FixedSchedule,19.05666666666667,19.40530281244608
covtype,gnb,FixedSchedule,19.234444444444446,19.635359751538505
covtype,gnb,FixedSchedule,19.412222222222223,19.819405302812445
covtype,gnb,FixedSchedule,19.625555555555554,20.03939725081958
covtype,gnb,FixedSchedule,19.803333333333335,20.269454189912004
covtype,gnb,FixedSchedule,19.945555555555554,20.416115488583426
covtype,gnb,FixedSchedule,20.123333333333335,20.600161039857365
covtype,gnb,FixedSchedule,20.265555555555554,20.784206591131305
covtype,gnb,FixedSchedule,20.514444444444443,21.041582791740957
covtype,gnb,FixedSchedule,20.656666666666666,21.188244090412375
covtype,gnb,FixedSchedule,20.905555555555555,21.510323805141773
covtype,gnb,FixedSchedule,21.047777777777778,21.656985103813195
covtype,gnb,FixedSchedule,21.261111111111113,21.876977051820326
covtype,gnb,FixedSchedule,21.43888888888889,22.10703399091275
covtype,gnb,FixedSchedule,21.794444444444444,22.475125093460633
covtype,gnb,FixedSchedule,22.07888888888889,22.768447690803473
covtype,gnb,FixedSchedule,22.256666666666668,22.998504629895898
covtype,gnb,FixedSchedule,22.36777777777778,23.11353309944211
covtype,gnb,FixedSchedule,22.683333333333334,23.43992638177949
covtype,gnb,FixedSchedule,22.86111111111111,23.669983320871914
covtype,gnb,FixedSchedule,23.003333333333334,23.816644619543336
covtype,gnb,FixedSchedule,23.114444444444445,23.93167308908955
covtype,gnb,FixedSchedule,23.50111111111111,24.432046931615574
covtype,gnb,FixedSchedule,23.714444444444446,24.652038879622708
covtype,gnb,FixedSchedule,23.963333333333335,24.909415080232357
covtype,gnb,FixedSchedule,24.176666666666666,25.185483407143266
covtype,gnb,FixedSchedule,24.354444444444443,25.36952895841721
covtype,gnb,FixedSchedule,24.60333333333333,25.626905159026858
covtype,gnb,FixedSchedule,24.816666666666666,25.90297348593777
covtype,gnb,FixedSchedule,25.065555555555555,26.16034968654742
covtype,gnb,FixedSchedule,25.243333333333332,26.34439523782136
covtype,gnb,FixedSchedule,25.456666666666667,26.620463564732272
covtype,gnb,FixedSchedule,25.634444444444444,26.804509116006212
covtype,gnb,FixedSchedule,25.91888888888889,27.097831713349056
covtype,gnb,FixedSchedule,26.096666666666668,27.32788865244148
covtype,gnb,FixedSchedule,26.38111111111111,27.62121124978432
covtype,gnb,FixedSchedule,26.558888888888887,27.805256801058263
covtype,gnb,FixedSchedule,26.807777777777776,28.127336515787658
covtype,gnb,FixedSchedule,27.02111111111111,28.34732846379479
covtype,gnb,FixedSchedule,27.447777777777777,28.78875021567838
covtype,gnb,FixedSchedule,27.732222222222223,29.15684131822626
covtype,gnb,FixedSchedule,27.98111111111111,29.414217518835912
covtype,gnb,FixedSchedule,28.336666666666666,29.78230862138379
covtype,gnb,FixedSchedule,28.55,30.058376948294704
covtype,gnb,FixedSchedule,28.66111111111111,30.173405417840915
covtype,gnb,FixedSchedule,28.941111111111113,30.462414447575775
covtype,gnb,FixedSchedule,29.19,30.78449416230517
covtype,gnb,FixedSchedule,29.403333333333332,31.004486110312303
covtype,gnb,FixedSchedule,32.56777777777778,32.154770805774426
covtype,gnb,FixedSchedule,32.67888888888889,32.2985563927072
covtype,gnb,FixedSchedule,33.03,32.66089607177776
covtype,gnb,FixedSchedule,33.20777777777778,32.8449416230517
covtype,gnb,FixedSchedule,33.52777777777778,33.25904411341807
covtype,gnb,FixedSchedule,33.638888888888886,33.37407258296428
covtype,gnb,FixedSchedule,33.95444444444445,33.70046586530166
covtype,gnb,FixedSchedule,34.38111111111111,34.252602519123485
covtype,gnb,FixedSchedule,34.80777777777778,34.69402427100707
covtype,gnb,FixedSchedule,34.91888888888889,34.809052740553284
covtype,gnb,FixedSchedule,35.27,35.263415195260826
covtype,gnb,FixedSchedule,35.59,35.59412204520619
covtype,gnb,FixedSchedule,35.70111111111111,35.7091505147524
covtype,gnb,FixedSchedule,35.98111111111111,36.071490193822974
covtype,gnb,FixedSchedule,36.15888888888889,36.255535745096914
covtype,gnb,FixedSchedule,36.37222222222222,36.47552769310404
covtype,gnb,FixedSchedule,36.55,36.70558463219647
covtype,gnb,FixedSchedule,36.79888888888889,36.96296083280612
covtype,gnb,FixedSchedule,37.26111111111111,37.4403289814229
covtype,gnb,FixedSchedule,37.51,37.7624086961523
covtype,gnb,FixedSchedule,37.723333333333336,37.982400644159426
covtype,gnb,FixedSchedule,38.114444444444445,38.3864381434405
covtype,gnb,FixedSchedule,38.36333333333334,38.7085178581699
covtype,gnb,FixedSchedule,38.541111111111114,38.89256340944384
covtype,gnb,FixedSchedule,38.79,39.14993961005349
covtype,gnb,FixedSchedule,39.25222222222222,39.748087651693794
covtype,gnb,FixedSchedule,39.67888888888889,40.18950940357738
covtype,gnb,FixedSchedule,40.14111111111111,40.666877552194165
covtype,gnb,FixedSchedule,47.89222222222222,42.10473342152183
covtype,gnb,FixedSchedule,49.74111111111111,43.255018116983955
covtype,gnb,FixedSchedule,50.096666666666664,43.623109219531834
covtype,gnb,FixedSchedule,50.452222222222225,44.08322309771668
covtype,gnb,FixedSchedule,51.30555555555556,44.96606660148387
covtype,gnb,FixedSchedule,51.51888888888889,45.186058549491
covtype,gnb,FixedSchedule,57.35,46.62391441881866
covtype,gnb,FixedSchedule,58.452222222222225,47.76413412319549
covtype,gnb,FixedSchedule,60.23,48.914418818657616
covtype,gnb,FixedSchedule,60.40777777777778,49.144475757750044
covtype,gnb,FixedSchedule,60.55,49.29113705642146
covtype,gnb,FixedSchedule,60.727777777777774,49.4751826076954
covtype,gnb,FixedSchedule,60.94111111111111,49.75125093460632
covtype,gnb,FixedSchedule,61.33222222222222,50.155288433887385
covtype,gnb,FixedSchedule,61.65222222222222,50.48599528383275
covtype,gnb,FixedSchedule,61.97222222222222,50.90009777419911
covtype,gnb,FixedSchedule,62.29222222222222,51.230804624144476
covtype,gnb,FixedSchedule,62.647777777777776,51.598895726692355
covtype,gnb,FixedSchedule,62.79,51.782941277966295
covtype,gnb,FixedSchedule,63.03888888888889,52.04031747857595
covtype,gnb,FixedSchedule,63.15,52.15534594812216
covtype,gnb,FixedSchedule,63.43,52.51768562719273
covtype,gnb,FixedSchedule,63.57222222222222,52.66434692586415
covtype,gnb,FixedSchedule,64.99444444444444,53.81463162132628
covtype,gnb,FixedSchedule,67.5188888888889,55.252487490653934
covtype,gnb,FixedSchedule,67.83888888888889,55.5831943405993
covtype,gnb,FixedSchedule,67.9811111111111,55.72985563927072
covtype,gnb,FixedSchedule,68.1588888888889,55.959912578363145
covtype,gnb,FixedSchedule,68.33666666666667,56.143958129637085
covtype,gnb,FixedSchedule,68.44777777777777,56.258986599183295
covtype,gnb,FixedSchedule,68.6211111111111,56.48329211479841
covtype,gnb,FixedSchedule,68.83444444444444,56.703284062805544
covtype,gnb,FixedSchedule,69.01222222222222,56.88732961407948
covtype,gnb,FixedSchedule,69.19,57.11738655317191
covtype,gnb,FixedSchedule,69.40333333333334,57.33737850117904
covtype,gnb,FixedSchedule,69.65222222222222,57.594754701788695
covtype,gnb,FixedSchedule,69.83,57.824811640881116
covtype,gnb,FixedSchedule,69.97222222222223,57.97147293955254
covtype,gnb,FixedSchedule,70.15,58.15551849082648
covtype,gnb,FixedSchedule,70.39888888888889,58.47759820555588
covtype,gnb,FixedSchedule,70.61222222222223,58.697590153563006
covtype,gnb,FixedSchedule,70.75444444444445,58.84425145223443
covtype,gnb,FixedSchedule,71.03888888888889,59.21234255478231
covtype,gnb,FixedSchedule,71.25222222222222,59.43233450278944
covtype,gnb,FixedSchedule,71.43,59.61638005406338
covtype,gnb,FixedSchedule,71.60777777777778,59.846436993155805
covtype,gnb,FixedSchedule,72.42555555555556,60.69189624432047
covtype,gnb,FixedSchedule,72.81666666666666,61.09593374360154
covtype,gnb,FixedSchedule,73.06555555555556,61.41801345833094
covtype,gnb,FixedSchedule,73.24333333333334,61.60205900960488
covtype,gnb,FixedSchedule,73.38555555555556,61.7487203082763
covtype,gnb,FixedSchedule,73.56333333333333,61.978777247368726
covtype,gnb,FixedSchedule,74.09666666666666,62.530913901190544
covtype,gnb,FixedSchedule,74.2388888888889,62.67757519986196
covtype,gnb,FixedSchedule,74.35,62.821360786794735
covtype,gnb,FixedSchedule,74.59444444444445,63.074423419796396
covtype,gnb,FixedSchedule,74.8788888888889,63.36774601713924
covtype,gnb,FixedSchedule,75.09222222222222,63.64381434405015
covtype,gnb,FixedSchedule,75.23444444444445,63.790475642721574
covtype,gnb,FixedSchedule,75.5188888888889,64.08379824006441
covtype,gnb,FixedSchedule,75.87444444444445,64.54391211824927
covtype,gnb,FixedSchedule,76.12333333333333,64.80128831885892
covtype,gnb,FixedSchedule,76.26555555555555,64.94794961753034
covtype,gnb,FixedSchedule,76.44333333333333,65.17800655662276
covtype,gnb,FixedSchedule,76.76333333333334,65.50871340656812
covtype,gnb,FixedSchedule,77.04777777777778,65.80203600391097
covtype,gnb,FixedSchedule,77.19,65.98608155518491
covtype,gnb,FixedSchedule,77.36777777777777,66.17012710645885
covtype,gnb,FixedSchedule,77.51,66.31678840513027
covtype,gnb,FixedSchedule,77.72333333333333,66.59285673204118
covtype,gnb,FixedSchedule,77.93666666666667,66.81284868004832
covtype,gnb,FixedSchedule,78.11444444444444,66.99689423132226
covtype,gnb,FixedSchedule,78.25666666666666,67.1809397825962
covtype,gnb,FixedSchedule,80.74555555555555,68.33122447805832
covtype,gnb,FixedSchedule,80.85666666666667,68.44625294760453
covtype,gnb,FixedSchedule,80.99444444444444,68.62454707540117
covtype,gnb,FixedSchedule,81.10555555555555,68.73957554494737
covtype,gnb,FixedSchedule,81.31444444444445,68.95525392534653
covtype,gnb,FixedSchedule,81.52777777777777,69.23132225225743
covtype,gnb,FixedSchedule,81.70555555555555,69.41536780353137
covtype,gnb,FixedSchedule,81.88333333333334,69.59941335480532
covtype,gnb,FixedSchedule,81.99444444444444,69.74319894173809
covtype,gnb,FixedSchedule,82.10555555555555,69.85822741128429
covtype,gnb,FixedSchedule,82.2388888888889,69.99626157473975
covtype,gnb,FixedSchedule,82.38111111111111,70.18030712601369
covtype,gnb,FixedSchedule,82.52333333333333,70.3269684246851
covtype,gnb,FixedSchedule,82.95,70.7683901765687
covtype,gnb,FixedSchedule,83.19888888888889,71.0904698912981
covtype,gnb,FixedSchedule,83.37666666666667,71.27451544257204
covtype,gnb,FixedSchedule,83.55444444444444,71.45856099384598
covtype,gnb,FixedSchedule,83.69666666666667,71.64260654511992
covtype,gnb,FixedSchedule,83.83888888888889,71.78926784379134
covtype,gnb,FixedSchedule,84.01666666666667,71.97331339506528
covtype,gnb,FixedSchedule,84.26555555555555,72.29539310979467
covtype,gnb,FixedSchedule,84.44333333333333,72.47943866106861
covtype,gnb,FixedSchedule,84.65666666666667,72.69943060907575
covtype,gnb,FixedSchedule,84.79888888888888,72.88347616034969
covtype,gnb,FixedSchedule,84.91,72.9985046298959
covtype,gnb,FixedSchedule,85.15444444444445,73.25156726289757
covtype,gnb,FixedSchedule,85.51,73.71168114108242
covtype,gnb,FixedSchedule,85.75888888888889,73.96905734169206
covtype,gnb,FixedSchedule,85.9011111111111,74.1157186403635
covtype,gnb,FixedSchedule,86.15,74.43779835509288
covtype,gnb,FixedSchedule,86.36333333333333,74.65779030310001
covtype,gnb,FixedSchedule,86.50555555555556,74.80445160177143
covtype,gnb,FixedSchedule,86.71888888888888,75.08051992868235
covtype,gnb,FixedSchedule,87.25222222222222,75.63265658250417
covtype,gnb,FixedSchedule,87.43,75.81670213377811
covtype,gnb,FixedSchedule,87.64333333333333,76.09277046068902
covtype,gnb,FixedSchedule,88.03444444444445,76.4968079599701
covtype,gnb,FixedSchedule,88.49666666666667,76.97417610858687
covtype,gnb,FixedSchedule,88.81666666666666,77.38827859895324
covtype,gnb,FixedSchedule,89.10111111111111,77.68160119629609
covtype,gnb,FixedSchedule,89.35,77.93897739690573
covtype,gnb,FixedSchedule,89.46111111111111,78.0827629838385
covtype,gnb,FixedSchedule,89.81222222222222,78.44510266290906
covtype,gnb,FixedSchedule,90.02555555555556,78.6650946109162
covtype,gnb,FixedSchedule,90.27444444444444,78.9871743256456
covtype,gnb,FixedSchedule,95.14555555555556,80.13745902110773
covtype,gnb,FixedSchedule,95.39444444444445,80.39483522171737
covtype,gnb,FixedSchedule,95.71444444444444,80.80893771208375
covtype,gnb,FixedSchedule,95.99888888888889,81.10226030942658
covtype,gnb,FixedSchedule,98.80777777777777,82.25254500488872
covtype,gnb,FixedSchedule,99.12777777777778,82.66664749525508
covtype,gnb,FixedSchedule,99.44777777777777,82.99735434520043
covtype,gnb,FixedSchedule,99.73222222222222,83.29067694254329
covtype,gnb,FixedSchedule,100.0,83.29067694254329
covtype,gnb,AlwaysNudge,0.0,0.0
covtype,gnb,AlwaysNudge,0.6744444444444444,0.6987979524932421
covtype,gnb,AlwaysNudge,1.35,1.3975959049864841
covtype,gnb,AlwaysNudge,2.0255555555555556,2.0963938574797263
covtype,gnb,AlwaysNudge,3.0922222222222224,3.200667165123368
covtype,gnb,AlwaysNudge,3.6966666666666668,3.8261344682808995
covtype,gnb,AlwaysNudge,4.265555555555555,4.414217518835912
covtype,gnb,AlwaysNudge,5.3677777777777775,5.554437223212745
covtype,gnb,AlwaysNudge,5.83,6.0318053718295275
covtype,gnb,AlwaysNudge,6.576666666666667,6.803933973658481
covtype,gnb,AlwaysNudge,8.212222222222222,7.954218669120607
covtype,gnb,AlwaysNudge,9.67,9.104503364582735
covtype,gnb,AlwaysNudge,9.918888888888889,9.361879565192385
covtype,gnb,AlwaysNudge,10.061111111111112,9.508540863863807
covtype,gnb,AlwaysNudge,10.238888888888889,9.692586415137747
covtype,gnb,AlwaysNudge,10.487777777777778,9.949962615747397
covtype,gnb,AlwaysNudge,10.736666666666666,10.207338816357048
covtype,gnb,AlwaysNudge,10.87888888888889,10.35400011502847
covtype,gnb,AlwaysNudge,11.838888888888889,11.347558520733882
covtype,gnb,AlwaysNudge,12.123333333333333,11.640881118076724
covtype,gnb,AlwaysNudge,12.763333333333334,12.302294817967447
covtype,gnb,AlwaysNudge,13.047777777777778,12.59561741531029
covtype,gnb,AlwaysNudge,14.363333333333333,13.745902110772416
covtype,gnb,AlwaysNudge,15.11,14.51803071260137
covtype,gnb,AlwaysNudge,15.323333333333334,14.7380226606085
covtype,gnb,AlwaysNudge,15.434444444444445,14.853051130154713
covtype,gnb,AlwaysNudge,15.643333333333333,15.068729510553862
covtype,gnb,AlwaysNudge,15.754444444444445,15.183757980100074
covtype,gnb,AlwaysNudge,15.963333333333333,15.399436360499223
covtype,gnb,AlwaysNudge,16.074444444444445,15.514464830045437
covtype,gnb,AlwaysNudge,16.185555555555556,15.62949329959165
covtype,gnb,AlwaysNudge,16.39,15.840858112382815
covtype,gnb,AlwaysNudge,16.50111111111111,15.955886581929027
covtype,gnb,AlwaysNudge,16.674444444444443,16.13418070972566
covtype,gnb,AlwaysNudge,16.816666666666666,16.280842008397077
covtype,gnb,AlwaysNudge,17.136666666666667,16.611548858342438
covtype,gnb,AlwaysNudge,17.456666666666667,16.942255708287803
covtype,gnb,AlwaysNudge,17.634444444444444,17.126301259561743
covtype,gnb,AlwaysNudge,17.954444444444444,17.457008109507104
covtype,gnb,AlwaysNudge,18.31,17.825099212054983
covtype,gnb,AlwaysNudge,18.63,18.155806062000345
covtype,gnb,AlwaysNudge,18.878888888888888,18.413182262609997
covtype,gnb,AlwaysNudge,18.99,18.528210732156207
covtype,gnb,AlwaysNudge,19.305555555555557,18.85460401449359
covtype,gnb,AlwaysNudge,19.696666666666665,19.25864151377466
covtype,gnb,AlwaysNudge,19.807777777777776,19.373669983320873
covtype,gnb,AlwaysNudge,20.123333333333335,19.70006326565825
covtype,gnb,AlwaysNudge,20.514444444444443,20.10410076493932
covtype,gnb,AlwaysNudge,20.905555555555555,20.508138264220396
covtype,gnb,AlwaysNudge,21.33222222222222,20.949560016103987
covtype,gnb,AlwaysNudge,21.75888888888889,21.390981767987576
covtype,gnb,AlwaysNudge,22.15,21.79501926726865
covtype,gnb,AlwaysNudge,22.576666666666668,22.23644101915224
covtype,gnb,AlwaysNudge,23.003333333333334,22.67786277103583
covtype,gnb,AlwaysNudge,23.394444444444446,23.081900270316904
covtype,gnb,AlwaysNudge,23.536666666666665,23.228561568988326
covtype,gnb,AlwaysNudge,23.927777777777777,23.632599068269396
covtype,gnb,AlwaysNudge,24.354444444444443,24.074020820152988
covtype,gnb,AlwaysNudge,24.674444444444443,24.40472767009835
covtype,gnb,AlwaysNudge,24.816666666666666,24.55138896876977
covtype,gnb,AlwaysNudge,25.136666666666667,24.882095818715133
covtype,gnb,AlwaysNudge,25.52777777777778,25.286133317996203
covtype,gnb,AlwaysNudge,25.67,25.432794616667625
covtype,gnb,AlwaysNudge,25.954444444444444,25.72611721401047
covtype,gnb,AlwaysNudge,26.38111111111111,26.16753896589406
covtype,gnb,AlwaysNudge,26.523333333333333,26.31420026456548
covtype,gnb,AlwaysNudge,26.878888888888888,26.68229136711336
covtype,gnb,AlwaysNudge,27.234444444444446,27.05038246966124
covtype,gnb,AlwaysNudge,27.376666666666665,27.197043768332662
covtype,gnb,AlwaysNudge,27.696666666666665,27.527750618278024
covtype,gnb,AlwaysNudge,27.807777777777776,27.642779087824238
covtype,gnb,AlwaysNudge,28.123333333333335,27.969172370161616
covtype,gnb,AlwaysNudge,28.514444444444443,28.373209869442686
covtype,gnb,AlwaysNudge,28.656666666666666,28.519871168114108
covtype,gnb,AlwaysNudge,28.941111111111113,28.81319376545695
covtype,gnb,AlwaysNudge,29.083333333333332,28.959855064128373
covtype,gnb,AlwaysNudge,29.225555555555555,29.106516362799795
covtype,gnb,AlwaysNudge,29.403333333333332,29.290561914073734
covtype,gnb,AlwaysNudge,29.545555555555556,29.437223212745156
covtype,gnb,AlwaysNudge,29.794444444444444,29.694599413354805
covtype,gnb,AlwaysNudge,29.97222222222222,29.878644964628744
covtype,gnb,AlwaysNudge,30.256666666666668,30.171967561971588
covtype,gnb,AlwaysNudge,30.398888888888887,30.31862886064301
covtype,gnb,AlwaysNudge,30.576666666666668,30.50267441191695
covtype,gnb,AlwaysNudge,30.68777777777778,30.617702881463163
covtype,gnb,AlwaysNudge,30.825555555555557,30.7600506125266
covtype,gnb,AlwaysNudge,30.967777777777776,30.90671191119802
covtype,gnb,AlwaysNudge,31.11,31.05337320986944
covtype,gnb,AlwaysNudge,31.287777777777777,31.237418761143385
covtype,gnb,AlwaysNudge,31.536666666666665,31.494794961753033
covtype,gnb,AlwaysNudge,31.714444444444446,31.678840513026973
covtype,gnb,AlwaysNudge,31.825555555555557,31.793868982573187
covtype,gnb,AlwaysNudge,31.963333333333335,31.936216713636625
covtype,gnb,AlwaysNudge,32.14111111111111,32.120262264910565
covtype,gnb,AlwaysNudge,32.25222222222222,32.235290734456775
covtype,gnb,AlwaysNudge,32.39,32.377638465520214
covtype,gnb,AlwaysNudge,32.60333333333333,32.59763041352735
covtype,gnb,AlwaysNudge,32.81666666666667,32.81762236153448
covtype,gnb,AlwaysNudge,33.03,33.03761430954161
covtype,gnb,AlwaysNudge,33.24333333333333,33.257606257548744
covtype,gnb,AlwaysNudge,33.45666666666666,33.47759820555588
covtype,gnb,AlwaysNudge,33.67,33.697590153563006
covtype,gnb,AlwaysNudge,33.84777777777778,33.881635704836945
covtype,gnb,AlwaysNudge,34.06111111111111,34.10162765284408
covtype,gnb,AlwaysNudge,34.27444444444444,34.321619600851214
covtype,gnb,AlwaysNudge,34.59444444444444,34.65232645079657
covtype,gnb,AlwaysNudge,35.23444444444444,35.313740150687295
covtype,gnb,AlwaysNudge,35.66111111111111,35.75516190257088
covtype,gnb,AlwaysNudge,36.08777777777778,36.19658365445448
covtype,gnb,AlwaysNudge,36.51444444444444,36.63800540633807
covtype,gnb,AlwaysNudge,36.90555555555556,37.04204290561914
covtype,gnb,AlwaysNudge,37.19,37.335365502961984
covtype,gnb,AlwaysNudge,37.33222222222222,37.4820268016334
covtype,gnb,AlwaysNudge,37.61666666666667,37.775349398976246
covtype,gnb,AlwaysNudge,37.75888888888889,37.922010697647664
covtype,gnb,AlwaysNudge,38.04333333333334,38.21533329499051
covtype,gnb,AlwaysNudge,38.18555555555555,38.36199459366193
covtype,gnb,AlwaysNudge,38.647777777777776,38.839362742278716
covtype,gnb,AlwaysNudge,39.074444444444445,39.280784494162305
covtype,gnb,AlwaysNudge,39.50111111111111,39.72220624604589
covtype,gnb,AlwaysNudge,39.96333333333333,40.199574394662676
covtype,gnb,AlwaysNudge,40.39,40.64099614654627
covtype,gnb,AlwaysNudge,40.56777777777778,40.82504169782021
covtype,gnb,AlwaysNudge,40.852222222222224,41.118364295163055
covtype,gnb,AlwaysNudge,41.278888888888886,41.55978604704664
covtype,gnb,AlwaysNudge,41.42111111111111,41.70644734571807
covtype,gnb,AlwaysNudge,41.705555555555556,41.999769943060905
covtype,gnb,AlwaysNudge,41.81666666666667,42.11479841260712
covtype,gnb,AlwaysNudge,42.096666666666664,42.40380744234198
covtype,gnb,AlwaysNudge,42.23888888888889,42.550468741013404
covtype,gnb,AlwaysNudge,42.55888888888889,42.88117559095876
covtype,gnb,AlwaysNudge,42.67,42.99620406050497
covtype,gnb,AlwaysNudge,42.98555555555556,43.32259734284235
covtype,gnb,AlwaysNudge,43.096666666666664,43.43762581238857
covtype,gnb,AlwaysNudge,43.41222222222222,43.764019094725946
covtype,gnb,AlwaysNudge,44.26555555555556,44.64686259849313
covtype,gnb,AlwaysNudge,44.656666666666666,45.050900097774196
covtype,gnb,AlwaysNudge,45.047777777777775,45.45493759705527
covtype,gnb,AlwaysNudge,45.43888888888889,45.858975096336344
covtype,gnb,AlwaysNudge,45.794444444444444,46.22706619888422
covtype,gnb,AlwaysNudge,45.93666666666667,46.37372749755564
covtype,gnb,AlwaysNudge,46.221111111111114,46.667050094898485
covtype,gnb,AlwaysNudge,46.57666666666667,47.035141197446364
covtype,gnb,AlwaysNudge,46.71888888888889,47.18180249611779
covtype,gnb,AlwaysNudge,46.967777777777776,47.43917869672744
covtype,gnb,AlwaysNudge,47.35888888888889,47.84321619600851
covtype,gnb,AlwaysNudge,47.714444444444446,48.21130729855639
covtype,gnb,AlwaysNudge,48.105555555555554,48.615344797837466
covtype,gnb,AlwaysNudge,48.49666666666667,49.01938229711854
covtype,gnb,AlwaysNudge,48.852222222222224,49.38747339966642
covtype,gnb,AlwaysNudge,49.20777777777778,49.7555645022143
covtype,gnb,AlwaysNudge,49.318888888888885,49.87059297176051
covtype,gnb,AlwaysNudge,49.59888888888889,50.15960200149537
covtype,gnb,AlwaysNudge,49.84777777777778,50.41697820210502
covtype,gnb,AlwaysNudge,49.958888888888886,50.53200667165123
covtype,gnb,AlwaysNudge,50.27444444444444,50.85839995398861
covtype,gnb,AlwaysNudge,50.52333333333333,51.115776154598265
covtype,gnb,AlwaysNudge,55.64333333333333,52.26606085006039
covtype,gnb,AlwaysNudge,56.14111111111111,52.78081325127969
covtype,gnb,AlwaysNudge,56.46111111111111,53.111520101225054
covtype,gnb,AlwaysNudge,56.81666666666667,53.47961120377293
covtype,gnb,AlwaysNudge,58.736666666666665,54.62989589923506
covtype,gnb,AlwaysNudge,59.12777777777778,55.03393339851613
covtype,gnb,AlwaysNudge,59.41222222222222,55.32725599585898
covtype,gnb,AlwaysNudge,59.73222222222222,55.657962845804335
covtype,gnb,AlwaysNudge,60.08777777777778,56.026053948352214
covtype,gnb,AlwaysNudge,60.37222222222222,56.31937654569506
covtype,gnb,AlwaysNudge,60.483333333333334,56.434405015241275
covtype,gnb,AlwaysNudge,60.727777777777774,56.687467648242944
covtype,gnb,AlwaysNudge,60.94111111111111,56.90745959625007
covtype,gnb,AlwaysNudge,61.154444444444444,57.127451544257205
covtype,gnb,AlwaysNudge,61.33222222222222,57.311497095531145
covtype,gnb,AlwaysNudge,61.474444444444444,57.45815839420256
covtype,gnb,AlwaysNudge,61.65222222222222,57.6422039454765
covtype,gnb,AlwaysNudge,61.794444444444444,57.78886524414793
covtype,gnb,AlwaysNudge,61.97222222222222,57.97291079542187
covtype,gnb,AlwaysNudge,62.114444444444445,58.119572094093286
covtype,gnb,AlwaysNudge,62.327777777777776,58.33956404210042
covtype,gnb,AlwaysNudge,62.47,58.48622534077184
covtype,gnb,AlwaysNudge,62.68333333333333,58.70621728877897
covtype,gnb,AlwaysNudge,62.82555555555555,58.85287858745039
covtype,gnb,AlwaysNudge,63.03888888888889,59.072870535457525
covtype,gnb,AlwaysNudge,63.15,59.187899005003736
covtype,gnb,AlwaysNudge,63.26111111111111,59.30292747454995
covtype,gnb,AlwaysNudge,63.465555555555554,59.514292287341114
covtype,gnb,AlwaysNudge,63.57666666666667,59.62932075688733
covtype,gnb,AlwaysNudge,63.85666666666667,59.91832978662219
covtype,gnb,AlwaysNudge,63.967777777777776,60.0333582561684
covtype,gnb,AlwaysNudge,64.21222222222222,60.28642088917007
covtype,gnb,AlwaysNudge,64.32333333333334,60.401449358716285
covtype,gnb,AlwaysNudge,64.60333333333334,60.69045838845114
covtype,gnb,AlwaysNudge,64.9588888888889,61.05854949099902
covtype,gnb,AlwaysNudge,65.07,61.17357796054524
covtype,gnb,AlwaysNudge,65.31444444444445,61.4266405935469
covtype,gnb,AlwaysNudge,65.42555555555556,61.54166906309312
covtype,gnb,AlwaysNudge,65.67,61.794731696094786
covtype,gnb,AlwaysNudge,65.78111111111112,61.909760165640996
covtype,gnb,AlwaysNudge,66.02555555555556,62.162822798642665
covtype,gnb,AlwaysNudge,66.13666666666667,62.277851268188876
covtype,gnb,AlwaysNudge,66.38111111111111,62.530913901190544
covtype,gnb,AlwaysNudge,66.66555555555556,62.82423649853339
covtype,gnb,AlwaysNudge,66.80777777777777,62.970897797204806
covtype,gnb,AlwaysNudge,67.05666666666667,63.22827399781446
covtype,gnb,AlwaysNudge,67.16777777777777,63.34330246736067
covtype,gnb,AlwaysNudge,67.41222222222223,63.59636510036234
covtype,gnb,AlwaysNudge,67.59,63.78041065163628
covtype,gnb,AlwaysNudge,67.76777777777778,63.96445620291022
covtype,gnb,AlwaysNudge,67.9811111111111,64.18444815091735
covtype,gnb,AlwaysNudge,68.12333333333333,64.33110944958878
covtype,gnb,AlwaysNudge,68.30111111111111,64.51515500086272
covtype,gnb,AlwaysNudge,68.44333333333333,64.66181629953414
covtype,gnb,AlwaysNudge,68.6211111111111,64.84586185080808
covtype,gnb,AlwaysNudge,68.79888888888888,65.02990740208202
covtype,gnb,AlwaysNudge,69.04777777777778,65.28728360269167
covtype,gnb,AlwaysNudge,69.36777777777777,65.61799045263703
covtype,gnb,AlwaysNudge,69.72333333333333,65.98608155518491
covtype,gnb,AlwaysNudge,70.00777777777778,66.27940415252775
covtype,gnb,AlwaysNudge,70.36333333333333,66.64749525507563
covtype,gnb,AlwaysNudge,70.64777777777778,66.94081785241848
covtype,gnb,AlwaysNudge,70.96777777777778,67.27152470236383
covtype,gnb,AlwaysNudge,71.28777777777778,67.60223155230919
covtype,gnb,AlwaysNudge,71.60777777777778,67.93293840225456
covtype,gnb,AlwaysNudge,71.92777777777778,68.26364525219992
covtype,gnb,AlwaysNudge,72.17666666666666,68.52102145280956
covtype,gnb,AlwaysNudge,72.35444444444444,68.70506700408352
covtype,gnb,AlwaysNudge,72.60333333333334,68.96244320469316
covtype,gnb,AlwaysNudge,72.9588888888889,69.33053430724104
covtype,gnb,AlwaysNudge,73.27888888888889,69.66124115718641
covtype,gnb,AlwaysNudge,74.98555555555555,70.81152585264853
covtype,gnb,AlwaysNudge,75.27,71.10484844999138
covtype,gnb,AlwaysNudge,75.5188888888889,71.36222465060102
covtype,gnb,AlwaysNudge,75.91,71.7662621498821
covtype,gnb,AlwaysNudge,76.23,72.09696899982745
covtype,gnb,AlwaysNudge,76.51444444444445,72.3902915971703
covtype,gnb,AlwaysNudge,76.76333333333334,72.64766779777995
covtype,gnb,AlwaysNudge,77.04777777777778,72.9409903951228
covtype,gnb,AlwaysNudge,77.33222222222223,73.23431299246563
covtype,gnb,AlwaysNudge,77.47444444444444,73.38097429113705
covtype,gnb,AlwaysNudge,77.75888888888889,73.6742968884799
covtype,gnb,AlwaysNudge,78.00777777777778,73.93167308908954
covtype,gnb,AlwaysNudge,78.29222222222222,74.2249956864324
covtype,gnb,AlwaysNudge,78.64777777777778,74.59308678898027
covtype,gnb,AlwaysNudge,78.93222222222222,74.88640938632311
covtype,gnb,AlwaysNudge,79.25222222222222,75.21711623626848
covtype,gnb,AlwaysNudge,79.46555555555555,75.4371081842756
covtype,gnb,AlwaysNudge,79.75,75.73043078161845
covtype,gnb,AlwaysNudge,79.89222222222222,75.87709208028987
covtype,gnb,AlwaysNudge,80.21222222222222,76.20779893023523
covtype,gnb,AlwaysNudge,80.53222222222222,76.5385057801806
covtype,gnb,AlwaysNudge,80.74555555555555,76.75849772818772
covtype,gnb,AlwaysNudge,81.06555555555556,77.08920457813309
covtype,gnb,AlwaysNudge,81.38555555555556,77.41991142807845
covtype,gnb,AlwaysNudge,81.74111111111111,77.78800253062633
covtype,gnb,AlwaysNudge,82.09666666666666,78.15609363317421
covtype,gnb,AlwaysNudge,82.41666666666667,78.48680048311957
covtype,gnb,AlwaysNudge,82.73666666666666,78.81750733306494
covtype,gnb,AlwaysNudge,82.98555555555555,79.07488353367458
covtype,gnb,AlwaysNudge,85.33222222222223,80.22516822913671
covtype,gnb,AlwaysNudge,85.65222222222222,80.55587507908207
covtype,gnb,AlwaysNudge,88.60333333333334,81.7061597745442
covtype,gnb,AlwaysNudge,88.9588888888889,82.07425087709208
covtype,gnb,AlwaysNudge,89.10111111111111,82.2209121757635
covtype,gnb,AlwaysNudge,89.42111111111112,82.55161902570886
covtype,gnb,AlwaysNudge,91.44777777777777,83.70190372117099
covtype,gnb,AlwaysNudge,96.03444444444445,84.85218841663311
covtype,gnb,AlwaysNudge,96.92333333333333,85.77241617300282
covtype,gnb,AlwaysNudge,97.24333333333334,86.10312302294818
covtype,gnb,AlwaysNudge,97.56333333333333,86.43382987289354
covtype,gnb,AlwaysNudge,97.88333333333334,86.7645367228389
covtype,gnb,AlwaysNudge,98.16777777777777,87.05785932018175
covtype,gnb,AlwaysNudge,98.48777777777778,87.3885661701271
covtype,gnb,AlwaysNudge,98.80777777777777,87.71927302007246
covtype,gnb,AlwaysNudge,99.09222222222222,88.01259561741531
covtype,gnb,AlwaysNudge,99.41222222222223,88.34330246736067
covtype,gnb,AlwaysNudge,99.69666666666667,88.63662506470351
covtype,gnb,AlwaysNudge,100.0,88.63662506470351
covtype,gnb,NeverAdapt,0.0,0.0
covtype,gnb,NeverAdapt,0.6744444444444444,0.0
covtype,gnb,NeverAdapt,1.35,0.0
covtype,gnb,NeverAdapt,2.0255555555555556,0.0
covtype,gnb,NeverAdapt,3.59,0.0
covtype,gnb,NeverAdapt,4.23,0.0
covtype,gnb,NeverAdapt,5.474444444444444,0.0
covtype,gnb,NeverAdapt,5.865555555555556,0.0
covtype,gnb,NeverAdapt,7.963333333333333,0.0
covtype,gnb,NeverAdapt,8.176666666666666,0.0
covtype,gnb,NeverAdapt,8.425555555555556,0.0
covtype,gnb,NeverAdapt,8.674444444444445,0.0
covtype,gnb,NeverAdapt,8.923333333333334,0.0
covtype,gnb,NeverAdapt,9.172222222222222,0.0
covtype,gnb,NeverAdapt,9.421111111111111,0.0
covtype,gnb,NeverAdapt,9.634444444444444,0.0
covtype,gnb,NeverAdapt,9.883333333333333,0.0
covtype,gnb,NeverAdapt,10.132222222222222,0.0
covtype,gnb,NeverAdapt,10.416666666666666,0.0
covtype,gnb,NeverAdapt,10.665555555555555,0.0
covtype,gnb,NeverAdapt,11.945555555555556,0.0
covtype,gnb,NeverAdapt,12.123333333333333,0.0
covtype,gnb,NeverAdapt,12.301111111111112,0.0
covtype,gnb,NeverAdapt,12.55,0.0
covtype,gnb,NeverAdapt,12.692222222222222,0.0
covtype,gnb,NeverAdapt,12.94111111111111,0.0
covtype,gnb,NeverAdapt,13.474444444444444,0.0
covtype,gnb,NeverAdapt,13.723333333333333,0.0
covtype,gnb,NeverAdapt,14.007777777777777,0.0
covtype,gnb,NeverAdapt,14.256666666666666,0.0
covtype,gnb,NeverAdapt,15.003333333333334,0.0
covtype,gnb,NeverAdapt,15.287777777777778,0.0
covtype,gnb,NeverAdapt,15.398888888888889,0.0
covtype,gnb,NeverAdapt,15.607777777777779,0.0
covtype,gnb,NeverAdapt,15.856666666666667,0.0
covtype,gnb,NeverAdapt,16.07,0.0
covtype,gnb,NeverAdapt,16.212222222222223,0.0
covtype,gnb,NeverAdapt,16.532222222222224,0.0
covtype,gnb,NeverAdapt,16.816666666666666,0.0
covtype,gnb,NeverAdapt,16.927777777777777,0.0
covtype,gnb,NeverAdapt,17.136666666666667,0.0
covtype,gnb,NeverAdapt,17.27888888888889,0.0
covtype,gnb,NeverAdapt,17.456666666666667,0.0
covtype,gnb,NeverAdapt,17.59888888888889,0.0
covtype,gnb,NeverAdapt,17.776666666666667,0.0
covtype,gnb,NeverAdapt,17.91888888888889,0.0
covtype,gnb,NeverAdapt,18.096666666666668,0.0
covtype,gnb,NeverAdapt,18.20777777777778,0.0
covtype,gnb,NeverAdapt,18.416666666666668,0.0
covtype,gnb,NeverAdapt,18.558888888888887,0.0
covtype,gnb,NeverAdapt,18.807777777777776,0.0
covtype,gnb,NeverAdapt,18.95,0.0
covtype,gnb,NeverAdapt,19.198888888888888,0.0
covtype,gnb,NeverAdapt,19.34111111111111,0.0
covtype,gnb,NeverAdapt,19.59,0.0
covtype,gnb,NeverAdapt,19.732222222222223,0.0
covtype,gnb,NeverAdapt,20.016666666666666,0.0
covtype,gnb,NeverAdapt,20.44333333333333,0.0
covtype,gnb,NeverAdapt,20.834444444444443,0.0
covtype,gnb,NeverAdapt,21.11888888888889,0.0
covtype,gnb,NeverAdapt,21.545555555555556,0.0
covtype,gnb,NeverAdapt,21.936666666666667,0.0
covtype,gnb,NeverAdapt,23.287777777777777,0.0
covtype,gnb,NeverAdapt,23.465555555555557,0.0
covtype,gnb,NeverAdapt,23.714444444444446,0.0
covtype,gnb,NeverAdapt,23.892222222222223,0.0
covtype,gnb,NeverAdapt,24.212222222222223,0.0
covtype,gnb,NeverAdapt,24.63888888888889,0.0
covtype,gnb,NeverAdapt,25.101111111111113,0.0
covtype,gnb,NeverAdapt,27.83888888888889,0.0
covtype,gnb,NeverAdapt,28.265555555555554,0.0
covtype,gnb,NeverAdapt,28.727777777777778,0.0
covtype,gnb,NeverAdapt,29.154444444444444,0.0
covtype,gnb,NeverAdapt,29.403333333333332,0.0
covtype,gnb,NeverAdapt,29.68777777777778,0.0
covtype,gnb,NeverAdapt,30.043333333333333,0.0
covtype,gnb,NeverAdapt,30.29222222222222,0.0
covtype,gnb,NeverAdapt,30.47,0.0
covtype,gnb,NeverAdapt,30.612222222222222,0.0
covtype,gnb,NeverAdapt,30.89666666666667,0.0
covtype,gnb,NeverAdapt,31.038888888888888,0.0
covtype,gnb,NeverAdapt,31.323333333333334,0.0
covtype,gnb,NeverAdapt,31.785555555555554,0.0
covtype,gnb,NeverAdapt,31.89666666666667,0.0
covtype,gnb,NeverAdapt,32.21222222222222,0.0
covtype,gnb,NeverAdapt,32.32333333333333,0.0
covtype,gnb,NeverAdapt,32.71,0.0
covtype,gnb,NeverAdapt,33.13666666666666,0.0
covtype,gnb,NeverAdapt,33.56333333333333,0.0
covtype,gnb,NeverAdapt,33.99,0.0
covtype,gnb,NeverAdapt,34.31,0.0
covtype,gnb,NeverAdapt,34.42111111111111,0.0
covtype,gnb,NeverAdapt,34.736666666666665,0.0
covtype,gnb,NeverAdapt,34.84777777777778,0.0
covtype,gnb,NeverAdapt,35.163333333333334,0.0
covtype,gnb,NeverAdapt,35.27444444444444,0.0
covtype,gnb,NeverAdapt,35.59,0.0
covtype,gnb,NeverAdapt,35.70111111111111,0.0
covtype,gnb,NeverAdapt,35.812222222222225,0.0
covtype,gnb,NeverAdapt,36.23,0.0
covtype,gnb,NeverAdapt,36.51444444444444,0.0
covtype,gnb,NeverAdapt,36.62555555555556,0.0
covtype,gnb,NeverAdapt,37.43888888888889,0.0
covtype,gnb,NeverAdapt,37.86555555555555,0.0
covtype,gnb,NeverAdapt,38.007777777777775,0.0
covtype,gnb,NeverAdapt,38.18555555555555,0.0
covtype,gnb,NeverAdapt,38.29666666666667,0.0
covtype,gnb,NeverAdapt,38.434444444444445,0.0
covtype,gnb,NeverAdapt,39.53666666666667,0.0
covtype,gnb,NeverAdapt,40.425555555555555,0.0
covtype,gnb,NeverAdapt,40.56777777777778,0.0
covtype,gnb,NeverAdapt,40.88777777777778,0.0
covtype,gnb,NeverAdapt,40.99888888888889,0.0
covtype,gnb,NeverAdapt,41.31444444444445,0.0
covtype,gnb,NeverAdapt,41.45666666666666,0.0
covtype,gnb,NeverAdapt,41.88333333333333,0.0
covtype,gnb,NeverAdapt,42.345555555555556,0.0
covtype,gnb,NeverAdapt,42.63,0.0
covtype,gnb,NeverAdapt,42.772222222222226,0.0
covtype,gnb,NeverAdapt,43.55444444444444,0.0
covtype,gnb,NeverAdapt,43.91,0.0
covtype,gnb,NeverAdapt,44.23,0.0
covtype,gnb,NeverAdapt,44.34111111111111,0.0
covtype,gnb,NeverAdapt,44.62111111111111,0.0
covtype,gnb,NeverAdapt,44.73222222222222,0.0
covtype,gnb,NeverAdapt,45.01222222222222,0.0
covtype,gnb,NeverAdapt,45.154444444444444,0.0
covtype,gnb,NeverAdapt,45.474444444444444,0.0
covtype,gnb,NeverAdapt,45.58555555555556,0.0
covtype,gnb,NeverAdapt,45.86555555555555,0.0
covtype,gnb,NeverAdapt,45.97666666666667,0.0
covtype,gnb,NeverAdapt,46.25666666666667,0.0
covtype,gnb,NeverAdapt,46.367777777777775,0.0
covtype,gnb,NeverAdapt,46.68333333333333,0.0
covtype,gnb,NeverAdapt,46.794444444444444,0.0
covtype,gnb,NeverAdapt,47.03888888888889,0.0
covtype,gnb,NeverAdapt,47.15,0.0
covtype,gnb,NeverAdapt,47.43,0.0
covtype,gnb,NeverAdapt,47.541111111111114,0.0
covtype,gnb,NeverAdapt,47.82111111111111,0.0
covtype,gnb,NeverAdapt,48.17666666666667,0.0
covtype,gnb,NeverAdapt,48.28777777777778,0.0
covtype,gnb,NeverAdapt,48.56777777777778,0.0
covtype,gnb,NeverAdapt,48.958888888888886,0.0
covtype,gnb,NeverAdapt,49.31444444444445,0.0
covtype,gnb,NeverAdapt,49.705555555555556,0.0
covtype,gnb,NeverAdapt,50.06111111111111,0.0
covtype,gnb,NeverAdapt,50.416666666666664,0.0
covtype,gnb,NeverAdapt,50.772222222222226,0.0
covtype,gnb,NeverAdapt,51.163333333333334,0.0
covtype,gnb,NeverAdapt,55.181111111111115,0.0
covtype,gnb,NeverAdapt,55.50111111111111,0.0
covtype,gnb,NeverAdapt,55.82111111111111,0.0
covtype,gnb,NeverAdapt,56.14111111111111,0.0
covtype,gnb,NeverAdapt,59.27,0.0
covtype,gnb,NeverAdapt,60.08777777777778,0.0
covtype,gnb,NeverAdapt,60.58555555555556,0.0
covtype,gnb,NeverAdapt,60.763333333333335,0.0
covtype,gnb,NeverAdapt,60.87444444444444,0.0
covtype,gnb,NeverAdapt,60.98555555555556,0.0
covtype,gnb,NeverAdapt,61.22555555555556,0.0
covtype,gnb,NeverAdapt,61.403333333333336,0.0
covtype,gnb,NeverAdapt,61.54555555555555,0.0
covtype,gnb,NeverAdapt,61.656666666666666,0.0
covtype,gnb,NeverAdapt,61.76777777777778,0.0
covtype,gnb,NeverAdapt,61.90111111111111,0.0
covtype,gnb,NeverAdapt,62.07888888888889,0.0
covtype,gnb,NeverAdapt,62.19,0.0
covtype,gnb,NeverAdapt,62.30111111111111,0.0
covtype,gnb,NeverAdapt,62.41222222222222,0.0
covtype,gnb,NeverAdapt,62.541111111111114,0.0
covtype,gnb,NeverAdapt,62.71888888888889,0.0
covtype,gnb,NeverAdapt,62.93222222222222,0.0
covtype,gnb,NeverAdapt,63.14555555555555,0.0
covtype,gnb,NeverAdapt,63.28777777777778,0.0
covtype,gnb,NeverAdapt,63.465555555555554,0.0
covtype,gnb,NeverAdapt,63.67888888888889,0.0
covtype,gnb,NeverAdapt,64.03444444444445,0.0
covtype,gnb,NeverAdapt,64.17666666666666,0.0
covtype,gnb,NeverAdapt,64.42555555555556,0.0
covtype,gnb,NeverAdapt,64.78111111111112,0.0
covtype,gnb,NeverAdapt,64.99444444444444,0.0
covtype,gnb,NeverAdapt,65.27888888888889,0.0
covtype,gnb,NeverAdapt,65.63444444444444,0.0
covtype,gnb,NeverAdapt,65.99,0.0
covtype,gnb,NeverAdapt,66.34555555555555,0.0
covtype,gnb,NeverAdapt,66.45666666666666,0.0
covtype,gnb,NeverAdapt,66.73666666666666,0.0
covtype,gnb,NeverAdapt,67.09222222222222,0.0
covtype,gnb,NeverAdapt,67.37666666666667,0.0
covtype,gnb,NeverAdapt,67.62555555555555,0.0
covtype,gnb,NeverAdapt,67.73666666666666,0.0
covtype,gnb,NeverAdapt,67.84777777777778,0.0
covtype,gnb,NeverAdapt,68.1588888888889,0.0
covtype,gnb,NeverAdapt,68.47888888888889,0.0
covtype,gnb,NeverAdapt,68.83444444444444,0.0
covtype,gnb,NeverAdapt,70.64777777777778,0.0
covtype,gnb,NeverAdapt,70.96777777777778,0.0
covtype,gnb,NeverAdapt,71.92777777777778,0.0
covtype,gnb,NeverAdapt,72.24777777777778,0.0
covtype,gnb,NeverAdapt,72.60333333333334,0.0
covtype,gnb,NeverAdapt,72.92333333333333,0.0
covtype,gnb,NeverAdapt,73.24333333333334,0.0
covtype,gnb,NeverAdapt,73.56333333333333,0.0
covtype,gnb,NeverAdapt,73.88333333333334,0.0
covtype,gnb,NeverAdapt,74.20333333333333,0.0
covtype,gnb,NeverAdapt,74.55888888888889,0.0
covtype,gnb,NeverAdapt,74.8788888888889,0.0
covtype,gnb,NeverAdapt,75.19888888888889,0.0
covtype,gnb,NeverAdapt,75.5188888888889,0.0
covtype,gnb,NeverAdapt,75.63,0.0
covtype,gnb,NeverAdapt,76.44333333333333,0.0
covtype,gnb,NeverAdapt,76.76333333333334,0.0
covtype,gnb,NeverAdapt,77.04777777777778,0.0
covtype,gnb,NeverAdapt,77.33222222222223,0.0
covtype,gnb,NeverAdapt,77.51,0.0
covtype,gnb,NeverAdapt,77.72333333333333,0.0
covtype,gnb,NeverAdapt,77.83444444444444,0.0
covtype,gnb,NeverAdapt,78.15,0.0
covtype,gnb,NeverAdapt,78.43444444444444,0.0
covtype,gnb,NeverAdapt,78.57666666666667,0.0
covtype,gnb,NeverAdapt,78.89666666666666,0.0
covtype,gnb,NeverAdapt,79.25222222222222,0.0
covtype,gnb,NeverAdapt,79.53666666666666,0.0
covtype,gnb,NeverAdapt,79.71444444444444,0.0
covtype,gnb,NeverAdapt,80.03444444444445,0.0
covtype,gnb,NeverAdapt,80.24777777777778,0.0
covtype,gnb,NeverAdapt,80.35888888888888,0.0
covtype,gnb,NeverAdapt,80.56777777777778,0.0
covtype,gnb,NeverAdapt,80.67888888888889,0.0
covtype,gnb,NeverAdapt,81.03,0.0
covtype,gnb,NeverAdapt,81.24333333333334,0.0
covtype,gnb,NeverAdapt,81.35444444444444,0.0
covtype,gnb,NeverAdapt,81.46555555555555,0.0
covtype,gnb,NeverAdapt,81.57666666666667,0.0
covtype,gnb,NeverAdapt,81.68777777777778,0.0
covtype,gnb,NeverAdapt,82.06111111111112,0.0
covtype,gnb,NeverAdapt,82.2388888888889,0.0
covtype,gnb,NeverAdapt,83.55444444444444,0.0
covtype,gnb,NeverAdapt,83.66555555555556,0.0
covtype,gnb,NeverAdapt,83.87444444444445,0.0
covtype,gnb,NeverAdapt,83.98555555555555,0.0
covtype,gnb,NeverAdapt,84.19444444444444,0.0
covtype,gnb,NeverAdapt,84.30555555555556,0.0
covtype,gnb,NeverAdapt,84.44333333333333,0.0
covtype,gnb,NeverAdapt,84.55444444444444,0.0
covtype,gnb,NeverAdapt,84.87,0.0
covtype,gnb,NeverAdapt,85.11888888888889,0.0
covtype,gnb,NeverAdapt,85.2611111111111,0.0
covtype,gnb,NeverAdapt,85.43888888888888,0.0
covtype,gnb,NeverAdapt,85.58111111111111,0.0
covtype,gnb,NeverAdapt,85.75888888888889,0.0
covtype,gnb,NeverAdapt,85.9011111111111,0.0
covtype,gnb,NeverAdapt,86.07888888888888,0.0
covtype,gnb,NeverAdapt,86.22111111111111,0.0
covtype,gnb,NeverAdapt,86.79,0.0
covtype,gnb,NeverAdapt,87.07444444444444,0.0
covtype,gnb,NeverAdapt,87.18555555555555,0.0
covtype,gnb,NeverAdapt,87.39444444444445,0.0
covtype,gnb,NeverAdapt,87.50555555555556,0.0
covtype,gnb,NeverAdapt,87.64333333333333,0.0
covtype,gnb,NeverAdapt,87.82111111111111,0.0
covtype,gnb,NeverAdapt,87.96333333333334,0.0
covtype,gnb,NeverAdapt,88.17666666666666,0.0
covtype,gnb,NeverAdapt,88.31888888888889,0.0
covtype,gnb,NeverAdapt,88.49666666666667,0.0
covtype,gnb,NeverAdapt,88.63888888888889,0.0
covtype,gnb,NeverAdapt,88.81666666666666,0.0
covtype,gnb,NeverAdapt,88.9588888888889,0.0
covtype,gnb,NeverAdapt,89.17222222222222,0.0
covtype,gnb,NeverAdapt,89.38555555555556,0.0
covtype,gnb,NeverAdapt,89.52777777777777,0.0
covtype,gnb,NeverAdapt,89.74111111111111,0.0
covtype,gnb,NeverAdapt,89.95444444444445,0.0
covtype,gnb,NeverAdapt,90.09666666666666,0.0
covtype,gnb,NeverAdapt,90.2388888888889,0.0
covtype,gnb,NeverAdapt,90.38111111111111,0.0
covtype,gnb,NeverAdapt,90.52333333333333,0.0
covtype,gnb,NeverAdapt,90.70111111111112,0.0
covtype,gnb,NeverAdapt,90.84333333333333,0.0
covtype,gnb,NeverAdapt,90.98555555555555,0.0
covtype,gnb,NeverAdapt,91.12777777777778,0.0
covtype,gnb,NeverAdapt,91.27,0.0
covtype,gnb,NeverAdapt,91.41222222222223,0.0
covtype,gnb,NeverAdapt,91.59,0.0
covtype,gnb,NeverAdapt,91.73222222222222,0.0
covtype,gnb,NeverAdapt,91.87444444444445,0.0
covtype,gnb,NeverAdapt,92.01666666666667,0.0
covtype,gnb,NeverAdapt,92.19444444444444,0.0
covtype,gnb,NeverAdapt,92.30555555555556,0.0
covtype,gnb,NeverAdapt,92.47888888888889,0.0
covtype,gnb,NeverAdapt,92.6211111111111,0.0
covtype,gnb,NeverAdapt,92.76333333333334,0.0
covtype,gnb,NeverAdapt,92.90555555555555,0.0
covtype,gnb,NeverAdapt,93.01666666666667,0.0
covtype,gnb,NeverAdapt,93.19,0.0
covtype,gnb,NeverAdapt,93.30111111111111,0.0
covtype,gnb,NeverAdapt,93.47444444444444,0.0
covtype,gnb,NeverAdapt,93.58555555555556,0.0
covtype,gnb,NeverAdapt,93.75888888888889,0.0
covtype,gnb,NeverAdapt,93.87,0.0
covtype,gnb,NeverAdapt,94.07888888888888,0.0
covtype,gnb,NeverAdapt,94.19,0.0
covtype,gnb,NeverAdapt,94.36333333333333,0.0
covtype,gnb,NeverAdapt,94.47444444444444,0.0
covtype,gnb,NeverAdapt,94.64777777777778,0.0
covtype,gnb,NeverAdapt,94.75888888888889,0.0
covtype,gnb,NeverAdapt,95.00333333333333,0.0
covtype,gnb,NeverAdapt,95.28777777777778,0.0
covtype,gnb,NeverAdapt,96.60333333333334,0.0
covtype,gnb,NeverAdapt,96.88777777777777,0.0
covtype,gnb,NeverAdapt,97.20777777777778,0.0
covtype,gnb,NeverAdapt,97.52777777777777,0.0
covtype,gnb,NeverAdapt,97.77666666666667,0.0
covtype,gnb,NeverAdapt,97.91888888888889,0.0
covtype,gnb,NeverAdapt,98.06111111111112,0.0
covtype,gnb,NeverAdapt,98.38111111111111,0.0
covtype,gnb,NeverAdapt,98.66555555555556,0.0
covtype,gnb,NeverAdapt,98.98555555555555,0.0
covtype,gnb,NeverAdapt,99.30555555555556,0.0
covtype,gnb,NeverAdapt,99.62555555555555,0.0
covtype,gnb,NeverAdapt,99.91,0.0
covtype,gnb,NeverAdapt,100.0,0.0
insects_abrupt,xgb,AlwaysRebuild,0.0,0.0
insects_abrupt,xgb,AlwaysRebuild,15.471785383903793,11.11111111111111
insects_abrupt,xgb,AlwaysRebuild,19.306618450929275,22.22222222222222
insects_abrupt,xgb,AlwaysRebuild,26.909006811874526,33.333333333333336
insects_abrupt,xgb,AlwaysRebuild,30.071062147842905,44.44444444444444
insects_abrupt,xgb,AlwaysRebuild,47.89967202085611,55.55555555555556
insects_abrupt,xgb,AlwaysRebuild,59.538726768143974,66.66666666666667
insects_abrupt,xgb,AlwaysRebuild,70.70683710369187,77.77777777777777
insects_abrupt,xgb,AlwaysRebuild,76.2236144983601,88.88888888888889
insects_abrupt,xgb,AlwaysRebuild,87.32444706080229,100.0
insects_abrupt,xgb,AlwaysRebuild,100.0,100.0
insects_abrupt,xgb,MechanismSelector,0.0,0.0
insects_abrupt,xgb,MechanismSelector,15.471785383903793,11.555555555555555
insects_abrupt,xgb,MechanismSelector,19.306618450929275,23.11111111111111
insects_abrupt,xgb,MechanismSelector,26.909006811874526,34.666666666666664
insects_abrupt,xgb,MechanismSelector,30.071062147842905,46.22222222222222
insects_abrupt,xgb,MechanismSelector,47.89967202085611,46.22222222222222
insects_abrupt,xgb,MechanismSelector,60.88428223025818,46.22222222222222
insects_abrupt,xgb,MechanismSelector,69.15944832226053,46.22222222222222
insects_abrupt,xgb,MechanismSelector,70.3031704650576,52.50833333333333
insects_abrupt,xgb,MechanismSelector,75.21444790177445,52.50833333333333
insects_abrupt,xgb,MechanismSelector,87.4590026070137,52.952777777777776
insects_abrupt,xgb,MechanismSelector,98.49255739635018,52.952777777777776
insects_abrupt,xgb,MechanismSelector,100.0,52.952777777777776
insects_abrupt,xgb,FixedSchedule,0.0,0.0
insects_abrupt,xgb,FixedSchedule,15.471785383903793,0.4444444444444444
insects_abrupt,xgb,FixedSchedule,20.31578504751493,0.8888888888888888
insects_abrupt,xgb,FixedSchedule,26.774451265663107,12.0
insects_abrupt,xgb,FixedSchedule,30.205617694054325,12.444444444444445
insects_abrupt,xgb,FixedSchedule,48.16878311327895,12.88888888888889
insects_abrupt,xgb,FixedSchedule,60.749726684046756,24.0
insects_abrupt,xgb,FixedSchedule,69.63039273400051,24.444444444444443
insects_abrupt,xgb,FixedSchedule,70.37044823816332,24.600555555555555
insects_abrupt,xgb,FixedSchedule,72.38878143133462,35.26722222222222
insects_abrupt,xgb,FixedSchedule,87.86266924564796,35.711666666666666
insects_abrupt,xgb,FixedSchedule,99.09805735430157,36.15611111111111
insects_abrupt,xgb,FixedSchedule,100.0,36.15611111111111
insects_abrupt,xgb,AlwaysNudge,0.0,0.0
insects_abrupt,xgb,AlwaysNudge,15.471785383903793,0.4444444444444444
insects_abrupt,xgb,AlwaysNudge,20.31578504751493,0.8888888888888888
insects_abrupt,xgb,AlwaysNudge,26.774451265663107,1.3333333333333333
insects_abrupt,xgb,AlwaysNudge,30.34017324026575,1.7777777777777777
insects_abrupt,xgb,AlwaysNudge,48.10150534017324,2.2222222222222223
insects_abrupt,xgb,AlwaysNudge,60.07694895298965,2.6666666666666665
insects_abrupt,xgb,AlwaysNudge,69.5631149608948,3.111111111111111
insects_abrupt,xgb,AlwaysNudge,72.52333697754604,3.5555555555555554
insects_abrupt,xgb,AlwaysNudge,88.67000252291649,4.0
insects_abrupt,xgb,AlwaysNudge,98.35800185013876,4.444444444444445
insects_abrupt,xgb,AlwaysNudge,100.0,4.444444444444445
insects_abrupt,xgb,NeverAdapt,0.0,0.0
insects_abrupt,xgb,NeverAdapt,15.471785383903793,0.0
insects_abrupt,xgb,NeverAdapt,23.141451517954756,0.0
insects_abrupt,xgb,NeverAdapt,26.572617946345975,0.0
insects_abrupt,xgb,NeverAdapt,29.869228828525777,0.0
insects_abrupt,xgb,NeverAdapt,58.66411571776974,0.0
insects_abrupt,xgb,NeverAdapt,69.22672609536625,0.0
insects_abrupt,xgb,NeverAdapt,70.3031704650576,0.0
insects_abrupt,xgb,NeverAdapt,87.66083592633083,0.0
insects_abrupt,xgb,NeverAdapt,98.35800185013876,0.0
insects_abrupt,xgb,NeverAdapt,100.0,0.0
insects_abrupt,rf,AlwaysRebuild,0.0,0.0
insects_abrupt,rf,AlwaysRebuild,15.471785383903793,10.137875101378752
insects_abrupt,rf,AlwaysRebuild,19.306618450929275,20.275750202757504
insects_abrupt,rf,AlwaysRebuild,27.043562358085946,30.413625304136254
insects_abrupt,rf,AlwaysRebuild,30.003784374737197,40.55150040551501
insects_abrupt,rf,AlwaysRebuild,47.89967202085611,50.689375506893754
insects_abrupt,rf,AlwaysRebuild,59.471448995038266,60.82725060827251
insects_abrupt,rf,AlwaysRebuild,70.77411487679758,70.96512570965126
insects_abrupt,rf,AlwaysRebuild,72.59061475065175,79.72424979724249
insects_abrupt,rf,AlwaysRebuild,87.59355815322513,89.86212489862125
insects_abrupt,rf,AlwaysRebuild,98.49255739635018,100.0
insects_abrupt,rf,AlwaysRebuild,100.0,100.0
insects_abrupt,rf,MechanismSelector,0.0,0.0
insects_abrupt,rf,MechanismSelector,15.471785383903793,10.5433901054339
insects_abrupt,rf,MechanismSelector,19.306618450929275,21.0867802108678
insects_abrupt,rf,MechanismSelector,27.043562358085946,31.630170316301705
insects_abrupt,rf,MechanismSelector,30.003784374737197,42.1735604217356
insects_abrupt,rf,MechanismSelector,47.89967202085611,42.1735604217356
insects_abrupt,rf,MechanismSelector,58.66411571776974,52.71695052716951
insects_abrupt,rf,MechanismSelector,58.93322681019258,54.01459854014598
insects_abrupt,rf,MechanismSelector,70.50500378437474,64.55798864557988
insects_abrupt,rf,MechanismSelector,72.59061475065175,64.55798864557988
insects_abrupt,rf,MechanismSelector,87.391724833908,75.10137875101378
insects_abrupt,rf,MechanismSelector,100.0,75.10137875101378
insects_abrupt,rf,FixedSchedule,0.0,0.0
insects_abrupt,rf,FixedSchedule,15.471785383903793,0.40551500405515006
insects_abrupt,rf,FixedSchedule,26.572617946345975,0.8110300081103001
insects_abrupt,rf,FixedSchedule,29.869228828525777,10.94890510948905
insects_abrupt,rf,FixedSchedule,48.16878311327895,11.3544201135442
insects_abrupt,rf,FixedSchedule,58.66411571776974,11.759935117599351
insects_abrupt,rf,FixedSchedule,58.93322681019258,13.057583130575832
insects_abrupt,rf,FixedSchedule,70.50500378437474,13.46309813463098
insects_abrupt,rf,FixedSchedule,72.72517029686317,13.86861313868613
insects_abrupt,rf,FixedSchedule,87.391724833908,24.006488240064883
insects_abrupt,rf,FixedSchedule,100.0,24.006488240064883
insects_abrupt,rf,AlwaysNudge,0.0,0.0
insects_abrupt,rf,AlwaysNudge,15.471785383903793,0.40551500405515006
insects_abrupt,rf,AlwaysNudge,26.572617946345975,0.8110300081103001
insects_abrupt,rf,AlwaysNudge,29.869228828525777,1.2165450121654502
insects_abrupt,rf,AlwaysNudge,58.66411571776974,1.6220600162206003
insects_abrupt,rf,AlwaysNudge,69.22672609536625,2.02757502027575
insects_abrupt,rf,AlwaysNudge,70.3031704650576,2.2348945660989457
insects_abrupt,rf,AlwaysNudge,87.72811369943655,2.6404095701540955
insects_abrupt,rf,AlwaysNudge,98.35800185013876,3.045924574209246
insects_abrupt,rf,AlwaysNudge,100.0,3.045924574209246
insects_abrupt,rf,NeverAdapt,0.0,0.0
insects_abrupt,rf,NeverAdapt,15.471785383903793,0.0
insects_abrupt,rf,NeverAdapt,26.505340173240267,0.0
insects_abrupt,rf,NeverAdapt,29.869228828525777,0.0
insects_abrupt,rf,NeverAdapt,58.66411571776974,0.0
insects_abrupt,rf,NeverAdapt,60.88428223025818,0.0
insects_abrupt,rf,NeverAdapt,69.22672609536625,0.0
insects_abrupt,rf,NeverAdapt,70.3031704650576,0.0
insects_abrupt,rf,NeverAdapt,87.66083592633083,0.0
insects_abrupt,rf,NeverAdapt,98.35800185013876,0.0
insects_abrupt,rf,NeverAdapt,100.0,0.0
insects_abrupt,sgd,AlwaysRebuild,0.0,0.0
insects_abrupt,sgd,AlwaysRebuild,15.606340930115213,6.786923998980917
insects_abrupt,sgd,AlwaysRebuild,19.239340677823563,10.441421536893719
insects_abrupt,sgd,AlwaysRebuild,26.505340173240267,16.34082470523867
insects_abrupt,sgd,AlwaysRebuild,30.071062147842905,22.24022787358362
insects_abrupt,sgd,AlwaysRebuild,48.16878311327895,27.0954888882392
insects_abrupt,sgd,AlwaysRebuild,58.79867126398116,33.36034181037543
insects_abrupt,sgd,AlwaysRebuild,69.22672609536625,38.68546679419123
insects_abrupt,sgd,AlwaysRebuild,70.37044823816332,40.58831145507474
insects_abrupt,sgd,AlwaysRebuild,87.59355815322513,47.792892315531404
insects_abrupt,sgd,AlwaysRebuild,98.76166848877303,100.0
insects_abrupt,sgd,AlwaysRebuild,100.0,100.0
insects_abrupt,sgd,MechanismSelector,0.0,0.0
insects_abrupt,sgd,MechanismSelector,15.606340930115213,0.0
insects_abrupt,sgd,MechanismSelector,19.172062904717855,0.0
insects_abrupt,sgd,MechanismSelector,26.639895719451687,5.836754639123589
insects_abrupt,sgd,MechanismSelector,30.272895467160037,5.836754639123589
insects_abrupt,sgd,MechanismSelector,47.8323942477504,5.878520325271164
insects_abrupt,sgd,MechanismSelector,58.66411571776974,5.878520325271164
insects_abrupt,sgd,MechanismSelector,58.87435875872509,6.129114442156613
insects_abrupt,sgd,MechanismSelector,69.15944832226053,6.129114442156613
insects_abrupt,sgd,MechanismSelector,70.3031704650576,8.42387786042743
insects_abrupt,sgd,MechanismSelector,87.59355815322513,8.42387786042743
insects_abrupt,sgd,MechanismSelector,98.35800185013876,8.42387786042743
insects_abrupt,sgd,MechanismSelector,100.0,8.42387786042743
insects_abrupt,sgd,FixedSchedule,0.0,0.0
insects_abrupt,sgd,FixedSchedule,15.606340930115213,0.04176568614757487
insects_abrupt,sgd,FixedSchedule,19.979396181986377,0.08353137229514974
insects_abrupt,sgd,FixedSchedule,26.505340173240267,5.982934540640101
insects_abrupt,sgd,FixedSchedule,30.071062147842905,6.024700226787676
insects_abrupt,sgd,FixedSchedule,47.89967202085611,6.066465912935251
insects_abrupt,sgd,FixedSchedule,58.66411571776974,58.273573597403846
insects_abrupt,sgd,FixedSchedule,71.98511479270036,58.31533928355142
insects_abrupt,sgd,FixedSchedule,88.46816920359936,58.357104969698995
insects_abrupt,sgd,FixedSchedule,98.82894626187873,110.56421265416759
insects_abrupt,sgd,FixedSchedule,100.0,110.56421265416759
insects_abrupt,sgd,AlwaysNudge,0.0,0.0
insects_abrupt,sgd,AlwaysNudge,15.606340930115213,0.04176568614757487
insects_abrupt,sgd,AlwaysNudge,19.979396181986377,0.08353137229514974
insects_abrupt,sgd,AlwaysNudge,26.505340173240267,0.12529705844272462
insects_abrupt,sgd,AlwaysNudge,30.071062147842905,0.1670627445902995
insects_abrupt,sgd,AlwaysNudge,47.89967202085611,0.20882843073787438
insects_abrupt,sgd,AlwaysNudge,59.000504583298294,0.25059411688544925
insects_abrupt,sgd,AlwaysNudge,69.69767050710621,0.2923598030330241
insects_abrupt,sgd,AlwaysNudge,70.70683710369187,0.3124073323838601
insects_abrupt,sgd,AlwaysNudge,90.62105794298209,0.35417301853143496
insects_abrupt,sgd,AlwaysNudge,98.42527962324446,0.3959387046790098
insects_abrupt,sgd,AlwaysNudge,100.0,0.3959387046790098
insects_abrupt,sgd,NeverAdapt,0.0,0.0
insects_abrupt,sgd,NeverAdapt,15.606340930115213,0.0
insects_abrupt,sgd,NeverAdapt,19.172062904717855,0.0
insects_abrupt,sgd,NeverAdapt,26.639895719451687,0.0
insects_abrupt,sgd,NeverAdapt,30.272895467160037,0.0
insects_abrupt,sgd,NeverAdapt,47.76511647464469,0.0
insects_abrupt,sgd,NeverAdapt,58.731393490875455,0.0
insects_abrupt,sgd,NeverAdapt,69.36128164157766,0.0
insects_abrupt,sgd,NeverAdapt,70.37044823816332,0.0
insects_abrupt,sgd,NeverAdapt,71.98511479270036,0.0
insects_abrupt,sgd,NeverAdapt,87.32444706080229,0.0
insects_abrupt,sgd,NeverAdapt,98.42527962324446,0.0
insects_abrupt,sgd,NeverAdapt,100.0,0.0
insects_abrupt,gnb,AlwaysRebuild,0.0,0.0
insects_abrupt,gnb,AlwaysRebuild,16.413674207383735,10.656436487638533
insects_abrupt,gnb,AlwaysRebuild,19.172062904717855,21.312872975277067
insects_abrupt,gnb,AlwaysRebuild,26.572617946345975,31.9693094629156
insects_abrupt,gnb,AlwaysRebuild,30.003784374737197,42.62574595055413
insects_abrupt,gnb,AlwaysRebuild,48.03422756706753,53.28218243819267
insects_abrupt,gnb,AlwaysRebuild,58.93322681019258,63.9386189258312
insects_abrupt,gnb,AlwaysRebuild,70.10133714574047,74.59505541346974
insects_abrupt,gnb,AlwaysRebuild,70.908670423009,78.68712702472293
insects_abrupt,gnb,AlwaysRebuild,87.72811369943655,89.34356351236147
insects_abrupt,gnb,AlwaysRebuild,98.35800185013876,100.0
insects_abrupt,gnb,AlwaysRebuild,100.0,100.0
insects_abrupt,gnb,MechanismSelector,0.0,0.0
insects_abrupt,gnb,MechanismSelector,16.413674207383735,0.0
insects_abrupt,gnb,MechanismSelector,19.172062904717855,19.18158567774936
insects_abrupt,gnb,MechanismSelector,26.572617946345975,19.18158567774936
insects_abrupt,gnb,MechanismSelector,29.869228828525777,19.18158567774936
insects_abrupt,gnb,MechanismSelector,48.84156084433605,19.18158567774936
insects_abrupt,gnb,MechanismSelector,58.66411571776974,19.18158567774936
insects_abrupt,gnb,MechanismSelector,58.93322681019258,20.545609548167093
insects_abrupt,gnb,MechanismSelector,69.29400386847195,20.545609548167093
insects_abrupt,gnb,MechanismSelector,72.45605920444034,20.545609548167093
insects_abrupt,gnb,MechanismSelector,87.4590026070137,29.07075873827792
insects_abrupt,gnb,MechanismSelector,98.49255739635018,29.07075873827792
insects_abrupt,gnb,MechanismSelector,100.0,29.07075873827792
insects_abrupt,gnb,FixedSchedule,0.0,0.0
insects_abrupt,gnb,FixedSchedule,16.413674207383735,8.525149190110827
insects_abrupt,gnb,FixedSchedule,19.172062904717855,17.050298380221655
insects_abrupt,gnb,FixedSchedule,26.639895719451687,27.706734867860188
insects_abrupt,gnb,FixedSchedule,30.003784374737197,36.231884057971016
insects_abrupt,gnb,FixedSchedule,48.236060886384664,44.75703324808184
insects_abrupt,gnb,FixedSchedule,58.79867126398116,55.413469735720376
insects_abrupt,gnb,FixedSchedule,69.36128164157766,63.9386189258312
insects_abrupt,gnb,FixedSchedule,70.63955933058615,69.11764705882354
insects_abrupt,gnb,FixedSchedule,73.06155916239173,79.77408354646207
insects_abrupt,gnb,FixedSchedule,87.92994701875368,88.29923273657289
insects_abrupt,gnb,FixedSchedule,98.35800185013876,96.82438192668371
insects_abrupt,gnb,FixedSchedule,100.0,96.82438192668371
insects_abrupt,gnb,AlwaysNudge,0.0,0.0
insects_abrupt,gnb,AlwaysNudge,16.413674207383735,8.525149190110827
insects_abrupt,gnb,AlwaysNudge,19.172062904717855,17.050298380221655
insects_abrupt,gnb,AlwaysNudge,26.639895719451687,25.575447570332482
insects_abrupt,gnb,AlwaysNudge,30.071062147842905,34.10059676044331
insects_abrupt,gnb,AlwaysNudge,49.04339416365318,42.62574595055413
insects_abrupt,gnb,AlwaysNudge,74.67622571692877,51.150895140664964
insects_abrupt,gnb,AlwaysNudge,89.94828021192498,59.67604433077579
insects_abrupt,gnb,AlwaysNudge,100.0,59.67604433077579
insects_abrupt,gnb,NeverAdapt,0.0,0.0
insects_abrupt,gnb,NeverAdapt,16.413674207383735,0.0
insects_abrupt,gnb,NeverAdapt,19.172062904717855,0.0
insects_abrupt,gnb,NeverAdapt,26.774451265663107,0.0
insects_abrupt,gnb,NeverAdapt,30.003784374737197,0.0
insects_abrupt,gnb,NeverAdapt,59.40417122193256,0.0
insects_abrupt,gnb,NeverAdapt,69.63039273400051,0.0
insects_abrupt,gnb,NeverAdapt,70.37044823816332,0.0
insects_abrupt,gnb,NeverAdapt,87.52628038011942,0.0
insects_abrupt,gnb,NeverAdapt,100.0,0.0
insects_gradual,xgb,AlwaysRebuild,0.0,0.0
insects_gradual,xgb,AlwaysRebuild,3.970554405337014,14.673913043478262
insects_gradual,xgb,AlwaysRebuild,37.391304347826086,31.657608695652176
insects_gradual,xgb,AlwaysRebuild,43.28042328042328,48.641304347826086
insects_gradual,xgb,AlwaysRebuild,52.555785599263864,65.625
insects_gradual,xgb,AlwaysRebuild,53.29192546583851,68.34239130434783
insects_gradual,xgb,AlwaysRebuild,94.221302047389,85.32608695652173
insects_gradual,xgb,AlwaysRebuild,98.19645732689212,100.0
insects_gradual,xgb,AlwaysRebuild,100.0,100.0
insects_gradual,xgb,MechanismSelector,0.0,0.0
insects_gradual,xgb,MechanismSelector,3.970554405337014,15.26069972826087
insects_gradual,xgb,MechanismSelector,37.391304347826086,32.92374320652174
insects_gradual,xgb,MechanismSelector,43.28042328042328,33.603091032608695
insects_gradual,xgb,MechanismSelector,52.85024154589372,51.26613451086956
insects_gradual,xgb,MechanismSelector,96.72417759374281,68.92917798913044
insects_gradual,xgb,MechanismSelector,100.0,68.92917798913044
insects_gradual,xgb,FixedSchedule,0.0,0.0
insects_gradual,xgb,FixedSchedule,3.970554405337014,0.5867866847826086
insects_gradual,xgb,FixedSchedule,37.391304347826086,1.2661345108695652
insects_gradual,xgb,FixedSchedule,43.42765125373821,18.249830163043477
insects_gradual,xgb,FixedSchedule,52.555785599263864,18.929177989130434
insects_gradual,xgb,FixedSchedule,53.58638141246837,19.08118206521739
insects_gradual,xgb,FixedSchedule,94.36853002070393,36.064877717391305
insects_gradual,xgb,FixedSchedule,99.96319300667126,36.74422554347826
insects_gradual,xgb,FixedSchedule,100.0,36.74422554347826
insects_gradual,xgb,AlwaysNudge,0.0,0.0
insects_gradual,xgb,AlwaysNudge,3.970554405337014,0.5867866847826086
insects_gradual,xgb,AlwaysNudge,37.391304347826086,1.2661345108695652
insects_gradual,xgb,AlwaysNudge,43.42765125373821,1.9454823369565217
insects_gradual,xgb,AlwaysNudge,52.555785599263864,2.624830163043478
insects_gradual,xgb,AlwaysNudge,53.01587301587302,2.692764945652174
insects_gradual,xgb,AlwaysNudge,94.221302047389,3.3721127717391304
insects_gradual,xgb,AlwaysNudge,100.0,3.3721127717391304
insects_gradual,xgb,NeverAdapt,0.0,0.0
insects_gradual,xgb,NeverAdapt,3.970554405337014,0.0
insects_gradual,xgb,NeverAdapt,37.391304347826086,0.0
insects_gradual,xgb,NeverAdapt,45.93052680009202,0.0
insects_gradual,xgb,NeverAdapt,52.555785599263864,0.0
insects_gradual,xgb,NeverAdapt,53.01587301587302,0.0
insects_gradual,xgb,NeverAdapt,94.81021394064872,0.0
insects_gradual,xgb,NeverAdapt,96.42972164711296,0.0
insects_gradual,xgb,NeverAdapt,100.0,0.0
insects_gradual,rf,AlwaysRebuild,0.0,0.0
insects_gradual,rf,AlwaysRebuild,3.970554405337014,15.882352941176471
insects_gradual,rf,AlwaysRebuild,37.391304347826086,34.26470588235294
insects_gradual,rf,AlwaysRebuild,43.28042328042328,52.64705882352941
insects_gradual,rf,AlwaysRebuild,52.555785599263864,71.02941176470588
insects_gradual,rf,AlwaysRebuild,53.29192546583851,73.97058823529412
insects_gradual,rf,AlwaysRebuild,94.51575799401887,92.3529411764706
insects_gradual,rf,AlwaysRebuild,96.42972164711296,100.0
insects_gradual,rf,AlwaysRebuild,100.0,100.0
insects_gradual,rf,MechanismSelector,0.0,0.0
insects_gradual,rf,MechanismSelector,3.970554405337014,16.517463235294116
insects_gradual,rf,MechanismSelector,37.391304347826086,35.635110294117645
insects_gradual,rf,MechanismSelector,43.28042328042328,54.752757352941174
insects_gradual,rf,MechanismSelector,52.555785599263864,73.87040441176471
insects_gradual,rf,MechanismSelector,53.29192546583851,76.81158088235294
insects_gradual,rf,MechanismSelector,94.51575799401887,76.81158088235294
insects_gradual,rf,MechanismSelector,96.13526570048309,83.5404411764706
insects_gradual,rf,MechanismSelector,100.0,83.5404411764706
insects_gradual,rf,FixedSchedule,0.0,0.0
insects_gradual,rf,FixedSchedule,3.970554405337014,0.6351102941176471
insects_gradual,rf,FixedSchedule,37.53853232114102,1.3704044117647058
insects_gradual,rf,FixedSchedule,45.783298826777084,19.752757352941178
insects_gradual,rf,FixedSchedule,52.555785599263864,20.488051470588236
insects_gradual,rf,FixedSchedule,53.58638141246837,20.652573529411764
insects_gradual,rf,FixedSchedule,96.28249367379802,39.03492647058823
insects_gradual,rf,FixedSchedule,100.0,39.03492647058823
insects_gradual,rf,AlwaysNudge,0.0,0.0
insects_gradual,rf,AlwaysNudge,3.970554405337014,0.6351102941176471
insects_gradual,rf,AlwaysNudge,37.53853232114102,1.3704044117647058
insects_gradual,rf,AlwaysNudge,45.783298826777084,2.1056985294117645
insects_gradual,rf,AlwaysNudge,52.555785599263864,2.8409926470588234
insects_gradual,rf,AlwaysNudge,53.01587301587302,2.9145220588235294
insects_gradual,rf,AlwaysNudge,94.6629859673338,3.6498161764705883
insects_gradual,rf,AlwaysNudge,96.42972164711296,3.931985294117647
insects_gradual,rf,AlwaysNudge,100.0,3.931985294117647
insects_gradual,rf,NeverAdapt,0.0,0.0
insects_gradual,rf,NeverAdapt,3.970554405337014,0.0
insects_gradual,rf,NeverAdapt,37.53853232114102,0.0
insects_gradual,rf,NeverAdapt,45.783298826777084,0.0
insects_gradual,rf,NeverAdapt,52.555785599263864,0.0
insects_gradual,rf,NeverAdapt,53.01587301587302,0.0
insects_gradual,rf,NeverAdapt,94.81021394064872,0.0
insects_gradual,rf,NeverAdapt,96.42972164711296,0.0
insects_gradual,rf,NeverAdapt,100.0,0.0
insects_gradual,sgd,AlwaysRebuild,0.0,0.0
insects_gradual,sgd,AlwaysRebuild,4.117782378651944,25.94093804284887
insects_gradual,sgd,AlwaysRebuild,39.452495974235106,29.29936305732484
insects_gradual,sgd,AlwaysRebuild,43.28042328042328,53.387376954255934
insects_gradual,sgd,AlwaysRebuild,53.144697492523576,82.3393167342212
insects_gradual,sgd,AlwaysRebuild,94.07407407407408,86.10306890561668
insects_gradual,sgd,AlwaysRebuild,96.28249367379802,100.0
insects_gradual,sgd,AlwaysRebuild,100.0,100.0
insects_gradual,sgd,MechanismSelector,0.0,0.0
insects_gradual,sgd,MechanismSelector,4.117782378651944,0.0
insects_gradual,sgd,MechanismSelector,40.48309178743961,0.023161551823972205
insects_gradual,sgd,MechanismSelector,43.28042328042328,0.023161551823972205
insects_gradual,sgd,MechanismSelector,52.99746951920865,0.023161551823972205
insects_gradual,sgd,MechanismSelector,93.77961812744421,0.023161551823972205
insects_gradual,sgd,MechanismSelector,96.28249367379802,0.023161551823972205
insects_gradual,sgd,MechanismSelector,100.0,0.023161551823972205
insects_gradual,sgd,FixedSchedule,0.0,0.0
insects_gradual,sgd,FixedSchedule,4.117782378651944,0.020729588882455123
insects_gradual,sgd,FixedSchedule,38.274672187715666,0.04389114070642733
insects_gradual,sgd,FixedSchedule,43.72210720036807,28.995830920671686
insects_gradual,sgd,FixedSchedule,52.555785599263864,29.018992472495658
insects_gradual,sgd,FixedSchedule,53.01587301587302,29.021308627678053
insects_gradual,sgd,FixedSchedule,95.39912583390844,31.713839027214824
insects_gradual,sgd,FixedSchedule,97.01863354037268,31.721974522292992
insects_gradual,sgd,FixedSchedule,100.0,31.721974522292992
insects_gradual,sgd,AlwaysNudge,0.0,0.0
insects_gradual,sgd,AlwaysNudge,4.117782378651944,0.020729588882455123
insects_gradual,sgd,AlwaysNudge,38.274672187715666,0.04389114070642733
insects_gradual,sgd,AlwaysNudge,43.72210720036807,0.06705269253039954
insects_gradual,sgd,AlwaysNudge,57.561536691971476,0.09021424435437174
insects_gradual,sgd,AlwaysNudge,96.28249367379802,0.11337579617834395
insects_gradual,sgd,AlwaysNudge,100.0,0.11337579617834395
insects_gradual,sgd,NeverAdapt,0.0,0.0
insects_gradual,sgd,NeverAdapt,4.117782378651944,0.0
insects_gradual,sgd,NeverAdapt,40.48309178743961,0.0
insects_gradual,sgd,NeverAdapt,43.72210720036807,0.0
insects_gradual,sgd,NeverAdapt,52.85024154589372,0.0
insects_gradual,sgd,NeverAdapt,94.07407407407408,0.0
insects_gradual,sgd,NeverAdapt,96.28249367379802,0.0
insects_gradual,sgd,NeverAdapt,100.0,0.0
insects_gradual,gnb,AlwaysRebuild,0.0,0.0
insects_gradual,gnb,AlwaysRebuild,9.417989417989418,17.73049645390071
insects_gradual,gnb,AlwaysRebuild,38.12744421440074,35.46099290780142
insects_gradual,gnb,AlwaysRebuild,45.93052680009202,53.191489361702125
insects_gradual,gnb,AlwaysRebuild,52.555785599263864,70.92198581560284
insects_gradual,gnb,AlwaysRebuild,53.439153439153436,74.32624113475177
insects_gradual,gnb,AlwaysRebuild,94.221302047389,92.05673758865248
insects_gradual,gnb,AlwaysRebuild,96.28249367379802,100.0
insects_gradual,gnb,AlwaysRebuild,100.0,100.0
insects_gradual,gnb,MechanismSelector,0.0,0.0
insects_gradual,gnb,MechanismSelector,9.417989417989418,31.914893617021278
insects_gradual,gnb,MechanismSelector,38.12744421440074,63.829787234042556
insects_gradual,gnb,MechanismSelector,45.93052680009202,78.01418439716312
insects_gradual,gnb,MechanismSelector,52.555785599263864,109.9290780141844
insects_gradual,gnb,MechanismSelector,53.439153439153436,113.33333333333333
insects_gradual,gnb,MechanismSelector,94.221302047389,113.33333333333333
insects_gradual,gnb,MechanismSelector,96.13526570048309,119.21985815602837
insects_gradual,gnb,MechanismSelector,100.0,119.21985815602837
insects_gradual,gnb,FixedSchedule,0.0,0.0
insects_gradual,gnb,FixedSchedule,9.417989417989418,14.184397163120567
insects_gradual,gnb,FixedSchedule,38.71635610766045,28.368794326241133
insects_gradual,gnb,FixedSchedule,47.255578559926384,46.09929078014184
insects_gradual,gnb,FixedSchedule,52.555785599263864,60.283687943262414
insects_gradual,gnb,FixedSchedule,53.58638141246837,63.45744680851064
insects_gradual,gnb,FixedSchedule,94.51575799401887,81.18794326241135
insects_gradual,gnb,FixedSchedule,96.28249367379802,86.63120567375887
insects_gradual,gnb,FixedSchedule,100.0,86.63120567375887
insects_gradual,gnb,AlwaysNudge,0.0,0.0
insects_gradual,gnb,AlwaysNudge,9.417989417989418,14.184397163120567
insects_gradual,gnb,AlwaysNudge,38.71635610766045,28.368794326241133
insects_gradual,gnb,AlwaysNudge,47.255578559926384,42.5531914893617
insects_gradual,gnb,AlwaysNudge,52.555785599263864,56.737588652482266
insects_gradual,gnb,AlwaysNudge,54.17529330572809,61.719858156028366
insects_gradual,gnb,AlwaysNudge,94.95744191396365,75.90425531914893
insects_gradual,gnb,AlwaysNudge,100.0,75.90425531914893
insects_gradual,gnb,NeverAdapt,0.0,0.0
insects_gradual,gnb,NeverAdapt,9.417989417989418,0.0
insects_gradual,gnb,NeverAdapt,37.53853232114102,0.0
insects_gradual,gnb,NeverAdapt,43.42765125373821,0.0
insects_gradual,gnb,NeverAdapt,52.555785599263864,0.0
insects_gradual,gnb,NeverAdapt,97.01863354037268,0.0
insects_gradual,gnb,NeverAdapt,100.0,0.0
insects_incremental,xgb,AlwaysRebuild,0.0,0.0
insects_incremental,xgb,AlwaysRebuild,8.665744295262778,20.0
insects_incremental,xgb,AlwaysRebuild,13.404914550733675,40.0
insects_incremental,xgb,AlwaysRebuild,19.266519866710837,60.0
insects_incremental,xgb,AlwaysRebuild,66.84529493150418,80.0
insects_incremental,xgb,AlwaysRebuild,98.21111912231814,100.0
insects_incremental,xgb,AlwaysRebuild,100.0,100.0
insects_incremental,xgb,MechanismSelector,0.0,0.0
insects_incremental,xgb,MechanismSelector,8.665744295262778,20.8
insects_incremental,xgb,MechanismSelector,13.404914550733675,41.6
insects_incremental,xgb,MechanismSelector,19.266519866710837,62.4
insects_incremental,xgb,MechanismSelector,66.84529493150418,63.2
insects_incremental,xgb,MechanismSelector,100.0,63.2
insects_incremental,xgb,FixedSchedule,0.0,0.0
insects_incremental,xgb,FixedSchedule,8.665744295262778,0.8
insects_incremental,xgb,FixedSchedule,13.591987060818052,1.6
insects_incremental,xgb,FixedSchedule,19.578307383518133,21.6
insects_incremental,xgb,FixedSchedule,77.13428298614494,22.4
insects_incremental,xgb,FixedSchedule,97.40047157861918,23.2
insects_incremental,xgb,FixedSchedule,100.0,23.2
insects_incremental,xgb,AlwaysNudge,0.0,0.0
insects_incremental,xgb,AlwaysNudge,8.665744295262778,0.8
insects_incremental,xgb,AlwaysNudge,13.591987060818052,1.6
insects_incremental,xgb,AlwaysNudge,19.578307383518133,2.4
insects_incremental,xgb,AlwaysNudge,67.2817974550344,3.2
insects_incremental,xgb,AlwaysNudge,98.95940916265565,4.0
insects_incremental,xgb,AlwaysNudge,100.0,4.0
insects_incremental,xgb,NeverAdapt,0.0,0.0
insects_incremental,xgb,NeverAdapt,8.665744295262778,0.0
insects_incremental,xgb,NeverAdapt,18.518229826373325,0.0
insects_incremental,xgb,NeverAdapt,67.03236744158856,0.0
insects_incremental,xgb,NeverAdapt,100.0,0.0
insects_incremental,rf,AlwaysRebuild,0.0,0.0
insects_incremental,rf,AlwaysRebuild,12.220121986865951,14.285714285714286
insects_incremental,rf,AlwaysRebuild,21.698462497807743,28.571428571428573
insects_incremental,rf,AlwaysRebuild,31.488590525556834,42.857142857142854
insects_incremental,rf,AlwaysRebuild,37.47491084825691,57.142857142857146
insects_incremental,rf,AlwaysRebuild,83.18296081220649,71.42857142857143
insects_incremental,rf,AlwaysRebuild,90.72821871894304,85.71428571428571
insects_incremental,rf,AlwaysRebuild,98.89705165929419,100.0
insects_incremental,rf,AlwaysRebuild,100.0,100.0
insects_incremental,rf,MechanismSelector,0.0,0.0
insects_incremental,rf,MechanismSelector,12.220121986865951,14.857142857142858
insects_incremental,rf,MechanismSelector,21.698462497807743,29.714285714285715
insects_incremental,rf,MechanismSelector,31.488590525556834,44.57142857142857
insects_incremental,rf,MechanismSelector,37.47491084825691,59.42857142857143
insects_incremental,rf,MechanismSelector,83.18296081220649,74.28571428571429
insects_incremental,rf,MechanismSelector,90.72821871894304,89.14285714285714
insects_incremental,rf,MechanismSelector,98.89705165929419,104.0
insects_incremental,rf,MechanismSelector,100.0,104.0
insects_incremental,rf,FixedSchedule,0.0,0.0
insects_incremental,rf,FixedSchedule,12.220121986865951,0.5714285714285714
insects_incremental,rf,FixedSchedule,19.515949880156672,1.1428571428571428
insects_incremental,rf,FixedSchedule,66.59586491805834,15.428571428571429
insects_incremental,rf,FixedSchedule,98.2734766256796,16.0
insects_incremental,rf,FixedSchedule,100.0,16.0
insects_incremental,rf,AlwaysNudge,0.0,0.0
insects_incremental,rf,AlwaysNudge,12.220121986865951,0.5714285714285714
insects_incremental,rf,AlwaysNudge,19.515949880156672,1.1428571428571428
insects_incremental,rf,AlwaysNudge,66.59586491805834,1.7142857142857142
insects_incremental,rf,AlwaysNudge,92.10008379289515,2.2857142857142856
insects_incremental,rf,AlwaysNudge,100.0,2.2857142857142856
insects_incremental,rf,NeverAdapt,0.0,0.0
insects_incremental,rf,NeverAdapt,12.220121986865951,0.0
insects_incremental,rf,NeverAdapt,19.515949880156672,0.0
insects_incremental,rf,NeverAdapt,66.72057992478126,0.0
insects_incremental,rf,NeverAdapt,93.59666387357017,0.0
insects_incremental,rf,NeverAdapt,100.0,0.0
insects_incremental,sgd,AlwaysRebuild,0.0,0.0
insects_incremental,sgd,AlwaysRebuild,100.0,0.0
insects_incremental,sgd,MechanismSelector,0.0,0.0
insects_incremental,sgd,MechanismSelector,100.0,0.0
insects_incremental,sgd,FixedSchedule,0.0,0.0
insects_incremental,sgd,FixedSchedule,100.0,0.0
insects_incremental,sgd,AlwaysNudge,0.0,0.0
insects_incremental,sgd,AlwaysNudge,100.0,0.0
insects_incremental,sgd,NeverAdapt,0.0,0.0
insects_incremental,sgd,NeverAdapt,100.0,0.0
insects_incremental,gnb,AlwaysRebuild,0.0,0.0
insects_incremental,gnb,AlwaysRebuild,7.543309234756514,20.0
insects_incremental,gnb,AlwaysRebuild,19.952452403686888,40.0
insects_incremental,gnb,AlwaysRebuild,45.26959876843931,60.0
insects_incremental,gnb,AlwaysRebuild,72.58218524075842,80.0
insects_incremental,gnb,AlwaysRebuild,89.60578365843678,100.0
insects_incremental,gnb,AlwaysRebuild,100.0,100.0
insects_incremental,gnb,MechanismSelector,0.0,0.0
insects_incremental,gnb,MechanismSelector,7.543309234756514,36.0
insects_incremental,gnb,MechanismSelector,19.952452403686888,72.0
insects_incremental,gnb,MechanismSelector,45.26959876843931,88.0
insects_incremental,gnb,MechanismSelector,72.27039772395112,104.0
insects_incremental,gnb,MechanismSelector,97.83697410214938,140.0
insects_incremental,gnb,MechanismSelector,100.0,140.0
insects_incremental,gnb,FixedSchedule,0.0,0.0
insects_incremental,gnb,FixedSchedule,7.543309234756514,16.0
insects_incremental,gnb,FixedSchedule,12.968412027203462,32.0
insects_incremental,gnb,FixedSchedule,21.573747491084827,52.0
insects_incremental,gnb,FixedSchedule,71.64682269033653,68.0
insects_incremental,gnb,FixedSchedule,97.58754408870355,84.0
insects_incremental,gnb,FixedSchedule,100.0,84.0
insects_incremental,gnb,AlwaysNudge,0.0,0.0
insects_incremental,gnb,AlwaysNudge,7.543309234756514,16.0
insects_incremental,gnb,AlwaysNudge,12.968412027203462,32.0
insects_incremental,gnb,AlwaysNudge,21.573747491084827,48.0
insects_incremental,gnb,AlwaysNudge,67.09472494495002,64.0
insects_incremental,gnb,AlwaysNudge,100.0,64.0
insects_incremental,gnb,NeverAdapt,0.0,0.0
insects_incremental,gnb,NeverAdapt,7.543309234756514,0.0
insects_incremental,gnb,NeverAdapt,13.84141707426389,0.0
insects_incremental,gnb,NeverAdapt,20.51366993394002,0.0
insects_incremental,gnb,NeverAdapt,61.29547713233431,0.0
insects_incremental,gnb,NeverAdapt,73.26811777773447,0.0
insects_incremental,gnb,NeverAdapt,100.0,0.0
