stream,model,policy_key,confirm_rows,seed,alarm_row,outcome,action,truth,alarm_direction,work_units
agrawal_abrupt_iid,gnb,always_rebuild,0,0,12615,adapted,REBUILD,true,error_up,1000
agrawal_abrupt_iid,gnb,always_rebuild,0,0,25223,adapted,REBUILD,true,error_up,1000
agrawal_abrupt_iid,gnb,always_rebuild,0,0,37671,adapted,REBUILD,true,error_up,1000
agrawal_abrupt_iid,gnb,always_rebuild,0,1,12615,adapted,REBUILD,true,error_up,1000
agrawal_abrupt_iid,gnb,always_rebuild,0,1,25095,adapted,REBUILD,true,error_up,1000
agrawal_abrupt_iid,gnb,always_rebuild,0,1,37895,adapted,REBUILD,true,error_up,1000
agrawal_abrupt_iid,gnb,always_rebuild,0,2,12583,adapted,REBUILD,true,error_up,1000
agrawal_abrupt_iid,gnb,always_rebuild,0,2,25223,adapted,REBUILD,true,error_up,1000
agrawal_abrupt_iid,gnb,always_rebuild,0,2,37735,adapted,REBUILD,true,error_up,1000
agrawal_abrupt_iid,gnb,always_rebuild,0,3,12615,adapted,REBUILD,true,error_up,1000
agrawal_abrupt_iid,gnb,always_rebuild,0,3,25191,adapted,REBUILD,true,error_up,1000
agrawal_abrupt_iid,gnb,always_rebuild,0,3,37607,adapted,REBUILD,true,error_up,1000
agrawal_abrupt_iid,gnb,always_rebuild,0,4,12743,adapted,REBUILD,true,error_up,1000
agrawal_abrupt_iid,gnb,always_rebuild,0,4,25127,adapted,REBUILD,true,error_up,1000
agrawal_abrupt_iid,gnb,always_rebuild,0,4,38087,adapted,REBUILD,true,error_up,1000
agrawal_abrupt_iid,gnb,always_rebuild,200,0,12615,adapted,REBUILD,true,error_up,1000
agrawal_abrupt_iid,gnb,always_rebuild,200,0,25159,adapted,REBUILD,true,error_up,1000
agrawal_abrupt_iid,gnb,always_rebuild,200,0,25415,adapted,REBUILD,true,error_down,256
agrawal_abrupt_iid,gnb,always_rebuild,200,0,37671,adapted,REBUILD,true,error_up,1000
agrawal_abrupt_iid,gnb,always_rebuild,200,1,12615,adapted,REBUILD,true,error_up,1000
agrawal_abrupt_iid,gnb,always_rebuild,200,1,25095,adapted,REBUILD,true,error_up,1000
agrawal_abrupt_iid,gnb,always_rebuild,200,1,25383,dismissed,,true,error_down,0
agrawal_abrupt_iid,gnb,always_rebuild,200,1,37671,adapted,REBUILD,true,error_up,1000
agrawal_abrupt_iid,gnb,always_rebuild,200,1,38151,adapted,REBUILD,true,error_down,480
agrawal_abrupt_iid,gnb,always_rebuild,200,1,38471,adapted,REBUILD,true,error_down,320
agrawal_abrupt_iid,gnb,always_rebuild,200,2,12583,adapted,REBUILD,true,error_up,1000
agrawal_abrupt_iid,gnb,always_rebuild,200,2,25063,adapted,REBUILD,true,error_up,1000
agrawal_abrupt_iid,gnb,always_rebuild,200,2,25319,dismissed,,true,error_down,0
agrawal_abrupt_iid,gnb,always_rebuild,200,2,37671,adapted,REBUILD,true,error_up,1000
agrawal_abrupt_iid,gnb,always_rebuild,200,3,12615,adapted,REBUILD,true,error_up,1000
agrawal_abrupt_iid,gnb,always_rebuild,200,3,25191,adapted,REBUILD,true,error_up,1000
agrawal_abrupt_iid,gnb,always_rebuild,200,3,25447,dismissed,,true,error_down,0
agrawal_abrupt_iid,gnb,always_rebuild,200,3,37575,adapted,REBUILD,true,error_up,1000
agrawal_abrupt_iid,gnb,always_rebuild,200,4,12743,adapted,REBUILD,true,error_up,1000
agrawal_abrupt_iid,gnb,always_rebuild,200,4,25127,adapted,REBUILD,true,error_up,1000
agrawal_abrupt_iid,gnb,always_rebuild,200,4,25415,dismissed,,true,error_down,0
agrawal_abrupt_iid,gnb,always_rebuild,200,4,37575,adapted,REBUILD,true,error_up,1000
agrawal_abrupt_iid,gnb,always_rebuild,500,0,12615,adapted,REBUILD,true,error_up,1000
agrawal_abrupt_iid,gnb,always_rebuild,500,0,25159,adapted,REBUILD,true,error_up,1000
agrawal_abrupt_iid,gnb,always_rebuild,500,0,25735,dismissed,,true,error_down,0
agrawal_abrupt_iid,gnb,always_rebuild,500,0,37671,adapted,REBUILD,true,error_up,1000
agrawal_abrupt_iid,gnb,always_rebuild,500,0,38279,dismissed,,true,error_down,0
agrawal_abrupt_iid,gnb,always_rebuild,500,1,12615,adapted,REBUILD,true,error_up,1000
agrawal_abrupt_iid,gnb,always_rebuild,500,1,25127,adapted,REBUILD,true,error_up,1000
agrawal_abrupt_iid,gnb,always_rebuild,500,1,25671,dismissed,,true,error_down,0
agrawal_abrupt_iid,gnb,always_rebuild,500,1,37575,adapted,REBUILD,true,error_up,1000
agrawal_abrupt_iid,gnb,always_rebuild,500,1,38151,dismissed,,true,error_down,0
agrawal_abrupt_iid,gnb,always_rebuild,500,2,12583,adapted,REBUILD,true,error_up,1000
agrawal_abrupt_iid,gnb,always_rebuild,500,2,25063,adapted,REBUILD,true,error_up,1000
agrawal_abrupt_iid,gnb,always_rebuild,500,2,25607,dismissed,,true,error_down,0
agrawal_abrupt_iid,gnb,always_rebuild,500,2,37575,adapted,REBUILD,true,error_up,1000
agrawal_abrupt_iid,gnb,always_rebuild,500,2,38183,dismissed,,true,error_down,0
agrawal_abrupt_iid,gnb,always_rebuild,500,3,12615,adapted,REBUILD,true,error_up,1000
agrawal_abrupt_iid,gnb,always_rebuild,500,3,25255,adapted,REBUILD,true,error_up,1000
agrawal_abrupt_iid,gnb,always_rebuild,500,3,25831,adapted,REBUILD,true,error_down,576
agrawal_abrupt_iid,gnb,always_rebuild,500,3,37575,adapted,REBUILD,true,error_up,1000
agrawal_abrupt_iid,gnb,always_rebuild,500,3,38183,dismissed,,true,error_down,0
agrawal_abrupt_iid,gnb,always_rebuild,500,4,12743,adapted,REBUILD,true,error_up,1000
agrawal_abrupt_iid,gnb,always_rebuild,500,4,25223,adapted,REBUILD,true,error_up,1000
agrawal_abrupt_iid,gnb,always_rebuild,500,4,25831,dismissed,,true,error_down,0
agrawal_abrupt_iid,gnb,always_rebuild,500,4,37543,adapted,REBUILD,true,error_up,1000
agrawal_abrupt_iid,gnb,always_rebuild,500,4,38151,adapted,REBUILD,true,error_down,608
agrawal_abrupt_iid,gnb,mechanism_selector,0,0,12615,adapted,REBUILD,true,error_up,1800
agrawal_abrupt_iid,gnb,mechanism_selector,0,0,25223,adapted,REBUILD,true,error_up,1800
agrawal_abrupt_iid,gnb,mechanism_selector,0,0,37671,adapted,NUDGE,true,error_up,800
agrawal_abrupt_iid,gnb,mechanism_selector,0,1,12615,adapted,REBUILD,true,error_up,1800
agrawal_abrupt_iid,gnb,mechanism_selector,0,1,25095,adapted,REBUILD,true,error_up,1800
agrawal_abrupt_iid,gnb,mechanism_selector,0,1,37895,adapted,REBUILD,true,error_up,1800
agrawal_abrupt_iid,gnb,mechanism_selector,0,2,12583,adapted,REBUILD,true,error_up,1800
agrawal_abrupt_iid,gnb,mechanism_selector,0,2,25223,adapted,REBUILD,true,error_up,1800
agrawal_abrupt_iid,gnb,mechanism_selector,0,2,37735,adapted,REBUILD,true,error_up,1800
agrawal_abrupt_iid,gnb,mechanism_selector,0,3,12615,adapted,REBUILD,true,error_up,1800
agrawal_abrupt_iid,gnb,mechanism_selector,0,3,25191,adapted,REBUILD,true,error_up,1800
agrawal_abrupt_iid,gnb,mechanism_selector,0,3,37607,adapted,REBUILD,true,error_up,1800
agrawal_abrupt_iid,gnb,mechanism_selector,0,4,12743,adapted,REBUILD,true,error_up,1800
agrawal_abrupt_iid,gnb,mechanism_selector,0,4,25127,adapted,REBUILD,true,error_up,1800
agrawal_abrupt_iid,gnb,mechanism_selector,0,4,38087,adapted,NUDGE,true,error_up,800
agrawal_abrupt_iid,gnb,mechanism_selector,200,0,12615,adapted,REBUILD,true,error_up,1800
agrawal_abrupt_iid,gnb,mechanism_selector,200,0,25159,adapted,REBUILD,true,error_up,1800
agrawal_abrupt_iid,gnb,mechanism_selector,200,0,25415,adapted,REBUILD,true,error_down,460
agrawal_abrupt_iid,gnb,mechanism_selector,200,0,37671,adapted,REBUILD,true,error_up,1800
agrawal_abrupt_iid,gnb,mechanism_selector,200,1,12615,adapted,REBUILD,true,error_up,1800
agrawal_abrupt_iid,gnb,mechanism_selector,200,1,25095,adapted,REBUILD,true,error_up,1800
agrawal_abrupt_iid,gnb,mechanism_selector,200,1,25383,dismissed,,true,error_down,0
agrawal_abrupt_iid,gnb,mechanism_selector,200,1,37671,adapted,REBUILD,true,error_up,1800
agrawal_abrupt_iid,gnb,mechanism_selector,200,1,38151,adapted,NUDGE,true,error_down,384
agrawal_abrupt_iid,gnb,mechanism_selector,200,1,38887,dismissed,,false,error_down,0
agrawal_abrupt_iid,gnb,mechanism_selector,200,2,12583,adapted,REBUILD,true,error_up,1800
agrawal_abrupt_iid,gnb,mechanism_selector,200,2,25063,adapted,REBUILD,true,error_up,1800
agrawal_abrupt_iid,gnb,mechanism_selector,200,2,25319,dismissed,,true,error_down,0
agrawal_abrupt_iid,gnb,mechanism_selector,200,2,37671,adapted,REBUILD,true,error_up,1800
agrawal_abrupt_iid,gnb,mechanism_selector,200,3,12615,adapted,REBUILD,true,error_up,1800
agrawal_abrupt_iid,gnb,mechanism_selector,200,3,25191,adapted,NUDGE,true,error_up,800
agrawal_abrupt_iid,gnb,mechanism_selector,200,3,40167,adapted,NUDGE,false,error_up,800
agrawal_abrupt_iid,gnb,mechanism_selector,200,3,40423,dismissed,,false,error_down,0
agrawal_abrupt_iid,gnb,mechanism_selector,200,4,12743,adapted,REBUILD,true,error_up,1800
agrawal_abrupt_iid,gnb,mechanism_selector,200,4,25127,adapted,REBUILD,true,error_up,1800
agrawal_abrupt_iid,gnb,mechanism_selector,200,4,25415,dismissed,,true,error_down,0
agrawal_abrupt_iid,gnb,mechanism_selector,200,4,37575,adapted,REBUILD,true,error_up,1800
agrawal_abrupt_iid,gnb,mechanism_selector,500,0,12615,adapted,REBUILD,true,error_up,1800
agrawal_abrupt_iid,gnb,mechanism_selector,500,0,25159,adapted,NUDGE,true,error_up,800
agrawal_abrupt_iid,gnb,mechanism_selector,500,0,25735,dismissed,,true,error_down,0
agrawal_abrupt_iid,gnb,mechanism_selector,500,0,37639,adapted,REBUILD,true,error_up,1800
agrawal_abrupt_iid,gnb,mechanism_selector,500,0,38279,dismissed,,true,error_down,0
agrawal_abrupt_iid,gnb,mechanism_selector,500,1,12615,adapted,REBUILD,true,error_up,1800
agrawal_abrupt_iid,gnb,mechanism_selector,500,1,25127,adapted,NUDGE,true,error_up,800
agrawal_abrupt_iid,gnb,mechanism_selector,500,1,25735,adapted,SKIP,true,error_down,0
agrawal_abrupt_iid,gnb,mechanism_selector,500,1,37703,adapted,NUDGE,true,error_up,800
agrawal_abrupt_iid,gnb,mechanism_selector,500,1,38439,dismissed,,true,error_down,0
agrawal_abrupt_iid,gnb,mechanism_selector,500,2,12583,adapted,REBUILD,true,error_up,1800
agrawal_abrupt_iid,gnb,mechanism_selector,500,2,25063,adapted,NUDGE,true,error_up,800
agrawal_abrupt_iid,gnb,mechanism_selector,500,2,25639,dismissed,,true,error_down,0
agrawal_abrupt_iid,gnb,mechanism_selector,500,2,37767,adapted,NUDGE,true,error_up,800
agrawal_abrupt_iid,gnb,mechanism_selector,500,2,38471,dismissed,,true,error_down,0
agrawal_abrupt_iid,gnb,mechanism_selector,500,3,12615,adapted,REBUILD,true,error_up,1800
agrawal_abrupt_iid,gnb,mechanism_selector,500,3,25255,adapted,NUDGE,true,error_up,800
agrawal_abrupt_iid,gnb,mechanism_selector,500,3,25863,dismissed,,true,error_down,0
agrawal_abrupt_iid,gnb,mechanism_selector,500,3,37575,adapted,REBUILD,true,error_up,1800
agrawal_abrupt_iid,gnb,mechanism_selector,500,3,38183,dismissed,,true,error_down,0
agrawal_abrupt_iid,gnb,mechanism_selector,500,4,12743,adapted,REBUILD,true,error_up,1800
agrawal_abrupt_iid,gnb,mechanism_selector,500,4,25223,adapted,NUDGE,true,error_up,800
agrawal_abrupt_iid,gnb,mechanism_selector,500,4,25863,dismissed,,true,error_down,0
agrawal_abrupt_iid,gnb,mechanism_selector,500,4,37671,adapted,NUDGE,true,error_up,800
agrawal_abrupt_iid,gnb,mechanism_selector,500,4,38343,adapted,NUDGE,true,error_down,537
agrawal_abrupt_iid,gnb,mechanism_selector,500,4,39271,dismissed,,false,error_down,0
agrawal_abrupt_iid,gnb,never_adapt,0,0,12615,adapted,SKIP,true,error_up,0
agrawal_abrupt_iid,gnb,never_adapt,0,0,25191,adapted,SKIP,true,error_up,0
agrawal_abrupt_iid,gnb,never_adapt,0,0,37735,adapted,SKIP,true,error_down,0
agrawal_abrupt_iid,gnb,never_adapt,0,1,12615,adapted,SKIP,true,error_up,0
agrawal_abrupt_iid,gnb,never_adapt,0,1,25095,adapted,SKIP,true,error_up,0
agrawal_abrupt_iid,gnb,never_adapt,0,1,37671,adapted,SKIP,true,error_down,0
agrawal_abrupt_iid,gnb,never_adapt,0,2,12583,adapted,SKIP,true,error_up,0
agrawal_abrupt_iid,gnb,never_adapt,0,2,25095,adapted,SKIP,true,error_up,0
agrawal_abrupt_iid,gnb,never_adapt,0,2,37607,adapted,SKIP,true,error_down,0
agrawal_abrupt_iid,gnb,never_adapt,0,3,12615,adapted,SKIP,true,error_up,0
agrawal_abrupt_iid,gnb,never_adapt,0,3,25127,adapted,SKIP,true,error_up,0
agrawal_abrupt_iid,gnb,never_adapt,0,3,37639,adapted,SKIP,true,error_down,0
agrawal_abrupt_iid,gnb,never_adapt,0,4,12743,adapted,SKIP,true,error_up,0
agrawal_abrupt_iid,gnb,never_adapt,0,4,25127,adapted,SKIP,true,error_up,0
agrawal_abrupt_iid,gnb,never_adapt,0,4,37575,adapted,SKIP,true,error_down,0
agrawal_abrupt_iid,rf,always_rebuild,0,0,12519,adapted,REBUILD,true,error_up,100000
agrawal_abrupt_iid,rf,always_rebuild,0,0,28327,adapted,REBUILD,false,error_down,100000
agrawal_abrupt_iid,rf,always_rebuild,0,0,37575,adapted,REBUILD,true,error_up,100000
agrawal_abrupt_iid,rf,always_rebuild,0,1,12519,adapted,REBUILD,true,error_up,100000
agrawal_abrupt_iid,rf,always_rebuild,0,1,28743,adapted,REBUILD,false,error_down,100000
agrawal_abrupt_iid,rf,always_rebuild,0,1,37543,adapted,REBUILD,true,error_up,100000
agrawal_abrupt_iid,rf,always_rebuild,0,2,12551,adapted,REBUILD,true,error_up,100000
agrawal_abrupt_iid,rf,always_rebuild,0,2,17863,adapted,REBUILD,false,error_down,100000
agrawal_abrupt_iid,rf,always_rebuild,0,2,25031,adapted,REBUILD,true,error_up,100000
agrawal_abrupt_iid,rf,always_rebuild,0,3,12551,adapted,REBUILD,true,error_up,100000
agrawal_abrupt_iid,rf,always_rebuild,0,3,28615,adapted,REBUILD,false,error_down,100000
agrawal_abrupt_iid,rf,always_rebuild,0,3,37543,adapted,REBUILD,true,error_up,100000
agrawal_abrupt_iid,rf,always_rebuild,0,4,12551,adapted,REBUILD,true,error_up,100000
agrawal_abrupt_iid,rf,always_rebuild,0,4,28935,adapted,REBUILD,false,error_down,100000
agrawal_abrupt_iid,rf,always_rebuild,0,4,37543,adapted,REBUILD,true,error_up,100000
agrawal_abrupt_iid,rf,always_rebuild,200,0,12519,adapted,REBUILD,true,error_up,100000
agrawal_abrupt_iid,rf,always_rebuild,200,0,31975,dismissed,,false,error_down,0
agrawal_abrupt_iid,rf,always_rebuild,200,1,12519,adapted,REBUILD,true,error_up,100000
agrawal_abrupt_iid,rf,always_rebuild,200,1,29351,dismissed,,false,error_down,0
agrawal_abrupt_iid,rf,always_rebuild,200,2,12551,adapted,REBUILD,true,error_up,100000
agrawal_abrupt_iid,rf,always_rebuild,200,2,18055,adapted,REBUILD,false,error_down,100000
agrawal_abrupt_iid,rf,always_rebuild,200,2,18311,dismissed,,false,error_down,0
agrawal_abrupt_iid,rf,always_rebuild,200,2,25031,adapted,REBUILD,true,error_up,100000
agrawal_abrupt_iid,rf,always_rebuild,200,3,12551,adapted,REBUILD,true,error_up,100000
agrawal_abrupt_iid,rf,always_rebuild,200,3,33639,dismissed,,false,error_down,0
agrawal_abrupt_iid,rf,always_rebuild,200,4,12551,adapted,REBUILD,true,error_up,100000
agrawal_abrupt_iid,rf,always_rebuild,500,0,12519,adapted,REBUILD,true,error_up,100000
agrawal_abrupt_iid,rf,always_rebuild,500,0,13255,adapted,REBUILD,true,error_down,73600
agrawal_abrupt_iid,rf,always_rebuild,500,0,13863,dismissed,,false,error_down,0
agrawal_abrupt_iid,rf,always_rebuild,500,0,25031,adapted,REBUILD,true,error_up,100000
agrawal_abrupt_iid,rf,always_rebuild,500,0,25671,dismissed,,true,error_down,0
agrawal_abrupt_iid,rf,always_rebuild,500,0,37639,adapted,REBUILD,true,error_up,100000
agrawal_abrupt_iid,rf,always_rebuild,500,0,38279,dismissed,,true,error_down,0
agrawal_abrupt_iid,rf,always_rebuild,500,1,12519,adapted,REBUILD,true,error_up,100000
agrawal_abrupt_iid,rf,always_rebuild,500,1,13255,dismissed,,true,error_down,0
agrawal_abrupt_iid,rf,always_rebuild,500,1,25095,adapted,REBUILD,true,error_up,100000
agrawal_abrupt_iid,rf,always_rebuild,500,1,25703,dismissed,,true,error_down,0
agrawal_abrupt_iid,rf,always_rebuild,500,1,37543,adapted,REBUILD,true,error_up,100000
agrawal_abrupt_iid,rf,always_rebuild,500,1,38183,dismissed,,true,error_down,0
agrawal_abrupt_iid,rf,always_rebuild,500,2,12551,adapted,REBUILD,true,error_up,100000
agrawal_abrupt_iid,rf,always_rebuild,500,2,13191,dismissed,,true,error_down,0
agrawal_abrupt_iid,rf,always_rebuild,500,2,25063,adapted,REBUILD,true,error_up,100000
agrawal_abrupt_iid,rf,always_rebuild,500,2,25735,dismissed,,true,error_down,0
agrawal_abrupt_iid,rf,always_rebuild,500,2,37607,adapted,REBUILD,true,error_up,100000
agrawal_abrupt_iid,rf,always_rebuild,500,2,38247,dismissed,,true,error_down,0
agrawal_abrupt_iid,rf,always_rebuild,500,3,12551,adapted,REBUILD,true,error_up,100000
agrawal_abrupt_iid,rf,always_rebuild,500,3,13159,dismissed,,true,error_down,0
agrawal_abrupt_iid,rf,always_rebuild,500,3,25063,adapted,REBUILD,true,error_up,100000
agrawal_abrupt_iid,rf,always_rebuild,500,3,25639,adapted,REBUILD,true,error_down,57600
agrawal_abrupt_iid,rf,always_rebuild,500,3,26855,dismissed,,false,error_down,0
agrawal_abrupt_iid,rf,always_rebuild,500,3,37543,adapted,REBUILD,true,error_up,100000
agrawal_abrupt_iid,rf,always_rebuild,500,3,38119,dismissed,,true,error_down,0
agrawal_abrupt_iid,rf,always_rebuild,500,4,12551,adapted,REBUILD,true,error_up,100000
agrawal_abrupt_iid,rf,always_rebuild,500,4,13127,adapted,REBUILD,true,error_down,57600
agrawal_abrupt_iid,rf,always_rebuild,500,4,13799,dismissed,,false,error_down,0
agrawal_abrupt_iid,rf,always_rebuild,500,4,25031,adapted,REBUILD,true,error_up,100000
agrawal_abrupt_iid,rf,always_rebuild,500,4,25639,dismissed,,true,error_down,0
agrawal_abrupt_iid,rf,always_rebuild,500,4,37575,adapted,REBUILD,true,error_up,100000
agrawal_abrupt_iid,rf,always_rebuild,500,4,38151,adapted,REBUILD,true,error_down,57600
agrawal_abrupt_iid,rf,always_rebuild,500,4,38919,adapted,REBUILD,false,error_down,76800
agrawal_abrupt_iid,rf,mechanism_selector,0,0,12519,adapted,REBUILD,true,error_up,104000
agrawal_abrupt_iid,rf,mechanism_selector,0,0,28327,adapted,SKIP,false,error_down,0
agrawal_abrupt_iid,rf,mechanism_selector,0,1,12519,adapted,REBUILD,true,error_up,104000
agrawal_abrupt_iid,rf,mechanism_selector,0,1,28743,adapted,SKIP,false,error_down,0
agrawal_abrupt_iid,rf,mechanism_selector,0,2,12551,adapted,REBUILD,true,error_up,104000
agrawal_abrupt_iid,rf,mechanism_selector,0,2,17863,adapted,SKIP,false,error_down,0
agrawal_abrupt_iid,rf,mechanism_selector,0,2,28039,adapted,SKIP,false,error_down,0
agrawal_abrupt_iid,rf,mechanism_selector,0,3,12551,adapted,REBUILD,true,error_up,104000
agrawal_abrupt_iid,rf,mechanism_selector,0,3,28615,adapted,SKIP,false,error_down,0
agrawal_abrupt_iid,rf,mechanism_selector,0,4,12551,adapted,REBUILD,true,error_up,104000
agrawal_abrupt_iid,rf,mechanism_selector,0,4,28935,adapted,SKIP,false,error_down,0
agrawal_abrupt_iid,rf,mechanism_selector,200,0,12519,adapted,REBUILD,true,error_up,104000
agrawal_abrupt_iid,rf,mechanism_selector,200,0,31975,dismissed,,false,error_down,0
agrawal_abrupt_iid,rf,mechanism_selector,200,1,12519,adapted,REBUILD,true,error_up,104000
agrawal_abrupt_iid,rf,mechanism_selector,200,1,29351,dismissed,,false,error_down,0
agrawal_abrupt_iid,rf,mechanism_selector,200,2,12551,adapted,REBUILD,true,error_up,104000
agrawal_abrupt_iid,rf,mechanism_selector,200,2,18055,adapted,REBUILD,false,error_down,104000
agrawal_abrupt_iid,rf,mechanism_selector,200,2,18311,dismissed,,false,error_down,0
agrawal_abrupt_iid,rf,mechanism_selector,200,2,25031,adapted,REBUILD,true,error_up,104000
agrawal_abrupt_iid,rf,mechanism_selector,200,3,12551,adapted,REBUILD,true,error_up,104000
agrawal_abrupt_iid,rf,mechanism_selector,200,3,33639,dismissed,,false,error_down,0
agrawal_abrupt_iid,rf,mechanism_selector,200,4,12551,adapted,REBUILD,true,error_up,104000
agrawal_abrupt_iid,rf,mechanism_selector,500,0,12519,adapted,REBUILD,true,error_up,104000
agrawal_abrupt_iid,rf,mechanism_selector,500,0,13255,adapted,REBUILD,true,error_down,76540
agrawal_abrupt_iid,rf,mechanism_selector,500,0,13863,dismissed,,false,error_down,0
agrawal_abrupt_iid,rf,mechanism_selector,500,0,25031,adapted,REBUILD,true,error_up,104000
agrawal_abrupt_iid,rf,mechanism_selector,500,0,25671,dismissed,,true,error_down,0
agrawal_abrupt_iid,rf,mechanism_selector,500,0,37639,adapted,REBUILD,true,error_up,104000
agrawal_abrupt_iid,rf,mechanism_selector,500,0,38279,dismissed,,true,error_down,0
agrawal_abrupt_iid,rf,mechanism_selector,500,1,12519,adapted,REBUILD,true,error_up,104000
agrawal_abrupt_iid,rf,mechanism_selector,500,1,13255,dismissed,,true,error_down,0
agrawal_abrupt_iid,rf,mechanism_selector,500,1,25095,adapted,REBUILD,true,error_up,104000
agrawal_abrupt_iid,rf,mechanism_selector,500,1,25703,dismissed,,true,error_down,0
agrawal_abrupt_iid,rf,mechanism_selector,500,1,37543,adapted,REBUILD,true,error_up,104000
agrawal_abrupt_iid,rf,mechanism_selector,500,1,38183,dismissed,,true,error_down,0
agrawal_abrupt_iid,rf,mechanism_selector,500,2,12551,adapted,REBUILD,true,error_up,104000
agrawal_abrupt_iid,rf,mechanism_selector,500,2,13191,dismissed,,true,error_down,0
agrawal_abrupt_iid,rf,mechanism_selector,500,2,25063,adapted,REBUILD,true,error_up,104000
agrawal_abrupt_iid,rf,mechanism_selector,500,2,25735,dismissed,,true,error_down,0
agrawal_abrupt_iid,rf,mechanism_selector,500,2,37607,adapted,REBUILD,true,error_up,104000
agrawal_abrupt_iid,rf,mechanism_selector,500,2,38247,dismissed,,true,error_down,0
agrawal_abrupt_iid,rf,mechanism_selector,500,3,12551,adapted,REBUILD,true,error_up,104000
agrawal_abrupt_iid,rf,mechanism_selector,500,3,13159,dismissed,,true,error_down,0
agrawal_abrupt_iid,rf,mechanism_selector,500,3,25063,adapted,REBUILD,true,error_up,104000
agrawal_abrupt_iid,rf,mechanism_selector,500,3,25639,adapted,REBUILD,true,error_down,59900
agrawal_abrupt_iid,rf,mechanism_selector,500,3,26855,dismissed,,false,error_down,0
agrawal_abrupt_iid,rf,mechanism_selector,500,3,37543,adapted,REBUILD,true,error_up,104000
agrawal_abrupt_iid,rf,mechanism_selector,500,3,38119,dismissed,,true,error_down,0
agrawal_abrupt_iid,rf,mechanism_selector,500,4,12551,adapted,REBUILD,true,error_up,104000
agrawal_abrupt_iid,rf,mechanism_selector,500,4,13127,adapted,NUDGE,true,error_down,2300
agrawal_abrupt_iid,rf,mechanism_selector,500,4,25095,adapted,REBUILD,true,error_up,104000
agrawal_abrupt_iid,rf,mechanism_selector,500,4,25703,dismissed,,true,error_down,0
agrawal_abrupt_iid,rf,mechanism_selector,500,4,37575,adapted,REBUILD,true,error_up,104000
agrawal_abrupt_iid,rf,mechanism_selector,500,4,38151,adapted,REBUILD,true,error_down,59900
agrawal_abrupt_iid,rf,mechanism_selector,500,4,38919,adapted,REBUILD,false,error_down,79870
agrawal_abrupt_iid,rf,never_adapt,0,0,12519,adapted,SKIP,true,error_up,0
agrawal_abrupt_iid,rf,never_adapt,0,0,27335,adapted,SKIP,false,error_down,0
agrawal_abrupt_iid,rf,never_adapt,0,1,12519,adapted,SKIP,true,error_up,0
agrawal_abrupt_iid,rf,never_adapt,0,1,29031,adapted,SKIP,false,error_down,0
agrawal_abrupt_iid,rf,never_adapt,0,2,12551,adapted,SKIP,true,error_up,0
agrawal_abrupt_iid,rf,never_adapt,0,2,17767,adapted,SKIP,false,error_down,0
agrawal_abrupt_iid,rf,never_adapt,0,2,27815,adapted,SKIP,false,error_down,0
agrawal_abrupt_iid,rf,never_adapt,0,3,12551,adapted,SKIP,true,error_up,0
agrawal_abrupt_iid,rf,never_adapt,0,3,28167,adapted,SKIP,false,error_down,0
agrawal_abrupt_iid,rf,never_adapt,0,4,12551,adapted,SKIP,true,error_up,0
agrawal_abrupt_iid,rf,never_adapt,0,4,29255,adapted,SKIP,false,error_down,0
agrawal_abrupt_iid,sgd,always_rebuild,0,0,12839,adapted,REBUILD,true,error_up,84000
agrawal_abrupt_iid,sgd,always_rebuild,0,0,25159,adapted,REBUILD,true,error_down,53000
agrawal_abrupt_iid,sgd,always_rebuild,0,0,41223,adapted,REBUILD,false,error_down,43000
agrawal_abrupt_iid,sgd,always_rebuild,0,1,37671,adapted,REBUILD,true,error_up,42000
agrawal_abrupt_iid,sgd,always_rebuild,0,2,28903,adapted,REBUILD,false,error_up,99000
agrawal_abrupt_iid,sgd,always_rebuild,0,2,37703,adapted,REBUILD,true,error_down,84000
agrawal_abrupt_iid,sgd,always_rebuild,0,3,12679,adapted,REBUILD,true,error_up,98000
agrawal_abrupt_iid,sgd,always_rebuild,0,3,25095,adapted,REBUILD,true,error_up,64000
agrawal_abrupt_iid,sgd,always_rebuild,0,4,12807,adapted,REBUILD,true,error_up,64000
agrawal_abrupt_iid,sgd,always_rebuild,0,4,25159,adapted,REBUILD,true,error_down,81000
agrawal_abrupt_iid,sgd,always_rebuild,0,4,37575,adapted,REBUILD,true,error_down,55000
agrawal_abrupt_iid,sgd,always_rebuild,200,0,12839,adapted,REBUILD,true,error_up,51000
agrawal_abrupt_iid,sgd,always_rebuild,200,0,25159,adapted,REBUILD,true,error_up,59000
agrawal_abrupt_iid,sgd,always_rebuild,200,0,46983,dismissed,,false,error_down,0
agrawal_abrupt_iid,sgd,always_rebuild,200,1,37671,adapted,REBUILD,true,error_up,75000
agrawal_abrupt_iid,sgd,always_rebuild,200,1,37927,adapted,REBUILD,true,error_down,8192
agrawal_abrupt_iid,sgd,always_rebuild,200,2,28903,adapted,REBUILD,false,error_up,71000
agrawal_abrupt_iid,sgd,always_rebuild,200,2,29191,dismissed,,false,error_down,0
agrawal_abrupt_iid,sgd,always_rebuild,200,2,37575,adapted,REBUILD,true,error_up,53000
agrawal_abrupt_iid,sgd,always_rebuild,200,2,37895,adapted,REBUILD,true,error_down,15680
agrawal_abrupt_iid,sgd,always_rebuild,200,3,12679,adapted,REBUILD,true,error_up,79000
agrawal_abrupt_iid,sgd,always_rebuild,200,3,25127,adapted,REBUILD,true,error_up,70000
agrawal_abrupt_iid,sgd,always_rebuild,200,3,37575,dismissed,,true,error_down,0
agrawal_abrupt_iid,sgd,always_rebuild,200,4,12807,adapted,REBUILD,true,error_up,74000
agrawal_abrupt_iid,sgd,always_rebuild,200,4,25159,adapted,REBUILD,true,error_up,78000
agrawal_abrupt_iid,sgd,always_rebuild,200,4,37575,dismissed,,true,error_down,0
agrawal_abrupt_iid,sgd,always_rebuild,500,0,12839,adapted,REBUILD,true,error_up,99000
agrawal_abrupt_iid,sgd,always_rebuild,500,0,25095,adapted,REBUILD,true,error_up,77000
agrawal_abrupt_iid,sgd,always_rebuild,500,0,26919,dismissed,,false,error_down,0
agrawal_abrupt_iid,sgd,always_rebuild,500,0,37831,dismissed,,true,error_down,0
agrawal_abrupt_iid,sgd,always_rebuild,500,1,37671,adapted,REBUILD,true,error_up,61000
agrawal_abrupt_iid,sgd,always_rebuild,500,1,38311,dismissed,,true,error_down,0
agrawal_abrupt_iid,sgd,always_rebuild,500,2,28903,adapted,REBUILD,false,error_up,128000
agrawal_abrupt_iid,sgd,always_rebuild,500,2,29511,dismissed,,false,error_down,0
agrawal_abrupt_iid,sgd,always_rebuild,500,2,37575,adapted,REBUILD,true,error_up,87000
agrawal_abrupt_iid,sgd,always_rebuild,500,3,12679,adapted,REBUILD,true,error_up,36000
agrawal_abrupt_iid,sgd,always_rebuild,500,3,25255,adapted,REBUILD,true,error_up,81000
agrawal_abrupt_iid,sgd,always_rebuild,500,3,25831,dismissed,,true,error_down,0
agrawal_abrupt_iid,sgd,always_rebuild,500,3,37575,adapted,REBUILD,true,error_up,69000
agrawal_abrupt_iid,sgd,always_rebuild,500,3,38215,dismissed,,true,error_down,0
agrawal_abrupt_iid,sgd,always_rebuild,500,4,12807,adapted,REBUILD,true,error_up,115000
agrawal_abrupt_iid,sgd,always_rebuild,500,4,25095,adapted,REBUILD,true,error_up,72000
agrawal_abrupt_iid,sgd,always_rebuild,500,4,25639,dismissed,,true,error_down,0
agrawal_abrupt_iid,sgd,always_rebuild,500,4,37543,adapted,REBUILD,true,error_up,102000
agrawal_abrupt_iid,sgd,mechanism_selector,0,0,12839,adapted,REBUILD,true,error_up,84800
agrawal_abrupt_iid,sgd,mechanism_selector,0,0,25159,adapted,SKIP,true,error_down,0
agrawal_abrupt_iid,sgd,mechanism_selector,0,0,37703,adapted,REBUILD,true,error_up,38800
agrawal_abrupt_iid,sgd,mechanism_selector,0,1,37671,adapted,NUDGE,true,error_up,800
agrawal_abrupt_iid,sgd,mechanism_selector,0,2,28903,adapted,REBUILD,false,error_up,99800
agrawal_abrupt_iid,sgd,mechanism_selector,0,2,37703,adapted,SKIP,true,error_down,0
agrawal_abrupt_iid,sgd,mechanism_selector,0,3,12679,adapted,REBUILD,true,error_up,98800
agrawal_abrupt_iid,sgd,mechanism_selector,0,3,25095,adapted,NUDGE,true,error_up,800
agrawal_abrupt_iid,sgd,mechanism_selector,0,3,37927,adapted,SKIP,true,error_down,0
agrawal_abrupt_iid,sgd,mechanism_selector,0,4,12807,adapted,REBUILD,true,error_up,64800
agrawal_abrupt_iid,sgd,mechanism_selector,0,4,25159,adapted,SKIP,true,error_down,0
agrawal_abrupt_iid,sgd,mechanism_selector,0,4,37767,adapted,REBUILD,true,error_up,109800
agrawal_abrupt_iid,sgd,mechanism_selector,200,0,12839,adapted,REBUILD,true,error_up,51800
agrawal_abrupt_iid,sgd,mechanism_selector,200,0,25159,adapted,REBUILD,true,error_up,59800
agrawal_abrupt_iid,sgd,mechanism_selector,200,0,46983,dismissed,,false,error_down,0
agrawal_abrupt_iid,sgd,mechanism_selector,200,1,37671,adapted,NUDGE,true,error_up,800
agrawal_abrupt_iid,sgd,mechanism_selector,200,1,37959,dismissed,,true,error_down,0
agrawal_abrupt_iid,sgd,mechanism_selector,200,2,28903,adapted,REBUILD,false,error_up,71800
agrawal_abrupt_iid,sgd,mechanism_selector,200,2,29191,dismissed,,false,error_down,0
agrawal_abrupt_iid,sgd,mechanism_selector,200,2,37575,adapted,REBUILD,true,error_up,53800
agrawal_abrupt_iid,sgd,mechanism_selector,200,2,37895,adapted,REBUILD,true,error_down,15936
agrawal_abrupt_iid,sgd,mechanism_selector,200,3,12679,adapted,REBUILD,true,error_up,79800
agrawal_abrupt_iid,sgd,mechanism_selector,200,3,25127,adapted,REBUILD,true,error_up,70800
agrawal_abrupt_iid,sgd,mechanism_selector,200,3,37575,dismissed,,true,error_down,0
agrawal_abrupt_iid,sgd,mechanism_selector,200,4,12807,adapted,REBUILD,true,error_up,74800
agrawal_abrupt_iid,sgd,mechanism_selector,200,4,25159,adapted,REBUILD,true,error_up,78800
agrawal_abrupt_iid,sgd,mechanism_selector,200,4,37575,dismissed,,true,error_down,0
agrawal_abrupt_iid,sgd,mechanism_selector,500,0,12839,adapted,REBUILD,true,error_up,99800
agrawal_abrupt_iid,sgd,mechanism_selector,500,0,25095,adapted,NUDGE,true,error_up,800
agrawal_abrupt_iid,sgd,mechanism_selector,500,0,25639,dismissed,,true,error_down,0
agrawal_abrupt_iid,sgd,mechanism_selector,500,0,37671,adapted,NUDGE,true,error_up,800
agrawal_abrupt_iid,sgd,mechanism_selector,500,0,38247,dismissed,,true,error_down,0
agrawal_abrupt_iid,sgd,mechanism_selector,500,1,37671,adapted,NUDGE,true,error_up,800
agrawal_abrupt_iid,sgd,mechanism_selector,500,1,38215,adapted,SKIP,true,error_down,0
agrawal_abrupt_iid,sgd,mechanism_selector,500,2,28903,adapted,SKIP,false,error_up,0
agrawal_abrupt_iid,sgd,mechanism_selector,500,2,38247,dismissed,,true,error_down,0
agrawal_abrupt_iid,sgd,mechanism_selector,500,3,12679,adapted,REBUILD,true,error_up,36800
agrawal_abrupt_iid,sgd,mechanism_selector,500,3,25255,adapted,REBUILD,true,error_up,81800
agrawal_abrupt_iid,sgd,mechanism_selector,500,3,25831,dismissed,,true,error_down,0
agrawal_abrupt_iid,sgd,mechanism_selector,500,3,37575,adapted,NUDGE,true,error_up,800
agrawal_abrupt_iid,sgd,mechanism_selector,500,3,38215,dismissed,,true,error_down,0
agrawal_abrupt_iid,sgd,mechanism_selector,500,4,12807,adapted,REBUILD,true,error_up,115800
agrawal_abrupt_iid,sgd,mechanism_selector,500,4,25095,adapted,NUDGE,true,error_up,800
agrawal_abrupt_iid,sgd,mechanism_selector,500,4,25639,dismissed,,true,error_down,0
agrawal_abrupt_iid,sgd,mechanism_selector,500,4,37543,adapted,REBUILD,true,error_up,102800
agrawal_abrupt_iid,sgd,never_adapt,0,0,12839,adapted,SKIP,true,error_up,0
agrawal_abrupt_iid,sgd,never_adapt,0,0,25095,adapted,SKIP,true,error_up,0
agrawal_abrupt_iid,sgd,never_adapt,0,0,37671,adapted,SKIP,true,error_down,0
agrawal_abrupt_iid,sgd,never_adapt,0,1,37671,adapted,SKIP,true,error_up,0
agrawal_abrupt_iid,sgd,never_adapt,0,2,28903,adapted,SKIP,false,error_up,0
agrawal_abrupt_iid,sgd,never_adapt,0,2,38247,adapted,SKIP,true,error_down,0
agrawal_abrupt_iid,sgd,never_adapt,0,3,12679,adapted,SKIP,true,error_up,0
agrawal_abrupt_iid,sgd,never_adapt,0,3,25095,adapted,SKIP,true,error_up,0
agrawal_abrupt_iid,sgd,never_adapt,0,3,37575,adapted,SKIP,true,error_down,0
agrawal_abrupt_iid,sgd,never_adapt,0,4,12807,adapted,SKIP,true,error_up,0
agrawal_abrupt_iid,sgd,never_adapt,0,4,25095,adapted,SKIP,true,error_up,0
agrawal_abrupt_iid,sgd,never_adapt,0,4,37543,adapted,SKIP,true,error_down,0
agrawal_abrupt_iid,xgb,always_rebuild,0,0,12551,adapted,REBUILD,true,error_up,100000
agrawal_abrupt_iid,xgb,always_rebuild,0,0,35335,adapted,REBUILD,false,error_down,100000
agrawal_abrupt_iid,xgb,always_rebuild,0,0,37543,adapted,REBUILD,true,error_up,100000
agrawal_abrupt_iid,xgb,always_rebuild,0,1,12519,adapted,REBUILD,true,error_up,100000
agrawal_abrupt_iid,xgb,always_rebuild,0,1,29255,adapted,REBUILD,false,error_down,100000
agrawal_abrupt_iid,xgb,always_rebuild,0,1,37543,adapted,REBUILD,true,error_up,100000
agrawal_abrupt_iid,xgb,always_rebuild,0,2,12551,adapted,REBUILD,true,error_up,100000
agrawal_abrupt_iid,xgb,always_rebuild,0,2,36903,adapted,REBUILD,false,error_down,100000
agrawal_abrupt_iid,xgb,always_rebuild,0,2,37543,adapted,REBUILD,true,error_up,64000
agrawal_abrupt_iid,xgb,always_rebuild,0,3,12551,adapted,REBUILD,true,error_up,100000
agrawal_abrupt_iid,xgb,always_rebuild,0,3,39079,adapted,REBUILD,false,error_down,100000
agrawal_abrupt_iid,xgb,always_rebuild,0,4,12551,adapted,REBUILD,true,error_up,100000
agrawal_abrupt_iid,xgb,always_rebuild,0,4,32327,adapted,REBUILD,false,error_down,100000
agrawal_abrupt_iid,xgb,always_rebuild,0,4,37543,adapted,REBUILD,true,error_up,100000
agrawal_abrupt_iid,xgb,always_rebuild,200,0,12551,adapted,REBUILD,true,error_up,100000
agrawal_abrupt_iid,xgb,always_rebuild,200,0,38759,adapted,REBUILD,false,error_up,100000
agrawal_abrupt_iid,xgb,always_rebuild,200,0,39047,dismissed,,false,error_down,0
agrawal_abrupt_iid,xgb,always_rebuild,200,1,12519,adapted,REBUILD,true,error_up,100000
agrawal_abrupt_iid,xgb,always_rebuild,200,2,12551,adapted,REBUILD,true,error_up,100000
agrawal_abrupt_iid,xgb,always_rebuild,200,2,13511,dismissed,,false,error_down,0
agrawal_abrupt_iid,xgb,always_rebuild,200,2,26023,adapted,REBUILD,false,error_up,100000
agrawal_abrupt_iid,xgb,always_rebuild,200,2,26279,dismissed,,false,error_down,0
agrawal_abrupt_iid,xgb,always_rebuild,200,2,37543,adapted,REBUILD,true,error_up,100000
agrawal_abrupt_iid,xgb,always_rebuild,200,3,12551,adapted,REBUILD,true,error_up,100000
agrawal_abrupt_iid,xgb,always_rebuild,200,3,26407,dismissed,,false,error_up,0
agrawal_abrupt_iid,xgb,always_rebuild,200,4,12551,adapted,REBUILD,true,error_up,100000
agrawal_abrupt_iid,xgb,always_rebuild,200,4,26855,dismissed,,false,error_up,0
agrawal_abrupt_iid,xgb,always_rebuild,500,0,12551,adapted,REBUILD,true,error_up,100000
agrawal_abrupt_iid,xgb,always_rebuild,500,0,13351,dismissed,,true,error_down,0
agrawal_abrupt_iid,xgb,always_rebuild,500,0,25191,adapted,REBUILD,true,error_up,100000
agrawal_abrupt_iid,xgb,always_rebuild,500,0,25799,dismissed,,true,error_down,0
agrawal_abrupt_iid,xgb,always_rebuild,500,0,37607,adapted,REBUILD,true,error_up,100000
agrawal_abrupt_iid,xgb,always_rebuild,500,0,38247,dismissed,,true,error_down,0
agrawal_abrupt_iid,xgb,always_rebuild,500,1,12519,adapted,REBUILD,true,error_up,100000
agrawal_abrupt_iid,xgb,always_rebuild,500,1,13159,dismissed,,true,error_down,0
agrawal_abrupt_iid,xgb,always_rebuild,500,1,25095,adapted,REBUILD,true,error_up,100000
agrawal_abrupt_iid,xgb,always_rebuild,500,1,25703,adapted,REBUILD,true,error_down,60800
agrawal_abrupt_iid,xgb,always_rebuild,500,1,26407,dismissed,,false,error_down,0
agrawal_abrupt_iid,xgb,always_rebuild,500,1,37543,adapted,REBUILD,true,error_up,100000
agrawal_abrupt_iid,xgb,always_rebuild,500,1,38215,dismissed,,true,error_down,0
agrawal_abrupt_iid,xgb,always_rebuild,500,2,12551,adapted,REBUILD,true,error_up,100000
agrawal_abrupt_iid,xgb,always_rebuild,500,2,13191,dismissed,,true,error_down,0
agrawal_abrupt_iid,xgb,always_rebuild,500,2,25063,adapted,REBUILD,true,error_up,100000
agrawal_abrupt_iid,xgb,always_rebuild,500,2,25735,dismissed,,true,error_down,0
agrawal_abrupt_iid,xgb,always_rebuild,500,2,37639,adapted,REBUILD,true,error_up,100000
agrawal_abrupt_iid,xgb,always_rebuild,500,2,38215,dismissed,,true,error_down,0
agrawal_abrupt_iid,xgb,always_rebuild,500,3,12551,adapted,REBUILD,true,error_up,100000
agrawal_abrupt_iid,xgb,always_rebuild,500,3,13159,adapted,REBUILD,true,error_down,60800
agrawal_abrupt_iid,xgb,always_rebuild,500,3,13799,dismissed,,false,error_down,0
agrawal_abrupt_iid,xgb,always_rebuild,500,3,25031,adapted,REBUILD,true,error_up,100000
agrawal_abrupt_iid,xgb,always_rebuild,500,3,25671,adapted,REBUILD,true,error_down,64000
agrawal_abrupt_iid,xgb,always_rebuild,500,3,26471,dismissed,,false,error_down,0
agrawal_abrupt_iid,xgb,always_rebuild,500,3,37543,adapted,REBUILD,true,error_up,100000
agrawal_abrupt_iid,xgb,always_rebuild,500,3,38151,dismissed,,true,error_down,0
agrawal_abrupt_iid,xgb,always_rebuild,500,4,12551,adapted,REBUILD,true,error_up,100000
agrawal_abrupt_iid,xgb,always_rebuild,500,4,13159,adapted,REBUILD,true,error_down,60800
agrawal_abrupt_iid,xgb,always_rebuild,500,4,13863,dismissed,,false,error_down,0
agrawal_abrupt_iid,xgb,always_rebuild,500,4,25031,adapted,REBUILD,true,error_up,100000
agrawal_abrupt_iid,xgb,always_rebuild,500,4,25703,dismissed,,true,error_down,0
agrawal_abrupt_iid,xgb,always_rebuild,500,4,37607,adapted,REBUILD,true,error_up,100000
agrawal_abrupt_iid,xgb,always_rebuild,500,4,38183,adapted,REBUILD,true,error_down,57600
agrawal_abrupt_iid,xgb,always_rebuild,500,4,38887,adapted,REBUILD,false,error_down,70400
agrawal_abrupt_iid,xgb,mechanism_selector,0,0,12551,adapted,REBUILD,true,error_up,104000
agrawal_abrupt_iid,xgb,mechanism_selector,0,0,35335,adapted,SKIP,false,error_down,0
agrawal_abrupt_iid,xgb,mechanism_selector,0,1,12519,adapted,REBUILD,true,error_up,104000
agrawal_abrupt_iid,xgb,mechanism_selector,0,1,29255,adapted,SKIP,false,error_down,0
agrawal_abrupt_iid,xgb,mechanism_selector,0,2,12551,adapted,REBUILD,true,error_up,104000
agrawal_abrupt_iid,xgb,mechanism_selector,0,2,36903,adapted,SKIP,false,error_down,0
agrawal_abrupt_iid,xgb,mechanism_selector,0,3,12551,adapted,REBUILD,true,error_up,104000
agrawal_abrupt_iid,xgb,mechanism_selector,0,3,39079,adapted,SKIP,false,error_down,0
agrawal_abrupt_iid,xgb,mechanism_selector,0,4,12551,adapted,REBUILD,true,error_up,104000
agrawal_abrupt_iid,xgb,mechanism_selector,0,4,32327,adapted,SKIP,false,error_down,0
agrawal_abrupt_iid,xgb,mechanism_selector,200,0,12551,adapted,REBUILD,true,error_up,104000
agrawal_abrupt_iid,xgb,mechanism_selector,200,0,38759,adapted,NUDGE,false,error_up,4000
agrawal_abrupt_iid,xgb,mechanism_selector,200,0,39079,dismissed,,false,error_down,0
agrawal_abrupt_iid,xgb,mechanism_selector,200,1,12519,adapted,REBUILD,true,error_up,104000
agrawal_abrupt_iid,xgb,mechanism_selector,200,2,12551,adapted,REBUILD,true,error_up,104000
agrawal_abrupt_iid,xgb,mechanism_selector,200,2,13511,dismissed,,false,error_down,0
agrawal_abrupt_iid,xgb,mechanism_selector,200,2,26023,adapted,NUDGE,false,error_up,4000
agrawal_abrupt_iid,xgb,mechanism_selector,200,2,26311,adapted,SKIP,false,error_down,0
agrawal_abrupt_iid,xgb,mechanism_selector,200,2,37575,adapted,REBUILD,true,error_up,104000
agrawal_abrupt_iid,xgb,mechanism_selector,200,3,12551,adapted,REBUILD,true,error_up,104000
agrawal_abrupt_iid,xgb,mechanism_selector,200,3,26407,dismissed,,false,error_up,0
agrawal_abrupt_iid,xgb,mechanism_selector,200,4,12551,adapted,REBUILD,true,error_up,104000
agrawal_abrupt_iid,xgb,mechanism_selector,200,4,26855,dismissed,,false,error_up,0
agrawal_abrupt_iid,xgb,mechanism_selector,500,0,12551,adapted,REBUILD,true,error_up,104000
agrawal_abrupt_iid,xgb,mechanism_selector,500,0,13351,dismissed,,true,error_down,0
agrawal_abrupt_iid,xgb,mechanism_selector,500,0,25191,adapted,NUDGE,true,error_up,4000
agrawal_abrupt_iid,xgb,mechanism_selector,500,0,26695,dismissed,,false,error_down,0
agrawal_abrupt_iid,xgb,mechanism_selector,500,0,37799,adapted,NUDGE,true,error_up,4000
agrawal_abrupt_iid,xgb,mechanism_selector,500,0,38439,dismissed,,true,error_down,0
agrawal_abrupt_iid,xgb,mechanism_selector,500,1,12519,adapted,REBUILD,true,error_up,104000
agrawal_abrupt_iid,xgb,mechanism_selector,500,1,13159,dismissed,,true,error_down,0
agrawal_abrupt_iid,xgb,mechanism_selector,500,1,25095,adapted,REBUILD,true,error_up,104000
agrawal_abrupt_iid,xgb,mechanism_selector,500,1,25703,adapted,NUDGE,true,error_down,2430
agrawal_abrupt_iid,xgb,mechanism_selector,500,1,27399,dismissed,,false,error_down,0
agrawal_abrupt_iid,xgb,mechanism_selector,500,1,37543,adapted,REBUILD,true,error_up,104000
agrawal_abrupt_iid,xgb,mechanism_selector,500,1,38183,dismissed,,true,error_down,0
agrawal_abrupt_iid,xgb,mechanism_selector,500,2,12551,adapted,REBUILD,true,error_up,104000
agrawal_abrupt_iid,xgb,mechanism_selector,500,2,13191,dismissed,,true,error_down,0
agrawal_abrupt_iid,xgb,mechanism_selector,500,2,25063,adapted,REBUILD,true,error_up,104000
agrawal_abrupt_iid,xgb,mechanism_selector,500,2,25735,dismissed,,true,error_down,0
agrawal_abrupt_iid,xgb,mechanism_selector,500,2,37639,adapted,REBUILD,true,error_up,104000
agrawal_abrupt_iid,xgb,mechanism_selector,500,2,38215,dismissed,,true,error_down,0
agrawal_abrupt_iid,xgb,mechanism_selector,500,3,12551,adapted,REBUILD,true,error_up,104000
agrawal_abrupt_iid,xgb,mechanism_selector,500,3,13159,adapted,NUDGE,true,error_down,2430
agrawal_abrupt_iid,xgb,mechanism_selector,500,3,13831,adapted,NUDGE,false,error_down,2685
agrawal_abrupt_iid,xgb,mechanism_selector,500,3,25031,adapted,REBUILD,true,error_up,104000
agrawal_abrupt_iid,xgb,mechanism_selector,500,3,25671,adapted,NUDGE,true,error_down,2560
agrawal_abrupt_iid,xgb,mechanism_selector,500,3,37543,adapted,REBUILD,true,error_up,104000
agrawal_abrupt_iid,xgb,mechanism_selector,500,3,38151,dismissed,,true,error_down,0
agrawal_abrupt_iid,xgb,mechanism_selector,500,4,12551,adapted,REBUILD,true,error_up,104000
agrawal_abrupt_iid,xgb,mechanism_selector,500,4,13159,adapted,NUDGE,true,error_down,2430
agrawal_abrupt_iid,xgb,mechanism_selector,500,4,13863,adapted,NUDGE,false,error_down,2815
agrawal_abrupt_iid,xgb,mechanism_selector,500,4,25031,adapted,REBUILD,true,error_up,104000
agrawal_abrupt_iid,xgb,mechanism_selector,500,4,25703,dismissed,,true,error_down,0
agrawal_abrupt_iid,xgb,mechanism_selector,500,4,37607,adapted,REBUILD,true,error_up,104000
agrawal_abrupt_iid,xgb,mechanism_selector,500,4,38183,adapted,NUDGE,true,error_down,2300
agrawal_abrupt_iid,xgb,mechanism_selector,500,4,39495,adapted,REBUILD,false,error_down,104000
agrawal_abrupt_iid,xgb,mechanism_selector,500,4,42279,dismissed,,false,error_down,0
agrawal_abrupt_iid,xgb,never_adapt,0,0,12551,adapted,SKIP,true,error_up,0
agrawal_abrupt_iid,xgb,never_adapt,0,0,29095,adapted,SKIP,false,error_down,0
agrawal_abrupt_iid,xgb,never_adapt,0,1,12519,adapted,SKIP,true,error_up,0
agrawal_abrupt_iid,xgb,never_adapt,0,1,29351,adapted,SKIP,false,error_down,0
agrawal_abrupt_iid,xgb,never_adapt,0,2,12551,adapted,SKIP,true,error_up,0
agrawal_abrupt_iid,xgb,never_adapt,0,2,17959,adapted,SKIP,false,error_down,0
agrawal_abrupt_iid,xgb,never_adapt,0,2,28263,adapted,SKIP,false,error_down,0
agrawal_abrupt_iid,xgb,never_adapt,0,3,12551,adapted,SKIP,true,error_up,0
agrawal_abrupt_iid,xgb,never_adapt,0,3,33255,adapted,SKIP,false,error_down,0
agrawal_abrupt_iid,xgb,never_adapt,0,4,12551,adapted,SKIP,true,error_up,0
agrawal_abrupt_iid,xgb,never_adapt,0,4,31367,adapted,SKIP,false,error_down,0
agrawal_abrupt_sticky,gnb,always_rebuild,0,0,7847,adapted,REBUILD,false,error_down,1000
agrawal_abrupt_sticky,gnb,always_rebuild,0,0,8775,adapted,REBUILD,false,error_down,928
agrawal_abrupt_sticky,gnb,always_rebuild,0,0,12583,adapted,REBUILD,true,error_up,1000
agrawal_abrupt_sticky,gnb,always_rebuild,0,0,12967,adapted,REBUILD,true,error_up,384
agrawal_abrupt_sticky,gnb,always_rebuild,0,0,25159,adapted,REBUILD,true,error_up,1000
agrawal_abrupt_sticky,gnb,always_rebuild,0,0,37575,adapted,REBUILD,true,error_up,1000
agrawal_abrupt_sticky,gnb,always_rebuild,0,0,38119,adapted,REBUILD,true,error_up,544
agrawal_abrupt_sticky,gnb,always_rebuild,0,1,5319,adapted,REBUILD,false,error_up,320
agrawal_abrupt_sticky,gnb,always_rebuild,0,1,5863,adapted,REBUILD,false,error_up,544
agrawal_abrupt_sticky,gnb,always_rebuild,0,1,6215,adapted,REBUILD,false,error_up,352
agrawal_abrupt_sticky,gnb,always_rebuild,0,1,6471,adapted,REBUILD,false,error_up,256
agrawal_abrupt_sticky,gnb,always_rebuild,0,1,12551,adapted,REBUILD,true,error_up,1000
agrawal_abrupt_sticky,gnb,always_rebuild,0,1,13127,adapted,REBUILD,true,error_down,576
agrawal_abrupt_sticky,gnb,always_rebuild,0,1,13287,adapted,REBUILD,true,error_up,160
agrawal_abrupt_sticky,gnb,always_rebuild,0,1,15687,adapted,REBUILD,false,error_up,1000
agrawal_abrupt_sticky,gnb,always_rebuild,0,1,16391,adapted,REBUILD,false,error_down,704
agrawal_abrupt_sticky,gnb,always_rebuild,0,1,19559,adapted,REBUILD,false,error_up,1000
agrawal_abrupt_sticky,gnb,always_rebuild,0,1,21991,adapted,REBUILD,false,error_down,1000
agrawal_abrupt_sticky,gnb,always_rebuild,0,1,22407,adapted,REBUILD,false,error_up,416
agrawal_abrupt_sticky,gnb,always_rebuild,0,1,26279,adapted,REBUILD,false,error_down,1000
agrawal_abrupt_sticky,gnb,always_rebuild,0,1,26727,adapted,REBUILD,false,error_up,448
agrawal_abrupt_sticky,gnb,always_rebuild,0,1,27015,adapted,REBUILD,false,error_up,288
agrawal_abrupt_sticky,gnb,always_rebuild,0,1,27303,adapted,REBUILD,false,error_up,288
agrawal_abrupt_sticky,gnb,always_rebuild,0,1,27655,adapted,REBUILD,false,error_up,352
agrawal_abrupt_sticky,gnb,always_rebuild,0,1,28103,adapted,REBUILD,false,error_down,448
agrawal_abrupt_sticky,gnb,always_rebuild,0,1,28871,adapted,REBUILD,false,error_up,768
agrawal_abrupt_sticky,gnb,always_rebuild,0,1,30087,adapted,REBUILD,false,error_down,1000
agrawal_abrupt_sticky,gnb,always_rebuild,0,1,30215,adapted,REBUILD,false,error_down,128
agrawal_abrupt_sticky,gnb,always_rebuild,0,1,31751,adapted,REBUILD,false,error_up,1000
agrawal_abrupt_sticky,gnb,always_rebuild,0,1,32487,adapted,REBUILD,false,error_down,736
agrawal_abrupt_sticky,gnb,always_rebuild,0,1,34663,adapted,REBUILD,false,error_up,1000
agrawal_abrupt_sticky,gnb,always_rebuild,0,1,34727,adapted,REBUILD,false,error_down,100
agrawal_abrupt_sticky,gnb,always_rebuild,0,1,36967,adapted,REBUILD,false,error_up,1000
agrawal_abrupt_sticky,gnb,always_rebuild,0,1,37543,adapted,REBUILD,true,error_up,576
agrawal_abrupt_sticky,gnb,always_rebuild,0,1,38407,adapted,REBUILD,true,error_down,864
agrawal_abrupt_sticky,gnb,always_rebuild,0,2,5607,adapted,REBUILD,false,error_up,608
agrawal_abrupt_sticky,gnb,always_rebuild,0,2,7239,adapted,REBUILD,false,error_up,1000
agrawal_abrupt_sticky,gnb,always_rebuild,0,2,12551,adapted,REBUILD,true,error_up,1000
agrawal_abrupt_sticky,gnb,always_rebuild,0,2,36199,adapted,REBUILD,false,error_down,1000
agrawal_abrupt_sticky,gnb,always_rebuild,0,2,36839,adapted,REBUILD,false,error_down,640
agrawal_abrupt_sticky,gnb,always_rebuild,0,2,37511,adapted,REBUILD,true,error_up,672
agrawal_abrupt_sticky,gnb,always_rebuild,0,2,37831,adapted,REBUILD,true,error_down,320
agrawal_abrupt_sticky,gnb,always_rebuild,0,3,5319,adapted,REBUILD,false,error_down,320
agrawal_abrupt_sticky,gnb,always_rebuild,0,3,7303,adapted,REBUILD,false,error_up,1000
agrawal_abrupt_sticky,gnb,always_rebuild,0,3,12551,adapted,REBUILD,true,error_up,1000
agrawal_abrupt_sticky,gnb,always_rebuild,0,3,25575,adapted,REBUILD,true,error_up,1000
agrawal_abrupt_sticky,gnb,always_rebuild,0,3,26215,adapted,REBUILD,false,error_up,640
agrawal_abrupt_sticky,gnb,always_rebuild,0,3,26919,adapted,REBUILD,false,error_down,704
agrawal_abrupt_sticky,gnb,always_rebuild,0,3,28775,adapted,REBUILD,false,error_up,1000
agrawal_abrupt_sticky,gnb,always_rebuild,0,3,29159,adapted,REBUILD,false,error_up,384
agrawal_abrupt_sticky,gnb,always_rebuild,0,3,30247,adapted,REBUILD,false,error_up,1000
agrawal_abrupt_sticky,gnb,always_rebuild,0,3,30631,adapted,REBUILD,false,error_down,384
agrawal_abrupt_sticky,gnb,always_rebuild,0,3,31463,adapted,REBUILD,false,error_up,832
agrawal_abrupt_sticky,gnb,always_rebuild,0,3,31815,adapted,REBUILD,false,error_up,352
agrawal_abrupt_sticky,gnb,always_rebuild,0,3,32199,adapted,REBUILD,false,error_up,384
agrawal_abrupt_sticky,gnb,always_rebuild,0,3,33255,adapted,REBUILD,false,error_down,1000
agrawal_abrupt_sticky,gnb,always_rebuild,0,3,33543,adapted,REBUILD,false,error_up,288
agrawal_abrupt_sticky,gnb,always_rebuild,0,3,33799,adapted,REBUILD,false,error_up,256
agrawal_abrupt_sticky,gnb,always_rebuild,0,3,34215,adapted,REBUILD,false,error_down,416
agrawal_abrupt_sticky,gnb,always_rebuild,0,3,34887,adapted,REBUILD,false,error_up,672
agrawal_abrupt_sticky,gnb,always_rebuild,0,3,35111,adapted,REBUILD,false,error_down,224
agrawal_abrupt_sticky,gnb,always_rebuild,0,3,36135,adapted,REBUILD,false,error_up,1000
agrawal_abrupt_sticky,gnb,always_rebuild,0,3,36711,adapted,REBUILD,false,error_up,576
agrawal_abrupt_sticky,gnb,always_rebuild,0,3,37447,adapted,REBUILD,false,error_down,736
agrawal_abrupt_sticky,gnb,always_rebuild,0,3,38279,adapted,REBUILD,true,error_up,832
agrawal_abrupt_sticky,gnb,always_rebuild,0,4,12519,adapted,REBUILD,true,error_up,1000
agrawal_abrupt_sticky,gnb,always_rebuild,0,4,13159,adapted,REBUILD,true,error_down,640
agrawal_abrupt_sticky,gnb,always_rebuild,0,4,38631,adapted,REBUILD,false,error_up,1000
agrawal_abrupt_sticky,gnb,always_rebuild,200,0,7847,dismissed,,false,error_down,0
agrawal_abrupt_sticky,gnb,always_rebuild,200,0,12615,adapted,REBUILD,true,error_up,1000
agrawal_abrupt_sticky,gnb,always_rebuild,200,0,12999,dismissed,,true,error_up,0
agrawal_abrupt_sticky,gnb,always_rebuild,200,0,13287,adapted,REBUILD,true,error_up,672
agrawal_abrupt_sticky,gnb,always_rebuild,200,0,13991,adapted,REBUILD,false,error_down,704
agrawal_abrupt_sticky,gnb,always_rebuild,200,0,19271,dismissed,,false,error_down,0
agrawal_abrupt_sticky,gnb,always_rebuild,200,0,19719,adapted,REBUILD,false,error_up,1000
agrawal_abrupt_sticky,gnb,always_rebuild,200,0,33735,adapted,REBUILD,false,error_up,1000
agrawal_abrupt_sticky,gnb,always_rebuild,200,0,33991,adapted,REBUILD,false,error_down,256
agrawal_abrupt_sticky,gnb,always_rebuild,200,0,34727,dismissed,,false,error_down,0
agrawal_abrupt_sticky,gnb,always_rebuild,200,0,35687,dismissed,,false,error_up,0
agrawal_abrupt_sticky,gnb,always_rebuild,200,0,36039,dismissed,,false,error_up,0
agrawal_abrupt_sticky,gnb,always_rebuild,200,0,37415,adapted,REBUILD,false,error_up,1000
agrawal_abrupt_sticky,gnb,always_rebuild,200,0,38119,adapted,REBUILD,true,error_up,704
agrawal_abrupt_sticky,gnb,always_rebuild,200,0,38343,dismissed,,true,error_down,0
agrawal_abrupt_sticky,gnb,always_rebuild,200,1,5319,dismissed,,false,error_up,0
agrawal_abrupt_sticky,gnb,always_rebuild,200,1,5863,dismissed,,false,error_up,0
agrawal_abrupt_sticky,gnb,always_rebuild,200,1,6183,adapted,REBUILD,false,error_up,1000
agrawal_abrupt_sticky,gnb,always_rebuild,200,1,6535,dismissed,,false,error_down,0
agrawal_abrupt_sticky,gnb,always_rebuild,200,1,7079,dismissed,,false,error_up,0
agrawal_abrupt_sticky,gnb,always_rebuild,200,1,7335,dismissed,,false,error_down,0
agrawal_abrupt_sticky,gnb,always_rebuild,200,1,7815,dismissed,,false,error_up,0
agrawal_abrupt_sticky,gnb,always_rebuild,200,1,8263,dismissed,,false,error_up,0
agrawal_abrupt_sticky,gnb,always_rebuild,200,1,8839,adapted,REBUILD,false,error_up,1000
agrawal_abrupt_sticky,gnb,always_rebuild,200,1,9095,adapted,REBUILD,false,error_down,256
agrawal_abrupt_sticky,gnb,always_rebuild,200,1,9767,adapted,REBUILD,false,error_up,672
agrawal_abrupt_sticky,gnb,always_rebuild,200,1,10311,adapted,REBUILD,false,error_up,544
agrawal_abrupt_sticky,gnb,always_rebuild,200,1,11431,dismissed,,false,error_down,0
agrawal_abrupt_sticky,gnb,always_rebuild,200,1,12583,adapted,REBUILD,true,error_up,1000
agrawal_abrupt_sticky,gnb,always_rebuild,200,1,13095,adapted,REBUILD,true,error_down,512
agrawal_abrupt_sticky,gnb,always_rebuild,200,1,25223,adapted,REBUILD,true,error_up,1000
agrawal_abrupt_sticky,gnb,always_rebuild,200,1,25511,dismissed,,true,error_down,0
agrawal_abrupt_sticky,gnb,always_rebuild,200,1,34695,dismissed,,false,error_up,0
agrawal_abrupt_sticky,gnb,always_rebuild,200,1,37543,adapted,REBUILD,true,error_up,1000
agrawal_abrupt_sticky,gnb,always_rebuild,200,1,38407,adapted,REBUILD,true,error_down,864
agrawal_abrupt_sticky,gnb,always_rebuild,200,1,38695,dismissed,,false,error_down,0
agrawal_abrupt_sticky,gnb,always_rebuild,200,2,5607,dismissed,,false,error_up,0
agrawal_abrupt_sticky,gnb,always_rebuild,200,2,6535,dismissed,,false,error_up,0
agrawal_abrupt_sticky,gnb,always_rebuild,200,2,6919,adapted,REBUILD,false,error_up,1000
agrawal_abrupt_sticky,gnb,always_rebuild,200,2,8071,dismissed,,false,error_down,0
agrawal_abrupt_sticky,gnb,always_rebuild,200,2,11623,dismissed,,false,error_up,0
agrawal_abrupt_sticky,gnb,always_rebuild,200,2,12391,adapted,REBUILD,false,error_down,1000
agrawal_abrupt_sticky,gnb,always_rebuild,200,2,34503,adapted,REBUILD,false,error_up,1000
agrawal_abrupt_sticky,gnb,always_rebuild,200,2,34759,dismissed,,false,error_down,0
agrawal_abrupt_sticky,gnb,always_rebuild,200,2,35015,adapted,REBUILD,false,error_up,512
agrawal_abrupt_sticky,gnb,always_rebuild,200,2,35399,dismissed,,false,error_up,0
agrawal_abrupt_sticky,gnb,always_rebuild,200,2,36167,dismissed,,false,error_up,0
agrawal_abrupt_sticky,gnb,always_rebuild,200,2,37351,dismissed,,false,error_up,0
agrawal_abrupt_sticky,gnb,always_rebuild,200,2,37639,adapted,REBUILD,true,error_up,1000
agrawal_abrupt_sticky,gnb,always_rebuild,200,2,38215,adapted,REBUILD,true,error_up,576
agrawal_abrupt_sticky,gnb,always_rebuild,200,2,38503,dismissed,,false,error_down,0
agrawal_abrupt_sticky,gnb,always_rebuild,200,3,5319,adapted,REBUILD,false,error_down,520
agrawal_abrupt_sticky,gnb,always_rebuild,200,3,5607,dismissed,,false,error_down,0
agrawal_abrupt_sticky,gnb,always_rebuild,200,3,7207,adapted,REBUILD,false,error_up,1000
agrawal_abrupt_sticky,gnb,always_rebuild,200,3,12551,adapted,REBUILD,true,error_up,1000
agrawal_abrupt_sticky,gnb,always_rebuild,200,3,15047,dismissed,,false,error_down,0
agrawal_abrupt_sticky,gnb,always_rebuild,200,3,15431,dismissed,,false,error_down,0
agrawal_abrupt_sticky,gnb,always_rebuild,200,3,16071,dismissed,,false,error_up,0
agrawal_abrupt_sticky,gnb,always_rebuild,200,3,17895,dismissed,,false,error_up,0
agrawal_abrupt_sticky,gnb,always_rebuild,200,3,19847,dismissed,,false,error_down,0
agrawal_abrupt_sticky,gnb,always_rebuild,200,3,20295,dismissed,,false,error_up,0
agrawal_abrupt_sticky,gnb,always_rebuild,200,3,21447,dismissed,,false,error_down,0
agrawal_abrupt_sticky,gnb,always_rebuild,200,3,22215,dismissed,,false,error_down,0
agrawal_abrupt_sticky,gnb,always_rebuild,200,3,22951,adapted,REBUILD,false,error_down,1000
agrawal_abrupt_sticky,gnb,always_rebuild,200,3,23207,adapted,REBUILD,false,error_down,256
agrawal_abrupt_sticky,gnb,always_rebuild,200,3,23591,dismissed,,false,error_up,0
agrawal_abrupt_sticky,gnb,always_rebuild,200,3,24711,dismissed,,false,error_up,0
agrawal_abrupt_sticky,gnb,always_rebuild,200,3,25095,adapted,REBUILD,true,error_up,1000
agrawal_abrupt_sticky,gnb,always_rebuild,200,3,25351,dismissed,,true,error_down,0
agrawal_abrupt_sticky,gnb,always_rebuild,200,3,37575,adapted,REBUILD,true,error_up,1000
agrawal_abrupt_sticky,gnb,always_rebuild,200,3,38279,adapted,REBUILD,true,error_up,704
agrawal_abrupt_sticky,gnb,always_rebuild,200,4,12519,adapted,REBUILD,true,error_up,1000
agrawal_abrupt_sticky,gnb,always_rebuild,200,4,13159,dismissed,,true,error_down,0
agrawal_abrupt_sticky,gnb,always_rebuild,200,4,13447,dismissed,,true,error_up,0
agrawal_abrupt_sticky,gnb,always_rebuild,200,4,15303,adapted,REBUILD,false,error_up,1000
agrawal_abrupt_sticky,gnb,always_rebuild,200,4,16711,dismissed,,false,error_down,0
agrawal_abrupt_sticky,gnb,always_rebuild,200,4,26727,dismissed,,false,error_down,0
agrawal_abrupt_sticky,gnb,always_rebuild,200,4,38247,dismissed,,true,error_up,0
agrawal_abrupt_sticky,gnb,always_rebuild,500,0,7847,dismissed,,false,error_down,0
agrawal_abrupt_sticky,gnb,always_rebuild,500,0,12615,adapted,REBUILD,true,error_up,1000
agrawal_abrupt_sticky,gnb,always_rebuild,500,0,13319,dismissed,,true,error_up,0
agrawal_abrupt_sticky,gnb,always_rebuild,500,0,14183,adapted,REBUILD,false,error_down,1000
agrawal_abrupt_sticky,gnb,always_rebuild,500,0,37767,adapted,REBUILD,true,error_up,1000
agrawal_abrupt_sticky,gnb,always_rebuild,500,0,38343,dismissed,,true,error_down,0
agrawal_abrupt_sticky,gnb,always_rebuild,500,1,5319,dismissed,,false,error_up,0
agrawal_abrupt_sticky,gnb,always_rebuild,500,1,5863,dismissed,,false,error_up,0
agrawal_abrupt_sticky,gnb,always_rebuild,500,1,6535,dismissed,,false,error_down,0
agrawal_abrupt_sticky,gnb,always_rebuild,500,1,7079,dismissed,,false,error_up,0
agrawal_abrupt_sticky,gnb,always_rebuild,500,1,7783,adapted,REBUILD,false,error_down,1000
agrawal_abrupt_sticky,gnb,always_rebuild,500,1,8391,adapted,REBUILD,false,error_down,608
agrawal_abrupt_sticky,gnb,always_rebuild,500,1,8967,dismissed,,false,error_up,0
agrawal_abrupt_sticky,gnb,always_rebuild,500,1,9767,adapted,REBUILD,false,error_up,1000
agrawal_abrupt_sticky,gnb,always_rebuild,500,1,12647,adapted,REBUILD,true,error_up,1000
agrawal_abrupt_sticky,gnb,always_rebuild,500,1,13159,dismissed,,true,error_down,0
agrawal_abrupt_sticky,gnb,always_rebuild,500,1,13735,dismissed,,false,error_down,0
agrawal_abrupt_sticky,gnb,always_rebuild,500,1,14567,dismissed,,false,error_down,0
agrawal_abrupt_sticky,gnb,always_rebuild,500,1,15879,dismissed,,false,error_up,0
agrawal_abrupt_sticky,gnb,always_rebuild,500,1,16583,dismissed,,false,error_up,0
agrawal_abrupt_sticky,gnb,always_rebuild,500,1,17255,dismissed,,false,error_up,0
agrawal_abrupt_sticky,gnb,always_rebuild,500,1,18087,dismissed,,false,error_up,0
agrawal_abrupt_sticky,gnb,always_rebuild,500,1,19175,dismissed,,false,error_up,0
agrawal_abrupt_sticky,gnb,always_rebuild,500,1,20967,dismissed,,false,error_down,0
agrawal_abrupt_sticky,gnb,always_rebuild,500,1,21767,dismissed,,false,error_down,0
agrawal_abrupt_sticky,gnb,always_rebuild,500,1,22439,dismissed,,false,error_up,0
agrawal_abrupt_sticky,gnb,always_rebuild,500,1,23463,dismissed,,false,error_down,0
agrawal_abrupt_sticky,gnb,always_rebuild,500,1,23975,dismissed,,false,error_down,0
agrawal_abrupt_sticky,gnb,always_rebuild,500,1,24615,dismissed,,false,error_down,0
agrawal_abrupt_sticky,gnb,always_rebuild,500,1,25415,adapted,REBUILD,true,error_down,1000
agrawal_abrupt_sticky,gnb,always_rebuild,500,1,25959,dismissed,,true,error_down,0
agrawal_abrupt_sticky,gnb,always_rebuild,500,1,26919,dismissed,,false,error_down,0
agrawal_abrupt_sticky,gnb,always_rebuild,500,1,27655,dismissed,,false,error_up,0
agrawal_abrupt_sticky,gnb,always_rebuild,500,1,28871,dismissed,,false,error_up,0
agrawal_abrupt_sticky,gnb,always_rebuild,500,1,30087,dismissed,,false,error_down,0
agrawal_abrupt_sticky,gnb,always_rebuild,500,1,30791,dismissed,,false,error_up,0
agrawal_abrupt_sticky,gnb,always_rebuild,500,1,31751,dismissed,,false,error_up,0
agrawal_abrupt_sticky,gnb,always_rebuild,500,1,32583,dismissed,,false,error_up,0
agrawal_abrupt_sticky,gnb,always_rebuild,500,1,33575,dismissed,,false,error_up,0
agrawal_abrupt_sticky,gnb,always_rebuild,500,1,34535,dismissed,,false,error_up,0
agrawal_abrupt_sticky,gnb,always_rebuild,500,1,35175,dismissed,,false,error_up,0
agrawal_abrupt_sticky,gnb,always_rebuild,500,1,35751,dismissed,,false,error_up,0
agrawal_abrupt_sticky,gnb,always_rebuild,500,1,36295,dismissed,,false,error_up,0
agrawal_abrupt_sticky,gnb,always_rebuild,500,1,36935,adapted,REBUILD,false,error_up,1000
agrawal_abrupt_sticky,gnb,always_rebuild,500,1,37543,adapted,REBUILD,true,error_up,608
agrawal_abrupt_sticky,gnb,always_rebuild,500,1,38087,dismissed,,true,error_down,0
agrawal_abrupt_sticky,gnb,always_rebuild,500,2,5607,dismissed,,false,error_up,0
agrawal_abrupt_sticky,gnb,always_rebuild,500,2,6535,dismissed,,false,error_up,0
agrawal_abrupt_sticky,gnb,always_rebuild,500,2,7143,adapted,REBUILD,false,error_up,1000
agrawal_abrupt_sticky,gnb,always_rebuild,500,2,12551,adapted,REBUILD,true,error_up,1000
agrawal_abrupt_sticky,gnb,always_rebuild,500,2,13287,adapted,REBUILD,true,error_down,736
agrawal_abrupt_sticky,gnb,always_rebuild,500,2,34023,dismissed,,false,error_down,0
agrawal_abrupt_sticky,gnb,always_rebuild,500,2,39015,adapted,REBUILD,false,error_up,1000
agrawal_abrupt_sticky,gnb,always_rebuild,500,2,39591,adapted,REBUILD,false,error_down,576
agrawal_abrupt_sticky,gnb,always_rebuild,500,3,5319,dismissed,,false,error_down,0
agrawal_abrupt_sticky,gnb,always_rebuild,500,3,6343,adapted,REBUILD,false,error_up,1000
agrawal_abrupt_sticky,gnb,always_rebuild,500,3,7847,dismissed,,false,error_down,0
agrawal_abrupt_sticky,gnb,always_rebuild,500,3,12583,adapted,REBUILD,true,error_up,1000
agrawal_abrupt_sticky,gnb,always_rebuild,500,3,14919,dismissed,,false,error_down,0
agrawal_abrupt_sticky,gnb,always_rebuild,500,3,17895,dismissed,,false,error_up,0
agrawal_abrupt_sticky,gnb,always_rebuild,500,3,19975,adapted,REBUILD,false,error_down,1000
agrawal_abrupt_sticky,gnb,always_rebuild,500,3,21511,dismissed,,false,error_down,0
agrawal_abrupt_sticky,gnb,always_rebuild,500,3,25095,adapted,REBUILD,true,error_up,1000
agrawal_abrupt_sticky,gnb,always_rebuild,500,3,25671,dismissed,,true,error_down,0
agrawal_abrupt_sticky,gnb,always_rebuild,500,3,26215,dismissed,,false,error_up,0
agrawal_abrupt_sticky,gnb,always_rebuild,500,3,26855,dismissed,,false,error_down,0
agrawal_abrupt_sticky,gnb,always_rebuild,500,3,28775,dismissed,,false,error_up,0
agrawal_abrupt_sticky,gnb,always_rebuild,500,3,29543,dismissed,,false,error_up,0
agrawal_abrupt_sticky,gnb,always_rebuild,500,3,30055,dismissed,,false,error_up,0
agrawal_abrupt_sticky,gnb,always_rebuild,500,3,30631,dismissed,,false,error_down,0
agrawal_abrupt_sticky,gnb,always_rebuild,500,3,31175,dismissed,,false,error_down,0
agrawal_abrupt_sticky,gnb,always_rebuild,500,3,31719,dismissed,,false,error_up,0
agrawal_abrupt_sticky,gnb,always_rebuild,500,3,33255,dismissed,,false,error_down,0
agrawal_abrupt_sticky,gnb,always_rebuild,500,3,33799,dismissed,,false,error_up,0
agrawal_abrupt_sticky,gnb,always_rebuild,500,3,34631,dismissed,,false,error_up,0
agrawal_abrupt_sticky,gnb,always_rebuild,500,3,36135,dismissed,,false,error_up,0
agrawal_abrupt_sticky,gnb,always_rebuild,500,3,36711,dismissed,,false,error_up,0
agrawal_abrupt_sticky,gnb,always_rebuild,500,3,37447,dismissed,,false,error_down,0
agrawal_abrupt_sticky,gnb,always_rebuild,500,3,38279,adapted,REBUILD,true,error_up,1000
agrawal_abrupt_sticky,gnb,always_rebuild,500,3,38855,dismissed,,false,error_down,0
agrawal_abrupt_sticky,gnb,always_rebuild,500,4,12519,adapted,REBUILD,true,error_up,1000
agrawal_abrupt_sticky,gnb,always_rebuild,500,4,13159,adapted,REBUILD,true,error_down,640
agrawal_abrupt_sticky,gnb,always_rebuild,500,4,16071,dismissed,,false,error_up,0
agrawal_abrupt_sticky,gnb,always_rebuild,500,4,25319,adapted,REBUILD,true,error_up,1000
agrawal_abrupt_sticky,gnb,always_rebuild,500,4,26023,dismissed,,false,error_down,0
agrawal_abrupt_sticky,gnb,always_rebuild,500,4,26759,dismissed,,false,error_down,0
agrawal_abrupt_sticky,gnb,always_rebuild,500,4,28647,dismissed,,false,error_up,0
agrawal_abrupt_sticky,gnb,always_rebuild,500,4,29191,dismissed,,false,error_up,0
agrawal_abrupt_sticky,gnb,always_rebuild,500,4,30055,dismissed,,false,error_down,0
agrawal_abrupt_sticky,gnb,always_rebuild,500,4,30823,dismissed,,false,error_down,0
agrawal_abrupt_sticky,gnb,always_rebuild,500,4,31559,dismissed,,false,error_up,0
agrawal_abrupt_sticky,gnb,always_rebuild,500,4,32519,dismissed,,false,error_up,0
agrawal_abrupt_sticky,gnb,always_rebuild,500,4,33031,dismissed,,false,error_down,0
agrawal_abrupt_sticky,gnb,always_rebuild,500,4,33607,dismissed,,false,error_up,0
agrawal_abrupt_sticky,gnb,always_rebuild,500,4,34247,dismissed,,false,error_up,0
agrawal_abrupt_sticky,gnb,always_rebuild,500,4,35111,dismissed,,false,error_down,0
agrawal_abrupt_sticky,gnb,always_rebuild,500,4,36455,dismissed,,false,error_up,0
agrawal_abrupt_sticky,gnb,always_rebuild,500,4,37383,adapted,REBUILD,false,error_up,1000
agrawal_abrupt_sticky,gnb,always_rebuild,500,4,38087,dismissed,,true,error_down,0
agrawal_abrupt_sticky,gnb,always_rebuild,500,4,42183,adapted,REBUILD,false,error_down,1000
agrawal_abrupt_sticky,gnb,always_rebuild,500,4,42951,adapted,REBUILD,false,error_down,768
agrawal_abrupt_sticky,gnb,mechanism_selector,0,0,7847,adapted,SKIP,false,error_down,0
agrawal_abrupt_sticky,gnb,mechanism_selector,0,0,12615,adapted,REBUILD,true,error_up,1800
agrawal_abrupt_sticky,gnb,mechanism_selector,0,0,12967,adapted,REBUILD,true,error_up,633
agrawal_abrupt_sticky,gnb,mechanism_selector,0,0,25415,adapted,NUDGE,true,error_up,800
agrawal_abrupt_sticky,gnb,mechanism_selector,0,0,37575,adapted,REBUILD,true,error_up,1800
agrawal_abrupt_sticky,gnb,mechanism_selector,0,0,38119,adapted,REBUILD,true,error_up,979
agrawal_abrupt_sticky,gnb,mechanism_selector,0,1,5319,adapted,REBUILD,false,error_up,576
agrawal_abrupt_sticky,gnb,mechanism_selector,0,1,5863,adapted,REBUILD,false,error_up,979
agrawal_abrupt_sticky,gnb,mechanism_selector,0,1,6215,adapted,REBUILD,false,error_up,633
agrawal_abrupt_sticky,gnb,mechanism_selector,0,1,6471,adapted,REBUILD,false,error_up,460
agrawal_abrupt_sticky,gnb,mechanism_selector,0,1,12551,adapted,REBUILD,true,error_up,1800
agrawal_abrupt_sticky,gnb,mechanism_selector,0,1,13127,adapted,SKIP,true,error_down,0
agrawal_abrupt_sticky,gnb,mechanism_selector,0,1,13287,adapted,REBUILD,true,error_up,160
agrawal_abrupt_sticky,gnb,mechanism_selector,0,1,15687,adapted,NUDGE,false,error_up,800
agrawal_abrupt_sticky,gnb,mechanism_selector,0,1,25351,adapted,REBUILD,true,error_up,1800
agrawal_abrupt_sticky,gnb,mechanism_selector,0,1,30375,adapted,SKIP,false,error_down,0
agrawal_abrupt_sticky,gnb,mechanism_selector,0,1,31751,adapted,REBUILD,false,error_up,1800
agrawal_abrupt_sticky,gnb,mechanism_selector,0,1,32487,adapted,SKIP,false,error_down,0
agrawal_abrupt_sticky,gnb,mechanism_selector,0,1,34663,adapted,REBUILD,false,error_up,1800
agrawal_abrupt_sticky,gnb,mechanism_selector,0,1,34727,adapted,REBUILD,false,error_down,100
agrawal_abrupt_sticky,gnb,mechanism_selector,0,1,36967,adapted,REBUILD,false,error_up,1800
agrawal_abrupt_sticky,gnb,mechanism_selector,0,1,37543,adapted,REBUILD,true,error_up,1036
agrawal_abrupt_sticky,gnb,mechanism_selector,0,1,38407,adapted,SKIP,true,error_down,0
agrawal_abrupt_sticky,gnb,mechanism_selector,0,1,39079,adapted,SKIP,false,error_down,0
agrawal_abrupt_sticky,gnb,mechanism_selector,0,1,39975,adapted,NUDGE,false,error_up,716
agrawal_abrupt_sticky,gnb,mechanism_selector,0,2,5607,adapted,REBUILD,false,error_up,1094
agrawal_abrupt_sticky,gnb,mechanism_selector,0,2,7239,adapted,REBUILD,false,error_up,1800
agrawal_abrupt_sticky,gnb,mechanism_selector,0,2,12551,adapted,NUDGE,true,error_up,800
agrawal_abrupt_sticky,gnb,mechanism_selector,0,2,16391,adapted,SKIP,false,error_down,0
agrawal_abrupt_sticky,gnb,mechanism_selector,0,2,32231,adapted,NUDGE,false,error_up,800
agrawal_abrupt_sticky,gnb,mechanism_selector,0,2,37703,adapted,REBUILD,true,error_up,1800
agrawal_abrupt_sticky,gnb,mechanism_selector,0,2,38215,adapted,REBUILD,true,error_up,921
agrawal_abrupt_sticky,gnb,mechanism_selector,0,3,5319,adapted,SKIP,false,error_down,0
agrawal_abrupt_sticky,gnb,mechanism_selector,0,3,5767,adapted,SKIP,false,error_down,0
agrawal_abrupt_sticky,gnb,mechanism_selector,0,3,6343,adapted,REBUILD,false,error_up,1036
agrawal_abrupt_sticky,gnb,mechanism_selector,0,3,7207,adapted,REBUILD,false,error_up,1555
agrawal_abrupt_sticky,gnb,mechanism_selector,0,3,12583,adapted,REBUILD,true,error_up,1800
agrawal_abrupt_sticky,gnb,mechanism_selector,0,3,20167,adapted,SKIP,false,error_down,0
agrawal_abrupt_sticky,gnb,mechanism_selector,0,3,21063,adapted,SKIP,false,error_down,0
agrawal_abrupt_sticky,gnb,mechanism_selector,0,3,23079,adapted,SKIP,false,error_up,0
agrawal_abrupt_sticky,gnb,mechanism_selector,0,3,25159,adapted,REBUILD,true,error_up,1800
agrawal_abrupt_sticky,gnb,mechanism_selector,0,3,37639,adapted,NUDGE,true,error_up,800
agrawal_abrupt_sticky,gnb,mechanism_selector,0,3,38279,adapted,REBUILD,true,error_up,1152
agrawal_abrupt_sticky,gnb,mechanism_selector,0,4,12519,adapted,REBUILD,true,error_up,1800
agrawal_abrupt_sticky,gnb,mechanism_selector,0,4,13159,adapted,SKIP,true,error_down,0
agrawal_abrupt_sticky,gnb,mechanism_selector,0,4,13447,adapted,REBUILD,true,error_up,518
agrawal_abrupt_sticky,gnb,mechanism_selector,0,4,25351,adapted,SKIP,true,error_down,0
agrawal_abrupt_sticky,gnb,mechanism_selector,0,4,38599,adapted,NUDGE,false,error_up,800
agrawal_abrupt_sticky,gnb,mechanism_selector,200,0,7847,dismissed,,false,error_down,0
agrawal_abrupt_sticky,gnb,mechanism_selector,200,0,12615,adapted,REBUILD,true,error_up,1800
agrawal_abrupt_sticky,gnb,mechanism_selector,200,0,12999,dismissed,,true,error_up,0
agrawal_abrupt_sticky,gnb,mechanism_selector,200,0,13287,adapted,SKIP,true,error_up,0
agrawal_abrupt_sticky,gnb,mechanism_selector,200,0,13511,adapted,REBUILD,false,error_down,224
agrawal_abrupt_sticky,gnb,mechanism_selector,200,0,25415,adapted,NUDGE,true,error_up,800
agrawal_abrupt_sticky,gnb,mechanism_selector,200,0,25703,adapted,REBUILD,true,error_down,518
agrawal_abrupt_sticky,gnb,mechanism_selector,200,0,26439,dismissed,,false,error_up,0
agrawal_abrupt_sticky,gnb,mechanism_selector,200,0,27143,dismissed,,false,error_down,0
agrawal_abrupt_sticky,gnb,mechanism_selector,200,0,27527,adapted,REBUILD,false,error_up,1800
agrawal_abrupt_sticky,gnb,mechanism_selector,200,0,28039,dismissed,,false,error_down,0
agrawal_abrupt_sticky,gnb,mechanism_selector,200,0,30151,dismissed,,false,error_up,0
agrawal_abrupt_sticky,gnb,mechanism_selector,200,0,31655,dismissed,,false,error_down,0
agrawal_abrupt_sticky,gnb,mechanism_selector,200,0,32231,dismissed,,false,error_down,0
agrawal_abrupt_sticky,gnb,mechanism_selector,200,0,32647,dismissed,,false,error_up,0
agrawal_abrupt_sticky,gnb,mechanism_selector,200,0,33607,dismissed,,false,error_up,0
agrawal_abrupt_sticky,gnb,mechanism_selector,200,0,34023,dismissed,,false,error_up,0
agrawal_abrupt_sticky,gnb,mechanism_selector,200,0,34695,dismissed,,false,error_down,0
agrawal_abrupt_sticky,gnb,mechanism_selector,200,0,35687,dismissed,,false,error_up,0
agrawal_abrupt_sticky,gnb,mechanism_selector,200,0,36007,dismissed,,false,error_up,0
agrawal_abrupt_sticky,gnb,mechanism_selector,200,0,36519,dismissed,,false,error_down,0
agrawal_abrupt_sticky,gnb,mechanism_selector,200,0,37095,dismissed,,false,error_up,0
agrawal_abrupt_sticky,gnb,mechanism_selector,200,0,37415,adapted,REBUILD,false,error_up,1800
agrawal_abrupt_sticky,gnb,mechanism_selector,200,0,38119,adapted,REBUILD,true,error_up,1267
agrawal_abrupt_sticky,gnb,mechanism_selector,200,0,38343,dismissed,,true,error_down,0
agrawal_abrupt_sticky,gnb,mechanism_selector,200,1,5319,dismissed,,false,error_up,0
agrawal_abrupt_sticky,gnb,mechanism_selector,200,1,5863,dismissed,,false,error_up,0
agrawal_abrupt_sticky,gnb,mechanism_selector,200,1,6183,adapted,REBUILD,false,error_up,1800
agrawal_abrupt_sticky,gnb,mechanism_selector,200,1,6535,dismissed,,false,error_down,0
agrawal_abrupt_sticky,gnb,mechanism_selector,200,1,7079,dismissed,,false,error_up,0
agrawal_abrupt_sticky,gnb,mechanism_selector,200,1,7335,dismissed,,false,error_down,0
agrawal_abrupt_sticky,gnb,mechanism_selector,200,1,7815,dismissed,,false,error_up,0
agrawal_abrupt_sticky,gnb,mechanism_selector,200,1,8263,dismissed,,false,error_up,0
agrawal_abrupt_sticky,gnb,mechanism_selector,200,1,8839,adapted,REBUILD,false,error_up,1800
agrawal_abrupt_sticky,gnb,mechanism_selector,200,1,9095,adapted,REBUILD,false,error_down,460
agrawal_abrupt_sticky,gnb,mechanism_selector,200,1,9767,adapted,NUDGE,false,error_up,537
agrawal_abrupt_sticky,gnb,mechanism_selector,200,1,10247,adapted,REBUILD,false,error_up,864
agrawal_abrupt_sticky,gnb,mechanism_selector,200,1,10599,dismissed,,false,error_down,0
agrawal_abrupt_sticky,gnb,mechanism_selector,200,1,12615,adapted,REBUILD,true,error_up,1800
agrawal_abrupt_sticky,gnb,mechanism_selector,200,1,13095,adapted,REBUILD,true,error_down,864
agrawal_abrupt_sticky,gnb,mechanism_selector,200,1,24071,adapted,REBUILD,false,error_up,1800
agrawal_abrupt_sticky,gnb,mechanism_selector,200,1,25287,adapted,NUDGE,true,error_up,800
agrawal_abrupt_sticky,gnb,mechanism_selector,200,1,25767,dismissed,,true,error_down,0
agrawal_abrupt_sticky,gnb,mechanism_selector,200,1,37799,adapted,NUDGE,true,error_up,800
agrawal_abrupt_sticky,gnb,mechanism_selector,200,1,41063,dismissed,,false,error_down,0
agrawal_abrupt_sticky,gnb,mechanism_selector,200,1,46247,dismissed,,false,error_down,0
agrawal_abrupt_sticky,gnb,mechanism_selector,200,2,5607,dismissed,,false,error_up,0
agrawal_abrupt_sticky,gnb,mechanism_selector,200,2,6535,dismissed,,false,error_up,0
agrawal_abrupt_sticky,gnb,mechanism_selector,200,2,6919,adapted,REBUILD,false,error_up,1800
agrawal_abrupt_sticky,gnb,mechanism_selector,200,2,8071,dismissed,,false,error_down,0
agrawal_abrupt_sticky,gnb,mechanism_selector,200,2,11623,dismissed,,false,error_up,0
agrawal_abrupt_sticky,gnb,mechanism_selector,200,2,12391,adapted,NUDGE,false,error_down,800
agrawal_abrupt_sticky,gnb,mechanism_selector,200,2,20839,adapted,REBUILD,false,error_down,1800
agrawal_abrupt_sticky,gnb,mechanism_selector,200,2,21831,dismissed,,false,error_down,0
agrawal_abrupt_sticky,gnb,mechanism_selector,200,2,22439,dismissed,,false,error_down,0
agrawal_abrupt_sticky,gnb,mechanism_selector,200,2,23943,adapted,NUDGE,false,error_up,800
agrawal_abrupt_sticky,gnb,mechanism_selector,200,2,25095,adapted,REBUILD,true,error_up,1800
agrawal_abrupt_sticky,gnb,mechanism_selector,200,2,25383,dismissed,,true,error_down,0
agrawal_abrupt_sticky,gnb,mechanism_selector,200,2,37927,adapted,NUDGE,true,error_up,800
agrawal_abrupt_sticky,gnb,mechanism_selector,200,2,39175,dismissed,,false,error_down,0
agrawal_abrupt_sticky,gnb,mechanism_selector,200,2,44359,dismissed,,false,error_down,0
agrawal_abrupt_sticky,gnb,mechanism_selector,200,2,44999,dismissed,,false,error_up,0
agrawal_abrupt_sticky,gnb,mechanism_selector,200,2,46567,dismissed,,false,error_down,0
agrawal_abrupt_sticky,gnb,mechanism_selector,200,3,5319,adapted,SKIP,false,error_down,0
agrawal_abrupt_sticky,gnb,mechanism_selector,200,3,5767,dismissed,,false,error_down,0
agrawal_abrupt_sticky,gnb,mechanism_selector,200,3,6343,adapted,REBUILD,false,error_up,1800
agrawal_abrupt_sticky,gnb,mechanism_selector,200,3,6727,dismissed,,false,error_up,0
agrawal_abrupt_sticky,gnb,mechanism_selector,200,3,7207,dismissed,,false,error_up,0
agrawal_abrupt_sticky,gnb,mechanism_selector,200,3,7687,dismissed,,false,error_up,0
agrawal_abrupt_sticky,gnb,mechanism_selector,200,3,8583,dismissed,,false,error_up,0
agrawal_abrupt_sticky,gnb,mechanism_selector,200,3,9127,dismissed,,false,error_up,0
agrawal_abrupt_sticky,gnb,mechanism_selector,200,3,9959,dismissed,,false,error_up,0
agrawal_abrupt_sticky,gnb,mechanism_selector,200,3,10695,dismissed,,false,error_up,0
agrawal_abrupt_sticky,gnb,mechanism_selector,200,3,11047,dismissed,,false,error_down,0
agrawal_abrupt_sticky,gnb,mechanism_selector,200,3,11591,adapted,REBUILD,false,error_up,1800
agrawal_abrupt_sticky,gnb,mechanism_selector,200,3,12327,dismissed,,false,error_down,0
agrawal_abrupt_sticky,gnb,mechanism_selector,200,3,12615,adapted,REBUILD,true,error_up,1800
agrawal_abrupt_sticky,gnb,mechanism_selector,200,3,15527,dismissed,,false,error_down,0
agrawal_abrupt_sticky,gnb,mechanism_selector,200,3,17415,dismissed,,false,error_down,0
agrawal_abrupt_sticky,gnb,mechanism_selector,200,3,17895,dismissed,,false,error_up,0
agrawal_abrupt_sticky,gnb,mechanism_selector,200,3,19911,dismissed,,false,error_down,0
agrawal_abrupt_sticky,gnb,mechanism_selector,200,3,20295,dismissed,,false,error_up,0
agrawal_abrupt_sticky,gnb,mechanism_selector,200,3,21159,dismissed,,false,error_down,0
agrawal_abrupt_sticky,gnb,mechanism_selector,200,3,21479,dismissed,,false,error_down,0
agrawal_abrupt_sticky,gnb,mechanism_selector,200,3,22215,dismissed,,false,error_down,0
agrawal_abrupt_sticky,gnb,mechanism_selector,200,3,25095,adapted,REBUILD,true,error_up,1800
agrawal_abrupt_sticky,gnb,mechanism_selector,200,3,25351,dismissed,,true,error_down,0
agrawal_abrupt_sticky,gnb,mechanism_selector,200,3,37575,adapted,NUDGE,true,error_up,800
agrawal_abrupt_sticky,gnb,mechanism_selector,200,3,38279,adapted,REBUILD,true,error_up,1267
agrawal_abrupt_sticky,gnb,mechanism_selector,200,4,12519,adapted,REBUILD,true,error_up,1800
agrawal_abrupt_sticky,gnb,mechanism_selector,200,4,13159,dismissed,,true,error_down,0
agrawal_abrupt_sticky,gnb,mechanism_selector,200,4,13447,dismissed,,true,error_up,0
agrawal_abrupt_sticky,gnb,mechanism_selector,200,4,15303,adapted,REBUILD,false,error_up,1800
agrawal_abrupt_sticky,gnb,mechanism_selector,200,4,16711,dismissed,,false,error_down,0
agrawal_abrupt_sticky,gnb,mechanism_selector,200,4,26727,dismissed,,false,error_down,0
agrawal_abrupt_sticky,gnb,mechanism_selector,200,4,38247,dismissed,,true,error_up,0
agrawal_abrupt_sticky,gnb,mechanism_selector,500,0,7847,dismissed,,false,error_down,0
agrawal_abrupt_sticky,gnb,mechanism_selector,500,0,12615,adapted,REBUILD,true,error_up,1800
agrawal_abrupt_sticky,gnb,mechanism_selector,500,0,13319,dismissed,,true,error_up,0
agrawal_abrupt_sticky,gnb,mechanism_selector,500,0,14183,adapted,REBUILD,false,error_down,1800
agrawal_abrupt_sticky,gnb,mechanism_selector,500,0,37767,adapted,NUDGE,true,error_up,800
agrawal_abrupt_sticky,gnb,mechanism_selector,500,0,38375,dismissed,,true,error_down,0
agrawal_abrupt_sticky,gnb,mechanism_selector,500,1,5319,dismissed,,false,error_up,0
agrawal_abrupt_sticky,gnb,mechanism_selector,500,1,5863,dismissed,,false,error_up,0
agrawal_abrupt_sticky,gnb,mechanism_selector,500,1,6535,dismissed,,false,error_down,0
agrawal_abrupt_sticky,gnb,mechanism_selector,500,1,7079,dismissed,,false,error_up,0
agrawal_abrupt_sticky,gnb,mechanism_selector,500,1,7783,adapted,REBUILD,false,error_down,1800
agrawal_abrupt_sticky,gnb,mechanism_selector,500,1,8391,adapted,REBUILD,false,error_down,1094
agrawal_abrupt_sticky,gnb,mechanism_selector,500,1,8967,dismissed,,false,error_up,0
agrawal_abrupt_sticky,gnb,mechanism_selector,500,1,9767,adapted,REBUILD,false,error_up,1800
agrawal_abrupt_sticky,gnb,mechanism_selector,500,1,12647,adapted,REBUILD,true,error_up,1800
agrawal_abrupt_sticky,gnb,mechanism_selector,500,1,13159,dismissed,,true,error_down,0
agrawal_abrupt_sticky,gnb,mechanism_selector,500,1,13735,dismissed,,false,error_down,0
agrawal_abrupt_sticky,gnb,mechanism_selector,500,1,14567,dismissed,,false,error_down,0
agrawal_abrupt_sticky,gnb,mechanism_selector,500,1,15879,dismissed,,false,error_up,0
agrawal_abrupt_sticky,gnb,mechanism_selector,500,1,16583,dismissed,,false,error_up,0
agrawal_abrupt_sticky,gnb,mechanism_selector,500,1,17255,dismissed,,false,error_up,0
agrawal_abrupt_sticky,gnb,mechanism_selector,500,1,18087,dismissed,,false,error_up,0
agrawal_abrupt_sticky,gnb,mechanism_selector,500,1,19175,dismissed,,false,error_up,0
agrawal_abrupt_sticky,gnb,mechanism_selector,500,1,20967,dismissed,,false,error_down,0
agrawal_abrupt_sticky,gnb,mechanism_selector,500,1,21767,dismissed,,false,error_down,0
agrawal_abrupt_sticky,gnb,mechanism_selector,500,1,22439,dismissed,,false,error_up,0
agrawal_abrupt_sticky,gnb,mechanism_selector,500,1,23463,dismissed,,false,error_down,0
agrawal_abrupt_sticky,gnb,mechanism_selector,500,1,23975,dismissed,,false,error_down,0
agrawal_abrupt_sticky,gnb,mechanism_selector,500,1,24615,dismissed,,false,error_down,0
agrawal_abrupt_sticky,gnb,mechanism_selector,500,1,25415,adapted,NUDGE,true,error_down,800
agrawal_abrupt_sticky,gnb,mechanism_selector,500,1,25991,dismissed,,true,error_down,0
agrawal_abrupt_sticky,gnb,mechanism_selector,500,1,37543,adapted,REBUILD,true,error_up,1800
agrawal_abrupt_sticky,gnb,mechanism_selector,500,1,38119,dismissed,,true,error_down,0
agrawal_abrupt_sticky,gnb,mechanism_selector,500,2,5607,dismissed,,false,error_up,0
agrawal_abrupt_sticky,gnb,mechanism_selector,500,2,6535,dismissed,,false,error_up,0
agrawal_abrupt_sticky,gnb,mechanism_selector,500,2,7143,adapted,REBUILD,false,error_up,1800
agrawal_abrupt_sticky,gnb,mechanism_selector,500,2,12551,adapted,REBUILD,true,error_up,1800
agrawal_abrupt_sticky,gnb,mechanism_selector,500,2,13287,adapted,REBUILD,true,error_down,1324
agrawal_abrupt_sticky,gnb,mechanism_selector,500,2,34023,dismissed,,false,error_down,0
agrawal_abrupt_sticky,gnb,mechanism_selector,500,2,39015,adapted,NUDGE,false,error_up,800
agrawal_abrupt_sticky,gnb,mechanism_selector,500,2,39591,adapted,REBUILD,false,error_down,1036
agrawal_abrupt_sticky,gnb,mechanism_selector,500,3,5319,dismissed,,false,error_down,0
agrawal_abrupt_sticky,gnb,mechanism_selector,500,3,6343,adapted,REBUILD,false,error_up,1800
agrawal_abrupt_sticky,gnb,mechanism_selector,500,3,7847,dismissed,,false,error_down,0
agrawal_abrupt_sticky,gnb,mechanism_selector,500,3,12583,adapted,REBUILD,true,error_up,1800
agrawal_abrupt_sticky,gnb,mechanism_selector,500,3,14919,dismissed,,false,error_down,0
agrawal_abrupt_sticky,gnb,mechanism_selector,500,3,17895,dismissed,,false,error_up,0
agrawal_abrupt_sticky,gnb,mechanism_selector,500,3,19975,adapted,REBUILD,false,error_down,1800
agrawal_abrupt_sticky,gnb,mechanism_selector,500,3,21511,dismissed,,false,error_down,0
agrawal_abrupt_sticky,gnb,mechanism_selector,500,3,25095,adapted,NUDGE,true,error_up,800
agrawal_abrupt_sticky,gnb,mechanism_selector,500,3,25639,adapted,NUDGE,true,error_down,435
agrawal_abrupt_sticky,gnb,mechanism_selector,500,3,28007,dismissed,,false,error_down,0
agrawal_abrupt_sticky,gnb,mechanism_selector,500,3,37575,adapted,NUDGE,true,error_up,800
agrawal_abrupt_sticky,gnb,mechanism_selector,500,3,38279,adapted,SKIP,true,error_up,0
agrawal_abrupt_sticky,gnb,mechanism_selector,500,3,39431,dismissed,,false,error_down,0
agrawal_abrupt_sticky,gnb,mechanism_selector,500,3,40007,dismissed,,false,error_down,0
agrawal_abrupt_sticky,gnb,mechanism_selector,500,3,40583,dismissed,,false,error_up,0
agrawal_abrupt_sticky,gnb,mechanism_selector,500,3,41607,dismissed,,false,error_up,0
agrawal_abrupt_sticky,gnb,mechanism_selector,500,3,43207,adapted,NUDGE,false,error_up,800
agrawal_abrupt_sticky,gnb,mechanism_selector,500,3,44007,dismissed,,false,error_down,0
agrawal_abrupt_sticky,gnb,mechanism_selector,500,3,48999,dismissed,,false,error_up,0
agrawal_abrupt_sticky,gnb,mechanism_selector,500,4,12519,adapted,REBUILD,true,error_up,1800
agrawal_abrupt_sticky,gnb,mechanism_selector,500,4,13159,adapted,SKIP,true,error_down,0
agrawal_abrupt_sticky,gnb,mechanism_selector,500,4,15303,dismissed,,false,error_up,0
agrawal_abrupt_sticky,gnb,mechanism_selector,500,4,16007,dismissed,,false,error_up,0
agrawal_abrupt_sticky,gnb,mechanism_selector,500,4,16583,dismissed,,false,error_up,0
agrawal_abrupt_sticky,gnb,mechanism_selector,500,4,17863,adapted,SKIP,false,error_down,0
agrawal_abrupt_sticky,gnb,mechanism_selector,500,4,18599,dismissed,,false,error_down,0
agrawal_abrupt_sticky,gnb,mechanism_selector,500,4,19527,adapted,SKIP,false,error_down,0
agrawal_abrupt_sticky,gnb,mechanism_selector,500,4,20679,dismissed,,false,error_down,0
agrawal_abrupt_sticky,gnb,mechanism_selector,500,4,22503,dismissed,,false,error_down,0
agrawal_abrupt_sticky,gnb,mechanism_selector,500,4,23687,dismissed,,false,error_down,0
agrawal_abrupt_sticky,gnb,mechanism_selector,500,4,24199,dismissed,,false,error_down,0
agrawal_abrupt_sticky,gnb,mechanism_selector,500,4,24743,adapted,REBUILD,false,error_up,1800
agrawal_abrupt_sticky,gnb,mechanism_selector,500,4,25543,adapted,SKIP,true,error_down,0
agrawal_abrupt_sticky,gnb,mechanism_selector,500,4,37959,adapted,NUDGE,true,error_up,800
agrawal_abrupt_sticky,gnb,mechanism_selector,500,4,38535,dismissed,,false,error_down,0
agrawal_abrupt_sticky,gnb,never_adapt,0,0,7847,adapted,SKIP,false,error_down,0
agrawal_abrupt_sticky,gnb,never_adapt,0,0,12615,adapted,SKIP,true,error_up,0
agrawal_abrupt_sticky,gnb,never_adapt,0,0,17959,adapted,SKIP,false,error_up,0
agrawal_abrupt_sticky,gnb,never_adapt,0,0,18215,adapted,SKIP,false,error_up,0
agrawal_abrupt_sticky,gnb,never_adapt,0,0,20903,adapted,SKIP,false,error_down,0
agrawal_abrupt_sticky,gnb,never_adapt,0,0,21447,adapted,SKIP,false,error_up,0
agrawal_abrupt_sticky,gnb,never_adapt,0,0,21671,adapted,SKIP,false,error_up,0
agrawal_abrupt_sticky,gnb,never_adapt,0,0,25671,adapted,SKIP,true,error_up,0
agrawal_abrupt_sticky,gnb,never_adapt,0,0,27527,adapted,SKIP,false,error_down,0
agrawal_abrupt_sticky,gnb,never_adapt,0,0,28039,adapted,SKIP,false,error_up,0
agrawal_abrupt_sticky,gnb,never_adapt,0,0,32455,adapted,SKIP,false,error_up,0
agrawal_abrupt_sticky,gnb,never_adapt,0,0,36039,adapted,SKIP,false,error_down,0
agrawal_abrupt_sticky,gnb,never_adapt,0,0,37543,adapted,SKIP,true,error_down,0
agrawal_abrupt_sticky,gnb,never_adapt,0,0,38279,adapted,SKIP,true,error_down,0
agrawal_abrupt_sticky,gnb,never_adapt,0,0,41607,adapted,SKIP,false,error_down,0
agrawal_abrupt_sticky,gnb,never_adapt,0,0,42471,adapted,SKIP,false,error_up,0
agrawal_abrupt_sticky,gnb,never_adapt,0,0,43527,adapted,SKIP,false,error_down,0
agrawal_abrupt_sticky,gnb,never_adapt,0,0,44711,adapted,SKIP,false,error_up,0
agrawal_abrupt_sticky,gnb,never_adapt,0,0,49031,adapted,SKIP,false,error_down,0
agrawal_abrupt_sticky,gnb,never_adapt,0,1,5319,adapted,SKIP,false,error_up,0
agrawal_abrupt_sticky,gnb,never_adapt,0,1,5511,adapted,SKIP,false,error_down,0
agrawal_abrupt_sticky,gnb,never_adapt,0,1,5863,adapted,SKIP,false,error_up,0
agrawal_abrupt_sticky,gnb,never_adapt,0,1,6183,adapted,SKIP,false,error_up,0
agrawal_abrupt_sticky,gnb,never_adapt,0,1,6279,adapted,SKIP,false,error_down,0
agrawal_abrupt_sticky,gnb,never_adapt,0,1,6535,adapted,SKIP,false,error_down,0
agrawal_abrupt_sticky,gnb,never_adapt,0,1,7079,adapted,SKIP,false,error_up,0
agrawal_abrupt_sticky,gnb,never_adapt,0,1,7783,adapted,SKIP,false,error_down,0
agrawal_abrupt_sticky,gnb,never_adapt,0,1,7879,adapted,SKIP,false,error_down,0
agrawal_abrupt_sticky,gnb,never_adapt,0,1,8423,adapted,SKIP,false,error_down,0
agrawal_abrupt_sticky,gnb,never_adapt,0,1,8839,adapted,SKIP,false,error_up,0
agrawal_abrupt_sticky,gnb,never_adapt,0,1,9095,adapted,SKIP,false,error_down,0
agrawal_abrupt_sticky,gnb,never_adapt,0,1,9767,adapted,SKIP,false,error_up,0
agrawal_abrupt_sticky,gnb,never_adapt,0,1,10247,adapted,SKIP,false,error_up,0
agrawal_abrupt_sticky,gnb,never_adapt,0,1,10663,adapted,SKIP,false,error_up,0
agrawal_abrupt_sticky,gnb,never_adapt,0,1,11175,adapted,SKIP,false,error_down,0
agrawal_abrupt_sticky,gnb,never_adapt,0,1,12135,adapted,SKIP,false,error_down,0
agrawal_abrupt_sticky,gnb,never_adapt,0,1,12999,adapted,SKIP,true,error_up,0
agrawal_abrupt_sticky,gnb,never_adapt,0,1,13223,adapted,SKIP,true,error_up,0
agrawal_abrupt_sticky,gnb,never_adapt,0,1,13735,adapted,SKIP,false,error_down,0
agrawal_abrupt_sticky,gnb,never_adapt,0,1,14567,adapted,SKIP,false,error_down,0
agrawal_abrupt_sticky,gnb,never_adapt,0,1,15911,adapted,SKIP,false,error_up,0
agrawal_abrupt_sticky,gnb,never_adapt,0,1,16135,adapted,SKIP,false,error_down,0
agrawal_abrupt_sticky,gnb,never_adapt,0,1,16359,adapted,SKIP,false,error_down,0
agrawal_abrupt_sticky,gnb,never_adapt,0,1,16583,adapted,SKIP,false,error_up,0
agrawal_abrupt_sticky,gnb,never_adapt,0,1,17255,adapted,SKIP,false,error_up,0
agrawal_abrupt_sticky,gnb,never_adapt,0,1,18087,adapted,SKIP,false,error_up,0
agrawal_abrupt_sticky,gnb,never_adapt,0,1,18503,adapted,SKIP,false,error_up,0
agrawal_abrupt_sticky,gnb,never_adapt,0,1,19143,adapted,SKIP,false,error_up,0
agrawal_abrupt_sticky,gnb,never_adapt,0,1,19559,adapted,SKIP,false,error_up,0
agrawal_abrupt_sticky,gnb,never_adapt,0,1,20967,adapted,SKIP,false,error_down,0
agrawal_abrupt_sticky,gnb,never_adapt,0,1,21735,adapted,SKIP,false,error_down,0
agrawal_abrupt_sticky,gnb,never_adapt,0,1,22247,adapted,SKIP,false,error_up,0
agrawal_abrupt_sticky,gnb,never_adapt,0,1,22535,adapted,SKIP,false,error_down,0
agrawal_abrupt_sticky,gnb,never_adapt,0,1,23463,adapted,SKIP,false,error_down,0
agrawal_abrupt_sticky,gnb,never_adapt,0,1,23879,adapted,SKIP,false,error_up,0
agrawal_abrupt_sticky,gnb,never_adapt,0,1,23975,adapted,SKIP,false,error_down,0
agrawal_abrupt_sticky,gnb,never_adapt,0,1,24359,adapted,SKIP,false,error_down,0
agrawal_abrupt_sticky,gnb,never_adapt,0,1,24615,adapted,SKIP,false,error_down,0
agrawal_abrupt_sticky,gnb,never_adapt,0,1,25031,adapted,SKIP,true,error_up,0
agrawal_abrupt_sticky,gnb,never_adapt,0,1,25415,adapted,SKIP,true,error_down,0
agrawal_abrupt_sticky,gnb,never_adapt,0,1,25735,adapted,SKIP,true,error_up,0
agrawal_abrupt_sticky,gnb,never_adapt,0,1,26087,adapted,SKIP,false,error_down,0
agrawal_abrupt_sticky,gnb,never_adapt,0,1,26727,adapted,SKIP,false,error_down,0
agrawal_abrupt_sticky,gnb,never_adapt,0,1,27015,adapted,SKIP,false,error_down,0
agrawal_abrupt_sticky,gnb,never_adapt,0,1,27303,adapted,SKIP,false,error_down,0
agrawal_abrupt_sticky,gnb,never_adapt,0,1,27655,adapted,SKIP,false,error_down,0
agrawal_abrupt_sticky,gnb,never_adapt,0,1,28135,adapted,SKIP,false,error_up,0
agrawal_abrupt_sticky,gnb,never_adapt,0,1,28903,adapted,SKIP,false,error_down,0
agrawal_abrupt_sticky,gnb,never_adapt,0,1,29959,adapted,SKIP,false,error_up,0
agrawal_abrupt_sticky,gnb,never_adapt,0,1,30823,adapted,SKIP,false,error_down,0
agrawal_abrupt_sticky,gnb,never_adapt,0,1,31751,adapted,SKIP,false,error_down,0
agrawal_abrupt_sticky,gnb,never_adapt,0,1,31911,adapted,SKIP,false,error_down,0
agrawal_abrupt_sticky,gnb,never_adapt,0,1,32583,adapted,SKIP,false,error_down,0
agrawal_abrupt_sticky,gnb,never_adapt,0,1,33575,adapted,SKIP,false,error_down,0
agrawal_abrupt_sticky,gnb,never_adapt,0,1,34535,adapted,SKIP,false,error_down,0
agrawal_abrupt_sticky,gnb,never_adapt,0,1,34663,adapted,SKIP,false,error_down,0
agrawal_abrupt_sticky,gnb,never_adapt,0,1,34759,adapted,SKIP,false,error_up,0
agrawal_abrupt_sticky,gnb,never_adapt,0,1,35175,adapted,SKIP,false,error_down,0
agrawal_abrupt_sticky,gnb,never_adapt,0,1,35527,adapted,SKIP,false,error_down,0
agrawal_abrupt_sticky,gnb,never_adapt,0,1,35783,adapted,SKIP,false,error_down,0
agrawal_abrupt_sticky,gnb,never_adapt,0,1,36295,adapted,SKIP,false,error_down,0
agrawal_abrupt_sticky,gnb,never_adapt,0,1,36935,adapted,SKIP,false,error_down,0
agrawal_abrupt_sticky,gnb,never_adapt,0,1,37543,adapted,SKIP,true,error_down,0
agrawal_abrupt_sticky,gnb,never_adapt,0,1,37639,adapted,SKIP,true,error_up,0
agrawal_abrupt_sticky,gnb,never_adapt,0,1,38375,adapted,SKIP,true,error_up,0
agrawal_abrupt_sticky,gnb,never_adapt,0,1,39079,adapted,SKIP,false,error_up,0
agrawal_abrupt_sticky,gnb,never_adapt,0,1,39527,adapted,SKIP,false,error_down,0
agrawal_abrupt_sticky,gnb,never_adapt,0,1,39943,adapted,SKIP,false,error_down,0
agrawal_abrupt_sticky,gnb,never_adapt,0,1,40103,adapted,SKIP,false,error_up,0
agrawal_abrupt_sticky,gnb,never_adapt,0,1,40711,adapted,SKIP,false,error_up,0
agrawal_abrupt_sticky,gnb,never_adapt,0,1,41031,adapted,SKIP,false,error_up,0
agrawal_abrupt_sticky,gnb,never_adapt,0,1,41415,adapted,SKIP,false,error_down,0
agrawal_abrupt_sticky,gnb,never_adapt,0,1,41703,adapted,SKIP,false,error_up,0
agrawal_abrupt_sticky,gnb,never_adapt,0,1,42567,adapted,SKIP,false,error_down,0
agrawal_abrupt_sticky,gnb,never_adapt,0,1,44167,adapted,SKIP,false,error_up,0
agrawal_abrupt_sticky,gnb,never_adapt,0,1,44327,adapted,SKIP,false,error_down,0
agrawal_abrupt_sticky,gnb,never_adapt,0,1,44551,adapted,SKIP,false,error_down,0
agrawal_abrupt_sticky,gnb,never_adapt,0,1,45447,adapted,SKIP,false,error_up,0
agrawal_abrupt_sticky,gnb,never_adapt,0,1,45575,adapted,SKIP,false,error_down,0
agrawal_abrupt_sticky,gnb,never_adapt,0,1,45767,adapted,SKIP,false,error_down,0
agrawal_abrupt_sticky,gnb,never_adapt,0,1,45959,adapted,SKIP,false,error_up,0
agrawal_abrupt_sticky,gnb,never_adapt,0,1,46631,adapted,SKIP,false,error_down,0
agrawal_abrupt_sticky,gnb,never_adapt,0,1,47143,adapted,SKIP,false,error_down,0
agrawal_abrupt_sticky,gnb,never_adapt,0,1,47463,adapted,SKIP,false,error_up,0
agrawal_abrupt_sticky,gnb,never_adapt,0,1,48263,adapted,SKIP,false,error_down,0
agrawal_abrupt_sticky,gnb,never_adapt,0,1,48359,adapted,SKIP,false,error_up,0
agrawal_abrupt_sticky,gnb,never_adapt,0,1,48839,adapted,SKIP,false,error_down,0
agrawal_abrupt_sticky,gnb,never_adapt,0,1,48999,adapted,SKIP,false,error_down,0
agrawal_abrupt_sticky,gnb,never_adapt,0,1,49735,adapted,SKIP,false,error_down,0
agrawal_abrupt_sticky,gnb,never_adapt,0,2,5607,adapted,SKIP,false,error_up,0
agrawal_abrupt_sticky,gnb,never_adapt,0,2,6535,adapted,SKIP,false,error_up,0
agrawal_abrupt_sticky,gnb,never_adapt,0,2,6919,adapted,SKIP,false,error_up,0
agrawal_abrupt_sticky,gnb,never_adapt,0,2,7143,adapted,SKIP,false,error_up,0
agrawal_abrupt_sticky,gnb,never_adapt,0,2,7623,adapted,SKIP,false,error_up,0
agrawal_abrupt_sticky,gnb,never_adapt,0,2,11623,adapted,SKIP,false,error_up,0
agrawal_abrupt_sticky,gnb,never_adapt,0,2,12327,adapted,SKIP,false,error_down,0
agrawal_abrupt_sticky,gnb,never_adapt,0,2,12999,adapted,SKIP,true,error_up,0
agrawal_abrupt_sticky,gnb,never_adapt,0,2,13735,adapted,SKIP,false,error_up,0
agrawal_abrupt_sticky,gnb,never_adapt,0,2,14695,adapted,SKIP,false,error_down,0
agrawal_abrupt_sticky,gnb,never_adapt,0,2,16423,adapted,SKIP,false,error_down,0
agrawal_abrupt_sticky,gnb,never_adapt,0,2,17831,adapted,SKIP,false,error_down,0
agrawal_abrupt_sticky,gnb,never_adapt,0,2,18663,adapted,SKIP,false,error_down,0
agrawal_abrupt_sticky,gnb,never_adapt,0,2,19495,adapted,SKIP,false,error_down,0
agrawal_abrupt_sticky,gnb,never_adapt,0,2,20807,adapted,SKIP,false,error_down,0
agrawal_abrupt_sticky,gnb,never_adapt,0,2,21831,adapted,SKIP,false,error_down,0
agrawal_abrupt_sticky,gnb,never_adapt,0,2,22567,adapted,SKIP,false,error_down,0
agrawal_abrupt_sticky,gnb,never_adapt,0,2,24071,adapted,SKIP,false,error_up,0
agrawal_abrupt_sticky,gnb,never_adapt,0,2,25063,adapted,SKIP,true,error_up,0
agrawal_abrupt_sticky,gnb,never_adapt,0,2,25223,adapted,SKIP,true,error_down,0
agrawal_abrupt_sticky,gnb,never_adapt,0,2,25703,adapted,SKIP,true,error_down,0
agrawal_abrupt_sticky,gnb,never_adapt,0,2,26599,adapted,SKIP,false,error_up,0
agrawal_abrupt_sticky,gnb,never_adapt,0,2,27655,adapted,SKIP,false,error_down,0
agrawal_abrupt_sticky,gnb,never_adapt,0,2,29031,adapted,SKIP,false,error_up,0
agrawal_abrupt_sticky,gnb,never_adapt,0,2,30599,adapted,SKIP,false,error_down,0
agrawal_abrupt_sticky,gnb,never_adapt,0,2,31975,adapted,SKIP,false,error_down,0
agrawal_abrupt_sticky,gnb,never_adapt,0,2,32295,adapted,SKIP,false,error_down,0
agrawal_abrupt_sticky,gnb,never_adapt,0,2,32487,adapted,SKIP,false,error_up,0
agrawal_abrupt_sticky,gnb,never_adapt,0,2,33223,adapted,SKIP,false,error_down,0
agrawal_abrupt_sticky,gnb,never_adapt,0,2,34567,adapted,SKIP,false,error_up,0
agrawal_abrupt_sticky,gnb,never_adapt,0,2,34855,adapted,SKIP,false,error_down,0
agrawal_abrupt_sticky,gnb,never_adapt,0,2,35015,adapted,SKIP,false,error_down,0
agrawal_abrupt_sticky,gnb,never_adapt,0,2,35399,adapted,SKIP,false,error_down,0
agrawal_abrupt_sticky,gnb,never_adapt,0,2,36167,adapted,SKIP,false,error_down,0
agrawal_abrupt_sticky,gnb,never_adapt,0,2,36359,adapted,SKIP,false,error_up,0
agrawal_abrupt_sticky,gnb,never_adapt,0,2,37607,adapted,SKIP,true,error_down,0
agrawal_abrupt_sticky,gnb,never_adapt,0,2,37831,adapted,SKIP,true,error_up,0
agrawal_abrupt_sticky,gnb,never_adapt,0,2,38215,adapted,SKIP,true,error_down,0
agrawal_abrupt_sticky,gnb,never_adapt,0,2,38887,adapted,SKIP,false,error_up,0
agrawal_abrupt_sticky,gnb,never_adapt,0,2,39271,adapted,SKIP,false,error_up,0
agrawal_abrupt_sticky,gnb,never_adapt,0,2,40551,adapted,SKIP,false,error_down,0
agrawal_abrupt_sticky,gnb,never_adapt,0,2,40743,adapted,SKIP,false,error_up,0
agrawal_abrupt_sticky,gnb,never_adapt,0,2,40935,adapted,SKIP,false,error_up,0
agrawal_abrupt_sticky,gnb,never_adapt,0,2,41671,adapted,SKIP,false,error_up,0
agrawal_abrupt_sticky,gnb,never_adapt,0,2,42023,adapted,SKIP,false,error_up,0
agrawal_abrupt_sticky,gnb,never_adapt,0,2,42279,adapted,SKIP,false,error_up,0
agrawal_abrupt_sticky,gnb,never_adapt,0,2,42407,adapted,SKIP,false,error_down,0
agrawal_abrupt_sticky,gnb,never_adapt,0,2,44487,adapted,SKIP,false,error_up,0
agrawal_abrupt_sticky,gnb,never_adapt,0,2,44647,adapted,SKIP,false,error_up,0
agrawal_abrupt_sticky,gnb,never_adapt,0,2,44999,adapted,SKIP,false,error_down,0
agrawal_abrupt_sticky,gnb,never_adapt,0,2,46151,adapted,SKIP,false,error_up,0
agrawal_abrupt_sticky,gnb,never_adapt,0,2,46791,adapted,SKIP,false,error_down,0
agrawal_abrupt_sticky,gnb,never_adapt,0,2,47015,adapted,SKIP,false,error_down,0
agrawal_abrupt_sticky,gnb,never_adapt,0,2,47399,adapted,SKIP,false,error_up,0
agrawal_abrupt_sticky,gnb,never_adapt,0,2,48071,adapted,SKIP,false,error_up,0
agrawal_abrupt_sticky,gnb,never_adapt,0,2,48839,adapted,SKIP,false,error_down,0
agrawal_abrupt_sticky,gnb,never_adapt,0,3,5319,adapted,SKIP,false,error_down,0
agrawal_abrupt_sticky,gnb,never_adapt,0,3,5767,adapted,SKIP,false,error_down,0
agrawal_abrupt_sticky,gnb,never_adapt,0,3,6343,adapted,SKIP,false,error_up,0
agrawal_abrupt_sticky,gnb,never_adapt,0,3,6727,adapted,SKIP,false,error_up,0
agrawal_abrupt_sticky,gnb,never_adapt,0,3,7207,adapted,SKIP,false,error_up,0
agrawal_abrupt_sticky,gnb,never_adapt,0,3,7687,adapted,SKIP,false,error_up,0
agrawal_abrupt_sticky,gnb,never_adapt,0,3,9127,adapted,SKIP,false,error_up,0
agrawal_abrupt_sticky,gnb,never_adapt,0,3,9927,adapted,SKIP,false,error_up,0
agrawal_abrupt_sticky,gnb,never_adapt,0,3,11111,adapted,SKIP,false,error_down,0
agrawal_abrupt_sticky,gnb,never_adapt,0,3,11719,adapted,SKIP,false,error_up,0
agrawal_abrupt_sticky,gnb,never_adapt,0,3,11879,adapted,SKIP,false,error_down,0
agrawal_abrupt_sticky,gnb,never_adapt,0,3,12359,adapted,SKIP,false,error_down,0
agrawal_abrupt_sticky,gnb,never_adapt,0,3,12615,adapted,SKIP,true,error_up,0
agrawal_abrupt_sticky,gnb,never_adapt,0,3,12743,adapted,SKIP,true,error_up,0
agrawal_abrupt_sticky,gnb,never_adapt,0,3,14599,adapted,SKIP,false,error_down,0
agrawal_abrupt_sticky,gnb,never_adapt,0,3,15527,adapted,SKIP,false,error_down,0
agrawal_abrupt_sticky,gnb,never_adapt,0,3,16071,adapted,SKIP,false,error_up,0
agrawal_abrupt_sticky,gnb,never_adapt,0,3,17735,adapted,SKIP,false,error_down,0
agrawal_abrupt_sticky,gnb,never_adapt,0,3,17895,adapted,SKIP,false,error_up,0
agrawal_abrupt_sticky,gnb,never_adapt,0,3,19879,adapted,SKIP,false,error_down,0
agrawal_abrupt_sticky,gnb,never_adapt,0,3,20071,adapted,SKIP,false,error_up,0
agrawal_abrupt_sticky,gnb,never_adapt,0,3,20263,adapted,SKIP,false,error_up,0
agrawal_abrupt_sticky,gnb,never_adapt,0,3,20551,adapted,SKIP,false,error_down,0
agrawal_abrupt_sticky,gnb,never_adapt,0,3,20711,adapted,SKIP,false,error_down,0
agrawal_abrupt_sticky,gnb,never_adapt,0,3,20903,adapted,SKIP,false,error_up,0
agrawal_abrupt_sticky,gnb,never_adapt,0,3,21831,adapted,SKIP,false,error_up,0
agrawal_abrupt_sticky,gnb,never_adapt,0,3,23015,adapted,SKIP,false,error_up,0
agrawal_abrupt_sticky,gnb,never_adapt,0,3,23527,adapted,SKIP,false,error_up,0
agrawal_abrupt_sticky,gnb,never_adapt,0,3,23975,adapted,SKIP,false,error_up,0
agrawal_abrupt_sticky,gnb,never_adapt,0,3,24711,adapted,SKIP,false,error_up,0
agrawal_abrupt_sticky,gnb,never_adapt,0,3,25095,adapted,SKIP,true,error_up,0
agrawal_abrupt_sticky,gnb,never_adapt,0,3,25319,adapted,SKIP,true,error_down,0
agrawal_abrupt_sticky,gnb,never_adapt,0,3,26215,adapted,SKIP,false,error_down,0
agrawal_abrupt_sticky,gnb,never_adapt,0,3,28775,adapted,SKIP,false,error_down,0
agrawal_abrupt_sticky,gnb,never_adapt,0,3,29159,adapted,SKIP,false,error_down,0
agrawal_abrupt_sticky,gnb,never_adapt,0,3,30023,adapted,SKIP,false,error_up,0
agrawal_abrupt_sticky,gnb,never_adapt,0,3,30247,adapted,SKIP,false,error_down,0
agrawal_abrupt_sticky,gnb,never_adapt,0,3,30631,adapted,SKIP,false,error_up,0
agrawal_abrupt_sticky,gnb,never_adapt,0,3,31175,adapted,SKIP,false,error_up,0
agrawal_abrupt_sticky,gnb,never_adapt,0,3,31463,adapted,SKIP,false,error_down,0
agrawal_abrupt_sticky,gnb,never_adapt,0,3,31815,adapted,SKIP,false,error_down,0
agrawal_abrupt_sticky,gnb,never_adapt,0,3,32199,adapted,SKIP,false,error_down,0
agrawal_abrupt_sticky,gnb,never_adapt,0,3,33799,adapted,SKIP,false,error_down,0
agrawal_abrupt_sticky,gnb,never_adapt,0,3,34151,adapted,SKIP,false,error_up,0
agrawal_abrupt_sticky,gnb,never_adapt,0,3,34631,adapted,SKIP,false,error_down,0
agrawal_abrupt_sticky,gnb,never_adapt,0,3,34887,adapted,SKIP,false,error_down,0
agrawal_abrupt_sticky,gnb,never_adapt,0,3,36135,adapted,SKIP,false,error_down,0
agrawal_abrupt_sticky,gnb,never_adapt,0,3,36711,adapted,SKIP,false,error_down,0
agrawal_abrupt_sticky,gnb,never_adapt,0,3,37895,adapted,SKIP,true,error_down,0
agrawal_abrupt_sticky,gnb,never_adapt,0,3,38279,adapted,SKIP,true,error_down,0
agrawal_abrupt_sticky,gnb,never_adapt,0,3,38471,adapted,SKIP,true,error_up,0
agrawal_abrupt_sticky,gnb,never_adapt,0,3,38727,adapted,SKIP,false,error_up,0
agrawal_abrupt_sticky,gnb,never_adapt,0,3,39207,adapted,SKIP,false,error_up,0
agrawal_abrupt_sticky,gnb,never_adapt,0,3,39431,adapted,SKIP,false,error_up,0
agrawal_abrupt_sticky,gnb,never_adapt,0,3,40007,adapted,SKIP,false,error_up,0
agrawal_abrupt_sticky,gnb,never_adapt,0,3,40583,adapted,SKIP,false,error_down,0
agrawal_abrupt_sticky,gnb,never_adapt,0,3,40711,adapted,SKIP,false,error_up,0
agrawal_abrupt_sticky,gnb,never_adapt,0,3,40967,adapted,SKIP,false,error_up,0
agrawal_abrupt_sticky,gnb,never_adapt,0,3,41607,adapted,SKIP,false,error_down,0
agrawal_abrupt_sticky,gnb,never_adapt,0,3,41927,adapted,SKIP,false,error_up,0
agrawal_abrupt_sticky,gnb,never_adapt,0,3,43111,adapted,SKIP,false,error_down,0
agrawal_abrupt_sticky,gnb,never_adapt,0,3,43559,adapted,SKIP,false,error_up,0
agrawal_abrupt_sticky,gnb,never_adapt,0,3,44007,adapted,SKIP,false,error_up,0
agrawal_abrupt_sticky,gnb,never_adapt,0,3,44327,adapted,SKIP,false,error_up,0
agrawal_abrupt_sticky,gnb,never_adapt,0,3,44583,adapted,SKIP,false,error_up,0
agrawal_abrupt_sticky,gnb,never_adapt,0,3,45031,adapted,SKIP,false,error_up,0
agrawal_abrupt_sticky,gnb,never_adapt,0,3,45479,adapted,SKIP,false,error_down,0
agrawal_abrupt_sticky,gnb,never_adapt,0,3,46375,adapted,SKIP,false,error_down,0
agrawal_abrupt_sticky,gnb,never_adapt,0,3,46567,adapted,SKIP,false,error_up,0
agrawal_abrupt_sticky,gnb,never_adapt,0,3,47271,adapted,SKIP,false,error_down,0
agrawal_abrupt_sticky,gnb,never_adapt,0,3,47591,adapted,SKIP,false,error_up,0
agrawal_abrupt_sticky,gnb,never_adapt,0,3,47815,adapted,SKIP,false,error_down,0
agrawal_abrupt_sticky,gnb,never_adapt,0,3,48263,adapted,SKIP,false,error_down,0
agrawal_abrupt_sticky,gnb,never_adapt,0,3,48679,adapted,SKIP,false,error_up,0
agrawal_abrupt_sticky,gnb,never_adapt,0,3,49095,adapted,SKIP,false,error_up,0
agrawal_abrupt_sticky,gnb,never_adapt,0,3,49479,adapted,SKIP,false,error_down,0
agrawal_abrupt_sticky,gnb,never_adapt,0,3,49959,adapted,SKIP,false,error_up,0
agrawal_abrupt_sticky,gnb,never_adapt,0,4,12519,adapted,SKIP,true,error_up,0
agrawal_abrupt_sticky,gnb,never_adapt,0,4,13223,adapted,SKIP,true,error_down,0
agrawal_abrupt_sticky,gnb,never_adapt,0,4,15335,adapted,SKIP,false,error_up,0
agrawal_abrupt_sticky,gnb,never_adapt,0,4,22791,adapted,SKIP,false,error_down,0
agrawal_abrupt_sticky,gnb,never_adapt,0,4,25735,adapted,SKIP,true,error_up,0
agrawal_abrupt_sticky,gnb,never_adapt,0,4,26823,adapted,SKIP,false,error_up,0
agrawal_abrupt_sticky,gnb,never_adapt,0,4,29543,adapted,SKIP,false,error_down,0
agrawal_abrupt_sticky,gnb,never_adapt,0,4,34631,adapted,SKIP,false,error_down,0
agrawal_abrupt_sticky,gnb,never_adapt,0,4,35495,adapted,SKIP,false,error_down,0
agrawal_abrupt_sticky,rf,always_rebuild,0,0,12551,adapted,REBUILD,true,error_up,100000
agrawal_abrupt_sticky,rf,always_rebuild,0,0,21191,adapted,REBUILD,false,error_down,100000
agrawal_abrupt_sticky,rf,always_rebuild,0,0,25031,adapted,REBUILD,true,error_up,100000
agrawal_abrupt_sticky,rf,always_rebuild,0,0,49351,adapted,REBUILD,false,error_down,100000
agrawal_abrupt_sticky,rf,always_rebuild,0,1,12551,adapted,REBUILD,true,error_up,100000
agrawal_abrupt_sticky,rf,always_rebuild,0,1,25511,adapted,REBUILD,true,error_down,100000
agrawal_abrupt_sticky,rf,always_rebuild,0,1,37543,adapted,REBUILD,true,error_up,100000
agrawal_abrupt_sticky,rf,always_rebuild,0,1,42183,adapted,REBUILD,false,error_down,100000
agrawal_abrupt_sticky,rf,always_rebuild,0,2,12551,adapted,REBUILD,true,error_up,100000
agrawal_abrupt_sticky,rf,always_rebuild,0,2,25831,adapted,REBUILD,true,error_down,100000
agrawal_abrupt_sticky,rf,always_rebuild,0,2,37543,adapted,REBUILD,true,error_up,100000
agrawal_abrupt_sticky,rf,always_rebuild,0,2,38279,adapted,REBUILD,true,error_up,73600
agrawal_abrupt_sticky,rf,always_rebuild,0,3,12551,adapted,REBUILD,true,error_up,100000
agrawal_abrupt_sticky,rf,always_rebuild,0,3,28967,adapted,REBUILD,false,error_down,100000
agrawal_abrupt_sticky,rf,always_rebuild,0,3,37543,adapted,REBUILD,true,error_up,100000
agrawal_abrupt_sticky,rf,always_rebuild,0,3,38311,adapted,REBUILD,true,error_up,76800
agrawal_abrupt_sticky,rf,always_rebuild,0,4,12519,adapted,REBUILD,true,error_up,100000
agrawal_abrupt_sticky,rf,always_rebuild,0,4,25127,adapted,REBUILD,true,error_down,100000
agrawal_abrupt_sticky,rf,always_rebuild,200,0,12551,adapted,REBUILD,true,error_up,100000
agrawal_abrupt_sticky,rf,always_rebuild,200,0,21191,adapted,REBUILD,false,error_down,100000
agrawal_abrupt_sticky,rf,always_rebuild,200,0,21447,dismissed,,false,error_down,0
agrawal_abrupt_sticky,rf,always_rebuild,200,0,25031,adapted,REBUILD,true,error_up,100000
agrawal_abrupt_sticky,rf,always_rebuild,200,0,39559,adapted,REBUILD,false,error_up,100000
agrawal_abrupt_sticky,rf,always_rebuild,200,0,39815,dismissed,,false,error_down,0
agrawal_abrupt_sticky,rf,always_rebuild,200,1,12551,adapted,REBUILD,true,error_up,100000
agrawal_abrupt_sticky,rf,always_rebuild,200,1,29575,adapted,REBUILD,false,error_down,100000
agrawal_abrupt_sticky,rf,always_rebuild,200,1,29863,dismissed,,false,error_down,0
agrawal_abrupt_sticky,rf,always_rebuild,200,1,37511,adapted,REBUILD,true,error_up,100000
agrawal_abrupt_sticky,rf,always_rebuild,200,1,41095,dismissed,,false,error_down,0
agrawal_abrupt_sticky,rf,always_rebuild,200,1,45479,dismissed,,false,error_down,0
agrawal_abrupt_sticky,rf,always_rebuild,200,1,46055,dismissed,,false,error_down,0
agrawal_abrupt_sticky,rf,always_rebuild,200,1,48295,dismissed,,false,error_up,0
agrawal_abrupt_sticky,rf,always_rebuild,200,2,12551,adapted,REBUILD,true,error_up,100000
agrawal_abrupt_sticky,rf,always_rebuild,200,2,36231,dismissed,,false,error_down,0
agrawal_abrupt_sticky,rf,always_rebuild,200,2,48583,dismissed,,false,error_up,0
agrawal_abrupt_sticky,rf,always_rebuild,200,3,12551,adapted,REBUILD,true,error_up,100000
agrawal_abrupt_sticky,rf,always_rebuild,200,3,29159,dismissed,,false,error_down,0
agrawal_abrupt_sticky,rf,always_rebuild,200,4,12519,adapted,REBUILD,true,error_up,100000
agrawal_abrupt_sticky,rf,always_rebuild,200,4,25991,dismissed,,true,error_down,0
agrawal_abrupt_sticky,rf,always_rebuild,500,0,12551,adapted,REBUILD,true,error_up,100000
agrawal_abrupt_sticky,rf,always_rebuild,500,0,13159,adapted,REBUILD,true,error_down,60800
agrawal_abrupt_sticky,rf,always_rebuild,500,0,13799,dismissed,,false,error_down,0
agrawal_abrupt_sticky,rf,always_rebuild,500,0,25031,adapted,REBUILD,true,error_up,100000
agrawal_abrupt_sticky,rf,always_rebuild,500,0,25703,dismissed,,true,error_down,0
agrawal_abrupt_sticky,rf,always_rebuild,500,0,37575,adapted,REBUILD,true,error_up,100000
agrawal_abrupt_sticky,rf,always_rebuild,500,0,38695,dismissed,,false,error_down,0
agrawal_abrupt_sticky,rf,always_rebuild,500,0,42535,dismissed,,false,error_down,0
agrawal_abrupt_sticky,rf,always_rebuild,500,0,43559,dismissed,,false,error_up,0
agrawal_abrupt_sticky,rf,always_rebuild,500,0,48871,dismissed,,false,error_up,0
agrawal_abrupt_sticky,rf,always_rebuild,500,1,12551,adapted,REBUILD,true,error_up,100000
agrawal_abrupt_sticky,rf,always_rebuild,500,1,13159,adapted,REBUILD,true,error_down,60800
agrawal_abrupt_sticky,rf,always_rebuild,500,1,13767,dismissed,,false,error_down,0
agrawal_abrupt_sticky,rf,always_rebuild,500,1,25063,adapted,REBUILD,true,error_up,100000
agrawal_abrupt_sticky,rf,always_rebuild,500,1,25639,dismissed,,true,error_down,0
agrawal_abrupt_sticky,rf,always_rebuild,500,1,37543,adapted,REBUILD,true,error_up,100000
agrawal_abrupt_sticky,rf,always_rebuild,500,1,38119,dismissed,,true,error_down,0
agrawal_abrupt_sticky,rf,always_rebuild,500,2,12551,adapted,REBUILD,true,error_up,100000
agrawal_abrupt_sticky,rf,always_rebuild,500,2,13223,dismissed,,true,error_down,0
agrawal_abrupt_sticky,rf,always_rebuild,500,2,25063,adapted,REBUILD,true,error_up,100000
agrawal_abrupt_sticky,rf,always_rebuild,500,2,25863,dismissed,,true,error_down,0
agrawal_abrupt_sticky,rf,always_rebuild,500,2,37671,adapted,REBUILD,true,error_up,100000
agrawal_abrupt_sticky,rf,always_rebuild,500,2,38503,dismissed,,false,error_down,0
agrawal_abrupt_sticky,rf,always_rebuild,500,3,12551,adapted,REBUILD,true,error_up,100000
agrawal_abrupt_sticky,rf,always_rebuild,500,3,13095,adapted,REBUILD,true,error_down,54400
agrawal_abrupt_sticky,rf,always_rebuild,500,3,13735,dismissed,,false,error_down,0
agrawal_abrupt_sticky,rf,always_rebuild,500,3,25031,adapted,REBUILD,true,error_up,100000
agrawal_abrupt_sticky,rf,always_rebuild,500,3,25703,dismissed,,true,error_down,0
agrawal_abrupt_sticky,rf,always_rebuild,500,3,37639,adapted,REBUILD,true,error_up,100000
agrawal_abrupt_sticky,rf,always_rebuild,500,3,38823,dismissed,,false,error_down,0
agrawal_abrupt_sticky,rf,always_rebuild,500,3,43111,dismissed,,false,error_up,0
agrawal_abrupt_sticky,rf,always_rebuild,500,3,47495,dismissed,,false,error_up,0
agrawal_abrupt_sticky,rf,always_rebuild,500,4,12519,adapted,REBUILD,true,error_up,100000
agrawal_abrupt_sticky,rf,always_rebuild,500,4,13095,adapted,REBUILD,true,error_down,57600
agrawal_abrupt_sticky,rf,always_rebuild,500,4,13799,dismissed,,false,error_down,0
agrawal_abrupt_sticky,rf,always_rebuild,500,4,25031,adapted,REBUILD,true,error_up,100000
agrawal_abrupt_sticky,rf,always_rebuild,500,4,25671,dismissed,,true,error_down,0
agrawal_abrupt_sticky,rf,always_rebuild,500,4,37575,adapted,REBUILD,true,error_up,100000
agrawal_abrupt_sticky,rf,always_rebuild,500,4,38151,dismissed,,true,error_down,0
agrawal_abrupt_sticky,rf,mechanism_selector,0,0,12551,adapted,REBUILD,true,error_up,104000
agrawal_abrupt_sticky,rf,mechanism_selector,0,0,21191,adapted,SKIP,false,error_down,0
agrawal_abrupt_sticky,rf,mechanism_selector,0,0,27751,adapted,SKIP,false,error_down,0
agrawal_abrupt_sticky,rf,mechanism_selector,0,1,12551,adapted,REBUILD,true,error_up,104000
agrawal_abrupt_sticky,rf,mechanism_selector,0,1,25511,adapted,SKIP,true,error_down,0
agrawal_abrupt_sticky,rf,mechanism_selector,0,1,34695,adapted,SKIP,false,error_down,0
agrawal_abrupt_sticky,rf,mechanism_selector,0,1,45447,adapted,REBUILD,false,error_up,104000
agrawal_abrupt_sticky,rf,mechanism_selector,0,2,12551,adapted,REBUILD,true,error_up,104000
agrawal_abrupt_sticky,rf,mechanism_selector,0,2,25831,adapted,SKIP,true,error_down,0
agrawal_abrupt_sticky,rf,mechanism_selector,0,2,36295,adapted,SKIP,false,error_down,0
agrawal_abrupt_sticky,rf,mechanism_selector,0,3,12551,adapted,REBUILD,true,error_up,104000
agrawal_abrupt_sticky,rf,mechanism_selector,0,3,28967,adapted,SKIP,false,error_down,0
agrawal_abrupt_sticky,rf,mechanism_selector,0,3,29863,adapted,REBUILD,false,error_up,93180
agrawal_abrupt_sticky,rf,mechanism_selector,0,3,37543,adapted,REBUILD,true,error_up,104000
agrawal_abrupt_sticky,rf,mechanism_selector,0,3,38311,adapted,REBUILD,true,error_up,79870
agrawal_abrupt_sticky,rf,mechanism_selector,0,4,12519,adapted,REBUILD,true,error_up,104000
agrawal_abrupt_sticky,rf,mechanism_selector,0,4,25127,adapted,SKIP,true,error_down,0
agrawal_abrupt_sticky,rf,mechanism_selector,0,4,25991,adapted,SKIP,true,error_down,0
agrawal_abrupt_sticky,rf,mechanism_selector,0,4,29511,adapted,SKIP,false,error_down,0
agrawal_abrupt_sticky,rf,mechanism_selector,200,0,12551,adapted,REBUILD,true,error_up,104000
agrawal_abrupt_sticky,rf,mechanism_selector,200,0,21191,adapted,REBUILD,false,error_down,104000
agrawal_abrupt_sticky,rf,mechanism_selector,200,0,21447,dismissed,,false,error_down,0
agrawal_abrupt_sticky,rf,mechanism_selector,200,0,25031,adapted,REBUILD,true,error_up,104000
agrawal_abrupt_sticky,rf,mechanism_selector,200,0,39559,adapted,REBUILD,false,error_up,104000
agrawal_abrupt_sticky,rf,mechanism_selector,200,0,39815,dismissed,,false,error_down,0
agrawal_abrupt_sticky,rf,mechanism_selector,200,1,12551,adapted,REBUILD,true,error_up,104000
agrawal_abrupt_sticky,rf,mechanism_selector,200,1,29575,adapted,REBUILD,false,error_down,104000
agrawal_abrupt_sticky,rf,mechanism_selector,200,1,29863,dismissed,,false,error_down,0
agrawal_abrupt_sticky,rf,mechanism_selector,200,1,37511,adapted,REBUILD,true,error_up,104000
agrawal_abrupt_sticky,rf,mechanism_selector,200,1,41095,dismissed,,false,error_down,0
agrawal_abrupt_sticky,rf,mechanism_selector,200,1,45479,dismissed,,false,error_down,0
agrawal_abrupt_sticky,rf,mechanism_selector,200,1,46055,dismissed,,false,error_down,0
agrawal_abrupt_sticky,rf,mechanism_selector,200,1,48295,dismissed,,false,error_up,0
agrawal_abrupt_sticky,rf,mechanism_selector,200,2,12551,adapted,REBUILD,true,error_up,104000
agrawal_abrupt_sticky,rf,mechanism_selector,200,2,36231,dismissed,,false,error_down,0
agrawal_abrupt_sticky,rf,mechanism_selector,200,2,48583,dismissed,,false,error_up,0
agrawal_abrupt_sticky,rf,mechanism_selector,200,3,12551,adapted,REBUILD,true,error_up,104000
agrawal_abrupt_sticky,rf,mechanism_selector,200,3,29159,dismissed,,false,error_down,0
agrawal_abrupt_sticky,rf,mechanism_selector,200,4,12519,adapted,REBUILD,true,error_up,104000
agrawal_abrupt_sticky,rf,mechanism_selector,200,4,25991,dismissed,,true,error_down,0
agrawal_abrupt_sticky,rf,mechanism_selector,500,0,12551,adapted,REBUILD,true,error_up,104000
agrawal_abrupt_sticky,rf,mechanism_selector,500,0,13159,adapted,NUDGE,true,error_down,2430
agrawal_abrupt_sticky,rf,mechanism_selector,500,0,25095,adapted,REBUILD,true,error_up,104000
agrawal_abrupt_sticky,rf,mechanism_selector,500,0,25703,dismissed,,true,error_down,0
agrawal_abrupt_sticky,rf,mechanism_selector,500,0,37543,adapted,REBUILD,true,error_up,104000
agrawal_abrupt_sticky,rf,mechanism_selector,500,0,39015,dismissed,,false,error_down,0
agrawal_abrupt_sticky,rf,mechanism_selector,500,0,39911,dismissed,,false,error_down,0
agrawal_abrupt_sticky,rf,mechanism_selector,500,0,42535,dismissed,,false,error_down,0
agrawal_abrupt_sticky,rf,mechanism_selector,500,0,43559,dismissed,,false,error_up,0
agrawal_abrupt_sticky,rf,mechanism_selector,500,0,45831,dismissed,,false,error_up,0
agrawal_abrupt_sticky,rf,mechanism_selector,500,0,49095,dismissed,,false,error_up,0
agrawal_abrupt_sticky,rf,mechanism_selector,500,1,12551,adapted,REBUILD,true,error_up,104000
agrawal_abrupt_sticky,rf,mechanism_selector,500,1,13159,adapted,SKIP,true,error_down,0
agrawal_abrupt_sticky,rf,mechanism_selector,500,1,25063,adapted,REBUILD,true,error_up,104000
agrawal_abrupt_sticky,rf,mechanism_selector,500,1,25607,dismissed,,true,error_down,0
agrawal_abrupt_sticky,rf,mechanism_selector,500,1,37543,adapted,REBUILD,true,error_up,104000
agrawal_abrupt_sticky,rf,mechanism_selector,500,1,38119,dismissed,,true,error_down,0
agrawal_abrupt_sticky,rf,mechanism_selector,500,2,12551,adapted,REBUILD,true,error_up,104000
agrawal_abrupt_sticky,rf,mechanism_selector,500,2,13223,dismissed,,true,error_down,0
agrawal_abrupt_sticky,rf,mechanism_selector,500,2,25063,adapted,REBUILD,true,error_up,104000
agrawal_abrupt_sticky,rf,mechanism_selector,500,2,25863,dismissed,,true,error_down,0
agrawal_abrupt_sticky,rf,mechanism_selector,500,2,37671,adapted,REBUILD,true,error_up,104000
agrawal_abrupt_sticky,rf,mechanism_selector,500,2,38503,dismissed,,false,error_down,0
agrawal_abrupt_sticky,rf,mechanism_selector,500,3,12551,adapted,REBUILD,true,error_up,104000
agrawal_abrupt_sticky,rf,mechanism_selector,500,3,13095,adapted,REBUILD,true,error_down,56575
agrawal_abrupt_sticky,rf,mechanism_selector,500,3,13735,dismissed,,false,error_down,0
agrawal_abrupt_sticky,rf,mechanism_selector,500,3,25031,adapted,REBUILD,true,error_up,104000
agrawal_abrupt_sticky,rf,mechanism_selector,500,3,25703,dismissed,,true,error_down,0
agrawal_abrupt_sticky,rf,mechanism_selector,500,3,37639,adapted,REBUILD,true,error_up,104000
agrawal_abrupt_sticky,rf,mechanism_selector,500,3,38823,dismissed,,false,error_down,0
agrawal_abrupt_sticky,rf,mechanism_selector,500,3,43111,dismissed,,false,error_up,0
agrawal_abrupt_sticky,rf,mechanism_selector,500,3,47495,dismissed,,false,error_up,0
agrawal_abrupt_sticky,rf,mechanism_selector,500,4,12519,adapted,REBUILD,true,error_up,104000
agrawal_abrupt_sticky,rf,mechanism_selector,500,4,13095,adapted,REBUILD,true,error_down,59900
agrawal_abrupt_sticky,rf,mechanism_selector,500,4,13799,dismissed,,false,error_down,0
agrawal_abrupt_sticky,rf,mechanism_selector,500,4,25031,adapted,REBUILD,true,error_up,104000
agrawal_abrupt_sticky,rf,mechanism_selector,500,4,25671,dismissed,,true,error_down,0
agrawal_abrupt_sticky,rf,mechanism_selector,500,4,37575,adapted,REBUILD,true,error_up,104000
agrawal_abrupt_sticky,rf,mechanism_selector,500,4,38151,dismissed,,true,error_down,0
agrawal_abrupt_sticky,rf,never_adapt,0,0,12551,adapted,SKIP,true,error_up,0
agrawal_abrupt_sticky,rf,never_adapt,0,0,26439,adapted,SKIP,false,error_down,0
agrawal_abrupt_sticky,rf,never_adapt,0,0,48231,adapted,SKIP,false,error_up,0
agrawal_abrupt_sticky,rf,never_adapt,0,1,12551,adapted,SKIP,true,error_up,0
agrawal_abrupt_sticky,rf,never_adapt,0,1,23751,adapted,SKIP,false,error_down,0
agrawal_abrupt_sticky,rf,never_adapt,0,1,25511,adapted,SKIP,true,error_down,0
agrawal_abrupt_sticky,rf,never_adapt,0,1,34695,adapted,SKIP,false,error_down,0
agrawal_abrupt_sticky,rf,never_adapt,0,1,45447,adapted,SKIP,false,error_up,0
agrawal_abrupt_sticky,rf,never_adapt,0,2,12551,adapted,SKIP,true,error_up,0
agrawal_abrupt_sticky,rf,never_adapt,0,2,26311,adapted,SKIP,false,error_down,0
agrawal_abrupt_sticky,rf,never_adapt,0,2,36199,adapted,SKIP,false,error_down,0
agrawal_abrupt_sticky,rf,never_adapt,0,3,12551,adapted,SKIP,true,error_up,0
agrawal_abrupt_sticky,rf,never_adapt,0,3,29159,adapted,SKIP,false,error_down,0
agrawal_abrupt_sticky,rf,never_adapt,0,4,12519,adapted,SKIP,true,error_up,0
agrawal_abrupt_sticky,rf,never_adapt,0,4,25127,adapted,SKIP,true,error_down,0
agrawal_abrupt_sticky,rf,never_adapt,0,4,25991,adapted,SKIP,true,error_down,0
agrawal_abrupt_sticky,rf,never_adapt,0,4,29415,adapted,SKIP,false,error_down,0
agrawal_abrupt_sticky,rf,never_adapt,0,4,45127,adapted,SKIP,false,error_up,0
agrawal_abrupt_sticky,sgd,always_rebuild,0,0,5127,adapted,REBUILD,false,error_down,2560
agrawal_abrupt_sticky,sgd,always_rebuild,0,0,28167,adapted,REBUILD,false,error_down,73000
agrawal_abrupt_sticky,sgd,always_rebuild,0,0,30151,adapted,REBUILD,false,error_up,77000
agrawal_abrupt_sticky,sgd,always_rebuild,0,0,31655,adapted,REBUILD,false,error_down,51000
agrawal_abrupt_sticky,sgd,always_rebuild,0,0,32231,adapted,REBUILD,false,error_down,27648
agrawal_abrupt_sticky,sgd,always_rebuild,0,0,32647,adapted,REBUILD,false,error_up,21632
agrawal_abrupt_sticky,sgd,always_rebuild,0,0,33607,adapted,REBUILD,false,error_up,74880
agrawal_abrupt_sticky,sgd,always_rebuild,0,0,34023,adapted,REBUILD,false,error_up,25376
agrawal_abrupt_sticky,sgd,always_rebuild,0,0,34727,adapted,REBUILD,false,error_up,57728
agrawal_abrupt_sticky,sgd,always_rebuild,0,0,35687,adapted,REBUILD,false,error_up,66240
agrawal_abrupt_sticky,sgd,always_rebuild,0,0,37831,adapted,REBUILD,true,error_down,47000
agrawal_abrupt_sticky,sgd,always_rebuild,0,0,38279,adapted,REBUILD,true,error_up,30464
agrawal_abrupt_sticky,sgd,always_rebuild,0,1,25607,adapted,REBUILD,true,error_up,74000
agrawal_abrupt_sticky,sgd,always_rebuild,0,1,42983,adapted,REBUILD,false,error_up,39000
agrawal_abrupt_sticky,sgd,always_rebuild,0,2,5607,adapted,REBUILD,false,error_up,37088
agrawal_abrupt_sticky,sgd,always_rebuild,0,2,6247,adapted,REBUILD,false,error_down,32000
agrawal_abrupt_sticky,sgd,always_rebuild,0,2,13639,adapted,REBUILD,false,error_up,57000
agrawal_abrupt_sticky,sgd,always_rebuild,0,2,13799,adapted,REBUILD,false,error_down,5920
agrawal_abrupt_sticky,sgd,always_rebuild,0,2,14663,adapted,REBUILD,false,error_up,59616
agrawal_abrupt_sticky,sgd,always_rebuild,0,2,26727,adapted,REBUILD,false,error_up,70000
agrawal_abrupt_sticky,sgd,always_rebuild,0,2,27655,adapted,REBUILD,false,error_up,60320
agrawal_abrupt_sticky,sgd,always_rebuild,0,2,29031,adapted,REBUILD,false,error_down,91000
agrawal_abrupt_sticky,sgd,always_rebuild,0,2,30311,adapted,REBUILD,false,error_up,75000
agrawal_abrupt_sticky,sgd,always_rebuild,0,2,30599,adapted,REBUILD,false,error_down,13824
agrawal_abrupt_sticky,sgd,always_rebuild,0,2,36199,adapted,REBUILD,false,error_up,39000
agrawal_abrupt_sticky,sgd,always_rebuild,0,2,38727,adapted,REBUILD,false,error_up,63000
agrawal_abrupt_sticky,sgd,always_rebuild,0,3,13543,adapted,REBUILD,false,error_down,69000
agrawal_abrupt_sticky,sgd,always_rebuild,0,3,25223,adapted,REBUILD,true,error_up,94000
agrawal_abrupt_sticky,sgd,always_rebuild,0,3,25639,adapted,REBUILD,true,error_up,27040
agrawal_abrupt_sticky,sgd,always_rebuild,0,3,26215,adapted,REBUILD,false,error_up,35136
agrawal_abrupt_sticky,sgd,always_rebuild,0,3,29159,adapted,REBUILD,false,error_down,91000
agrawal_abrupt_sticky,sgd,always_rebuild,0,3,29543,adapted,REBUILD,false,error_up,16896
agrawal_abrupt_sticky,sgd,always_rebuild,0,3,30247,adapted,REBUILD,false,error_down,41536
agrawal_abrupt_sticky,sgd,always_rebuild,0,3,30631,adapted,REBUILD,false,error_down,26496
agrawal_abrupt_sticky,sgd,always_rebuild,0,3,31463,adapted,REBUILD,false,error_up,70720
agrawal_abrupt_sticky,sgd,always_rebuild,0,3,31815,adapted,REBUILD,false,error_up,13376
agrawal_abrupt_sticky,sgd,always_rebuild,0,3,32199,adapted,REBUILD,false,error_up,15744
agrawal_abrupt_sticky,sgd,always_rebuild,0,3,33255,adapted,REBUILD,false,error_down,127000
agrawal_abrupt_sticky,sgd,always_rebuild,0,3,33543,adapted,REBUILD,false,error_up,15264
agrawal_abrupt_sticky,sgd,always_rebuild,0,3,33799,adapted,REBUILD,false,error_up,9984
agrawal_abrupt_sticky,sgd,always_rebuild,0,3,34087,adapted,REBUILD,false,error_down,15552
agrawal_abrupt_sticky,sgd,always_rebuild,0,3,34631,adapted,REBUILD,false,error_up,31008
agrawal_abrupt_sticky,sgd,always_rebuild,0,3,34855,adapted,REBUILD,false,error_up,12096
agrawal_abrupt_sticky,sgd,always_rebuild,0,3,37575,adapted,REBUILD,true,error_down,78000
agrawal_abrupt_sticky,sgd,always_rebuild,0,3,37895,adapted,REBUILD,true,error_down,13760
agrawal_abrupt_sticky,sgd,always_rebuild,0,4,6183,adapted,REBUILD,false,error_down,71000
agrawal_abrupt_sticky,sgd,always_rebuild,0,4,8103,adapted,REBUILD,false,error_up,79000
agrawal_abrupt_sticky,sgd,always_rebuild,0,4,9159,adapted,REBUILD,false,error_down,74000
agrawal_abrupt_sticky,sgd,always_rebuild,0,4,9415,adapted,REBUILD,false,error_up,8448
agrawal_abrupt_sticky,sgd,always_rebuild,0,4,10439,adapted,REBUILD,false,error_up,63000
agrawal_abrupt_sticky,sgd,always_rebuild,0,4,27687,adapted,REBUILD,false,error_up,102000
agrawal_abrupt_sticky,sgd,always_rebuild,0,4,28871,adapted,REBUILD,false,error_up,85000
agrawal_abrupt_sticky,sgd,always_rebuild,0,4,29319,adapted,REBUILD,false,error_down,30464
agrawal_abrupt_sticky,sgd,always_rebuild,0,4,30279,adapted,REBUILD,false,error_up,52800
agrawal_abrupt_sticky,sgd,always_rebuild,0,4,30375,adapted,REBUILD,false,error_up,3800
agrawal_abrupt_sticky,sgd,always_rebuild,0,4,30855,adapted,REBUILD,false,error_up,18088
agrawal_abrupt_sticky,sgd,always_rebuild,0,4,31559,adapted,REBUILD,false,error_up,59840
agrawal_abrupt_sticky,sgd,always_rebuild,0,4,34631,adapted,REBUILD,false,error_down,94000
agrawal_abrupt_sticky,sgd,always_rebuild,0,4,35111,adapted,REBUILD,false,error_down,22080
agrawal_abrupt_sticky,sgd,always_rebuild,0,4,35495,adapted,REBUILD,false,error_up,29568
agrawal_abrupt_sticky,sgd,always_rebuild,0,4,36455,adapted,REBUILD,false,error_up,52800
agrawal_abrupt_sticky,sgd,always_rebuild,0,4,36711,adapted,REBUILD,false,error_up,14592
agrawal_abrupt_sticky,sgd,always_rebuild,0,4,37383,adapted,REBUILD,false,error_up,53760
agrawal_abrupt_sticky,sgd,always_rebuild,0,4,37543,adapted,REBUILD,true,error_up,4320
agrawal_abrupt_sticky,sgd,always_rebuild,0,4,40935,adapted,REBUILD,false,error_up,49000
agrawal_abrupt_sticky,sgd,always_rebuild,200,0,5127,adapted,REBUILD,false,error_down,20008
agrawal_abrupt_sticky,sgd,always_rebuild,200,0,11559,dismissed,,false,error_up,0
agrawal_abrupt_sticky,sgd,always_rebuild,200,0,13639,dismissed,,false,error_up,0
agrawal_abrupt_sticky,sgd,always_rebuild,200,0,21223,adapted,REBUILD,false,error_down,80000
agrawal_abrupt_sticky,sgd,always_rebuild,200,0,21543,adapted,REBUILD,false,error_down,8000
agrawal_abrupt_sticky,sgd,always_rebuild,200,0,22215,dismissed,,false,error_down,0
agrawal_abrupt_sticky,sgd,always_rebuild,200,0,22663,dismissed,,false,error_up,0
agrawal_abrupt_sticky,sgd,always_rebuild,200,0,23111,adapted,REBUILD,false,error_down,61000
agrawal_abrupt_sticky,sgd,always_rebuild,200,0,23751,adapted,REBUILD,false,error_down,62080
agrawal_abrupt_sticky,sgd,always_rebuild,200,0,25063,dismissed,,true,error_down,0
agrawal_abrupt_sticky,sgd,always_rebuild,200,0,27527,dismissed,,false,error_up,0
agrawal_abrupt_sticky,sgd,always_rebuild,200,0,37607,dismissed,,true,error_up,0
agrawal_abrupt_sticky,sgd,always_rebuild,200,0,38311,dismissed,,true,error_up,0
agrawal_abrupt_sticky,sgd,always_rebuild,200,0,42535,adapted,REBUILD,false,error_down,59000
agrawal_abrupt_sticky,sgd,always_rebuild,200,0,42791,dismissed,,false,error_down,0
agrawal_abrupt_sticky,sgd,always_rebuild,200,1,25607,adapted,REBUILD,true,error_up,65000
agrawal_abrupt_sticky,sgd,always_rebuild,200,1,25895,adapted,REBUILD,true,error_down,12960
agrawal_abrupt_sticky,sgd,always_rebuild,200,1,26567,adapted,REBUILD,false,error_down,45024
agrawal_abrupt_sticky,sgd,always_rebuild,200,1,26887,dismissed,,false,error_up,0
agrawal_abrupt_sticky,sgd,always_rebuild,200,1,37895,adapted,REBUILD,true,error_up,58000
agrawal_abrupt_sticky,sgd,always_rebuild,200,1,38151,adapted,REBUILD,true,error_down,4096
agrawal_abrupt_sticky,sgd,always_rebuild,200,1,39079,dismissed,,false,error_down,0
agrawal_abrupt_sticky,sgd,always_rebuild,200,2,5607,dismissed,,false,error_up,0
agrawal_abrupt_sticky,sgd,always_rebuild,200,2,6247,dismissed,,false,error_up,0
agrawal_abrupt_sticky,sgd,always_rebuild,200,2,7143,adapted,REBUILD,false,error_up,89000
agrawal_abrupt_sticky,sgd,always_rebuild,200,2,19271,dismissed,,false,error_down,0
agrawal_abrupt_sticky,sgd,always_rebuild,200,2,25127,dismissed,,true,error_down,0
agrawal_abrupt_sticky,sgd,always_rebuild,200,2,38311,dismissed,,true,error_up,0
agrawal_abrupt_sticky,sgd,always_rebuild,200,2,45031,dismissed,,false,error_up,0
agrawal_abrupt_sticky,sgd,always_rebuild,200,3,13543,dismissed,,false,error_down,0
agrawal_abrupt_sticky,sgd,always_rebuild,200,3,25127,dismissed,,true,error_down,0
agrawal_abrupt_sticky,sgd,always_rebuild,200,3,25799,dismissed,,true,error_up,0
agrawal_abrupt_sticky,sgd,always_rebuild,200,3,38439,dismissed,,true,error_up,0
agrawal_abrupt_sticky,sgd,always_rebuild,200,3,49511,dismissed,,false,error_up,0
agrawal_abrupt_sticky,sgd,always_rebuild,200,4,6183,dismissed,,false,error_down,0
agrawal_abrupt_sticky,sgd,always_rebuild,200,4,12711,dismissed,,true,error_down,0
agrawal_abrupt_sticky,sgd,always_rebuild,200,4,16199,dismissed,,false,error_down,0
agrawal_abrupt_sticky,sgd,always_rebuild,200,4,25543,dismissed,,true,error_down,0
agrawal_abrupt_sticky,sgd,always_rebuild,200,4,37607,dismissed,,true,error_up,0
agrawal_abrupt_sticky,sgd,always_rebuild,200,4,41063,dismissed,,false,error_up,0
agrawal_abrupt_sticky,sgd,always_rebuild,500,0,5127,adapted,REBUILD,false,error_down,64684
agrawal_abrupt_sticky,sgd,always_rebuild,500,0,5959,dismissed,,false,error_down,0
agrawal_abrupt_sticky,sgd,always_rebuild,500,0,6695,dismissed,,false,error_down,0
agrawal_abrupt_sticky,sgd,always_rebuild,500,0,8167,dismissed,,false,error_up,0
agrawal_abrupt_sticky,sgd,always_rebuild,500,0,8775,dismissed,,false,error_down,0
agrawal_abrupt_sticky,sgd,always_rebuild,500,0,9351,dismissed,,false,error_up,0
agrawal_abrupt_sticky,sgd,always_rebuild,500,0,10087,dismissed,,false,error_up,0
agrawal_abrupt_sticky,sgd,always_rebuild,500,0,11239,dismissed,,false,error_up,0
agrawal_abrupt_sticky,sgd,always_rebuild,500,0,12295,dismissed,,false,error_down,0
agrawal_abrupt_sticky,sgd,always_rebuild,500,0,12967,adapted,REBUILD,true,error_up,69000
agrawal_abrupt_sticky,sgd,always_rebuild,500,0,37767,dismissed,,true,error_up,0
agrawal_abrupt_sticky,sgd,always_rebuild,500,1,25607,adapted,REBUILD,true,error_up,147000
agrawal_abrupt_sticky,sgd,always_rebuild,500,1,26247,dismissed,,false,error_down,0
agrawal_abrupt_sticky,sgd,always_rebuild,500,1,27047,dismissed,,false,error_up,0
agrawal_abrupt_sticky,sgd,always_rebuild,500,1,27655,adapted,REBUILD,false,error_up,83000
agrawal_abrupt_sticky,sgd,always_rebuild,500,1,34695,adapted,REBUILD,false,error_up,89000
agrawal_abrupt_sticky,sgd,always_rebuild,500,1,35271,dismissed,,false,error_up,0
agrawal_abrupt_sticky,sgd,always_rebuild,500,1,35847,dismissed,,false,error_down,0
agrawal_abrupt_sticky,sgd,always_rebuild,500,1,36967,dismissed,,false,error_down,0
agrawal_abrupt_sticky,sgd,always_rebuild,500,1,37543,dismissed,,true,error_down,0
agrawal_abrupt_sticky,sgd,always_rebuild,500,1,41063,dismissed,,false,error_up,0
agrawal_abrupt_sticky,sgd,always_rebuild,500,1,42567,dismissed,,false,error_down,0
agrawal_abrupt_sticky,sgd,always_rebuild,500,1,44167,dismissed,,false,error_up,0
agrawal_abrupt_sticky,sgd,always_rebuild,500,1,45095,dismissed,,false,error_up,0
agrawal_abrupt_sticky,sgd,always_rebuild,500,1,45959,dismissed,,false,error_up,0
agrawal_abrupt_sticky,sgd,always_rebuild,500,1,46599,dismissed,,false,error_down,0
agrawal_abrupt_sticky,sgd,always_rebuild,500,1,47335,dismissed,,false,error_down,0
agrawal_abrupt_sticky,sgd,always_rebuild,500,1,48231,dismissed,,false,error_down,0
agrawal_abrupt_sticky,sgd,always_rebuild,500,1,49031,dismissed,,false,error_down,0
agrawal_abrupt_sticky,sgd,always_rebuild,500,2,5607,dismissed,,false,error_up,0
agrawal_abrupt_sticky,sgd,always_rebuild,500,2,6247,dismissed,,false,error_up,0
agrawal_abrupt_sticky,sgd,always_rebuild,500,2,7143,adapted,REBUILD,false,error_up,99000
agrawal_abrupt_sticky,sgd,always_rebuild,500,2,7815,dismissed,,false,error_up,0
agrawal_abrupt_sticky,sgd,always_rebuild,500,2,10855,dismissed,,false,error_down,0
agrawal_abrupt_sticky,sgd,always_rebuild,500,2,12327,dismissed,,false,error_up,0
agrawal_abrupt_sticky,sgd,always_rebuild,500,2,13095,dismissed,,true,error_down,0
agrawal_abrupt_sticky,sgd,always_rebuild,500,2,13703,dismissed,,false,error_down,0
agrawal_abrupt_sticky,sgd,always_rebuild,500,2,14663,dismissed,,false,error_up,0
agrawal_abrupt_sticky,sgd,always_rebuild,500,2,17831,dismissed,,false,error_up,0
agrawal_abrupt_sticky,sgd,always_rebuild,500,2,18919,dismissed,,false,error_down,0
agrawal_abrupt_sticky,sgd,always_rebuild,500,2,19559,dismissed,,false,error_up,0
agrawal_abrupt_sticky,sgd,always_rebuild,500,2,20743,dismissed,,false,error_up,0
agrawal_abrupt_sticky,sgd,always_rebuild,500,2,21831,dismissed,,false,error_up,0
agrawal_abrupt_sticky,sgd,always_rebuild,500,2,22599,dismissed,,false,error_up,0
agrawal_abrupt_sticky,sgd,always_rebuild,500,2,25063,dismissed,,true,error_down,0
agrawal_abrupt_sticky,sgd,always_rebuild,500,2,25703,dismissed,,true,error_up,0
agrawal_abrupt_sticky,sgd,always_rebuild,500,2,26599,dismissed,,false,error_down,0
agrawal_abrupt_sticky,sgd,always_rebuild,500,2,27655,dismissed,,false,error_up,0
agrawal_abrupt_sticky,sgd,always_rebuild,500,2,30599,dismissed,,false,error_up,0
agrawal_abrupt_sticky,sgd,always_rebuild,500,2,31975,dismissed,,false,error_up,0
agrawal_abrupt_sticky,sgd,always_rebuild,500,2,33223,dismissed,,false,error_up,0
agrawal_abrupt_sticky,sgd,always_rebuild,500,2,35015,dismissed,,false,error_up,0
agrawal_abrupt_sticky,sgd,always_rebuild,500,2,36167,dismissed,,false,error_up,0
agrawal_abrupt_sticky,sgd,always_rebuild,500,2,36775,dismissed,,false,error_down,0
agrawal_abrupt_sticky,sgd,always_rebuild,500,2,37511,dismissed,,true,error_up,0
agrawal_abrupt_sticky,sgd,always_rebuild,500,2,38215,dismissed,,true,error_up,0
agrawal_abrupt_sticky,sgd,always_rebuild,500,2,39175,dismissed,,false,error_down,0
agrawal_abrupt_sticky,sgd,always_rebuild,500,2,40551,dismissed,,false,error_up,0
agrawal_abrupt_sticky,sgd,always_rebuild,500,2,41063,dismissed,,false,error_down,0
agrawal_abrupt_sticky,sgd,always_rebuild,500,2,41671,dismissed,,false,error_down,0
agrawal_abrupt_sticky,sgd,always_rebuild,500,2,42279,dismissed,,false,error_down,0
agrawal_abrupt_sticky,sgd,always_rebuild,500,2,44071,dismissed,,false,error_down,0
agrawal_abrupt_sticky,sgd,always_rebuild,500,2,44903,dismissed,,false,error_up,0
agrawal_abrupt_sticky,sgd,always_rebuild,500,2,45575,dismissed,,false,error_down,0
agrawal_abrupt_sticky,sgd,always_rebuild,500,2,46119,dismissed,,false,error_down,0
agrawal_abrupt_sticky,sgd,always_rebuild,500,2,47111,dismissed,,false,error_up,0
agrawal_abrupt_sticky,sgd,always_rebuild,500,2,48071,dismissed,,false,error_down,0
agrawal_abrupt_sticky,sgd,always_rebuild,500,2,48647,dismissed,,false,error_down,0
agrawal_abrupt_sticky,sgd,always_rebuild,500,3,13543,dismissed,,false,error_down,0
agrawal_abrupt_sticky,sgd,always_rebuild,500,3,25127,dismissed,,true,error_down,0
agrawal_abrupt_sticky,sgd,always_rebuild,500,3,25799,dismissed,,true,error_up,0
agrawal_abrupt_sticky,sgd,always_rebuild,500,3,38439,dismissed,,true,error_up,0
agrawal_abrupt_sticky,sgd,always_rebuild,500,4,6183,dismissed,,false,error_down,0
agrawal_abrupt_sticky,sgd,always_rebuild,500,4,12711,dismissed,,true,error_down,0
agrawal_abrupt_sticky,sgd,always_rebuild,500,4,16199,dismissed,,false,error_down,0
agrawal_abrupt_sticky,sgd,always_rebuild,500,4,25543,dismissed,,true,error_down,0
agrawal_abrupt_sticky,sgd,always_rebuild,500,4,37607,dismissed,,true,error_up,0
agrawal_abrupt_sticky,sgd,always_rebuild,500,4,41063,dismissed,,false,error_up,0
agrawal_abrupt_sticky,sgd,mechanism_selector,0,0,5127,adapted,REBUILD,false,error_down,2560
agrawal_abrupt_sticky,sgd,mechanism_selector,0,0,28167,adapted,SKIP,false,error_down,0
agrawal_abrupt_sticky,sgd,mechanism_selector,0,1,25607,adapted,NUDGE,true,error_up,800
agrawal_abrupt_sticky,sgd,mechanism_selector,0,1,26087,adapted,REBUILD,false,error_up,20544
agrawal_abrupt_sticky,sgd,mechanism_selector,0,1,34695,adapted,REBUILD,false,error_up,43800
agrawal_abrupt_sticky,sgd,mechanism_selector,0,1,35143,adapted,REBUILD,false,error_up,25894
agrawal_abrupt_sticky,sgd,mechanism_selector,0,1,35847,adapted,SKIP,false,error_down,0
agrawal_abrupt_sticky,sgd,mechanism_selector,0,1,36295,adapted,SKIP,false,error_down,0
agrawal_abrupt_sticky,sgd,mechanism_selector,0,1,36871,adapted,SKIP,false,error_down,0
agrawal_abrupt_sticky,sgd,mechanism_selector,0,1,37543,adapted,SKIP,true,error_down,0
agrawal_abrupt_sticky,sgd,mechanism_selector,0,1,37639,adapted,REBUILD,true,error_up,2300
agrawal_abrupt_sticky,sgd,mechanism_selector,0,2,5607,adapted,REBUILD,false,error_up,37574
agrawal_abrupt_sticky,sgd,mechanism_selector,0,2,6247,adapted,SKIP,false,error_down,0
agrawal_abrupt_sticky,sgd,mechanism_selector,0,2,6439,adapted,REBUILD,false,error_down,5184
agrawal_abrupt_sticky,sgd,mechanism_selector,0,2,7143,adapted,REBUILD,false,error_up,42803
agrawal_abrupt_sticky,sgd,mechanism_selector,0,2,13639,adapted,SKIP,false,error_down,0
agrawal_abrupt_sticky,sgd,mechanism_selector,0,2,14695,adapted,REBUILD,false,error_up,127800
agrawal_abrupt_sticky,sgd,mechanism_selector,0,2,17095,adapted,REBUILD,false,error_up,110800
agrawal_abrupt_sticky,sgd,mechanism_selector,0,2,17831,adapted,SKIP,false,error_down,0
agrawal_abrupt_sticky,sgd,mechanism_selector,0,2,18663,adapted,SKIP,false,error_down,0
agrawal_abrupt_sticky,sgd,mechanism_selector,0,2,18919,adapted,REBUILD,false,error_up,9676
agrawal_abrupt_sticky,sgd,mechanism_selector,0,2,19495,adapted,REBUILD,false,error_up,37900
agrawal_abrupt_sticky,sgd,mechanism_selector,0,2,20743,adapted,NUDGE,false,error_up,800
agrawal_abrupt_sticky,sgd,mechanism_selector,0,2,21799,adapted,SKIP,false,error_down,0
agrawal_abrupt_sticky,sgd,mechanism_selector,0,2,23911,adapted,NUDGE,false,error_up,800
agrawal_abrupt_sticky,sgd,mechanism_selector,0,2,25063,adapted,SKIP,true,error_down,0
agrawal_abrupt_sticky,sgd,mechanism_selector,0,2,25223,adapted,REBUILD,true,error_up,4000
agrawal_abrupt_sticky,sgd,mechanism_selector,0,2,25703,adapted,REBUILD,true,error_up,24384
agrawal_abrupt_sticky,sgd,mechanism_selector,0,2,26567,adapted,NUDGE,false,error_up,691
agrawal_abrupt_sticky,sgd,mechanism_selector,0,2,27655,adapted,REBUILD,false,error_up,71800
agrawal_abrupt_sticky,sgd,mechanism_selector,0,2,38343,adapted,NUDGE,true,error_up,800
agrawal_abrupt_sticky,sgd,mechanism_selector,0,3,13543,adapted,SKIP,false,error_down,0
agrawal_abrupt_sticky,sgd,mechanism_selector,0,3,25127,adapted,SKIP,true,error_down,0
agrawal_abrupt_sticky,sgd,mechanism_selector,0,3,25799,adapted,REBUILD,true,error_up,44889
agrawal_abrupt_sticky,sgd,mechanism_selector,0,3,26183,adapted,REBUILD,false,error_up,22579
agrawal_abrupt_sticky,sgd,mechanism_selector,0,3,26823,adapted,SKIP,false,error_down,0
agrawal_abrupt_sticky,sgd,mechanism_selector,0,3,27303,adapted,REBUILD,false,error_up,24864
agrawal_abrupt_sticky,sgd,mechanism_selector,0,3,37575,adapted,SKIP,true,error_down,0
agrawal_abrupt_sticky,sgd,mechanism_selector,0,3,38375,adapted,SKIP,true,error_down,0
agrawal_abrupt_sticky,sgd,mechanism_selector,0,3,40359,adapted,NUDGE,false,error_up,800
agrawal_abrupt_sticky,sgd,mechanism_selector,0,4,6183,adapted,SKIP,false,error_down,0
agrawal_abrupt_sticky,sgd,mechanism_selector,0,4,12711,adapted,SKIP,true,error_down,0
agrawal_abrupt_sticky,sgd,mechanism_selector,0,4,16199,adapted,SKIP,false,error_down,0
agrawal_abrupt_sticky,sgd,mechanism_selector,0,4,25543,adapted,SKIP,true,error_down,0
agrawal_abrupt_sticky,sgd,mechanism_selector,0,4,37607,adapted,REBUILD,true,error_up,86800
agrawal_abrupt_sticky,sgd,mechanism_selector,0,4,38503,adapted,SKIP,false,error_down,0
agrawal_abrupt_sticky,sgd,mechanism_selector,0,4,39111,adapted,NUDGE,false,error_up,486
agrawal_abrupt_sticky,sgd,mechanism_selector,200,0,5127,adapted,SKIP,false,error_down,0
agrawal_abrupt_sticky,sgd,mechanism_selector,200,0,5959,adapted,SKIP,false,error_down,0
agrawal_abrupt_sticky,sgd,mechanism_selector,200,0,6183,dismissed,,false,error_up,0
agrawal_abrupt_sticky,sgd,mechanism_selector,200,0,6695,dismissed,,false,error_down,0
agrawal_abrupt_sticky,sgd,mechanism_selector,200,0,8231,dismissed,,false,error_up,0
agrawal_abrupt_sticky,sgd,mechanism_selector,200,0,8455,dismissed,,false,error_up,0
agrawal_abrupt_sticky,sgd,mechanism_selector,200,0,8807,dismissed,,false,error_down,0
agrawal_abrupt_sticky,sgd,mechanism_selector,200,0,9063,dismissed,,false,error_down,0
agrawal_abrupt_sticky,sgd,mechanism_selector,200,0,9447,dismissed,,false,error_down,0
agrawal_abrupt_sticky,sgd,mechanism_selector,200,0,10087,dismissed,,false,error_up,0
agrawal_abrupt_sticky,sgd,mechanism_selector,200,0,11239,adapted,NUDGE,false,error_up,800
agrawal_abrupt_sticky,sgd,mechanism_selector,200,0,26183,adapted,NUDGE,false,error_down,800
agrawal_abrupt_sticky,sgd,mechanism_selector,200,0,26535,dismissed,,false,error_down,0
agrawal_abrupt_sticky,sgd,mechanism_selector,200,0,26887,dismissed,,false,error_up,0
agrawal_abrupt_sticky,sgd,mechanism_selector,200,0,27527,adapted,REBUILD,false,error_up,94800
agrawal_abrupt_sticky,sgd,mechanism_selector,200,0,28039,dismissed,,false,error_down,0
agrawal_abrupt_sticky,sgd,mechanism_selector,200,0,28327,dismissed,,false,error_up,0
agrawal_abrupt_sticky,sgd,mechanism_selector,200,0,30151,dismissed,,false,error_up,0
agrawal_abrupt_sticky,sgd,mechanism_selector,200,0,31655,dismissed,,false,error_down,0
agrawal_abrupt_sticky,sgd,mechanism_selector,200,0,32231,dismissed,,false,error_down,0
agrawal_abrupt_sticky,sgd,mechanism_selector,200,0,32647,dismissed,,false,error_up,0
agrawal_abrupt_sticky,sgd,mechanism_selector,200,0,33607,dismissed,,false,error_up,0
agrawal_abrupt_sticky,sgd,mechanism_selector,200,0,34023,dismissed,,false,error_up,0
agrawal_abrupt_sticky,sgd,mechanism_selector,200,0,34695,dismissed,,false,error_down,0
agrawal_abrupt_sticky,sgd,mechanism_selector,200,0,35687,dismissed,,false,error_up,0
agrawal_abrupt_sticky,sgd,mechanism_selector,200,0,36007,dismissed,,false,error_up,0
agrawal_abrupt_sticky,sgd,mechanism_selector,200,0,36519,dismissed,,false,error_down,0
agrawal_abrupt_sticky,sgd,mechanism_selector,200,0,37095,dismissed,,false,error_up,0
agrawal_abrupt_sticky,sgd,mechanism_selector,200,0,37415,adapted,REBUILD,false,error_up,93800
agrawal_abrupt_sticky,sgd,mechanism_selector,200,0,38119,adapted,REBUILD,true,error_up,49139
agrawal_abrupt_sticky,sgd,mechanism_selector,200,0,38343,dismissed,,true,error_down,0
agrawal_abrupt_sticky,sgd,mechanism_selector,200,1,25607,adapted,NUDGE,true,error_up,800
agrawal_abrupt_sticky,sgd,mechanism_selector,200,1,25863,adapted,REBUILD,true,error_down,10700
agrawal_abrupt_sticky,sgd,mechanism_selector,200,1,27303,dismissed,,false,error_up,0
agrawal_abrupt_sticky,sgd,mechanism_selector,200,1,27655,adapted,REBUILD,false,error_up,109800
agrawal_abrupt_sticky,sgd,mechanism_selector,200,1,28103,dismissed,,false,error_down,0
agrawal_abrupt_sticky,sgd,mechanism_selector,200,1,28871,dismissed,,false,error_up,0
agrawal_abrupt_sticky,sgd,mechanism_selector,200,1,30087,dismissed,,false,error_down,0
agrawal_abrupt_sticky,sgd,mechanism_selector,200,1,30791,dismissed,,false,error_up,0
agrawal_abrupt_sticky,sgd,mechanism_selector,200,1,31751,dismissed,,false,error_up,0
agrawal_abrupt_sticky,sgd,mechanism_selector,200,1,32583,dismissed,,false,error_up,0
agrawal_abrupt_sticky,sgd,mechanism_selector,200,1,33575,dismissed,,false,error_up,0
agrawal_abrupt_sticky,sgd,mechanism_selector,200,1,34535,adapted,REBUILD,false,error_up,66800
agrawal_abrupt_sticky,sgd,mechanism_selector,200,1,34759,dismissed,,false,error_down,0
agrawal_abrupt_sticky,sgd,mechanism_selector,200,1,35175,dismissed,,false,error_up,0
agrawal_abrupt_sticky,sgd,mechanism_selector,200,1,35527,dismissed,,false,error_up,0
agrawal_abrupt_sticky,sgd,mechanism_selector,200,1,35751,adapted,REBUILD,false,error_up,54800
agrawal_abrupt_sticky,sgd,mechanism_selector,200,1,36039,dismissed,,false,error_up,0
agrawal_abrupt_sticky,sgd,mechanism_selector,200,1,38503,dismissed,,false,error_down,0
agrawal_abrupt_sticky,sgd,mechanism_selector,200,2,5607,dismissed,,false,error_up,0
agrawal_abrupt_sticky,sgd,mechanism_selector,200,2,6247,dismissed,,false,error_up,0
agrawal_abrupt_sticky,sgd,mechanism_selector,200,2,7143,adapted,REBUILD,false,error_up,89800
agrawal_abrupt_sticky,sgd,mechanism_selector,200,2,19271,dismissed,,false,error_down,0
agrawal_abrupt_sticky,sgd,mechanism_selector,200,2,25127,dismissed,,true,error_down,0
agrawal_abrupt_sticky,sgd,mechanism_selector,200,2,38311,dismissed,,true,error_up,0
agrawal_abrupt_sticky,sgd,mechanism_selector,200,2,45031,dismissed,,false,error_up,0
agrawal_abrupt_sticky,sgd,mechanism_selector,200,3,13543,dismissed,,false,error_down,0
agrawal_abrupt_sticky,sgd,mechanism_selector,200,3,25127,dismissed,,true,error_down,0
agrawal_abrupt_sticky,sgd,mechanism_selector,200,3,25799,dismissed,,true,error_up,0
agrawal_abrupt_sticky,sgd,mechanism_selector,200,3,38439,dismissed,,true,error_up,0
agrawal_abrupt_sticky,sgd,mechanism_selector,200,3,49511,dismissed,,false,error_up,0
agrawal_abrupt_sticky,sgd,mechanism_selector,200,4,6183,dismissed,,false,error_down,0
agrawal_abrupt_sticky,sgd,mechanism_selector,200,4,12711,dismissed,,true,error_down,0
agrawal_abrupt_sticky,sgd,mechanism_selector,200,4,16199,dismissed,,false,error_down,0
agrawal_abrupt_sticky,sgd,mechanism_selector,200,4,25543,dismissed,,true,error_down,0
agrawal_abrupt_sticky,sgd,mechanism_selector,200,4,37607,dismissed,,true,error_up,0
agrawal_abrupt_sticky,sgd,mechanism_selector,200,4,41063,dismissed,,false,error_up,0
agrawal_abrupt_sticky,sgd,mechanism_selector,500,0,5127,adapted,SKIP,false,error_down,0
agrawal_abrupt_sticky,sgd,mechanism_selector,500,0,5959,dismissed,,false,error_down,0
agrawal_abrupt_sticky,sgd,mechanism_selector,500,0,6695,dismissed,,false,error_down,0
agrawal_abrupt_sticky,sgd,mechanism_selector,500,0,8231,dismissed,,false,error_up,0
agrawal_abrupt_sticky,sgd,mechanism_selector,500,0,8807,dismissed,,false,error_down,0
agrawal_abrupt_sticky,sgd,mechanism_selector,500,0,9447,dismissed,,false,error_down,0
agrawal_abrupt_sticky,sgd,mechanism_selector,500,0,10087,dismissed,,false,error_up,0
agrawal_abrupt_sticky,sgd,mechanism_selector,500,0,11239,dismissed,,false,error_up,0
agrawal_abrupt_sticky,sgd,mechanism_selector,500,0,12327,dismissed,,false,error_down,0
agrawal_abrupt_sticky,sgd,mechanism_selector,500,0,12967,adapted,REBUILD,true,error_up,69800
agrawal_abrupt_sticky,sgd,mechanism_selector,500,0,37767,dismissed,,true,error_up,0
agrawal_abrupt_sticky,sgd,mechanism_selector,500,1,25607,adapted,SKIP,true,error_up,0
agrawal_abrupt_sticky,sgd,mechanism_selector,500,1,38439,dismissed,,true,error_down,0
agrawal_abrupt_sticky,sgd,mechanism_selector,500,2,5607,dismissed,,false,error_up,0
agrawal_abrupt_sticky,sgd,mechanism_selector,500,2,6247,dismissed,,false,error_up,0
agrawal_abrupt_sticky,sgd,mechanism_selector,500,2,7143,adapted,REBUILD,false,error_up,99800
agrawal_abrupt_sticky,sgd,mechanism_selector,500,2,7815,dismissed,,false,error_up,0
agrawal_abrupt_sticky,sgd,mechanism_selector,500,2,10855,dismissed,,false,error_down,0
agrawal_abrupt_sticky,sgd,mechanism_selector,500,2,12327,dismissed,,false,error_up,0
agrawal_abrupt_sticky,sgd,mechanism_selector,500,2,13095,dismissed,,true,error_down,0
agrawal_abrupt_sticky,sgd,mechanism_selector,500,2,13703,dismissed,,false,error_down,0
agrawal_abrupt_sticky,sgd,mechanism_selector,500,2,14663,dismissed,,false,error_up,0
agrawal_abrupt_sticky,sgd,mechanism_selector,500,2,17831,dismissed,,false,error_up,0
agrawal_abrupt_sticky,sgd,mechanism_selector,500,2,18919,dismissed,,false,error_down,0
agrawal_abrupt_sticky,sgd,mechanism_selector,500,2,19559,dismissed,,false,error_up,0
agrawal_abrupt_sticky,sgd,mechanism_selector,500,2,20743,dismissed,,false,error_up,0
agrawal_abrupt_sticky,sgd,mechanism_selector,500,2,21831,dismissed,,false,error_up,0
agrawal_abrupt_sticky,sgd,mechanism_selector,500,2,22599,dismissed,,false,error_up,0
agrawal_abrupt_sticky,sgd,mechanism_selector,500,2,25063,dismissed,,true,error_down,0
agrawal_abrupt_sticky,sgd,mechanism_selector,500,2,25703,dismissed,,true,error_up,0
agrawal_abrupt_sticky,sgd,mechanism_selector,500,2,26599,dismissed,,false,error_down,0
agrawal_abrupt_sticky,sgd,mechanism_selector,500,2,27655,dismissed,,false,error_up,0
agrawal_abrupt_sticky,sgd,mechanism_selector,500,2,30599,dismissed,,false,error_up,0
agrawal_abrupt_sticky,sgd,mechanism_selector,500,2,31975,dismissed,,false,error_up,0
agrawal_abrupt_sticky,sgd,mechanism_selector,500,2,33223,dismissed,,false,error_up,0
agrawal_abrupt_sticky,sgd,mechanism_selector,500,2,35015,dismissed,,false,error_up,0
agrawal_abrupt_sticky,sgd,mechanism_selector,500,2,36167,dismissed,,false,error_up,0
agrawal_abrupt_sticky,sgd,mechanism_selector,500,2,36775,dismissed,,false,error_down,0
agrawal_abrupt_sticky,sgd,mechanism_selector,500,2,37511,dismissed,,true,error_up,0
agrawal_abrupt_sticky,sgd,mechanism_selector,500,2,38215,dismissed,,true,error_up,0
agrawal_abrupt_sticky,sgd,mechanism_selector,500,2,39175,dismissed,,false,error_down,0
agrawal_abrupt_sticky,sgd,mechanism_selector,500,2,40551,dismissed,,false,error_up,0
agrawal_abrupt_sticky,sgd,mechanism_selector,500,2,41063,dismissed,,false,error_down,0
agrawal_abrupt_sticky,sgd,mechanism_selector,500,2,41671,dismissed,,false,error_down,0
agrawal_abrupt_sticky,sgd,mechanism_selector,500,2,42279,dismissed,,false,error_down,0
agrawal_abrupt_sticky,sgd,mechanism_selector,500,2,44071,dismissed,,false,error_down,0
agrawal_abrupt_sticky,sgd,mechanism_selector,500,2,44903,dismissed,,false,error_up,0
agrawal_abrupt_sticky,sgd,mechanism_selector,500,2,45575,dismissed,,false,error_down,0
agrawal_abrupt_sticky,sgd,mechanism_selector,500,2,46119,dismissed,,false,error_down,0
agrawal_abrupt_sticky,sgd,mechanism_selector,500,2,47111,dismissed,,false,error_up,0
agrawal_abrupt_sticky,sgd,mechanism_selector,500,2,48071,dismissed,,false,error_down,0
agrawal_abrupt_sticky,sgd,mechanism_selector,500,2,48647,dismissed,,false,error_down,0
agrawal_abrupt_sticky,sgd,mechanism_selector,500,3,13543,dismissed,,false,error_down,0
agrawal_abrupt_sticky,sgd,mechanism_selector,500,3,25127,dismissed,,true,error_down,0
agrawal_abrupt_sticky,sgd,mechanism_selector,500,3,25799,dismissed,,true,error_up,0
agrawal_abrupt_sticky,sgd,mechanism_selector,500,3,38439,dismissed,,true,error_up,0
agrawal_abrupt_sticky,sgd,mechanism_selector,500,4,6183,dismissed,,false,error_down,0
agrawal_abrupt_sticky,sgd,mechanism_selector,500,4,12711,dismissed,,true,error_down,0
agrawal_abrupt_sticky,sgd,mechanism_selector,500,4,16199,dismissed,,false,error_down,0
agrawal_abrupt_sticky,sgd,mechanism_selector,500,4,25543,dismissed,,true,error_down,0
agrawal_abrupt_sticky,sgd,mechanism_selector,500,4,37607,dismissed,,true,error_up,0
agrawal_abrupt_sticky,sgd,mechanism_selector,500,4,41063,dismissed,,false,error_up,0
agrawal_abrupt_sticky,sgd,never_adapt,0,0,5127,adapted,SKIP,false,error_down,0
agrawal_abrupt_sticky,sgd,never_adapt,0,0,5959,adapted,SKIP,false,error_down,0
agrawal_abrupt_sticky,sgd,never_adapt,0,0,6183,adapted,SKIP,false,error_up,0
agrawal_abrupt_sticky,sgd,never_adapt,0,0,6695,adapted,SKIP,false,error_down,0
agrawal_abrupt_sticky,sgd,never_adapt,0,0,6855,adapted,SKIP,false,error_down,0
agrawal_abrupt_sticky,sgd,never_adapt,0,0,8231,adapted,SKIP,false,error_up,0
agrawal_abrupt_sticky,sgd,never_adapt,0,0,8455,adapted,SKIP,false,error_up,0
agrawal_abrupt_sticky,sgd,never_adapt,0,0,8807,adapted,SKIP,false,error_down,0
agrawal_abrupt_sticky,sgd,never_adapt,0,0,9063,adapted,SKIP,false,error_down,0
agrawal_abrupt_sticky,sgd,never_adapt,0,0,9255,adapted,SKIP,false,error_up,0
agrawal_abrupt_sticky,sgd,never_adapt,0,0,9447,adapted,SKIP,false,error_down,0
agrawal_abrupt_sticky,sgd,never_adapt,0,0,10087,adapted,SKIP,false,error_up,0
agrawal_abrupt_sticky,sgd,never_adapt,0,0,10247,adapted,SKIP,false,error_up,0
agrawal_abrupt_sticky,sgd,never_adapt,0,0,11239,adapted,SKIP,false,error_up,0
agrawal_abrupt_sticky,sgd,never_adapt,0,0,11495,adapted,SKIP,false,error_down,0
agrawal_abrupt_sticky,sgd,never_adapt,0,0,12327,adapted,SKIP,false,error_down,0
agrawal_abrupt_sticky,sgd,never_adapt,0,0,12967,adapted,SKIP,true,error_up,0
agrawal_abrupt_sticky,sgd,never_adapt,0,0,13127,adapted,SKIP,true,error_down,0
agrawal_abrupt_sticky,sgd,never_adapt,0,0,13511,adapted,SKIP,false,error_down,0
agrawal_abrupt_sticky,sgd,never_adapt,0,0,14183,adapted,SKIP,false,error_down,0
agrawal_abrupt_sticky,sgd,never_adapt,0,0,14951,adapted,SKIP,false,error_down,0
agrawal_abrupt_sticky,sgd,never_adapt,0,0,15367,adapted,SKIP,false,error_up,0
agrawal_abrupt_sticky,sgd,never_adapt,0,0,16711,adapted,SKIP,false,error_up,0
agrawal_abrupt_sticky,sgd,never_adapt,0,0,17031,adapted,SKIP,false,error_up,0
agrawal_abrupt_sticky,sgd,never_adapt,0,0,17799,adapted,SKIP,false,error_up,0
agrawal_abrupt_sticky,sgd,never_adapt,0,0,18023,adapted,SKIP,false,error_down,0
agrawal_abrupt_sticky,sgd,never_adapt,0,0,18215,adapted,SKIP,false,error_up,0
agrawal_abrupt_sticky,sgd,never_adapt,0,0,18375,adapted,SKIP,false,error_up,0
agrawal_abrupt_sticky,sgd,never_adapt,0,0,18919,adapted,SKIP,false,error_down,0
agrawal_abrupt_sticky,sgd,never_adapt,0,0,19271,adapted,SKIP,false,error_down,0
agrawal_abrupt_sticky,sgd,never_adapt,0,0,19527,adapted,SKIP,false,error_down,0
agrawal_abrupt_sticky,sgd,never_adapt,0,0,20167,adapted,SKIP,false,error_down,0
agrawal_abrupt_sticky,sgd,never_adapt,0,0,20807,adapted,SKIP,false,error_down,0
agrawal_abrupt_sticky,sgd,never_adapt,0,0,21255,adapted,SKIP,false,error_up,0
agrawal_abrupt_sticky,sgd,never_adapt,0,0,21383,adapted,SKIP,false,error_up,0
agrawal_abrupt_sticky,sgd,never_adapt,0,0,21639,adapted,SKIP,false,error_up,0
agrawal_abrupt_sticky,sgd,never_adapt,0,0,22215,adapted,SKIP,false,error_down,0
agrawal_abrupt_sticky,sgd,never_adapt,0,0,22375,adapted,SKIP,false,error_up,0
agrawal_abrupt_sticky,sgd,never_adapt,0,0,22663,adapted,SKIP,false,error_up,0
agrawal_abrupt_sticky,sgd,never_adapt,0,0,23111,adapted,SKIP,false,error_down,0
agrawal_abrupt_sticky,sgd,never_adapt,0,0,23463,adapted,SKIP,false,error_down,0
agrawal_abrupt_sticky,sgd,never_adapt,0,0,23879,adapted,SKIP,false,error_down,0
agrawal_abrupt_sticky,sgd,never_adapt,0,0,25063,adapted,SKIP,true,error_up,0
agrawal_abrupt_sticky,sgd,never_adapt,0,0,25735,adapted,SKIP,true,error_up,0
agrawal_abrupt_sticky,sgd,never_adapt,0,0,26439,adapted,SKIP,false,error_down,0
agrawal_abrupt_sticky,sgd,never_adapt,0,0,26599,adapted,SKIP,false,error_up,0
agrawal_abrupt_sticky,sgd,never_adapt,0,0,27143,adapted,SKIP,false,error_up,0
agrawal_abrupt_sticky,sgd,never_adapt,0,0,27527,adapted,SKIP,false,error_down,0
agrawal_abrupt_sticky,sgd,never_adapt,0,0,27719,adapted,SKIP,false,error_down,0
agrawal_abrupt_sticky,sgd,never_adapt,0,0,28039,adapted,SKIP,false,error_up,0
agrawal_abrupt_sticky,sgd,never_adapt,0,0,28327,adapted,SKIP,false,error_down,0
agrawal_abrupt_sticky,sgd,never_adapt,0,0,30151,adapted,SKIP,false,error_down,0
agrawal_abrupt_sticky,sgd,never_adapt,0,0,30343,adapted,SKIP,false,error_down,0
agrawal_abrupt_sticky,sgd,never_adapt,0,0,31655,adapted,SKIP,false,error_up,0
agrawal_abrupt_sticky,sgd,never_adapt,0,0,32231,adapted,SKIP,false,error_up,0
agrawal_abrupt_sticky,sgd,never_adapt,0,0,32647,adapted,SKIP,false,error_down,0
agrawal_abrupt_sticky,sgd,never_adapt,0,0,33607,adapted,SKIP,false,error_down,0
agrawal_abrupt_sticky,sgd,never_adapt,0,0,34023,adapted,SKIP,false,error_down,0
agrawal_abrupt_sticky,sgd,never_adapt,0,0,34695,adapted,SKIP,false,error_up,0
agrawal_abrupt_sticky,sgd,never_adapt,0,0,35687,adapted,SKIP,false,error_down,0
agrawal_abrupt_sticky,sgd,never_adapt,0,0,36007,adapted,SKIP,false,error_down,0
agrawal_abrupt_sticky,sgd,never_adapt,0,0,36519,adapted,SKIP,false,error_up,0
agrawal_abrupt_sticky,sgd,never_adapt,0,0,37095,adapted,SKIP,false,error_down,0
agrawal_abrupt_sticky,sgd,never_adapt,0,0,37415,adapted,SKIP,false,error_down,0
agrawal_abrupt_sticky,sgd,never_adapt,0,0,37575,adapted,SKIP,true,error_down,0
agrawal_abrupt_sticky,sgd,never_adapt,0,0,38119,adapted,SKIP,true,error_down,0
agrawal_abrupt_sticky,sgd,never_adapt,0,0,38695,adapted,SKIP,false,error_up,0
agrawal_abrupt_sticky,sgd,never_adapt,0,0,39847,adapted,SKIP,false,error_up,0
agrawal_abrupt_sticky,sgd,never_adapt,0,0,40487,adapted,SKIP,false,error_down,0
agrawal_abrupt_sticky,sgd,never_adapt,0,0,41351,adapted,SKIP,false,error_down,0
agrawal_abrupt_sticky,sgd,never_adapt,0,0,42407,adapted,SKIP,false,error_up,0
agrawal_abrupt_sticky,sgd,never_adapt,0,0,42631,adapted,SKIP,false,error_down,0
agrawal_abrupt_sticky,sgd,never_adapt,0,0,43367,adapted,SKIP,false,error_up,0
agrawal_abrupt_sticky,sgd,never_adapt,0,0,43495,adapted,SKIP,false,error_down,0
agrawal_abrupt_sticky,sgd,never_adapt,0,0,43655,adapted,SKIP,false,error_up,0
agrawal_abrupt_sticky,sgd,never_adapt,0,0,44071,adapted,SKIP,false,error_up,0
agrawal_abrupt_sticky,sgd,never_adapt,0,0,45191,adapted,SKIP,false,error_down,0
agrawal_abrupt_sticky,sgd,never_adapt,0,0,45831,adapted,SKIP,false,error_down,0
agrawal_abrupt_sticky,sgd,never_adapt,0,0,46375,adapted,SKIP,false,error_up,0
agrawal_abrupt_sticky,sgd,never_adapt,0,0,46759,adapted,SKIP,false,error_up,0
agrawal_abrupt_sticky,sgd,never_adapt,0,0,47687,adapted,SKIP,false,error_down,0
agrawal_abrupt_sticky,sgd,never_adapt,0,0,47815,adapted,SKIP,false,error_down,0
agrawal_abrupt_sticky,sgd,never_adapt,0,0,47975,adapted,SKIP,false,error_up,0
agrawal_abrupt_sticky,sgd,never_adapt,0,0,48231,adapted,SKIP,false,error_up,0
agrawal_abrupt_sticky,sgd,never_adapt,0,0,48871,adapted,SKIP,false,error_down,0
agrawal_abrupt_sticky,sgd,never_adapt,0,0,49031,adapted,SKIP,false,error_down,0
agrawal_abrupt_sticky,sgd,never_adapt,0,0,49255,adapted,SKIP,false,error_up,0
agrawal_abrupt_sticky,sgd,never_adapt,0,1,25607,adapted,SKIP,true,error_up,0
agrawal_abrupt_sticky,sgd,never_adapt,0,1,38439,adapted,SKIP,true,error_down,0
agrawal_abrupt_sticky,sgd,never_adapt,0,2,5607,adapted,SKIP,false,error_up,0
agrawal_abrupt_sticky,sgd,never_adapt,0,2,6247,adapted,SKIP,false,error_up,0
agrawal_abrupt_sticky,sgd,never_adapt,0,2,6439,adapted,SKIP,false,error_up,0
agrawal_abrupt_sticky,sgd,never_adapt,0,2,7143,adapted,SKIP,false,error_up,0
agrawal_abrupt_sticky,sgd,never_adapt,0,2,7847,adapted,SKIP,false,error_down,0
agrawal_abrupt_sticky,sgd,never_adapt,0,2,10855,adapted,SKIP,false,error_up,0
agrawal_abrupt_sticky,sgd,never_adapt,0,2,11943,adapted,SKIP,false,error_up,0
agrawal_abrupt_sticky,sgd,never_adapt,0,2,12327,adapted,SKIP,false,error_down,0
agrawal_abrupt_sticky,sgd,never_adapt,0,2,12999,adapted,SKIP,true,error_up,0
agrawal_abrupt_sticky,sgd,never_adapt,0,2,13703,adapted,SKIP,false,error_up,0
agrawal_abrupt_sticky,sgd,never_adapt,0,2,14663,adapted,SKIP,false,error_down,0
agrawal_abrupt_sticky,sgd,never_adapt,0,2,14919,adapted,SKIP,false,error_up,0
agrawal_abrupt_sticky,sgd,never_adapt,0,2,16295,adapted,SKIP,false,error_up,0
agrawal_abrupt_sticky,sgd,never_adapt,0,2,16455,adapted,SKIP,false,error_up,0
agrawal_abrupt_sticky,sgd,never_adapt,0,2,16839,adapted,SKIP,false,error_up,0
agrawal_abrupt_sticky,sgd,never_adapt,0,2,17831,adapted,SKIP,false,error_down,0
agrawal_abrupt_sticky,sgd,never_adapt,0,2,18663,adapted,SKIP,false,error_down,0
agrawal_abrupt_sticky,sgd,never_adapt,0,2,18919,adapted,SKIP,false,error_up,0
agrawal_abrupt_sticky,sgd,never_adapt,0,2,19495,adapted,SKIP,false,error_down,0
agrawal_abrupt_sticky,sgd,never_adapt,0,2,20743,adapted,SKIP,false,error_down,0
agrawal_abrupt_sticky,sgd,never_adapt,0,2,21831,adapted,SKIP,false,error_down,0
agrawal_abrupt_sticky,sgd,never_adapt,0,2,22471,adapted,SKIP,false,error_down,0
agrawal_abrupt_sticky,sgd,never_adapt,0,2,23911,adapted,SKIP,false,error_up,0
agrawal_abrupt_sticky,sgd,never_adapt,0,2,24487,adapted,SKIP,false,error_down,0
agrawal_abrupt_sticky,sgd,never_adapt,0,2,25063,adapted,SKIP,true,error_up,0
agrawal_abrupt_sticky,sgd,never_adapt,0,2,25223,adapted,SKIP,true,error_down,0
agrawal_abrupt_sticky,sgd,never_adapt,0,2,25703,adapted,SKIP,true,error_down,0
agrawal_abrupt_sticky,sgd,never_adapt,0,2,26599,adapted,SKIP,false,error_up,0
agrawal_abrupt_sticky,sgd,never_adapt,0,2,27655,adapted,SKIP,false,error_down,0
agrawal_abrupt_sticky,sgd,never_adapt,0,2,30311,adapted,SKIP,false,error_down,0
agrawal_abrupt_sticky,sgd,never_adapt,0,2,30599,adapted,SKIP,false,error_down,0
agrawal_abrupt_sticky,sgd,never_adapt,0,2,31943,adapted,SKIP,false,error_down,0
agrawal_abrupt_sticky,sgd,never_adapt,0,2,32199,adapted,SKIP,false,error_up,0
agrawal_abrupt_sticky,sgd,never_adapt,0,2,32327,adapted,SKIP,false,error_down,0
agrawal_abrupt_sticky,sgd,never_adapt,0,2,33191,adapted,SKIP,false,error_down,0
agrawal_abrupt_sticky,sgd,never_adapt,0,2,33703,adapted,SKIP,false,error_up,0
agrawal_abrupt_sticky,sgd,never_adapt,0,2,34535,adapted,SKIP,false,error_up,0
agrawal_abrupt_sticky,sgd,never_adapt,0,2,34855,adapted,SKIP,false,error_down,0
agrawal_abrupt_sticky,sgd,never_adapt,0,2,35015,adapted,SKIP,false,error_down,0
agrawal_abrupt_sticky,sgd,never_adapt,0,2,35399,adapted,SKIP,false,error_down,0
agrawal_abrupt_sticky,sgd,never_adapt,0,2,36167,adapted,SKIP,false,error_down,0
agrawal_abrupt_sticky,sgd,never_adapt,0,2,36327,adapted,SKIP,false,error_up,0
agrawal_abrupt_sticky,sgd,never_adapt,0,2,37511,adapted,SKIP,true,error_down,0
agrawal_abrupt_sticky,sgd,never_adapt,0,2,37831,adapted,SKIP,true,error_up,0
agrawal_abrupt_sticky,sgd,never_adapt,0,2,38215,adapted,SKIP,true,error_down,0
agrawal_abrupt_sticky,sgd,never_adapt,0,2,38887,adapted,SKIP,false,error_up,0
agrawal_abrupt_sticky,sgd,never_adapt,0,2,39207,adapted,SKIP,false,error_up,0
agrawal_abrupt_sticky,sgd,never_adapt,0,2,39751,adapted,SKIP,false,error_down,0
agrawal_abrupt_sticky,sgd,never_adapt,0,2,40551,adapted,SKIP,false,error_down,0
agrawal_abrupt_sticky,sgd,never_adapt,0,2,40743,adapted,SKIP,false,error_up,0
agrawal_abrupt_sticky,sgd,never_adapt,0,2,40935,adapted,SKIP,false,error_up,0
agrawal_abrupt_sticky,sgd,never_adapt,0,2,41671,adapted,SKIP,false,error_up,0
agrawal_abrupt_sticky,sgd,never_adapt,0,2,42279,adapted,SKIP,false,error_up,0
agrawal_abrupt_sticky,sgd,never_adapt,0,2,42375,adapted,SKIP,false,error_down,0
agrawal_abrupt_sticky,sgd,never_adapt,0,2,44071,adapted,SKIP,false,error_up,0
agrawal_abrupt_sticky,sgd,never_adapt,0,2,44359,adapted,SKIP,false,error_up,0
agrawal_abrupt_sticky,sgd,never_adapt,0,2,44903,adapted,SKIP,false,error_down,0
agrawal_abrupt_sticky,sgd,never_adapt,0,2,45127,adapted,SKIP,false,error_up,0
agrawal_abrupt_sticky,sgd,never_adapt,0,2,46119,adapted,SKIP,false,error_up,0
agrawal_abrupt_sticky,sgd,never_adapt,0,2,46791,adapted,SKIP,false,error_down,0
agrawal_abrupt_sticky,sgd,never_adapt,0,2,47015,adapted,SKIP,false,error_down,0
agrawal_abrupt_sticky,sgd,never_adapt,0,2,47399,adapted,SKIP,false,error_up,0
agrawal_abrupt_sticky,sgd,never_adapt,0,2,47783,adapted,SKIP,false,error_down,0
agrawal_abrupt_sticky,sgd,never_adapt,0,2,48487,adapted,SKIP,false,error_down,0
agrawal_abrupt_sticky,sgd,never_adapt,0,2,48839,adapted,SKIP,false,error_down,0
agrawal_abrupt_sticky,sgd,never_adapt,0,2,49095,adapted,SKIP,false,error_up,0
agrawal_abrupt_sticky,sgd,never_adapt,0,2,49415,adapted,SKIP,false,error_up,0
agrawal_abrupt_sticky,sgd,never_adapt,0,2,49831,adapted,SKIP,false,error_up,0
agrawal_abrupt_sticky,sgd,never_adapt,0,3,13543,adapted,SKIP,false,error_down,0
agrawal_abrupt_sticky,sgd,never_adapt,0,3,25127,adapted,SKIP,true,error_down,0
agrawal_abrupt_sticky,sgd,never_adapt,0,3,25799,adapted,SKIP,true,error_up,0
agrawal_abrupt_sticky,sgd,never_adapt,0,3,38439,adapted,SKIP,true,error_up,0
agrawal_abrupt_sticky,sgd,never_adapt,0,3,49511,adapted,SKIP,false,error_up,0
agrawal_abrupt_sticky,sgd,never_adapt,0,4,6183,adapted,SKIP,false,error_down,0
agrawal_abrupt_sticky,sgd,never_adapt,0,4,12711,adapted,SKIP,true,error_down,0
agrawal_abrupt_sticky,sgd,never_adapt,0,4,16199,adapted,SKIP,false,error_down,0
agrawal_abrupt_sticky,sgd,never_adapt,0,4,25543,adapted,SKIP,true,error_down,0
agrawal_abrupt_sticky,sgd,never_adapt,0,4,37607,adapted,SKIP,true,error_up,0
agrawal_abrupt_sticky,sgd,never_adapt,0,4,41063,adapted,SKIP,false,error_up,0
agrawal_abrupt_sticky,xgb,always_rebuild,0,0,12551,adapted,REBUILD,true,error_up,100000
agrawal_abrupt_sticky,xgb,always_rebuild,0,0,21223,adapted,REBUILD,false,error_down,100000
agrawal_abrupt_sticky,xgb,always_rebuild,0,0,25031,adapted,REBUILD,true,error_up,100000
agrawal_abrupt_sticky,xgb,always_rebuild,0,1,12551,adapted,REBUILD,true,error_up,100000
agrawal_abrupt_sticky,xgb,always_rebuild,0,1,23751,adapted,REBUILD,false,error_down,100000
agrawal_abrupt_sticky,xgb,always_rebuild,0,1,25063,adapted,REBUILD,true,error_up,100000
agrawal_abrupt_sticky,xgb,always_rebuild,0,2,12551,adapted,REBUILD,true,error_up,100000
agrawal_abrupt_sticky,xgb,always_rebuild,0,2,26439,adapted,REBUILD,false,error_down,100000
agrawal_abrupt_sticky,xgb,always_rebuild,0,2,37543,adapted,REBUILD,true,error_up,100000
agrawal_abrupt_sticky,xgb,always_rebuild,0,2,38343,adapted,REBUILD,true,error_up,80000
agrawal_abrupt_sticky,xgb,always_rebuild,0,3,12551,adapted,REBUILD,true,error_up,100000
agrawal_abrupt_sticky,xgb,always_rebuild,0,3,29159,adapted,REBUILD,false,error_down,100000
agrawal_abrupt_sticky,xgb,always_rebuild,0,3,37543,adapted,REBUILD,true,error_up,100000
agrawal_abrupt_sticky,xgb,always_rebuild,0,3,38311,adapted,REBUILD,true,error_up,76800
agrawal_abrupt_sticky,xgb,always_rebuild,0,4,12519,adapted,REBUILD,true,error_up,100000
agrawal_abrupt_sticky,xgb,always_rebuild,0,4,25959,adapted,REBUILD,true,error_down,100000
agrawal_abrupt_sticky,xgb,always_rebuild,0,4,37543,adapted,REBUILD,true,error_up,100000
agrawal_abrupt_sticky,xgb,always_rebuild,0,4,40967,adapted,REBUILD,false,error_up,100000
agrawal_abrupt_sticky,xgb,always_rebuild,200,0,12551,adapted,REBUILD,true,error_up,100000
agrawal_abrupt_sticky,xgb,always_rebuild,200,0,33319,adapted,REBUILD,false,error_up,100000
agrawal_abrupt_sticky,xgb,always_rebuild,200,0,33607,dismissed,,false,error_down,0
agrawal_abrupt_sticky,xgb,always_rebuild,200,0,37543,adapted,REBUILD,true,error_up,100000
agrawal_abrupt_sticky,xgb,always_rebuild,200,0,39911,adapted,REBUILD,false,error_down,100000
agrawal_abrupt_sticky,xgb,always_rebuild,200,0,40199,dismissed,,false,error_down,0
agrawal_abrupt_sticky,xgb,always_rebuild,200,1,12551,adapted,REBUILD,true,error_up,100000
agrawal_abrupt_sticky,xgb,always_rebuild,200,1,34695,adapted,REBUILD,false,error_down,100000
agrawal_abrupt_sticky,xgb,always_rebuild,200,1,34983,dismissed,,false,error_down,0
agrawal_abrupt_sticky,xgb,always_rebuild,200,1,37543,adapted,REBUILD,true,error_up,100000
agrawal_abrupt_sticky,xgb,always_rebuild,200,1,46087,dismissed,,false,error_down,0
agrawal_abrupt_sticky,xgb,always_rebuild,200,2,12551,adapted,REBUILD,true,error_up,100000
agrawal_abrupt_sticky,xgb,always_rebuild,200,2,26759,adapted,REBUILD,false,error_up,100000
agrawal_abrupt_sticky,xgb,always_rebuild,200,2,27015,dismissed,,false,error_down,0
agrawal_abrupt_sticky,xgb,always_rebuild,200,2,37543,adapted,REBUILD,true,error_up,100000
agrawal_abrupt_sticky,xgb,always_rebuild,200,2,40935,adapted,REBUILD,false,error_down,100000
agrawal_abrupt_sticky,xgb,always_rebuild,200,2,41191,dismissed,,false,error_down,0
agrawal_abrupt_sticky,xgb,always_rebuild,200,3,12551,adapted,REBUILD,true,error_up,100000
agrawal_abrupt_sticky,xgb,always_rebuild,200,3,26471,dismissed,,false,error_up,0
agrawal_abrupt_sticky,xgb,always_rebuild,200,3,29287,dismissed,,false,error_down,0
agrawal_abrupt_sticky,xgb,always_rebuild,200,4,12519,adapted,REBUILD,true,error_up,100000
agrawal_abrupt_sticky,xgb,always_rebuild,200,4,28231,adapted,REBUILD,false,error_up,100000
agrawal_abrupt_sticky,xgb,always_rebuild,200,4,28487,adapted,REBUILD,false,error_down,25600
agrawal_abrupt_sticky,xgb,always_rebuild,200,4,37543,adapted,REBUILD,true,error_up,100000
agrawal_abrupt_sticky,xgb,always_rebuild,200,4,45735,adapted,REBUILD,false,error_down,100000
agrawal_abrupt_sticky,xgb,always_rebuild,200,4,45991,dismissed,,false,error_down,0
agrawal_abrupt_sticky,xgb,always_rebuild,500,0,12551,adapted,REBUILD,true,error_up,100000
agrawal_abrupt_sticky,xgb,always_rebuild,500,0,13191,adapted,REBUILD,true,error_down,64000
agrawal_abrupt_sticky,xgb,always_rebuild,500,0,13831,dismissed,,false,error_down,0
agrawal_abrupt_sticky,xgb,always_rebuild,500,0,25031,adapted,REBUILD,true,error_up,100000
agrawal_abrupt_sticky,xgb,always_rebuild,500,0,25703,dismissed,,true,error_down,0
agrawal_abrupt_sticky,xgb,always_rebuild,500,0,37607,adapted,REBUILD,true,error_up,100000
agrawal_abrupt_sticky,xgb,always_rebuild,500,0,38311,dismissed,,true,error_down,0
agrawal_abrupt_sticky,xgb,always_rebuild,500,1,12551,adapted,REBUILD,true,error_up,100000
agrawal_abrupt_sticky,xgb,always_rebuild,500,1,13159,adapted,REBUILD,true,error_down,60800
agrawal_abrupt_sticky,xgb,always_rebuild,500,1,13799,dismissed,,false,error_down,0
agrawal_abrupt_sticky,xgb,always_rebuild,500,1,25031,adapted,REBUILD,true,error_up,100000
agrawal_abrupt_sticky,xgb,always_rebuild,500,1,25607,adapted,REBUILD,true,error_down,57600
agrawal_abrupt_sticky,xgb,always_rebuild,500,1,26343,dismissed,,false,error_down,0
agrawal_abrupt_sticky,xgb,always_rebuild,500,1,37543,adapted,REBUILD,true,error_up,100000
agrawal_abrupt_sticky,xgb,always_rebuild,500,1,38183,dismissed,,true,error_down,0
agrawal_abrupt_sticky,xgb,always_rebuild,500,2,12551,adapted,REBUILD,true,error_up,100000
agrawal_abrupt_sticky,xgb,always_rebuild,500,2,13223,dismissed,,true,error_down,0
agrawal_abrupt_sticky,xgb,always_rebuild,500,2,25063,adapted,REBUILD,true,error_up,100000
agrawal_abrupt_sticky,xgb,always_rebuild,500,2,25767,adapted,REBUILD,true,error_down,70400
agrawal_abrupt_sticky,xgb,always_rebuild,500,2,26439,dismissed,,false,error_down,0
agrawal_abrupt_sticky,xgb,always_rebuild,500,2,37543,adapted,REBUILD,true,error_up,100000
agrawal_abrupt_sticky,xgb,always_rebuild,500,2,38151,adapted,REBUILD,true,error_down,60800
agrawal_abrupt_sticky,xgb,always_rebuild,500,2,38727,dismissed,,false,error_down,0
agrawal_abrupt_sticky,xgb,always_rebuild,500,3,12551,adapted,REBUILD,true,error_up,100000
agrawal_abrupt_sticky,xgb,always_rebuild,500,3,13127,adapted,REBUILD,true,error_down,57600
agrawal_abrupt_sticky,xgb,always_rebuild,500,3,13735,dismissed,,false,error_down,0
agrawal_abrupt_sticky,xgb,always_rebuild,500,3,25031,adapted,REBUILD,true,error_up,100000
agrawal_abrupt_sticky,xgb,always_rebuild,500,3,25767,dismissed,,true,error_down,0
agrawal_abrupt_sticky,xgb,always_rebuild,500,3,37639,adapted,REBUILD,true,error_up,100000
agrawal_abrupt_sticky,xgb,always_rebuild,500,3,38567,dismissed,,false,error_down,0
agrawal_abrupt_sticky,xgb,always_rebuild,500,3,43111,dismissed,,false,error_up,0
agrawal_abrupt_sticky,xgb,always_rebuild,500,3,48167,dismissed,,false,error_down,0
agrawal_abrupt_sticky,xgb,always_rebuild,500,4,12519,adapted,REBUILD,true,error_up,100000
agrawal_abrupt_sticky,xgb,always_rebuild,500,4,13095,adapted,REBUILD,true,error_down,57600
agrawal_abrupt_sticky,xgb,always_rebuild,500,4,13767,dismissed,,false,error_down,0
agrawal_abrupt_sticky,xgb,always_rebuild,500,4,25031,adapted,REBUILD,true,error_up,100000
agrawal_abrupt_sticky,xgb,always_rebuild,500,4,25767,dismissed,,true,error_down,0
agrawal_abrupt_sticky,xgb,always_rebuild,500,4,37575,adapted,REBUILD,true,error_up,100000
agrawal_abrupt_sticky,xgb,always_rebuild,500,4,38183,dismissed,,true,error_down,0
agrawal_abrupt_sticky,xgb,mechanism_selector,0,0,12551,adapted,REBUILD,true,error_up,104000
agrawal_abrupt_sticky,xgb,mechanism_selector,0,0,21223,adapted,SKIP,false,error_down,0
agrawal_abrupt_sticky,xgb,mechanism_selector,0,1,12551,adapted,REBUILD,true,error_up,104000
agrawal_abrupt_sticky,xgb,mechanism_selector,0,1,23751,adapted,SKIP,false,error_down,0
agrawal_abrupt_sticky,xgb,mechanism_selector,0,1,25511,adapted,SKIP,true,error_down,0
agrawal_abrupt_sticky,xgb,mechanism_selector,0,1,34695,adapted,SKIP,false,error_down,0
agrawal_abrupt_sticky,xgb,mechanism_selector,0,1,45447,adapted,NUDGE,false,error_up,4000
agrawal_abrupt_sticky,xgb,mechanism_selector,0,2,12551,adapted,REBUILD,true,error_up,104000
agrawal_abrupt_sticky,xgb,mechanism_selector,0,2,26439,adapted,SKIP,false,error_down,0
agrawal_abrupt_sticky,xgb,mechanism_selector,0,2,36199,adapted,SKIP,false,error_down,0
agrawal_abrupt_sticky,xgb,mechanism_selector,0,3,12551,adapted,REBUILD,true,error_up,104000
agrawal_abrupt_sticky,xgb,mechanism_selector,0,3,29159,adapted,SKIP,false,error_down,0
agrawal_abrupt_sticky,xgb,mechanism_selector,0,4,12519,adapted,REBUILD,true,error_up,104000
agrawal_abrupt_sticky,xgb,mechanism_selector,0,4,25959,adapted,SKIP,true,error_down,0
agrawal_abrupt_sticky,xgb,mechanism_selector,200,0,12551,adapted,REBUILD,true,error_up,104000
agrawal_abrupt_sticky,xgb,mechanism_selector,200,0,33319,adapted,NUDGE,false,error_up,4000
agrawal_abrupt_sticky,xgb,mechanism_selector,200,0,33703,dismissed,,false,error_down,0
agrawal_abrupt_sticky,xgb,mechanism_selector,200,0,37575,adapted,REBUILD,true,error_up,104000
agrawal_abrupt_sticky,xgb,mechanism_selector,200,0,39879,dismissed,,false,error_down,0
agrawal_abrupt_sticky,xgb,mechanism_selector,200,0,42503,adapted,NUDGE,false,error_down,4000
agrawal_abrupt_sticky,xgb,mechanism_selector,200,0,42791,dismissed,,false,error_down,0
agrawal_abrupt_sticky,xgb,mechanism_selector,200,1,12551,adapted,REBUILD,true,error_up,104000
agrawal_abrupt_sticky,xgb,mechanism_selector,200,1,34695,adapted,NUDGE,false,error_down,4000
agrawal_abrupt_sticky,xgb,mechanism_selector,200,1,35047,dismissed,,false,error_down,0
agrawal_abrupt_sticky,xgb,mechanism_selector,200,1,37543,adapted,REBUILD,true,error_up,104000
agrawal_abrupt_sticky,xgb,mechanism_selector,200,1,46087,dismissed,,false,error_down,0
agrawal_abrupt_sticky,xgb,mechanism_selector,200,2,12551,adapted,REBUILD,true,error_up,104000
agrawal_abrupt_sticky,xgb,mechanism_selector,200,2,26759,adapted,NUDGE,false,error_up,4000
agrawal_abrupt_sticky,xgb,mechanism_selector,200,2,27047,adapted,REBUILD,false,error_down,29950
agrawal_abrupt_sticky,xgb,mechanism_selector,200,2,37543,adapted,REBUILD,true,error_up,104000
agrawal_abrupt_sticky,xgb,mechanism_selector,200,2,38407,adapted,NUDGE,true,error_up,3455
agrawal_abrupt_sticky,xgb,mechanism_selector,200,2,38695,dismissed,,false,error_down,0
agrawal_abrupt_sticky,xgb,mechanism_selector,200,3,12551,adapted,REBUILD,true,error_up,104000
agrawal_abrupt_sticky,xgb,mechanism_selector,200,3,26471,dismissed,,false,error_up,0
agrawal_abrupt_sticky,xgb,mechanism_selector,200,3,29287,dismissed,,false,error_down,0
agrawal_abrupt_sticky,xgb,mechanism_selector,200,4,12519,adapted,REBUILD,true,error_up,104000
agrawal_abrupt_sticky,xgb,mechanism_selector,200,4,28231,adapted,NUDGE,false,error_up,4000
agrawal_abrupt_sticky,xgb,mechanism_selector,200,4,28551,adapted,SKIP,false,error_down,0
agrawal_abrupt_sticky,xgb,mechanism_selector,200,4,37543,adapted,REBUILD,true,error_up,104000
agrawal_abrupt_sticky,xgb,mechanism_selector,200,4,45767,adapted,NUDGE,false,error_down,4000
agrawal_abrupt_sticky,xgb,mechanism_selector,200,4,46023,dismissed,,false,error_down,0
agrawal_abrupt_sticky,xgb,mechanism_selector,500,0,12551,adapted,REBUILD,true,error_up,104000
agrawal_abrupt_sticky,xgb,mechanism_selector,500,0,13191,adapted,NUDGE,true,error_down,2560
agrawal_abrupt_sticky,xgb,mechanism_selector,500,0,13927,dismissed,,false,error_down,0
agrawal_abrupt_sticky,xgb,mechanism_selector,500,0,25031,adapted,REBUILD,true,error_up,104000
agrawal_abrupt_sticky,xgb,mechanism_selector,500,0,25703,dismissed,,true,error_down,0
agrawal_abrupt_sticky,xgb,mechanism_selector,500,0,37607,adapted,REBUILD,true,error_up,104000
agrawal_abrupt_sticky,xgb,mechanism_selector,500,0,38311,dismissed,,true,error_down,0
agrawal_abrupt_sticky,xgb,mechanism_selector,500,1,12551,adapted,REBUILD,true,error_up,104000
agrawal_abrupt_sticky,xgb,mechanism_selector,500,1,13159,adapted,SKIP,true,error_down,0
agrawal_abrupt_sticky,xgb,mechanism_selector,500,1,25063,adapted,REBUILD,true,error_up,104000
agrawal_abrupt_sticky,xgb,mechanism_selector,500,1,25639,adapted,SKIP,true,error_down,0
agrawal_abrupt_sticky,xgb,mechanism_selector,500,1,37575,adapted,REBUILD,true,error_up,104000
agrawal_abrupt_sticky,xgb,mechanism_selector,500,1,38183,dismissed,,true,error_down,0
agrawal_abrupt_sticky,xgb,mechanism_selector,500,2,12551,adapted,REBUILD,true,error_up,104000
agrawal_abrupt_sticky,xgb,mechanism_selector,500,2,13223,dismissed,,true,error_down,0
agrawal_abrupt_sticky,xgb,mechanism_selector,500,2,25063,adapted,REBUILD,true,error_up,104000
agrawal_abrupt_sticky,xgb,mechanism_selector,500,2,25767,adapted,NUDGE,true,error_down,2815
agrawal_abrupt_sticky,xgb,mechanism_selector,500,2,26631,dismissed,,false,error_down,0
agrawal_abrupt_sticky,xgb,mechanism_selector,500,2,37607,adapted,REBUILD,true,error_up,104000
agrawal_abrupt_sticky,xgb,mechanism_selector,500,2,38567,dismissed,,false,error_down,0
agrawal_abrupt_sticky,xgb,mechanism_selector,500,2,44967,dismissed,,false,error_up,0
agrawal_abrupt_sticky,xgb,mechanism_selector,500,3,12551,adapted,REBUILD,true,error_up,104000
agrawal_abrupt_sticky,xgb,mechanism_selector,500,3,13127,adapted,SKIP,true,error_down,0
agrawal_abrupt_sticky,xgb,mechanism_selector,500,3,25063,adapted,REBUILD,true,error_up,104000
agrawal_abrupt_sticky,xgb,mechanism_selector,500,3,25735,dismissed,,true,error_down,0
agrawal_abrupt_sticky,xgb,mechanism_selector,500,3,37607,adapted,NUDGE,true,error_up,4000
agrawal_abrupt_sticky,xgb,mechanism_selector,500,3,40263,dismissed,,false,error_down,0
agrawal_abrupt_sticky,xgb,mechanism_selector,500,3,41703,dismissed,,false,error_up,0
agrawal_abrupt_sticky,xgb,mechanism_selector,500,3,46919,dismissed,,false,error_down,0
agrawal_abrupt_sticky,xgb,mechanism_selector,500,3,49479,dismissed,,false,error_up,0
agrawal_abrupt_sticky,xgb,mechanism_selector,500,4,12519,adapted,REBUILD,true,error_up,104000
agrawal_abrupt_sticky,xgb,mechanism_selector,500,4,13095,adapted,NUDGE,true,error_down,2300
agrawal_abrupt_sticky,xgb,mechanism_selector,500,4,13831,dismissed,,false,error_down,0
agrawal_abrupt_sticky,xgb,mechanism_selector,500,4,25031,adapted,REBUILD,true,error_up,104000
agrawal_abrupt_sticky,xgb,mechanism_selector,500,4,25767,dismissed,,true,error_down,0
agrawal_abrupt_sticky,xgb,mechanism_selector,500,4,37575,adapted,REBUILD,true,error_up,104000
agrawal_abrupt_sticky,xgb,mechanism_selector,500,4,38183,dismissed,,true,error_down,0
agrawal_abrupt_sticky,xgb,never_adapt,0,0,12551,adapted,SKIP,true,error_up,0
agrawal_abrupt_sticky,xgb,never_adapt,0,0,26471,adapted,SKIP,false,error_down,0
agrawal_abrupt_sticky,xgb,never_adapt,0,1,12551,adapted,SKIP,true,error_up,0
agrawal_abrupt_sticky,xgb,never_adapt,0,1,25511,adapted,SKIP,true,error_down,0
agrawal_abrupt_sticky,xgb,never_adapt,0,1,34695,adapted,SKIP,false,error_down,0
agrawal_abrupt_sticky,xgb,never_adapt,0,1,45447,adapted,SKIP,false,error_up,0
agrawal_abrupt_sticky,xgb,never_adapt,0,2,12551,adapted,SKIP,true,error_up,0
agrawal_abrupt_sticky,xgb,never_adapt,0,2,26471,adapted,SKIP,false,error_down,0
agrawal_abrupt_sticky,xgb,never_adapt,0,2,36199,adapted,SKIP,false,error_down,0
agrawal_abrupt_sticky,xgb,never_adapt,0,3,12551,adapted,SKIP,true,error_up,0
agrawal_abrupt_sticky,xgb,never_adapt,0,3,29159,adapted,SKIP,false,error_down,0
agrawal_abrupt_sticky,xgb,never_adapt,0,4,12519,adapted,SKIP,true,error_up,0
agrawal_abrupt_sticky,xgb,never_adapt,0,4,25255,adapted,SKIP,true,error_down,0
agrawal_abrupt_sticky,xgb,never_adapt,0,4,25991,adapted,SKIP,true,error_down,0
agrawal_abrupt_sticky,xgb,never_adapt,0,4,29511,adapted,SKIP,false,error_down,0
agrawal_abrupt_sticky,xgb,never_adapt,0,4,33543,adapted,SKIP,false,error_up,0
agrawal_abrupt_sticky,xgb,never_adapt,0,4,45575,adapted,SKIP,false,error_up,0
agrawal_none_sticky,gnb,always_rebuild,0,0,7847,adapted,REBUILD,false,error_down,1000
agrawal_none_sticky,gnb,always_rebuild,0,0,8775,adapted,REBUILD,false,error_down,928
agrawal_none_sticky,gnb,always_rebuild,0,0,21415,adapted,REBUILD,false,error_down,1000
agrawal_none_sticky,gnb,always_rebuild,0,0,21639,adapted,REBUILD,false,error_up,224
agrawal_none_sticky,gnb,always_rebuild,0,0,26695,adapted,REBUILD,false,error_down,1000
agrawal_none_sticky,gnb,always_rebuild,0,0,28007,adapted,REBUILD,false,error_up,1000
agrawal_none_sticky,gnb,always_rebuild,0,0,28871,adapted,REBUILD,false,error_up,864
agrawal_none_sticky,gnb,always_rebuild,0,1,5319,adapted,REBUILD,false,error_up,320
agrawal_none_sticky,gnb,always_rebuild,0,1,5863,adapted,REBUILD,false,error_up,544
agrawal_none_sticky,gnb,always_rebuild,0,1,6215,adapted,REBUILD,false,error_up,352
agrawal_none_sticky,gnb,always_rebuild,0,1,6471,adapted,REBUILD,false,error_up,256
agrawal_none_sticky,gnb,always_rebuild,0,2,5607,adapted,REBUILD,false,error_up,608
agrawal_none_sticky,gnb,always_rebuild,0,2,7239,adapted,REBUILD,false,error_up,1000
agrawal_none_sticky,gnb,always_rebuild,0,2,16423,adapted,REBUILD,false,error_down,1000
agrawal_none_sticky,gnb,always_rebuild,0,2,16775,adapted,REBUILD,false,error_up,352
agrawal_none_sticky,gnb,always_rebuild,0,2,17095,adapted,REBUILD,false,error_up,320
agrawal_none_sticky,gnb,always_rebuild,0,3,5319,adapted,REBUILD,false,error_down,320
agrawal_none_sticky,gnb,always_rebuild,0,3,7303,adapted,REBUILD,false,error_up,1000
agrawal_none_sticky,gnb,always_rebuild,0,4,14695,adapted,REBUILD,false,error_up,1000
agrawal_none_sticky,gnb,always_rebuild,0,4,15079,adapted,REBUILD,false,error_up,384
agrawal_none_sticky,gnb,always_rebuild,0,4,15335,adapted,REBUILD,false,error_up,256
agrawal_none_sticky,gnb,always_rebuild,0,4,32967,adapted,REBUILD,false,error_up,1000
agrawal_none_sticky,gnb,always_rebuild,200,0,7847,dismissed,,false,error_down,0
agrawal_none_sticky,gnb,always_rebuild,200,0,14311,dismissed,,false,error_up,0
agrawal_none_sticky,gnb,always_rebuild,200,0,15463,dismissed,,false,error_up,0
agrawal_none_sticky,gnb,always_rebuild,200,0,17927,dismissed,,false,error_up,0
agrawal_none_sticky,gnb,always_rebuild,200,0,18215,dismissed,,false,error_up,0
agrawal_none_sticky,gnb,always_rebuild,200,0,20519,dismissed,,false,error_up,0
agrawal_none_sticky,gnb,always_rebuild,200,0,22183,dismissed,,false,error_up,0
agrawal_none_sticky,gnb,always_rebuild,200,0,26919,dismissed,,false,error_down,0
agrawal_none_sticky,gnb,always_rebuild,200,0,30887,dismissed,,false,error_up,0
agrawal_none_sticky,gnb,always_rebuild,200,0,36743,dismissed,,false,error_up,0
agrawal_none_sticky,gnb,always_rebuild,200,0,39303,dismissed,,false,error_up,0
agrawal_none_sticky,gnb,always_rebuild,200,0,39847,dismissed,,false,error_up,0
agrawal_none_sticky,gnb,always_rebuild,200,0,42599,dismissed,,false,error_up,0
agrawal_none_sticky,gnb,always_rebuild,200,0,43431,dismissed,,false,error_up,0
agrawal_none_sticky,gnb,always_rebuild,200,0,45831,dismissed,,false,error_down,0
agrawal_none_sticky,gnb,always_rebuild,200,0,46503,dismissed,,false,error_up,0
agrawal_none_sticky,gnb,always_rebuild,200,0,49255,dismissed,,false,error_up,0
agrawal_none_sticky,gnb,always_rebuild,200,1,5319,dismissed,,false,error_up,0
agrawal_none_sticky,gnb,always_rebuild,200,1,5863,dismissed,,false,error_up,0
agrawal_none_sticky,gnb,always_rebuild,200,1,6183,adapted,REBUILD,false,error_up,1000
agrawal_none_sticky,gnb,always_rebuild,200,1,6535,dismissed,,false,error_down,0
agrawal_none_sticky,gnb,always_rebuild,200,1,7079,dismissed,,false,error_up,0
agrawal_none_sticky,gnb,always_rebuild,200,1,7335,dismissed,,false,error_down,0
agrawal_none_sticky,gnb,always_rebuild,200,1,7815,dismissed,,false,error_up,0
agrawal_none_sticky,gnb,always_rebuild,200,1,8263,dismissed,,false,error_up,0
agrawal_none_sticky,gnb,always_rebuild,200,1,8839,adapted,REBUILD,false,error_up,1000
agrawal_none_sticky,gnb,always_rebuild,200,1,9095,adapted,REBUILD,false,error_down,256
agrawal_none_sticky,gnb,always_rebuild,200,1,9767,adapted,REBUILD,false,error_up,672
agrawal_none_sticky,gnb,always_rebuild,200,1,10311,adapted,REBUILD,false,error_up,544
agrawal_none_sticky,gnb,always_rebuild,200,1,11431,dismissed,,false,error_down,0
agrawal_none_sticky,gnb,always_rebuild,200,1,23911,dismissed,,false,error_up,0
agrawal_none_sticky,gnb,always_rebuild,200,2,5607,dismissed,,false,error_up,0
agrawal_none_sticky,gnb,always_rebuild,200,2,6535,dismissed,,false,error_up,0
agrawal_none_sticky,gnb,always_rebuild,200,2,6919,adapted,REBUILD,false,error_up,1000
agrawal_none_sticky,gnb,always_rebuild,200,2,8071,dismissed,,false,error_down,0
agrawal_none_sticky,gnb,always_rebuild,200,2,11623,dismissed,,false,error_up,0
agrawal_none_sticky,gnb,always_rebuild,200,2,12391,dismissed,,false,error_down,0
agrawal_none_sticky,gnb,always_rebuild,200,2,12743,dismissed,,false,error_down,0
agrawal_none_sticky,gnb,always_rebuild,200,2,13831,dismissed,,false,error_up,0
agrawal_none_sticky,gnb,always_rebuild,200,2,14343,dismissed,,false,error_up,0
agrawal_none_sticky,gnb,always_rebuild,200,2,16807,dismissed,,false,error_up,0
agrawal_none_sticky,gnb,always_rebuild,200,2,17863,dismissed,,false,error_down,0
agrawal_none_sticky,gnb,always_rebuild,200,2,18919,dismissed,,false,error_up,0
agrawal_none_sticky,gnb,always_rebuild,200,2,20231,dismissed,,false,error_down,0
agrawal_none_sticky,gnb,always_rebuild,200,2,21959,dismissed,,false,error_down,0
agrawal_none_sticky,gnb,always_rebuild,200,2,23175,dismissed,,false,error_up,0
agrawal_none_sticky,gnb,always_rebuild,200,2,25703,dismissed,,false,error_down,0
agrawal_none_sticky,gnb,always_rebuild,200,2,26727,dismissed,,false,error_down,0
agrawal_none_sticky,gnb,always_rebuild,200,2,28871,dismissed,,false,error_up,0
agrawal_none_sticky,gnb,always_rebuild,200,2,29607,dismissed,,false,error_up,0
agrawal_none_sticky,gnb,always_rebuild,200,2,31751,dismissed,,false,error_up,0
agrawal_none_sticky,gnb,always_rebuild,200,2,33479,dismissed,,false,error_down,0
agrawal_none_sticky,gnb,always_rebuild,200,2,33959,dismissed,,false,error_down,0
agrawal_none_sticky,gnb,always_rebuild,200,2,36327,dismissed,,false,error_up,0
agrawal_none_sticky,gnb,always_rebuild,200,2,37287,dismissed,,false,error_down,0
agrawal_none_sticky,gnb,always_rebuild,200,2,38695,dismissed,,false,error_down,0
agrawal_none_sticky,gnb,always_rebuild,200,2,40583,dismissed,,false,error_down,0
agrawal_none_sticky,gnb,always_rebuild,200,2,40807,dismissed,,false,error_up,0
agrawal_none_sticky,gnb,always_rebuild,200,2,41927,dismissed,,false,error_up,0
agrawal_none_sticky,gnb,always_rebuild,200,2,45991,dismissed,,false,error_down,0
agrawal_none_sticky,gnb,always_rebuild,200,2,46503,dismissed,,false,error_down,0
agrawal_none_sticky,gnb,always_rebuild,200,2,48583,dismissed,,false,error_up,0
agrawal_none_sticky,gnb,always_rebuild,200,3,5319,adapted,REBUILD,false,error_down,520
agrawal_none_sticky,gnb,always_rebuild,200,3,5607,dismissed,,false,error_down,0
agrawal_none_sticky,gnb,always_rebuild,200,3,7207,adapted,REBUILD,false,error_up,1000
agrawal_none_sticky,gnb,always_rebuild,200,4,14695,dismissed,,false,error_up,0
agrawal_none_sticky,gnb,always_rebuild,500,0,7847,dismissed,,false,error_down,0
agrawal_none_sticky,gnb,always_rebuild,500,0,14311,dismissed,,false,error_up,0
agrawal_none_sticky,gnb,always_rebuild,500,0,15463,dismissed,,false,error_up,0
agrawal_none_sticky,gnb,always_rebuild,500,0,17927,dismissed,,false,error_up,0
agrawal_none_sticky,gnb,always_rebuild,500,0,20519,dismissed,,false,error_up,0
agrawal_none_sticky,gnb,always_rebuild,500,0,22183,dismissed,,false,error_up,0
agrawal_none_sticky,gnb,always_rebuild,500,0,26919,dismissed,,false,error_down,0
agrawal_none_sticky,gnb,always_rebuild,500,0,30887,dismissed,,false,error_up,0
agrawal_none_sticky,gnb,always_rebuild,500,0,36743,dismissed,,false,error_up,0
agrawal_none_sticky,gnb,always_rebuild,500,0,39303,dismissed,,false,error_up,0
agrawal_none_sticky,gnb,always_rebuild,500,0,39847,dismissed,,false,error_up,0
agrawal_none_sticky,gnb,always_rebuild,500,0,42599,dismissed,,false,error_up,0
agrawal_none_sticky,gnb,always_rebuild,500,0,43431,dismissed,,false,error_up,0
agrawal_none_sticky,gnb,always_rebuild,500,0,45831,dismissed,,false,error_down,0
agrawal_none_sticky,gnb,always_rebuild,500,0,46503,dismissed,,false,error_up,0
agrawal_none_sticky,gnb,always_rebuild,500,0,49255,dismissed,,false,error_up,0
agrawal_none_sticky,gnb,always_rebuild,500,1,5319,dismissed,,false,error_up,0
agrawal_none_sticky,gnb,always_rebuild,500,1,5863,dismissed,,false,error_up,0
agrawal_none_sticky,gnb,always_rebuild,500,1,6535,dismissed,,false,error_down,0
agrawal_none_sticky,gnb,always_rebuild,500,1,7079,dismissed,,false,error_up,0
agrawal_none_sticky,gnb,always_rebuild,500,1,7783,adapted,REBUILD,false,error_down,1000
agrawal_none_sticky,gnb,always_rebuild,500,1,8391,adapted,REBUILD,false,error_down,608
agrawal_none_sticky,gnb,always_rebuild,500,1,8967,dismissed,,false,error_up,0
agrawal_none_sticky,gnb,always_rebuild,500,1,9767,adapted,REBUILD,false,error_up,1000
agrawal_none_sticky,gnb,always_rebuild,500,1,13447,dismissed,,false,error_up,0
agrawal_none_sticky,gnb,always_rebuild,500,1,15079,dismissed,,false,error_up,0
agrawal_none_sticky,gnb,always_rebuild,500,1,16071,dismissed,,false,error_up,0
agrawal_none_sticky,gnb,always_rebuild,500,1,17351,dismissed,,false,error_up,0
agrawal_none_sticky,gnb,always_rebuild,500,1,19111,dismissed,,false,error_up,0
agrawal_none_sticky,gnb,always_rebuild,500,1,21351,dismissed,,false,error_down,0
agrawal_none_sticky,gnb,always_rebuild,500,1,22151,adapted,REBUILD,false,error_up,1000
agrawal_none_sticky,gnb,always_rebuild,500,1,23015,dismissed,,false,error_down,0
agrawal_none_sticky,gnb,always_rebuild,500,1,28999,dismissed,,false,error_up,0
agrawal_none_sticky,gnb,always_rebuild,500,1,34279,dismissed,,false,error_up,0
agrawal_none_sticky,gnb,always_rebuild,500,1,38343,dismissed,,false,error_up,0
agrawal_none_sticky,gnb,always_rebuild,500,1,41287,dismissed,,false,error_up,0
agrawal_none_sticky,gnb,always_rebuild,500,1,46119,dismissed,,false,error_up,0
agrawal_none_sticky,gnb,always_rebuild,500,2,5607,dismissed,,false,error_up,0
agrawal_none_sticky,gnb,always_rebuild,500,2,6535,dismissed,,false,error_up,0
agrawal_none_sticky,gnb,always_rebuild,500,2,7143,adapted,REBUILD,false,error_up,1000
agrawal_none_sticky,gnb,always_rebuild,500,3,5319,dismissed,,false,error_down,0
agrawal_none_sticky,gnb,always_rebuild,500,3,6343,adapted,REBUILD,false,error_up,1000
agrawal_none_sticky,gnb,always_rebuild,500,3,7847,dismissed,,false,error_down,0
agrawal_none_sticky,gnb,always_rebuild,500,3,38055,dismissed,,false,error_up,0
agrawal_none_sticky,gnb,always_rebuild,500,3,43175,dismissed,,false,error_down,0
agrawal_none_sticky,gnb,always_rebuild,500,4,14695,dismissed,,false,error_up,0
agrawal_none_sticky,gnb,mechanism_selector,0,0,7847,adapted,SKIP,false,error_down,0
agrawal_none_sticky,gnb,mechanism_selector,0,0,14311,adapted,NUDGE,false,error_up,800
agrawal_none_sticky,gnb,mechanism_selector,0,0,15463,adapted,REBUILD,false,error_up,1800
agrawal_none_sticky,gnb,mechanism_selector,0,0,19815,adapted,REBUILD,false,error_up,1800
agrawal_none_sticky,gnb,mechanism_selector,0,0,21319,adapted,SKIP,false,error_down,0
agrawal_none_sticky,gnb,mechanism_selector,0,1,5319,adapted,REBUILD,false,error_up,576
agrawal_none_sticky,gnb,mechanism_selector,0,1,5863,adapted,REBUILD,false,error_up,979
agrawal_none_sticky,gnb,mechanism_selector,0,1,6215,adapted,REBUILD,false,error_up,633
agrawal_none_sticky,gnb,mechanism_selector,0,1,6471,adapted,REBUILD,false,error_up,460
agrawal_none_sticky,gnb,mechanism_selector,0,2,5607,adapted,REBUILD,false,error_up,1094
agrawal_none_sticky,gnb,mechanism_selector,0,2,7239,adapted,REBUILD,false,error_up,1800
agrawal_none_sticky,gnb,mechanism_selector,0,2,16423,adapted,SKIP,false,error_down,0
agrawal_none_sticky,gnb,mechanism_selector,0,2,18919,adapted,REBUILD,false,error_up,1800
agrawal_none_sticky,gnb,mechanism_selector,0,3,5319,adapted,SKIP,false,error_down,0
agrawal_none_sticky,gnb,mechanism_selector,0,3,5767,adapted,SKIP,false,error_down,0
agrawal_none_sticky,gnb,mechanism_selector,0,3,6343,adapted,REBUILD,false,error_up,1036
agrawal_none_sticky,gnb,mechanism_selector,0,3,7207,adapted,REBUILD,false,error_up,1555
agrawal_none_sticky,gnb,mechanism_selector,0,4,14695,adapted,REBUILD,false,error_up,1800
agrawal_none_sticky,gnb,mechanism_selector,0,4,15079,adapted,REBUILD,false,error_up,691
agrawal_none_sticky,gnb,mechanism_selector,0,4,15335,adapted,REBUILD,false,error_up,460
agrawal_none_sticky,gnb,mechanism_selector,0,4,32967,adapted,NUDGE,false,error_up,800
agrawal_none_sticky,gnb,mechanism_selector,200,0,7847,dismissed,,false,error_down,0
agrawal_none_sticky,gnb,mechanism_selector,200,0,14311,dismissed,,false,error_up,0
agrawal_none_sticky,gnb,mechanism_selector,200,0,15463,dismissed,,false,error_up,0
agrawal_none_sticky,gnb,mechanism_selector,200,0,17927,dismissed,,false,error_up,0
agrawal_none_sticky,gnb,mechanism_selector,200,0,18215,dismissed,,false,error_up,0
agrawal_none_sticky,gnb,mechanism_selector,200,0,20519,dismissed,,false,error_up,0
agrawal_none_sticky,gnb,mechanism_selector,200,0,22183,dismissed,,false,error_up,0
agrawal_none_sticky,gnb,mechanism_selector,200,0,26919,dismissed,,false,error_down,0
agrawal_none_sticky,gnb,mechanism_selector,200,0,30887,dismissed,,false,error_up,0
agrawal_none_sticky,gnb,mechanism_selector,200,0,36743,dismissed,,false,error_up,0
agrawal_none_sticky,gnb,mechanism_selector,200,0,39303,dismissed,,false,error_up,0
agrawal_none_sticky,gnb,mechanism_selector,200,0,39847,dismissed,,false,error_up,0
agrawal_none_sticky,gnb,mechanism_selector,200,0,42599,dismissed,,false,error_up,0
agrawal_none_sticky,gnb,mechanism_selector,200,0,43431,dismissed,,false,error_up,0
agrawal_none_sticky,gnb,mechanism_selector,200,0,45831,dismissed,,false,error_down,0
agrawal_none_sticky,gnb,mechanism_selector,200,0,46503,dismissed,,false,error_up,0
agrawal_none_sticky,gnb,mechanism_selector,200,0,49255,dismissed,,false,error_up,0
agrawal_none_sticky,gnb,mechanism_selector,200,1,5319,dismissed,,false,error_up,0
agrawal_none_sticky,gnb,mechanism_selector,200,1,5863,dismissed,,false,error_up,0
agrawal_none_sticky,gnb,mechanism_selector,200,1,6183,adapted,REBUILD,false,error_up,1800
agrawal_none_sticky,gnb,mechanism_selector,200,1,6535,dismissed,,false,error_down,0
agrawal_none_sticky,gnb,mechanism_selector,200,1,7079,dismissed,,false,error_up,0
agrawal_none_sticky,gnb,mechanism_selector,200,1,7335,dismissed,,false,error_down,0
agrawal_none_sticky,gnb,mechanism_selector,200,1,7815,dismissed,,false,error_up,0
agrawal_none_sticky,gnb,mechanism_selector,200,1,8263,dismissed,,false,error_up,0
agrawal_none_sticky,gnb,mechanism_selector,200,1,8839,adapted,REBUILD,false,error_up,1800
agrawal_none_sticky,gnb,mechanism_selector,200,1,9095,adapted,REBUILD,false,error_down,460
agrawal_none_sticky,gnb,mechanism_selector,200,1,9767,adapted,NUDGE,false,error_up,537
agrawal_none_sticky,gnb,mechanism_selector,200,1,10247,adapted,REBUILD,false,error_up,864
agrawal_none_sticky,gnb,mechanism_selector,200,1,10599,dismissed,,false,error_down,0
agrawal_none_sticky,gnb,mechanism_selector,200,1,23911,dismissed,,false,error_up,0
agrawal_none_sticky,gnb,mechanism_selector,200,1,34439,dismissed,,false,error_up,0
agrawal_none_sticky,gnb,mechanism_selector,200,1,46119,dismissed,,false,error_up,0
agrawal_none_sticky,gnb,mechanism_selector,200,2,5607,dismissed,,false,error_up,0
agrawal_none_sticky,gnb,mechanism_selector,200,2,6535,dismissed,,false,error_up,0
agrawal_none_sticky,gnb,mechanism_selector,200,2,6919,adapted,REBUILD,false,error_up,1800
agrawal_none_sticky,gnb,mechanism_selector,200,2,8071,dismissed,,false,error_down,0
agrawal_none_sticky,gnb,mechanism_selector,200,2,11623,dismissed,,false,error_up,0
agrawal_none_sticky,gnb,mechanism_selector,200,2,12391,dismissed,,false,error_down,0
agrawal_none_sticky,gnb,mechanism_selector,200,2,12743,dismissed,,false,error_down,0
agrawal_none_sticky,gnb,mechanism_selector,200,2,13831,dismissed,,false,error_up,0
agrawal_none_sticky,gnb,mechanism_selector,200,2,14343,dismissed,,false,error_up,0
agrawal_none_sticky,gnb,mechanism_selector,200,2,16807,dismissed,,false,error_up,0
agrawal_none_sticky,gnb,mechanism_selector,200,2,17863,dismissed,,false,error_down,0
agrawal_none_sticky,gnb,mechanism_selector,200,2,18919,dismissed,,false,error_up,0
agrawal_none_sticky,gnb,mechanism_selector,200,2,20231,dismissed,,false,error_down,0
agrawal_none_sticky,gnb,mechanism_selector,200,2,21959,dismissed,,false,error_down,0
agrawal_none_sticky,gnb,mechanism_selector,200,2,23175,dismissed,,false,error_up,0
agrawal_none_sticky,gnb,mechanism_selector,200,2,25703,dismissed,,false,error_down,0
agrawal_none_sticky,gnb,mechanism_selector,200,2,26727,dismissed,,false,error_down,0
agrawal_none_sticky,gnb,mechanism_selector,200,2,28871,dismissed,,false,error_up,0
agrawal_none_sticky,gnb,mechanism_selector,200,2,29607,dismissed,,false,error_up,0
agrawal_none_sticky,gnb,mechanism_selector,200,2,31751,dismissed,,false,error_up,0
agrawal_none_sticky,gnb,mechanism_selector,200,2,33479,dismissed,,false,error_down,0
agrawal_none_sticky,gnb,mechanism_selector,200,2,33959,dismissed,,false,error_down,0
agrawal_none_sticky,gnb,mechanism_selector,200,2,36327,dismissed,,false,error_up,0
agrawal_none_sticky,gnb,mechanism_selector,200,2,37287,dismissed,,false,error_down,0
agrawal_none_sticky,gnb,mechanism_selector,200,2,38695,dismissed,,false,error_down,0
agrawal_none_sticky,gnb,mechanism_selector,200,2,40583,dismissed,,false,error_down,0
agrawal_none_sticky,gnb,mechanism_selector,200,2,40807,dismissed,,false,error_up,0
agrawal_none_sticky,gnb,mechanism_selector,200,2,41927,dismissed,,false,error_up,0
agrawal_none_sticky,gnb,mechanism_selector,200,2,45991,dismissed,,false,error_down,0
agrawal_none_sticky,gnb,mechanism_selector,200,2,46503,dismissed,,false,error_down,0
agrawal_none_sticky,gnb,mechanism_selector,200,2,48583,dismissed,,false,error_up,0
agrawal_none_sticky,gnb,mechanism_selector,200,3,5319,adapted,SKIP,false,error_down,0
agrawal_none_sticky,gnb,mechanism_selector,200,3,5767,dismissed,,false,error_down,0
agrawal_none_sticky,gnb,mechanism_selector,200,3,6343,adapted,REBUILD,false,error_up,1800
agrawal_none_sticky,gnb,mechanism_selector,200,3,6727,dismissed,,false,error_up,0
agrawal_none_sticky,gnb,mechanism_selector,200,3,7207,dismissed,,false,error_up,0
agrawal_none_sticky,gnb,mechanism_selector,200,3,7687,dismissed,,false,error_up,0
agrawal_none_sticky,gnb,mechanism_selector,200,3,8583,dismissed,,false,error_up,0
agrawal_none_sticky,gnb,mechanism_selector,200,3,9127,dismissed,,false,error_up,0
agrawal_none_sticky,gnb,mechanism_selector,200,3,9959,dismissed,,false,error_up,0
agrawal_none_sticky,gnb,mechanism_selector,200,3,10695,dismissed,,false,error_up,0
agrawal_none_sticky,gnb,mechanism_selector,200,3,11047,dismissed,,false,error_down,0
agrawal_none_sticky,gnb,mechanism_selector,200,3,11591,adapted,REBUILD,false,error_up,1800
agrawal_none_sticky,gnb,mechanism_selector,200,3,12327,dismissed,,false,error_down,0
agrawal_none_sticky,gnb,mechanism_selector,200,3,16039,dismissed,,false,error_up,0
agrawal_none_sticky,gnb,mechanism_selector,200,3,19943,dismissed,,false,error_down,0
agrawal_none_sticky,gnb,mechanism_selector,200,3,23495,dismissed,,false,error_up,0
agrawal_none_sticky,gnb,mechanism_selector,200,3,24711,dismissed,,false,error_up,0
agrawal_none_sticky,gnb,mechanism_selector,200,3,26759,dismissed,,false,error_up,0
agrawal_none_sticky,gnb,mechanism_selector,200,3,28327,dismissed,,false,error_up,0
agrawal_none_sticky,gnb,mechanism_selector,200,3,28743,dismissed,,false,error_down,0
agrawal_none_sticky,gnb,mechanism_selector,200,3,30343,dismissed,,false,error_down,0
agrawal_none_sticky,gnb,mechanism_selector,200,3,32935,dismissed,,false,error_down,0
agrawal_none_sticky,gnb,mechanism_selector,200,3,34695,dismissed,,false,error_up,0
agrawal_none_sticky,gnb,mechanism_selector,200,3,35303,dismissed,,false,error_up,0
agrawal_none_sticky,gnb,mechanism_selector,200,3,37095,dismissed,,false,error_up,0
agrawal_none_sticky,gnb,mechanism_selector,200,3,37447,dismissed,,false,error_up,0
agrawal_none_sticky,gnb,mechanism_selector,200,3,38375,dismissed,,false,error_down,0
agrawal_none_sticky,gnb,mechanism_selector,200,3,39207,dismissed,,false,error_up,0
agrawal_none_sticky,gnb,mechanism_selector,200,3,39687,dismissed,,false,error_down,0
agrawal_none_sticky,gnb,mechanism_selector,200,3,41703,adapted,REBUILD,false,error_down,1800
agrawal_none_sticky,gnb,mechanism_selector,200,3,42759,dismissed,,false,error_down,0
agrawal_none_sticky,gnb,mechanism_selector,200,3,44039,dismissed,,false,error_up,0
agrawal_none_sticky,gnb,mechanism_selector,200,3,44903,dismissed,,false,error_down,0
agrawal_none_sticky,gnb,mechanism_selector,200,3,46567,adapted,NUDGE,false,error_up,800
agrawal_none_sticky,gnb,mechanism_selector,200,3,47495,dismissed,,false,error_down,0
agrawal_none_sticky,gnb,mechanism_selector,200,4,14695,dismissed,,false,error_up,0
agrawal_none_sticky,gnb,mechanism_selector,500,0,7847,dismissed,,false,error_down,0
agrawal_none_sticky,gnb,mechanism_selector,500,0,14311,dismissed,,false,error_up,0
agrawal_none_sticky,gnb,mechanism_selector,500,0,15463,dismissed,,false,error_up,0
agrawal_none_sticky,gnb,mechanism_selector,500,0,17927,dismissed,,false,error_up,0
agrawal_none_sticky,gnb,mechanism_selector,500,0,20519,dismissed,,false,error_up,0
agrawal_none_sticky,gnb,mechanism_selector,500,0,22183,dismissed,,false,error_up,0
agrawal_none_sticky,gnb,mechanism_selector,500,0,26919,dismissed,,false,error_down,0
agrawal_none_sticky,gnb,mechanism_selector,500,0,30887,dismissed,,false,error_up,0
agrawal_none_sticky,gnb,mechanism_selector,500,0,36743,dismissed,,false,error_up,0
agrawal_none_sticky,gnb,mechanism_selector,500,0,39303,dismissed,,false,error_up,0
agrawal_none_sticky,gnb,mechanism_selector,500,0,39847,dismissed,,false,error_up,0
agrawal_none_sticky,gnb,mechanism_selector,500,0,42599,dismissed,,false,error_up,0
agrawal_none_sticky,gnb,mechanism_selector,500,0,43431,dismissed,,false,error_up,0
agrawal_none_sticky,gnb,mechanism_selector,500,0,45831,dismissed,,false,error_down,0
agrawal_none_sticky,gnb,mechanism_selector,500,0,46503,dismissed,,false,error_up,0
agrawal_none_sticky,gnb,mechanism_selector,500,0,49255,dismissed,,false,error_up,0
agrawal_none_sticky,gnb,mechanism_selector,500,1,5319,dismissed,,false,error_up,0
agrawal_none_sticky,gnb,mechanism_selector,500,1,5863,dismissed,,false,error_up,0
agrawal_none_sticky,gnb,mechanism_selector,500,1,6535,dismissed,,false,error_down,0
agrawal_none_sticky,gnb,mechanism_selector,500,1,7079,dismissed,,false,error_up,0
agrawal_none_sticky,gnb,mechanism_selector,500,1,7783,adapted,REBUILD,false,error_down,1800
agrawal_none_sticky,gnb,mechanism_selector,500,1,8391,adapted,REBUILD,false,error_down,1094
agrawal_none_sticky,gnb,mechanism_selector,500,1,8967,dismissed,,false,error_up,0
agrawal_none_sticky,gnb,mechanism_selector,500,1,9767,adapted,REBUILD,false,error_up,1800
agrawal_none_sticky,gnb,mechanism_selector,500,1,13447,dismissed,,false,error_up,0
agrawal_none_sticky,gnb,mechanism_selector,500,1,15079,dismissed,,false,error_up,0
agrawal_none_sticky,gnb,mechanism_selector,500,1,16071,dismissed,,false,error_up,0
agrawal_none_sticky,gnb,mechanism_selector,500,1,17351,dismissed,,false,error_up,0
agrawal_none_sticky,gnb,mechanism_selector,500,1,19111,dismissed,,false,error_up,0
agrawal_none_sticky,gnb,mechanism_selector,500,1,21351,dismissed,,false,error_down,0
agrawal_none_sticky,gnb,mechanism_selector,500,1,22151,adapted,SKIP,false,error_up,0
agrawal_none_sticky,gnb,mechanism_selector,500,1,23367,dismissed,,false,error_down,0
agrawal_none_sticky,gnb,mechanism_selector,500,1,25447,dismissed,,false,error_down,0
agrawal_none_sticky,gnb,mechanism_selector,500,1,29031,dismissed,,false,error_up,0
agrawal_none_sticky,gnb,mechanism_selector,500,1,30471,dismissed,,false,error_down,0
agrawal_none_sticky,gnb,mechanism_selector,500,1,31271,dismissed,,false,error_down,0
agrawal_none_sticky,gnb,mechanism_selector,500,1,34279,dismissed,,false,error_up,0
agrawal_none_sticky,gnb,mechanism_selector,500,1,35975,adapted,SKIP,false,error_up,0
agrawal_none_sticky,gnb,mechanism_selector,500,1,37255,adapted,REBUILD,false,error_down,1800
agrawal_none_sticky,gnb,mechanism_selector,500,1,38343,dismissed,,false,error_up,0
agrawal_none_sticky,gnb,mechanism_selector,500,1,39367,dismissed,,false,error_up,0
agrawal_none_sticky,gnb,mechanism_selector,500,1,40007,dismissed,,false,error_down,0
agrawal_none_sticky,gnb,mechanism_selector,500,1,40711,adapted,REBUILD,false,error_up,1800
agrawal_none_sticky,gnb,mechanism_selector,500,1,41447,dismissed,,false,error_down,0
agrawal_none_sticky,gnb,mechanism_selector,500,1,43431,dismissed,,false,error_down,0
agrawal_none_sticky,gnb,mechanism_selector,500,1,45095,dismissed,,false,error_up,0
agrawal_none_sticky,gnb,mechanism_selector,500,2,5607,dismissed,,false,error_up,0
agrawal_none_sticky,gnb,mechanism_selector,500,2,6535,dismissed,,false,error_up,0
agrawal_none_sticky,gnb,mechanism_selector,500,2,7143,adapted,REBUILD,false,error_up,1800
agrawal_none_sticky,gnb,mechanism_selector,500,3,5319,dismissed,,false,error_down,0
agrawal_none_sticky,gnb,mechanism_selector,500,3,6343,adapted,REBUILD,false,error_up,1800
agrawal_none_sticky,gnb,mechanism_selector,500,3,7847,dismissed,,false,error_down,0
agrawal_none_sticky,gnb,mechanism_selector,500,3,38055,dismissed,,false,error_up,0
agrawal_none_sticky,gnb,mechanism_selector,500,3,43175,dismissed,,false,error_down,0
agrawal_none_sticky,gnb,mechanism_selector,500,4,14695,dismissed,,false,error_up,0
agrawal_none_sticky,gnb,never_adapt,0,0,7847,adapted,SKIP,false,error_down,0
agrawal_none_sticky,gnb,never_adapt,0,0,14311,adapted,SKIP,false,error_up,0
agrawal_none_sticky,gnb,never_adapt,0,0,15463,adapted,SKIP,false,error_up,0
agrawal_none_sticky,gnb,never_adapt,0,0,17927,adapted,SKIP,false,error_up,0
agrawal_none_sticky,gnb,never_adapt,0,0,18215,adapted,SKIP,false,error_up,0
agrawal_none_sticky,gnb,never_adapt,0,0,20519,adapted,SKIP,false,error_up,0
agrawal_none_sticky,gnb,never_adapt,0,0,22183,adapted,SKIP,false,error_up,0
agrawal_none_sticky,gnb,never_adapt,0,0,26919,adapted,SKIP,false,error_down,0
agrawal_none_sticky,gnb,never_adapt,0,0,30887,adapted,SKIP,false,error_up,0
agrawal_none_sticky,gnb,never_adapt,0,0,36743,adapted,SKIP,false,error_up,0
agrawal_none_sticky,gnb,never_adapt,0,0,39303,adapted,SKIP,false,error_up,0
agrawal_none_sticky,gnb,never_adapt,0,0,39847,adapted,SKIP,false,error_up,0
agrawal_none_sticky,gnb,never_adapt,0,0,42599,adapted,SKIP,false,error_up,0
agrawal_none_sticky,gnb,never_adapt,0,0,43431,adapted,SKIP,false,error_up,0
agrawal_none_sticky,gnb,never_adapt,0,0,45831,adapted,SKIP,false,error_down,0
agrawal_none_sticky,gnb,never_adapt,0,0,46503,adapted,SKIP,false,error_up,0
agrawal_none_sticky,gnb,never_adapt,0,0,49255,adapted,SKIP,false,error_up,0
agrawal_none_sticky,gnb,never_adapt,0,1,5319,adapted,SKIP,false,error_up,0
agrawal_none_sticky,gnb,never_adapt,0,1,5511,adapted,SKIP,false,error_down,0
agrawal_none_sticky,gnb,never_adapt,0,1,5863,adapted,SKIP,false,error_up,0
agrawal_none_sticky,gnb,never_adapt,0,1,6183,adapted,SKIP,false,error_up,0
agrawal_none_sticky,gnb,never_adapt,0,1,6279,adapted,SKIP,false,error_down,0
agrawal_none_sticky,gnb,never_adapt,0,1,6535,adapted,SKIP,false,error_down,0
agrawal_none_sticky,gnb,never_adapt,0,1,7079,adapted,SKIP,false,error_up,0
agrawal_none_sticky,gnb,never_adapt,0,1,7783,adapted,SKIP,false,error_down,0
agrawal_none_sticky,gnb,never_adapt,0,1,7879,adapted,SKIP,false,error_down,0
agrawal_none_sticky,gnb,never_adapt,0,1,8423,adapted,SKIP,false,error_down,0
agrawal_none_sticky,gnb,never_adapt,0,1,8839,adapted,SKIP,false,error_up,0
agrawal_none_sticky,gnb,never_adapt,0,1,9095,adapted,SKIP,false,error_down,0
agrawal_none_sticky,gnb,never_adapt,0,1,9767,adapted,SKIP,false,error_up,0
agrawal_none_sticky,gnb,never_adapt,0,1,10247,adapted,SKIP,false,error_up,0
agrawal_none_sticky,gnb,never_adapt,0,1,10663,adapted,SKIP,false,error_up,0
agrawal_none_sticky,gnb,never_adapt,0,1,11175,adapted,SKIP,false,error_down,0
agrawal_none_sticky,gnb,never_adapt,0,1,12135,adapted,SKIP,false,error_down,0
agrawal_none_sticky,gnb,never_adapt,0,1,12551,adapted,SKIP,false,error_down,0
agrawal_none_sticky,gnb,never_adapt,0,1,13287,adapted,SKIP,false,error_up,0
agrawal_none_sticky,gnb,never_adapt,0,1,14567,adapted,SKIP,false,error_down,0
agrawal_none_sticky,gnb,never_adapt,0,1,15079,adapted,SKIP,false,error_up,0
agrawal_none_sticky,gnb,never_adapt,0,1,15879,adapted,SKIP,false,error_up,0
agrawal_none_sticky,gnb,never_adapt,0,1,16135,adapted,SKIP,false,error_down,0
agrawal_none_sticky,gnb,never_adapt,0,1,16263,adapted,SKIP,false,error_down,0
agrawal_none_sticky,gnb,never_adapt,0,1,17351,adapted,SKIP,false,error_up,0
agrawal_none_sticky,gnb,never_adapt,0,1,17991,adapted,SKIP,false,error_up,0
agrawal_none_sticky,gnb,never_adapt,0,1,18279,adapted,SKIP,false,error_down,0
agrawal_none_sticky,gnb,never_adapt,0,1,19335,adapted,SKIP,false,error_down,0
agrawal_none_sticky,gnb,never_adapt,0,1,19815,adapted,SKIP,false,error_up,0
agrawal_none_sticky,gnb,never_adapt,0,1,20039,adapted,SKIP,false,error_up,0
agrawal_none_sticky,gnb,never_adapt,0,1,20967,adapted,SKIP,false,error_down,0
agrawal_none_sticky,gnb,never_adapt,0,1,22151,adapted,SKIP,false,error_up,0
agrawal_none_sticky,gnb,never_adapt,0,1,22439,adapted,SKIP,false,error_up,0
agrawal_none_sticky,gnb,never_adapt,0,1,22695,adapted,SKIP,false,error_up,0
agrawal_none_sticky,gnb,never_adapt,0,1,23879,adapted,SKIP,false,error_up,0
agrawal_none_sticky,gnb,never_adapt,0,1,24039,adapted,SKIP,false,error_down,0
agrawal_none_sticky,gnb,never_adapt,0,1,24551,adapted,SKIP,false,error_up,0
agrawal_none_sticky,gnb,never_adapt,0,1,25191,adapted,SKIP,false,error_down,0
agrawal_none_sticky,gnb,never_adapt,0,1,25447,adapted,SKIP,false,error_down,0
agrawal_none_sticky,gnb,never_adapt,0,1,25863,adapted,SKIP,false,error_down,0
agrawal_none_sticky,gnb,never_adapt,0,1,26503,adapted,SKIP,false,error_down,0
agrawal_none_sticky,gnb,never_adapt,0,1,27399,adapted,SKIP,false,error_up,0
agrawal_none_sticky,gnb,never_adapt,0,1,27559,adapted,SKIP,false,error_up,0
agrawal_none_sticky,gnb,never_adapt,0,1,28615,adapted,SKIP,false,error_up,0
agrawal_none_sticky,gnb,never_adapt,0,1,28967,adapted,SKIP,false,error_up,0
agrawal_none_sticky,gnb,never_adapt,0,1,29255,adapted,SKIP,false,error_down,0
agrawal_none_sticky,gnb,never_adapt,0,1,30119,adapted,SKIP,false,error_down,0
agrawal_none_sticky,gnb,never_adapt,0,1,30279,adapted,SKIP,false,error_down,0
agrawal_none_sticky,gnb,never_adapt,0,1,30599,adapted,SKIP,false,error_up,0
agrawal_none_sticky,gnb,never_adapt,0,1,31655,adapted,SKIP,false,error_up,0
agrawal_none_sticky,gnb,never_adapt,0,1,31815,adapted,SKIP,false,error_up,0
agrawal_none_sticky,gnb,never_adapt,0,1,32455,adapted,SKIP,false,error_up,0
agrawal_none_sticky,gnb,never_adapt,0,1,34183,adapted,SKIP,false,error_up,0
agrawal_none_sticky,gnb,never_adapt,0,1,34599,adapted,SKIP,false,error_down,0
agrawal_none_sticky,gnb,never_adapt,0,1,34727,adapted,SKIP,false,error_up,0
agrawal_none_sticky,gnb,never_adapt,0,1,35975,adapted,SKIP,false,error_up,0
agrawal_none_sticky,gnb,never_adapt,0,1,36551,adapted,SKIP,false,error_down,0
agrawal_none_sticky,gnb,never_adapt,0,1,37735,adapted,SKIP,false,error_up,0
agrawal_none_sticky,gnb,never_adapt,0,1,38343,adapted,SKIP,false,error_up,0
agrawal_none_sticky,gnb,never_adapt,0,1,39367,adapted,SKIP,false,error_up,0
agrawal_none_sticky,gnb,never_adapt,0,1,39751,adapted,SKIP,false,error_up,0
agrawal_none_sticky,gnb,never_adapt,0,1,40007,adapted,SKIP,false,error_down,0
agrawal_none_sticky,gnb,never_adapt,0,1,40871,adapted,SKIP,false,error_up,0
agrawal_none_sticky,gnb,never_adapt,0,1,41031,adapted,SKIP,false,error_up,0
agrawal_none_sticky,gnb,never_adapt,0,1,41447,adapted,SKIP,false,error_down,0
agrawal_none_sticky,gnb,never_adapt,0,1,41831,adapted,SKIP,false,error_down,0
agrawal_none_sticky,gnb,never_adapt,0,1,42151,adapted,SKIP,false,error_down,0
agrawal_none_sticky,gnb,never_adapt,0,1,42567,adapted,SKIP,false,error_down,0
agrawal_none_sticky,gnb,never_adapt,0,1,42695,adapted,SKIP,false,error_up,0
agrawal_none_sticky,gnb,never_adapt,0,1,44199,adapted,SKIP,false,error_up,0
agrawal_none_sticky,gnb,never_adapt,0,1,44807,adapted,SKIP,false,error_up,0
agrawal_none_sticky,gnb,never_adapt,0,1,45447,adapted,SKIP,false,error_up,0
agrawal_none_sticky,gnb,never_adapt,0,1,45959,adapted,SKIP,false,error_up,0
agrawal_none_sticky,gnb,never_adapt,0,1,46343,adapted,SKIP,false,error_down,0
agrawal_none_sticky,gnb,never_adapt,0,1,46983,adapted,SKIP,false,error_up,0
agrawal_none_sticky,gnb,never_adapt,0,1,47911,adapted,SKIP,false,error_up,0
agrawal_none_sticky,gnb,never_adapt,0,1,48359,adapted,SKIP,false,error_up,0
agrawal_none_sticky,gnb,never_adapt,0,1,49159,adapted,SKIP,false,error_up,0
agrawal_none_sticky,gnb,never_adapt,0,1,49511,adapted,SKIP,false,error_down,0
agrawal_none_sticky,gnb,never_adapt,0,1,49735,adapted,SKIP,false,error_down,0
agrawal_none_sticky,gnb,never_adapt,0,1,49927,adapted,SKIP,false,error_up,0
agrawal_none_sticky,gnb,never_adapt,0,2,5607,adapted,SKIP,false,error_up,0
agrawal_none_sticky,gnb,never_adapt,0,2,6535,adapted,SKIP,false,error_up,0
agrawal_none_sticky,gnb,never_adapt,0,2,6919,adapted,SKIP,false,error_up,0
agrawal_none_sticky,gnb,never_adapt,0,2,7143,adapted,SKIP,false,error_up,0
agrawal_none_sticky,gnb,never_adapt,0,2,7623,adapted,SKIP,false,error_up,0
agrawal_none_sticky,gnb,never_adapt,0,2,11623,adapted,SKIP,false,error_up,0
agrawal_none_sticky,gnb,never_adapt,0,2,12327,adapted,SKIP,false,error_down,0
agrawal_none_sticky,gnb,never_adapt,0,2,12743,adapted,SKIP,false,error_down,0
agrawal_none_sticky,gnb,never_adapt,0,2,12967,adapted,SKIP,false,error_down,0
agrawal_none_sticky,gnb,never_adapt,0,2,14695,adapted,SKIP,false,error_down,0
agrawal_none_sticky,gnb,never_adapt,0,2,16807,adapted,SKIP,false,error_up,0
agrawal_none_sticky,gnb,never_adapt,0,2,17095,adapted,SKIP,false,error_up,0
agrawal_none_sticky,gnb,never_adapt,0,2,17863,adapted,SKIP,false,error_down,0
agrawal_none_sticky,gnb,never_adapt,0,2,17991,adapted,SKIP,false,error_up,0
agrawal_none_sticky,gnb,never_adapt,0,2,18663,adapted,SKIP,false,error_down,0
agrawal_none_sticky,gnb,never_adapt,0,2,18919,adapted,SKIP,false,error_up,0
agrawal_none_sticky,gnb,never_adapt,0,2,20167,adapted,SKIP,false,error_down,0
agrawal_none_sticky,gnb,never_adapt,0,2,21287,adapted,SKIP,false,error_up,0
agrawal_none_sticky,gnb,never_adapt,0,2,21703,adapted,SKIP,false,error_up,0
agrawal_none_sticky,gnb,never_adapt,0,2,23079,adapted,SKIP,false,error_up,0
agrawal_none_sticky,gnb,never_adapt,0,2,24167,adapted,SKIP,false,error_up,0
agrawal_none_sticky,gnb,never_adapt,0,2,25191,adapted,SKIP,false,error_up,0
agrawal_none_sticky,gnb,never_adapt,0,2,26695,adapted,SKIP,false,error_down,0
agrawal_none_sticky,gnb,never_adapt,0,2,26983,adapted,SKIP,false,error_up,0
agrawal_none_sticky,gnb,never_adapt,0,2,29607,adapted,SKIP,false,error_up,0
agrawal_none_sticky,gnb,never_adapt,0,2,29863,adapted,SKIP,false,error_down,0
agrawal_none_sticky,gnb,never_adapt,0,2,30887,adapted,SKIP,false,error_up,0
agrawal_none_sticky,gnb,never_adapt,0,2,31751,adapted,SKIP,false,error_up,0
agrawal_none_sticky,gnb,never_adapt,0,2,32135,adapted,SKIP,false,error_up,0
agrawal_none_sticky,gnb,never_adapt,0,2,32807,adapted,SKIP,false,error_up,0
agrawal_none_sticky,gnb,never_adapt,0,2,33127,adapted,SKIP,false,error_up,0
agrawal_none_sticky,gnb,never_adapt,0,2,33479,adapted,SKIP,false,error_down,0
agrawal_none_sticky,gnb,never_adapt,0,2,33959,adapted,SKIP,false,error_down,0
agrawal_none_sticky,gnb,never_adapt,0,2,34727,adapted,SKIP,false,error_up,0
agrawal_none_sticky,gnb,never_adapt,0,2,35015,adapted,SKIP,false,error_down,0
agrawal_none_sticky,gnb,never_adapt,0,2,35431,adapted,SKIP,false,error_down,0
agrawal_none_sticky,gnb,never_adapt,0,2,35687,adapted,SKIP,false,error_down,0
agrawal_none_sticky,gnb,never_adapt,0,2,36199,adapted,SKIP,false,error_down,0
agrawal_none_sticky,gnb,never_adapt,0,2,37255,adapted,SKIP,false,error_down,0
agrawal_none_sticky,gnb,never_adapt,0,2,38471,adapted,SKIP,false,error_down,0
agrawal_none_sticky,gnb,never_adapt,0,2,38855,adapted,SKIP,false,error_up,0
agrawal_none_sticky,gnb,never_adapt,0,2,39399,adapted,SKIP,false,error_down,0
agrawal_none_sticky,gnb,never_adapt,0,2,40551,adapted,SKIP,false,error_down,0
agrawal_none_sticky,gnb,never_adapt,0,2,40807,adapted,SKIP,false,error_up,0
agrawal_none_sticky,gnb,never_adapt,0,2,41127,adapted,SKIP,false,error_down,0
agrawal_none_sticky,gnb,never_adapt,0,2,41927,adapted,SKIP,false,error_up,0
agrawal_none_sticky,gnb,never_adapt,0,2,44487,adapted,SKIP,false,error_up,0
agrawal_none_sticky,gnb,never_adapt,0,2,45351,adapted,SKIP,false,error_down,0
agrawal_none_sticky,gnb,never_adapt,0,2,46279,adapted,SKIP,false,error_up,0
agrawal_none_sticky,gnb,never_adapt,0,2,47527,adapted,SKIP,false,error_up,0
agrawal_none_sticky,gnb,never_adapt,0,2,48583,adapted,SKIP,false,error_up,0
agrawal_none_sticky,gnb,never_adapt,0,2,49959,adapted,SKIP,false,error_up,0
agrawal_none_sticky,gnb,never_adapt,0,3,5319,adapted,SKIP,false,error_down,0
agrawal_none_sticky,gnb,never_adapt,0,3,5767,adapted,SKIP,false,error_down,0
agrawal_none_sticky,gnb,never_adapt,0,3,6343,adapted,SKIP,false,error_up,0
agrawal_none_sticky,gnb,never_adapt,0,3,6727,adapted,SKIP,false,error_up,0
agrawal_none_sticky,gnb,never_adapt,0,3,7207,adapted,SKIP,false,error_up,0
agrawal_none_sticky,gnb,never_adapt,0,3,7687,adapted,SKIP,false,error_up,0
agrawal_none_sticky,gnb,never_adapt,0,3,9127,adapted,SKIP,false,error_up,0
agrawal_none_sticky,gnb,never_adapt,0,3,9927,adapted,SKIP,false,error_up,0
agrawal_none_sticky,gnb,never_adapt,0,3,11111,adapted,SKIP,false,error_down,0
agrawal_none_sticky,gnb,never_adapt,0,3,11719,adapted,SKIP,false,error_up,0
agrawal_none_sticky,gnb,never_adapt,0,3,11879,adapted,SKIP,false,error_down,0
agrawal_none_sticky,gnb,never_adapt,0,3,12359,adapted,SKIP,false,error_down,0
agrawal_none_sticky,gnb,never_adapt,0,3,12615,adapted,SKIP,false,error_up,0
agrawal_none_sticky,gnb,never_adapt,0,3,15495,adapted,SKIP,false,error_down,0
agrawal_none_sticky,gnb,never_adapt,0,3,17415,adapted,SKIP,false,error_down,0
agrawal_none_sticky,gnb,never_adapt,0,3,19879,adapted,SKIP,false,error_down,0
agrawal_none_sticky,gnb,never_adapt,0,3,20295,adapted,SKIP,false,error_up,0
agrawal_none_sticky,gnb,never_adapt,0,3,20743,adapted,SKIP,false,error_down,0
agrawal_none_sticky,gnb,never_adapt,0,3,21479,adapted,SKIP,false,error_down,0
agrawal_none_sticky,gnb,never_adapt,0,3,22215,adapted,SKIP,false,error_down,0
agrawal_none_sticky,gnb,never_adapt,0,3,23463,adapted,SKIP,false,error_up,0
agrawal_none_sticky,gnb,never_adapt,0,3,23975,adapted,SKIP,false,error_up,0
agrawal_none_sticky,gnb,never_adapt,0,3,24647,adapted,SKIP,false,error_up,0
agrawal_none_sticky,gnb,never_adapt,0,3,25063,adapted,SKIP,false,error_down,0
agrawal_none_sticky,gnb,never_adapt,0,3,26119,adapted,SKIP,false,error_up,0
agrawal_none_sticky,gnb,never_adapt,0,3,26727,adapted,SKIP,false,error_up,0
agrawal_none_sticky,gnb,never_adapt,0,3,27847,adapted,SKIP,false,error_up,0
agrawal_none_sticky,gnb,never_adapt,0,3,28743,adapted,SKIP,false,error_down,0
agrawal_none_sticky,gnb,never_adapt,0,3,29095,adapted,SKIP,false,error_up,0
agrawal_none_sticky,gnb,never_adapt,0,3,29607,adapted,SKIP,false,error_up,0
agrawal_none_sticky,gnb,never_adapt,0,3,30311,adapted,SKIP,false,error_down,0
agrawal_none_sticky,gnb,never_adapt,0,3,31335,adapted,SKIP,false,error_up,0
agrawal_none_sticky,gnb,never_adapt,0,3,31623,adapted,SKIP,false,error_up,0
agrawal_none_sticky,gnb,never_adapt,0,3,32327,adapted,SKIP,false,error_up,0
agrawal_none_sticky,gnb,never_adapt,0,3,33191,adapted,SKIP,false,error_up,0
agrawal_none_sticky,gnb,never_adapt,0,3,33607,adapted,SKIP,false,error_up,0
agrawal_none_sticky,gnb,never_adapt,0,3,34695,adapted,SKIP,false,error_up,0
agrawal_none_sticky,gnb,never_adapt,0,3,35335,adapted,SKIP,false,error_up,0
agrawal_none_sticky,gnb,never_adapt,0,3,35591,adapted,SKIP,false,error_down,0
agrawal_none_sticky,gnb,never_adapt,0,3,35879,adapted,SKIP,false,error_up,0
agrawal_none_sticky,gnb,never_adapt,0,3,37095,adapted,SKIP,false,error_up,0
agrawal_none_sticky,gnb,never_adapt,0,3,37447,adapted,SKIP,false,error_up,0
agrawal_none_sticky,gnb,never_adapt,0,3,38311,adapted,SKIP,false,error_down,0
agrawal_none_sticky,gnb,never_adapt,0,3,38503,adapted,SKIP,false,error_up,0
agrawal_none_sticky,gnb,never_adapt,0,3,39207,adapted,SKIP,false,error_up,0
agrawal_none_sticky,gnb,never_adapt,0,3,39623,adapted,SKIP,false,error_down,0
agrawal_none_sticky,gnb,never_adapt,0,3,39911,adapted,SKIP,false,error_up,0
agrawal_none_sticky,gnb,never_adapt,0,3,40551,adapted,SKIP,false,error_down,0
agrawal_none_sticky,gnb,never_adapt,0,3,40711,adapted,SKIP,false,error_up,0
agrawal_none_sticky,gnb,never_adapt,0,3,43015,adapted,SKIP,false,error_down,0
agrawal_none_sticky,gnb,never_adapt,0,3,44039,adapted,SKIP,false,error_up,0
agrawal_none_sticky,gnb,never_adapt,0,3,44295,adapted,SKIP,false,error_up,0
agrawal_none_sticky,gnb,never_adapt,0,3,44903,adapted,SKIP,false,error_down,0
agrawal_none_sticky,gnb,never_adapt,0,3,45351,adapted,SKIP,false,error_down,0
agrawal_none_sticky,gnb,never_adapt,0,3,46183,adapted,SKIP,false,error_up,0
agrawal_none_sticky,gnb,never_adapt,0,3,46535,adapted,SKIP,false,error_up,0
agrawal_none_sticky,gnb,never_adapt,0,3,46919,adapted,SKIP,false,error_up,0
agrawal_none_sticky,gnb,never_adapt,0,3,47655,adapted,SKIP,false,error_up,0
agrawal_none_sticky,gnb,never_adapt,0,3,48039,adapted,SKIP,false,error_up,0
agrawal_none_sticky,gnb,never_adapt,0,3,48647,adapted,SKIP,false,error_up,0
agrawal_none_sticky,gnb,never_adapt,0,3,49959,adapted,SKIP,false,error_up,0
agrawal_none_sticky,gnb,never_adapt,0,4,14695,adapted,SKIP,false,error_up,0
agrawal_none_sticky,sgd,always_rebuild,0,0,5127,adapted,REBUILD,false,error_down,2560
agrawal_none_sticky,sgd,always_rebuild,0,2,5607,adapted,REBUILD,false,error_up,37088
agrawal_none_sticky,sgd,always_rebuild,0,2,6247,adapted,REBUILD,false,error_down,32000
agrawal_none_sticky,sgd,always_rebuild,0,2,22695,adapted,REBUILD,false,error_down,99000
agrawal_none_sticky,sgd,always_rebuild,0,2,23175,adapted,REBUILD,false,error_up,34080
agrawal_none_sticky,sgd,always_rebuild,0,2,23751,adapted,REBUILD,false,error_up,38016
agrawal_none_sticky,sgd,always_rebuild,0,2,24263,adapted,REBUILD,false,error_down,43520
agrawal_none_sticky,sgd,always_rebuild,0,2,25159,adapted,REBUILD,false,error_up,46592
agrawal_none_sticky,sgd,always_rebuild,0,2,29639,adapted,REBUILD,false,error_up,94000
agrawal_none_sticky,sgd,always_rebuild,0,2,29863,adapted,REBUILD,false,error_down,12544
agrawal_none_sticky,sgd,always_rebuild,0,2,30887,adapted,REBUILD,false,error_up,94000
agrawal_none_sticky,sgd,always_rebuild,0,2,31719,adapted,REBUILD,false,error_up,63232
agrawal_none_sticky,sgd,always_rebuild,0,2,32135,adapted,REBUILD,false,error_up,32864
agrawal_none_sticky,sgd,always_rebuild,0,2,33447,adapted,REBUILD,false,error_down,61000
agrawal_none_sticky,sgd,always_rebuild,0,2,33607,adapted,REBUILD,false,error_up,4320
agrawal_none_sticky,sgd,always_rebuild,0,2,33927,adapted,REBUILD,false,error_down,19200
agrawal_none_sticky,sgd,always_rebuild,0,2,34247,adapted,REBUILD,false,error_up,9280
agrawal_none_sticky,sgd,always_rebuild,0,2,34823,adapted,REBUILD,false,error_up,58752
agrawal_none_sticky,sgd,always_rebuild,0,3,38183,adapted,REBUILD,false,error_down,53000
agrawal_none_sticky,sgd,always_rebuild,0,3,39207,adapted,REBUILD,false,error_down,85000
agrawal_none_sticky,sgd,always_rebuild,0,4,6183,adapted,REBUILD,false,error_down,71000
agrawal_none_sticky,sgd,always_rebuild,0,4,8103,adapted,REBUILD,false,error_up,79000
agrawal_none_sticky,sgd,always_rebuild,0,4,9159,adapted,REBUILD,false,error_down,74000
agrawal_none_sticky,sgd,always_rebuild,0,4,9415,adapted,REBUILD,false,error_up,8448
agrawal_none_sticky,sgd,always_rebuild,0,4,10439,adapted,REBUILD,false,error_up,63000
agrawal_none_sticky,sgd,always_rebuild,200,0,5127,adapted,REBUILD,false,error_down,20008
agrawal_none_sticky,sgd,always_rebuild,200,0,11559,dismissed,,false,error_up,0
agrawal_none_sticky,sgd,always_rebuild,200,0,12999,dismissed,,false,error_up,0
agrawal_none_sticky,sgd,always_rebuild,200,0,17927,dismissed,,false,error_up,0
agrawal_none_sticky,sgd,always_rebuild,200,0,21415,dismissed,,false,error_down,0
agrawal_none_sticky,sgd,always_rebuild,200,0,22887,dismissed,,false,error_up,0
agrawal_none_sticky,sgd,always_rebuild,200,0,26663,dismissed,,false,error_down,0
agrawal_none_sticky,sgd,always_rebuild,200,0,28327,dismissed,,false,error_up,0
agrawal_none_sticky,sgd,always_rebuild,200,0,34823,dismissed,,false,error_up,0
agrawal_none_sticky,sgd,always_rebuild,200,0,36743,dismissed,,false,error_up,0
agrawal_none_sticky,sgd,always_rebuild,200,0,45767,dismissed,,false,error_down,0
agrawal_none_sticky,sgd,always_rebuild,200,0,47847,dismissed,,false,error_down,0
agrawal_none_sticky,sgd,always_rebuild,200,2,5607,dismissed,,false,error_up,0
agrawal_none_sticky,sgd,always_rebuild,200,2,6247,dismissed,,false,error_up,0
agrawal_none_sticky,sgd,always_rebuild,200,2,7143,adapted,REBUILD,false,error_up,89000
agrawal_none_sticky,sgd,always_rebuild,200,2,20807,adapted,REBUILD,false,error_up,115000
agrawal_none_sticky,sgd,always_rebuild,200,2,24327,adapted,REBUILD,false,error_down,49000
agrawal_none_sticky,sgd,always_rebuild,200,2,24679,dismissed,,false,error_down,0
agrawal_none_sticky,sgd,always_rebuild,200,2,29735,adapted,REBUILD,false,error_up,99000
agrawal_none_sticky,sgd,always_rebuild,200,2,30023,dismissed,,false,error_up,0
agrawal_none_sticky,sgd,always_rebuild,200,2,30887,adapted,REBUILD,false,error_down,50000
agrawal_none_sticky,sgd,always_rebuild,200,2,31751,dismissed,,false,error_down,0
agrawal_none_sticky,sgd,always_rebuild,200,2,32135,dismissed,,false,error_down,0
agrawal_none_sticky,sgd,always_rebuild,200,2,32807,dismissed,,false,error_down,0
agrawal_none_sticky,sgd,always_rebuild,200,2,33159,dismissed,,false,error_down,0
agrawal_none_sticky,sgd,always_rebuild,200,2,33479,dismissed,,false,error_up,0
agrawal_none_sticky,sgd,always_rebuild,200,2,33959,adapted,REBUILD,false,error_up,73000
agrawal_none_sticky,sgd,always_rebuild,200,2,34215,dismissed,,false,error_down,0
agrawal_none_sticky,sgd,always_rebuild,200,2,34823,dismissed,,false,error_up,0
agrawal_none_sticky,sgd,always_rebuild,200,2,35431,dismissed,,false,error_down,0
agrawal_none_sticky,sgd,always_rebuild,200,2,36199,adapted,REBUILD,false,error_down,56000
agrawal_none_sticky,sgd,always_rebuild,200,2,36583,dismissed,,false,error_up,0
agrawal_none_sticky,sgd,always_rebuild,200,2,37255,dismissed,,false,error_up,0
agrawal_none_sticky,sgd,always_rebuild,200,2,38439,adapted,REBUILD,false,error_up,69000
agrawal_none_sticky,sgd,always_rebuild,200,2,38695,adapted,REBUILD,false,error_down,11520
agrawal_none_sticky,sgd,always_rebuild,200,2,40551,dismissed,,false,error_down,0
agrawal_none_sticky,sgd,always_rebuild,200,2,41127,dismissed,,false,error_down,0
agrawal_none_sticky,sgd,always_rebuild,200,2,44487,dismissed,,false,error_up,0
agrawal_none_sticky,sgd,always_rebuild,200,2,44743,dismissed,,false,error_up,0
agrawal_none_sticky,sgd,always_rebuild,200,2,46247,dismissed,,false,error_up,0
agrawal_none_sticky,sgd,always_rebuild,200,2,48583,dismissed,,false,error_up,0
agrawal_none_sticky,sgd,always_rebuild,200,3,38183,dismissed,,false,error_down,0
agrawal_none_sticky,sgd,always_rebuild,200,4,6183,dismissed,,false,error_down,0
agrawal_none_sticky,sgd,always_rebuild,200,4,32359,adapted,REBUILD,false,error_down,85000
agrawal_none_sticky,sgd,always_rebuild,200,4,37831,dismissed,,false,error_down,0
agrawal_none_sticky,sgd,always_rebuild,200,4,42055,adapted,REBUILD,false,error_up,68000
agrawal_none_sticky,sgd,always_rebuild,500,0,5127,adapted,REBUILD,false,error_down,64684
agrawal_none_sticky,sgd,always_rebuild,500,0,5959,dismissed,,false,error_down,0
agrawal_none_sticky,sgd,always_rebuild,500,0,6695,dismissed,,false,error_down,0
agrawal_none_sticky,sgd,always_rebuild,500,0,8167,dismissed,,false,error_up,0
agrawal_none_sticky,sgd,always_rebuild,500,0,8775,dismissed,,false,error_down,0
agrawal_none_sticky,sgd,always_rebuild,500,0,9351,dismissed,,false,error_up,0
agrawal_none_sticky,sgd,always_rebuild,500,0,10087,dismissed,,false,error_up,0
agrawal_none_sticky,sgd,always_rebuild,500,0,11239,dismissed,,false,error_up,0
agrawal_none_sticky,sgd,always_rebuild,500,0,12295,dismissed,,false,error_down,0
agrawal_none_sticky,sgd,always_rebuild,500,0,12967,dismissed,,false,error_up,0
agrawal_none_sticky,sgd,always_rebuild,500,0,14183,dismissed,,false,error_down,0
agrawal_none_sticky,sgd,always_rebuild,500,0,14791,dismissed,,false,error_down,0
agrawal_none_sticky,sgd,always_rebuild,500,0,15367,dismissed,,false,error_up,0
agrawal_none_sticky,sgd,always_rebuild,500,0,16199,dismissed,,false,error_down,0
agrawal_none_sticky,sgd,always_rebuild,500,0,16711,dismissed,,false,error_up,0
agrawal_none_sticky,sgd,always_rebuild,500,0,17895,dismissed,,false,error_up,0
agrawal_none_sticky,sgd,always_rebuild,500,0,18951,dismissed,,false,error_up,0
agrawal_none_sticky,sgd,always_rebuild,500,0,19559,dismissed,,false,error_down,0
agrawal_none_sticky,sgd,always_rebuild,500,0,20167,dismissed,,false,error_down,0
agrawal_none_sticky,sgd,always_rebuild,500,0,20807,dismissed,,false,error_down,0
agrawal_none_sticky,sgd,always_rebuild,500,0,21607,dismissed,,false,error_up,0
agrawal_none_sticky,sgd,always_rebuild,500,0,22151,dismissed,,false,error_up,0
agrawal_none_sticky,sgd,always_rebuild,500,0,22759,dismissed,,false,error_up,0
agrawal_none_sticky,sgd,always_rebuild,500,0,23335,dismissed,,false,error_up,0
agrawal_none_sticky,sgd,always_rebuild,500,0,23943,dismissed,,false,error_down,0
agrawal_none_sticky,sgd,always_rebuild,500,0,24615,dismissed,,false,error_down,0
agrawal_none_sticky,sgd,always_rebuild,500,0,25255,dismissed,,false,error_up,0
agrawal_none_sticky,sgd,always_rebuild,500,0,25959,dismissed,,false,error_down,0
agrawal_none_sticky,sgd,always_rebuild,500,0,28007,dismissed,,false,error_up,0
agrawal_none_sticky,sgd,always_rebuild,500,0,28871,dismissed,,false,error_up,0
agrawal_none_sticky,sgd,always_rebuild,500,0,29735,dismissed,,false,error_down,0
agrawal_none_sticky,sgd,always_rebuild,500,0,30887,dismissed,,false,error_up,0
agrawal_none_sticky,sgd,always_rebuild,500,0,31495,dismissed,,false,error_up,0
agrawal_none_sticky,sgd,always_rebuild,500,0,32871,dismissed,,false,error_up,0
agrawal_none_sticky,sgd,always_rebuild,500,0,33383,dismissed,,false,error_up,0
agrawal_none_sticky,sgd,always_rebuild,500,0,34055,dismissed,,false,error_down,0
agrawal_none_sticky,sgd,always_rebuild,500,0,34727,dismissed,,false,error_up,0
agrawal_none_sticky,sgd,always_rebuild,500,0,35239,dismissed,,false,error_down,0
agrawal_none_sticky,sgd,always_rebuild,500,0,36103,dismissed,,false,error_up,0
agrawal_none_sticky,sgd,always_rebuild,500,0,38183,dismissed,,false,error_down,0
agrawal_none_sticky,sgd,always_rebuild,500,0,38951,dismissed,,false,error_up,0
agrawal_none_sticky,sgd,always_rebuild,500,0,39815,dismissed,,false,error_up,0
agrawal_none_sticky,sgd,always_rebuild,500,0,40327,dismissed,,false,error_down,0
agrawal_none_sticky,sgd,always_rebuild,500,0,40871,dismissed,,false,error_up,0
agrawal_none_sticky,sgd,always_rebuild,500,0,41831,dismissed,,false,error_down,0
agrawal_none_sticky,sgd,always_rebuild,500,0,42535,dismissed,,false,error_up,0
agrawal_none_sticky,sgd,always_rebuild,500,0,43367,dismissed,,false,error_up,0
agrawal_none_sticky,sgd,always_rebuild,500,0,44071,dismissed,,false,error_up,0
agrawal_none_sticky,sgd,always_rebuild,500,0,45127,dismissed,,false,error_down,0
agrawal_none_sticky,sgd,always_rebuild,500,0,46279,dismissed,,false,error_up,0
agrawal_none_sticky,sgd,always_rebuild,500,0,47079,dismissed,,false,error_down,0
agrawal_none_sticky,sgd,always_rebuild,500,0,48231,dismissed,,false,error_up,0
agrawal_none_sticky,sgd,always_rebuild,500,0,49159,dismissed,,false,error_up,0
agrawal_none_sticky,sgd,always_rebuild,500,2,5607,dismissed,,false,error_up,0
agrawal_none_sticky,sgd,always_rebuild,500,2,6247,dismissed,,false,error_up,0
agrawal_none_sticky,sgd,always_rebuild,500,2,7143,adapted,REBUILD,false,error_up,99000
agrawal_none_sticky,sgd,always_rebuild,500,2,7815,dismissed,,false,error_up,0
agrawal_none_sticky,sgd,always_rebuild,500,2,10855,dismissed,,false,error_down,0
agrawal_none_sticky,sgd,always_rebuild,500,2,12327,dismissed,,false,error_up,0
agrawal_none_sticky,sgd,always_rebuild,500,2,13063,dismissed,,false,error_down,0
agrawal_none_sticky,sgd,always_rebuild,500,2,14023,dismissed,,false,error_up,0
agrawal_none_sticky,sgd,always_rebuild,500,2,16807,dismissed,,false,error_down,0
agrawal_none_sticky,sgd,always_rebuild,500,2,17863,dismissed,,false,error_up,0
agrawal_none_sticky,sgd,always_rebuild,500,2,18663,dismissed,,false,error_up,0
agrawal_none_sticky,sgd,always_rebuild,500,2,19559,dismissed,,false,error_up,0
agrawal_none_sticky,sgd,always_rebuild,500,2,20135,adapted,REBUILD,false,error_up,83000
agrawal_none_sticky,sgd,always_rebuild,500,2,20679,adapted,REBUILD,false,error_down,43520
agrawal_none_sticky,sgd,always_rebuild,500,2,21223,adapted,REBUILD,false,error_up,19040
agrawal_none_sticky,sgd,always_rebuild,500,2,21799,dismissed,,false,error_down,0
agrawal_none_sticky,sgd,always_rebuild,500,2,23111,adapted,REBUILD,false,error_up,84000
agrawal_none_sticky,sgd,always_rebuild,500,2,23751,adapted,REBUILD,false,error_up,44800
agrawal_none_sticky,sgd,always_rebuild,500,2,29639,dismissed,,false,error_up,0
agrawal_none_sticky,sgd,always_rebuild,500,2,37095,dismissed,,false,error_up,0
agrawal_none_sticky,sgd,always_rebuild,500,2,38951,dismissed,,false,error_up,0
agrawal_none_sticky,sgd,always_rebuild,500,2,44487,dismissed,,false,error_up,0
agrawal_none_sticky,sgd,always_rebuild,500,3,38183,adapted,REBUILD,false,error_down,85000
agrawal_none_sticky,sgd,always_rebuild,500,3,38759,adapted,REBUILD,false,error_down,38016
agrawal_none_sticky,sgd,always_rebuild,500,3,39623,dismissed,,false,error_down,0
agrawal_none_sticky,sgd,always_rebuild,500,3,40647,dismissed,,false,error_down,0
agrawal_none_sticky,sgd,always_rebuild,500,3,41703,dismissed,,false,error_down,0
agrawal_none_sticky,sgd,always_rebuild,500,3,42791,dismissed,,false,error_down,0
agrawal_none_sticky,sgd,always_rebuild,500,3,43367,dismissed,,false,error_up,0
agrawal_none_sticky,sgd,always_rebuild,500,3,44295,dismissed,,false,error_up,0
agrawal_none_sticky,sgd,always_rebuild,500,3,45223,dismissed,,false,error_up,0
agrawal_none_sticky,sgd,always_rebuild,500,3,46183,dismissed,,false,error_up,0
agrawal_none_sticky,sgd,always_rebuild,500,3,47111,dismissed,,false,error_down,0
agrawal_none_sticky,sgd,always_rebuild,500,3,47751,dismissed,,false,error_up,0
agrawal_none_sticky,sgd,always_rebuild,500,3,48391,dismissed,,false,error_down,0
agrawal_none_sticky,sgd,always_rebuild,500,4,6183,dismissed,,false,error_down,0
agrawal_none_sticky,sgd,always_rebuild,500,4,32359,dismissed,,false,error_down,0
agrawal_none_sticky,sgd,always_rebuild,500,4,42055,dismissed,,false,error_down,0
agrawal_none_sticky,sgd,always_rebuild,500,4,43239,dismissed,,false,error_up,0
agrawal_none_sticky,sgd,mechanism_selector,0,0,5127,adapted,REBUILD,false,error_down,2560
agrawal_none_sticky,sgd,mechanism_selector,0,2,5607,adapted,REBUILD,false,error_up,37574
agrawal_none_sticky,sgd,mechanism_selector,0,2,6247,adapted,SKIP,false,error_down,0
agrawal_none_sticky,sgd,mechanism_selector,0,2,6439,adapted,REBUILD,false,error_down,5184
agrawal_none_sticky,sgd,mechanism_selector,0,2,7143,adapted,REBUILD,false,error_up,42803
agrawal_none_sticky,sgd,mechanism_selector,0,2,16423,adapted,REBUILD,false,error_up,86800
agrawal_none_sticky,sgd,mechanism_selector,0,3,38183,adapted,SKIP,false,error_down,0
agrawal_none_sticky,sgd,mechanism_selector,0,4,6183,adapted,SKIP,false,error_down,0
agrawal_none_sticky,sgd,mechanism_selector,0,4,32359,adapted,SKIP,false,error_down,0
agrawal_none_sticky,sgd,mechanism_selector,0,4,42055,adapted,SKIP,false,error_down,0
agrawal_none_sticky,sgd,mechanism_selector,0,4,43239,adapted,REBUILD,false,error_up,92800
agrawal_none_sticky,sgd,mechanism_selector,0,4,43623,adapted,NUDGE,false,error_up,307
agrawal_none_sticky,sgd,mechanism_selector,0,4,44103,adapted,SKIP,false,error_down,0
agrawal_none_sticky,sgd,mechanism_selector,0,4,44519,adapted,REBUILD,false,error_up,16556
agrawal_none_sticky,sgd,mechanism_selector,0,4,49863,adapted,REBUILD,false,error_up,72800
agrawal_none_sticky,sgd,mechanism_selector,200,0,5127,adapted,SKIP,false,error_down,0
agrawal_none_sticky,sgd,mechanism_selector,200,0,5959,adapted,SKIP,false,error_down,0
agrawal_none_sticky,sgd,mechanism_selector,200,0,6183,dismissed,,false,error_up,0
agrawal_none_sticky,sgd,mechanism_selector,200,0,6695,dismissed,,false,error_down,0
agrawal_none_sticky,sgd,mechanism_selector,200,0,8231,dismissed,,false,error_up,0
agrawal_none_sticky,sgd,mechanism_selector,200,0,8455,dismissed,,false,error_up,0
agrawal_none_sticky,sgd,mechanism_selector,200,0,8807,dismissed,,false,error_down,0
agrawal_none_sticky,sgd,mechanism_selector,200,0,9063,dismissed,,false,error_down,0
agrawal_none_sticky,sgd,mechanism_selector,200,0,9447,dismissed,,false,error_down,0
agrawal_none_sticky,sgd,mechanism_selector,200,0,10087,dismissed,,false,error_up,0
agrawal_none_sticky,sgd,mechanism_selector,200,0,11239,adapted,NUDGE,false,error_up,800
agrawal_none_sticky,sgd,mechanism_selector,200,2,5607,dismissed,,false,error_up,0
agrawal_none_sticky,sgd,mechanism_selector,200,2,6247,dismissed,,false,error_up,0
agrawal_none_sticky,sgd,mechanism_selector,200,2,7143,adapted,REBUILD,false,error_up,89800
agrawal_none_sticky,sgd,mechanism_selector,200,2,20807,adapted,NUDGE,false,error_up,800
agrawal_none_sticky,sgd,mechanism_selector,200,2,21095,adapted,REBUILD,false,error_down,16070
agrawal_none_sticky,sgd,mechanism_selector,200,2,21447,adapted,REBUILD,false,error_down,21401
agrawal_none_sticky,sgd,mechanism_selector,200,2,21831,adapted,SKIP,false,error_up,0
agrawal_none_sticky,sgd,mechanism_selector,200,2,23495,dismissed,,false,error_down,0
agrawal_none_sticky,sgd,mechanism_selector,200,2,25671,dismissed,,false,error_up,0
agrawal_none_sticky,sgd,mechanism_selector,200,2,29639,dismissed,,false,error_down,0
agrawal_none_sticky,sgd,mechanism_selector,200,2,45351,dismissed,,false,error_up,0
agrawal_none_sticky,sgd,mechanism_selector,200,3,38183,dismissed,,false,error_down,0
agrawal_none_sticky,sgd,mechanism_selector,200,4,6183,dismissed,,false,error_down,0
agrawal_none_sticky,sgd,mechanism_selector,200,4,32359,adapted,NUDGE,false,error_down,800
agrawal_none_sticky,sgd,mechanism_selector,200,4,32775,adapted,REBUILD,false,error_down,13644
agrawal_none_sticky,sgd,mechanism_selector,200,4,32999,adapted,REBUILD,false,error_down,4704
agrawal_none_sticky,sgd,mechanism_selector,200,4,33415,adapted,REBUILD,false,error_up,21964
agrawal_none_sticky,sgd,mechanism_selector,200,4,33671,adapted,SKIP,false,error_down,0
agrawal_none_sticky,sgd,mechanism_selector,200,4,34183,dismissed,,false,error_down,0
agrawal_none_sticky,sgd,mechanism_selector,200,4,34535,dismissed,,false,error_down,0
agrawal_none_sticky,sgd,mechanism_selector,200,4,35047,dismissed,,false,error_down,0
agrawal_none_sticky,sgd,mechanism_selector,200,4,36103,dismissed,,false,error_down,0
agrawal_none_sticky,sgd,mechanism_selector,200,4,36711,dismissed,,false,error_up,0
agrawal_none_sticky,sgd,mechanism_selector,200,4,37767,dismissed,,false,error_up,0
agrawal_none_sticky,sgd,mechanism_selector,200,4,38471,dismissed,,false,error_down,0
agrawal_none_sticky,sgd,mechanism_selector,200,4,38983,dismissed,,false,error_down,0
agrawal_none_sticky,sgd,mechanism_selector,200,4,39335,dismissed,,false,error_down,0
agrawal_none_sticky,sgd,mechanism_selector,200,4,39655,dismissed,,false,error_down,0
agrawal_none_sticky,sgd,mechanism_selector,200,4,39911,dismissed,,false,error_up,0
agrawal_none_sticky,sgd,mechanism_selector,200,4,40167,dismissed,,false,error_down,0
agrawal_none_sticky,sgd,mechanism_selector,200,4,40679,dismissed,,false,error_up,0
agrawal_none_sticky,sgd,mechanism_selector,200,4,41063,dismissed,,false,error_up,0
agrawal_none_sticky,sgd,mechanism_selector,200,4,41479,dismissed,,false,error_down,0
agrawal_none_sticky,sgd,mechanism_selector,200,4,41991,dismissed,,false,error_down,0
agrawal_none_sticky,sgd,mechanism_selector,200,4,42215,dismissed,,false,error_up,0
agrawal_none_sticky,sgd,mechanism_selector,200,4,42439,dismissed,,false,error_down,0
agrawal_none_sticky,sgd,mechanism_selector,200,4,42919,adapted,NUDGE,false,error_down,800
agrawal_none_sticky,sgd,mechanism_selector,200,4,43143,dismissed,,false,error_down,0
agrawal_none_sticky,sgd,mechanism_selector,500,0,5127,adapted,SKIP,false,error_down,0
agrawal_none_sticky,sgd,mechanism_selector,500,0,5959,dismissed,,false,error_down,0
agrawal_none_sticky,sgd,mechanism_selector,500,0,6695,dismissed,,false,error_down,0
agrawal_none_sticky,sgd,mechanism_selector,500,0,8231,dismissed,,false,error_up,0
agrawal_none_sticky,sgd,mechanism_selector,500,0,8807,dismissed,,false,error_down,0
agrawal_none_sticky,sgd,mechanism_selector,500,0,9447,dismissed,,false,error_down,0
agrawal_none_sticky,sgd,mechanism_selector,500,0,10087,dismissed,,false,error_up,0
agrawal_none_sticky,sgd,mechanism_selector,500,0,11239,dismissed,,false,error_up,0
agrawal_none_sticky,sgd,mechanism_selector,500,0,12327,dismissed,,false,error_down,0
agrawal_none_sticky,sgd,mechanism_selector,500,0,12967,dismissed,,false,error_up,0
agrawal_none_sticky,sgd,mechanism_selector,500,0,14183,dismissed,,false,error_down,0
agrawal_none_sticky,sgd,mechanism_selector,500,0,14791,dismissed,,false,error_down,0
agrawal_none_sticky,sgd,mechanism_selector,500,0,15367,dismissed,,false,error_up,0
agrawal_none_sticky,sgd,mechanism_selector,500,0,16199,dismissed,,false,error_down,0
agrawal_none_sticky,sgd,mechanism_selector,500,0,16711,dismissed,,false,error_up,0
agrawal_none_sticky,sgd,mechanism_selector,500,0,17895,dismissed,,false,error_up,0
agrawal_none_sticky,sgd,mechanism_selector,500,0,18951,dismissed,,false,error_up,0
agrawal_none_sticky,sgd,mechanism_selector,500,0,19559,dismissed,,false,error_down,0
agrawal_none_sticky,sgd,mechanism_selector,500,0,20167,dismissed,,false,error_down,0
agrawal_none_sticky,sgd,mechanism_selector,500,0,20775,dismissed,,false,error_down,0
agrawal_none_sticky,sgd,mechanism_selector,500,0,21607,dismissed,,false,error_up,0
agrawal_none_sticky,sgd,mechanism_selector,500,0,22151,dismissed,,false,error_up,0
agrawal_none_sticky,sgd,mechanism_selector,500,0,22759,dismissed,,false,error_up,0
agrawal_none_sticky,sgd,mechanism_selector,500,0,23335,dismissed,,false,error_up,0
agrawal_none_sticky,sgd,mechanism_selector,500,0,23943,dismissed,,false,error_down,0
agrawal_none_sticky,sgd,mechanism_selector,500,0,24615,dismissed,,false,error_down,0
agrawal_none_sticky,sgd,mechanism_selector,500,0,25223,dismissed,,false,error_up,0
agrawal_none_sticky,sgd,mechanism_selector,500,0,25895,dismissed,,false,error_down,0
agrawal_none_sticky,sgd,mechanism_selector,500,0,26439,dismissed,,false,error_down,0
agrawal_none_sticky,sgd,mechanism_selector,500,0,28007,dismissed,,false,error_up,0
agrawal_none_sticky,sgd,mechanism_selector,500,0,28871,dismissed,,false,error_up,0
agrawal_none_sticky,sgd,mechanism_selector,500,0,29671,dismissed,,false,error_down,0
agrawal_none_sticky,sgd,mechanism_selector,500,0,30215,dismissed,,false,error_up,0
agrawal_none_sticky,sgd,mechanism_selector,500,0,30887,dismissed,,false,error_up,0
agrawal_none_sticky,sgd,mechanism_selector,500,0,31495,dismissed,,false,error_up,0
agrawal_none_sticky,sgd,mechanism_selector,500,0,32871,dismissed,,false,error_up,0
agrawal_none_sticky,sgd,mechanism_selector,500,0,33383,dismissed,,false,error_up,0
agrawal_none_sticky,sgd,mechanism_selector,500,0,34055,dismissed,,false,error_down,0
agrawal_none_sticky,sgd,mechanism_selector,500,0,34727,dismissed,,false,error_up,0
agrawal_none_sticky,sgd,mechanism_selector,500,0,35239,dismissed,,false,error_down,0
agrawal_none_sticky,sgd,mechanism_selector,500,0,36103,dismissed,,false,error_up,0
agrawal_none_sticky,sgd,mechanism_selector,500,0,38183,dismissed,,false,error_down,0
agrawal_none_sticky,sgd,mechanism_selector,500,0,39015,dismissed,,false,error_up,0
agrawal_none_sticky,sgd,mechanism_selector,500,0,39815,dismissed,,false,error_up,0
agrawal_none_sticky,sgd,mechanism_selector,500,0,40327,dismissed,,false,error_down,0
agrawal_none_sticky,sgd,mechanism_selector,500,0,40871,dismissed,,false,error_up,0
agrawal_none_sticky,sgd,mechanism_selector,500,0,41831,dismissed,,false,error_down,0
agrawal_none_sticky,sgd,mechanism_selector,500,0,42535,dismissed,,false,error_up,0
agrawal_none_sticky,sgd,mechanism_selector,500,0,43367,dismissed,,false,error_up,0
agrawal_none_sticky,sgd,mechanism_selector,500,0,44231,dismissed,,false,error_up,0
agrawal_none_sticky,sgd,mechanism_selector,500,0,45127,dismissed,,false,error_down,0
agrawal_none_sticky,sgd,mechanism_selector,500,0,46279,dismissed,,false,error_up,0
agrawal_none_sticky,sgd,mechanism_selector,500,0,47079,dismissed,,false,error_down,0
agrawal_none_sticky,sgd,mechanism_selector,500,0,48231,dismissed,,false,error_up,0
agrawal_none_sticky,sgd,mechanism_selector,500,0,49159,dismissed,,false,error_up,0
agrawal_none_sticky,sgd,mechanism_selector,500,2,5607,dismissed,,false,error_up,0
agrawal_none_sticky,sgd,mechanism_selector,500,2,6247,dismissed,,false,error_up,0
agrawal_none_sticky,sgd,mechanism_selector,500,2,7143,adapted,REBUILD,false,error_up,99800
agrawal_none_sticky,sgd,mechanism_selector,500,2,7815,dismissed,,false,error_up,0
agrawal_none_sticky,sgd,mechanism_selector,500,2,10855,dismissed,,false,error_down,0
agrawal_none_sticky,sgd,mechanism_selector,500,2,12327,dismissed,,false,error_up,0
agrawal_none_sticky,sgd,mechanism_selector,500,2,13063,dismissed,,false,error_down,0
agrawal_none_sticky,sgd,mechanism_selector,500,2,14023,dismissed,,false,error_up,0
agrawal_none_sticky,sgd,mechanism_selector,500,2,16807,dismissed,,false,error_down,0
agrawal_none_sticky,sgd,mechanism_selector,500,2,17863,dismissed,,false,error_up,0
agrawal_none_sticky,sgd,mechanism_selector,500,2,18663,dismissed,,false,error_up,0
agrawal_none_sticky,sgd,mechanism_selector,500,2,19559,dismissed,,false,error_up,0
agrawal_none_sticky,sgd,mechanism_selector,500,2,20135,adapted,SKIP,false,error_up,0
agrawal_none_sticky,sgd,mechanism_selector,500,2,21287,dismissed,,false,error_down,0
agrawal_none_sticky,sgd,mechanism_selector,500,2,22439,adapted,SKIP,false,error_up,0
agrawal_none_sticky,sgd,mechanism_selector,500,2,23175,dismissed,,false,error_down,0
agrawal_none_sticky,sgd,mechanism_selector,500,2,23911,dismissed,,false,error_down,0
agrawal_none_sticky,sgd,mechanism_selector,500,2,24487,adapted,NUDGE,false,error_up,800
agrawal_none_sticky,sgd,mechanism_selector,500,2,25063,dismissed,,false,error_down,0
agrawal_none_sticky,sgd,mechanism_selector,500,2,25671,dismissed,,false,error_down,0
agrawal_none_sticky,sgd,mechanism_selector,500,2,26695,dismissed,,false,error_down,0
agrawal_none_sticky,sgd,mechanism_selector,500,2,28039,dismissed,,false,error_up,0
agrawal_none_sticky,sgd,mechanism_selector,500,2,28871,dismissed,,false,error_up,0
agrawal_none_sticky,sgd,mechanism_selector,500,2,29607,dismissed,,false,error_up,0
agrawal_none_sticky,sgd,mechanism_selector,500,2,30887,dismissed,,false,error_up,0
agrawal_none_sticky,sgd,mechanism_selector,500,2,31751,dismissed,,false,error_up,0
agrawal_none_sticky,sgd,mechanism_selector,500,2,33447,dismissed,,false,error_down,0
agrawal_none_sticky,sgd,mechanism_selector,500,2,33959,dismissed,,false,error_down,0
agrawal_none_sticky,sgd,mechanism_selector,500,2,34823,dismissed,,false,error_up,0
agrawal_none_sticky,sgd,mechanism_selector,500,2,36327,dismissed,,false,error_up,0
agrawal_none_sticky,sgd,mechanism_selector,500,2,37287,dismissed,,false,error_down,0
agrawal_none_sticky,sgd,mechanism_selector,500,2,38439,dismissed,,false,error_down,0
agrawal_none_sticky,sgd,mechanism_selector,500,2,39495,dismissed,,false,error_down,0
agrawal_none_sticky,sgd,mechanism_selector,500,2,40551,dismissed,,false,error_down,0
agrawal_none_sticky,sgd,mechanism_selector,500,2,41927,dismissed,,false,error_up,0
agrawal_none_sticky,sgd,mechanism_selector,500,2,44487,dismissed,,false,error_up,0
agrawal_none_sticky,sgd,mechanism_selector,500,2,46119,dismissed,,false,error_up,0
agrawal_none_sticky,sgd,mechanism_selector,500,2,48583,dismissed,,false,error_up,0
agrawal_none_sticky,sgd,mechanism_selector,500,2,49159,dismissed,,false,error_down,0
agrawal_none_sticky,sgd,mechanism_selector,500,3,38183,adapted,NUDGE,false,error_down,800
agrawal_none_sticky,sgd,mechanism_selector,500,3,38759,adapted,REBUILD,false,error_down,38476
agrawal_none_sticky,sgd,mechanism_selector,500,3,39623,dismissed,,false,error_down,0
agrawal_none_sticky,sgd,mechanism_selector,500,3,40647,dismissed,,false,error_down,0
agrawal_none_sticky,sgd,mechanism_selector,500,3,41703,dismissed,,false,error_down,0
agrawal_none_sticky,sgd,mechanism_selector,500,3,42791,dismissed,,false,error_down,0
agrawal_none_sticky,sgd,mechanism_selector,500,3,43367,dismissed,,false,error_up,0
agrawal_none_sticky,sgd,mechanism_selector,500,3,44295,dismissed,,false,error_up,0
agrawal_none_sticky,sgd,mechanism_selector,500,3,45223,dismissed,,false,error_up,0
agrawal_none_sticky,sgd,mechanism_selector,500,3,46183,dismissed,,false,error_up,0
agrawal_none_sticky,sgd,mechanism_selector,500,3,47111,dismissed,,false,error_down,0
agrawal_none_sticky,sgd,mechanism_selector,500,3,47751,dismissed,,false,error_up,0
agrawal_none_sticky,sgd,mechanism_selector,500,3,48391,dismissed,,false,error_down,0
agrawal_none_sticky,sgd,mechanism_selector,500,4,6183,dismissed,,false,error_down,0
agrawal_none_sticky,sgd,mechanism_selector,500,4,32359,dismissed,,false,error_down,0
agrawal_none_sticky,sgd,mechanism_selector,500,4,42055,dismissed,,false,error_down,0
agrawal_none_sticky,sgd,mechanism_selector,500,4,43239,dismissed,,false,error_up,0
agrawal_none_sticky,sgd,never_adapt,0,0,5127,adapted,SKIP,false,error_down,0
agrawal_none_sticky,sgd,never_adapt,0,0,5959,adapted,SKIP,false,error_down,0
agrawal_none_sticky,sgd,never_adapt,0,0,6183,adapted,SKIP,false,error_up,0
agrawal_none_sticky,sgd,never_adapt,0,0,6695,adapted,SKIP,false,error_down,0
agrawal_none_sticky,sgd,never_adapt,0,0,6855,adapted,SKIP,false,error_down,0
agrawal_none_sticky,sgd,never_adapt,0,0,8231,adapted,SKIP,false,error_up,0
agrawal_none_sticky,sgd,never_adapt,0,0,8455,adapted,SKIP,false,error_up,0
agrawal_none_sticky,sgd,never_adapt,0,0,8807,adapted,SKIP,false,error_down,0
agrawal_none_sticky,sgd,never_adapt,0,0,9063,adapted,SKIP,false,error_down,0
agrawal_none_sticky,sgd,never_adapt,0,0,9255,adapted,SKIP,false,error_up,0
agrawal_none_sticky,sgd,never_adapt,0,0,9447,adapted,SKIP,false,error_down,0
agrawal_none_sticky,sgd,never_adapt,0,0,10087,adapted,SKIP,false,error_up,0
agrawal_none_sticky,sgd,never_adapt,0,0,10247,adapted,SKIP,false,error_up,0
agrawal_none_sticky,sgd,never_adapt,0,0,11239,adapted,SKIP,false,error_up,0
agrawal_none_sticky,sgd,never_adapt,0,0,11495,adapted,SKIP,false,error_down,0
agrawal_none_sticky,sgd,never_adapt,0,0,12327,adapted,SKIP,false,error_down,0
agrawal_none_sticky,sgd,never_adapt,0,0,12967,adapted,SKIP,false,error_up,0
agrawal_none_sticky,sgd,never_adapt,0,0,13095,adapted,SKIP,false,error_down,0
agrawal_none_sticky,sgd,never_adapt,0,0,13319,adapted,SKIP,false,error_up,0
agrawal_none_sticky,sgd,never_adapt,0,0,14183,adapted,SKIP,false,error_down,0
agrawal_none_sticky,sgd,never_adapt,0,0,14791,adapted,SKIP,false,error_down,0
agrawal_none_sticky,sgd,never_adapt,0,0,15367,adapted,SKIP,false,error_up,0
agrawal_none_sticky,sgd,never_adapt,0,0,16199,adapted,SKIP,false,error_down,0
agrawal_none_sticky,sgd,never_adapt,0,0,16711,adapted,SKIP,false,error_up,0
agrawal_none_sticky,sgd,never_adapt,0,0,17031,adapted,SKIP,false,error_up,0
agrawal_none_sticky,sgd,never_adapt,0,0,17895,adapted,SKIP,false,error_up,0
agrawal_none_sticky,sgd,never_adapt,0,0,17991,adapted,SKIP,false,error_down,0
agrawal_none_sticky,sgd,never_adapt,0,0,18183,adapted,SKIP,false,error_up,0
agrawal_none_sticky,sgd,never_adapt,0,0,18279,adapted,SKIP,false,error_down,0
agrawal_none_sticky,sgd,never_adapt,0,0,18951,adapted,SKIP,false,error_up,0
agrawal_none_sticky,sgd,never_adapt,0,0,19271,adapted,SKIP,false,error_down,0
agrawal_none_sticky,sgd,never_adapt,0,0,19559,adapted,SKIP,false,error_down,0
agrawal_none_sticky,sgd,never_adapt,0,0,20167,adapted,SKIP,false,error_down,0
agrawal_none_sticky,sgd,never_adapt,0,0,20775,adapted,SKIP,false,error_down,0
agrawal_none_sticky,sgd,never_adapt,0,0,21607,adapted,SKIP,false,error_up,0
agrawal_none_sticky,sgd,never_adapt,0,0,21703,adapted,SKIP,false,error_down,0
agrawal_none_sticky,sgd,never_adapt,0,0,22151,adapted,SKIP,false,error_up,0
agrawal_none_sticky,sgd,never_adapt,0,0,22375,adapted,SKIP,false,error_up,0
agrawal_none_sticky,sgd,never_adapt,0,0,22759,adapted,SKIP,false,error_up,0
agrawal_none_sticky,sgd,never_adapt,0,0,23111,adapted,SKIP,false,error_down,0
agrawal_none_sticky,sgd,never_adapt,0,0,23335,adapted,SKIP,false,error_up,0
agrawal_none_sticky,sgd,never_adapt,0,0,23623,adapted,SKIP,false,error_up,0
agrawal_none_sticky,sgd,never_adapt,0,0,23943,adapted,SKIP,false,error_down,0
agrawal_none_sticky,sgd,never_adapt,0,0,24423,adapted,SKIP,false,error_down,0
agrawal_none_sticky,sgd,never_adapt,0,0,24615,adapted,SKIP,false,error_down,0
agrawal_none_sticky,sgd,never_adapt,0,0,25223,adapted,SKIP,false,error_up,0
agrawal_none_sticky,sgd,never_adapt,0,0,25895,adapted,SKIP,false,error_down,0
agrawal_none_sticky,sgd,never_adapt,0,0,26247,adapted,SKIP,false,error_up,0
agrawal_none_sticky,sgd,never_adapt,0,0,26439,adapted,SKIP,false,error_down,0
agrawal_none_sticky,sgd,never_adapt,0,0,28007,adapted,SKIP,false,error_up,0
agrawal_none_sticky,sgd,never_adapt,0,0,28871,adapted,SKIP,false,error_up,0
agrawal_none_sticky,sgd,never_adapt,0,0,29671,adapted,SKIP,false,error_down,0
agrawal_none_sticky,sgd,never_adapt,0,0,30215,adapted,SKIP,false,error_up,0
agrawal_none_sticky,sgd,never_adapt,0,0,30887,adapted,SKIP,false,error_up,0
agrawal_none_sticky,sgd,never_adapt,0,0,31495,adapted,SKIP,false,error_up,0
agrawal_none_sticky,sgd,never_adapt,0,0,32871,adapted,SKIP,false,error_up,0
agrawal_none_sticky,sgd,never_adapt,0,0,33383,adapted,SKIP,false,error_up,0
agrawal_none_sticky,sgd,never_adapt,0,0,33735,adapted,SKIP,false,error_down,0
agrawal_none_sticky,sgd,never_adapt,0,0,34055,adapted,SKIP,false,error_down,0
agrawal_none_sticky,sgd,never_adapt,0,0,34727,adapted,SKIP,false,error_up,0
agrawal_none_sticky,sgd,never_adapt,0,0,34983,adapted,SKIP,false,error_down,0
agrawal_none_sticky,sgd,never_adapt,0,0,35239,adapted,SKIP,false,error_down,0
agrawal_none_sticky,sgd,never_adapt,0,0,36103,adapted,SKIP,false,error_up,0
agrawal_none_sticky,sgd,never_adapt,0,0,36487,adapted,SKIP,false,error_up,0
agrawal_none_sticky,sgd,never_adapt,0,0,38183,adapted,SKIP,false,error_down,0
agrawal_none_sticky,sgd,never_adapt,0,0,39015,adapted,SKIP,false,error_up,0
agrawal_none_sticky,sgd,never_adapt,0,0,39239,adapted,SKIP,false,error_up,0
agrawal_none_sticky,sgd,never_adapt,0,0,39815,adapted,SKIP,false,error_up,0
agrawal_none_sticky,sgd,never_adapt,0,0,39943,adapted,SKIP,false,error_down,0
agrawal_none_sticky,sgd,never_adapt,0,0,40327,adapted,SKIP,false,error_down,0
agrawal_none_sticky,sgd,never_adapt,0,0,40871,adapted,SKIP,false,error_up,0
agrawal_none_sticky,sgd,never_adapt,0,0,41831,adapted,SKIP,false,error_down,0
agrawal_none_sticky,sgd,never_adapt,0,0,42535,adapted,SKIP,false,error_up,0
agrawal_none_sticky,sgd,never_adapt,0,0,43367,adapted,SKIP,false,error_up,0
agrawal_none_sticky,sgd,never_adapt,0,0,43655,adapted,SKIP,false,error_up,0
agrawal_none_sticky,sgd,never_adapt,0,0,44231,adapted,SKIP,false,error_up,0
agrawal_none_sticky,sgd,never_adapt,0,0,44455,adapted,SKIP,false,error_down,0
agrawal_none_sticky,sgd,never_adapt,0,0,45127,adapted,SKIP,false,error_down,0
agrawal_none_sticky,sgd,never_adapt,0,0,45447,adapted,SKIP,false,error_up,0
agrawal_none_sticky,sgd,never_adapt,0,0,46279,adapted,SKIP,false,error_up,0
agrawal_none_sticky,sgd,never_adapt,0,0,46599,adapted,SKIP,false,error_down,0
agrawal_none_sticky,sgd,never_adapt,0,0,47079,adapted,SKIP,false,error_down,0
agrawal_none_sticky,sgd,never_adapt,0,0,48231,adapted,SKIP,false,error_up,0
agrawal_none_sticky,sgd,never_adapt,0,0,49159,adapted,SKIP,false,error_up,0
agrawal_none_sticky,sgd,never_adapt,0,2,5607,adapted,SKIP,false,error_up,0
agrawal_none_sticky,sgd,never_adapt,0,2,6247,adapted,SKIP,false,error_up,0
agrawal_none_sticky,sgd,never_adapt,0,2,6439,adapted,SKIP,false,error_up,0
agrawal_none_sticky,sgd,never_adapt,0,2,7143,adapted,SKIP,false,error_up,0
agrawal_none_sticky,sgd,never_adapt,0,2,7847,adapted,SKIP,false,error_down,0
agrawal_none_sticky,sgd,never_adapt,0,2,10855,adapted,SKIP,false,error_up,0
agrawal_none_sticky,sgd,never_adapt,0,2,11943,adapted,SKIP,false,error_up,0
agrawal_none_sticky,sgd,never_adapt,0,2,12327,adapted,SKIP,false,error_down,0
agrawal_none_sticky,sgd,never_adapt,0,2,12711,adapted,SKIP,false,error_down,0
agrawal_none_sticky,sgd,never_adapt,0,2,13063,adapted,SKIP,false,error_up,0
agrawal_none_sticky,sgd,never_adapt,0,2,13735,adapted,SKIP,false,error_up,0
agrawal_none_sticky,sgd,never_adapt,0,2,14343,adapted,SKIP,false,error_up,0
agrawal_none_sticky,sgd,never_adapt,0,2,16551,adapted,SKIP,false,error_down,0
agrawal_none_sticky,sgd,never_adapt,0,2,16807,adapted,SKIP,false,error_up,0
agrawal_none_sticky,sgd,never_adapt,0,2,17095,adapted,SKIP,false,error_up,0
agrawal_none_sticky,sgd,never_adapt,0,2,17863,adapted,SKIP,false,error_down,0
agrawal_none_sticky,sgd,never_adapt,0,2,17991,adapted,SKIP,false,error_up,0
agrawal_none_sticky,sgd,never_adapt,0,2,18631,adapted,SKIP,false,error_down,0
agrawal_none_sticky,sgd,never_adapt,0,2,18919,adapted,SKIP,false,error_up,0
agrawal_none_sticky,sgd,never_adapt,0,2,19559,adapted,SKIP,false,error_down,0
agrawal_none_sticky,sgd,never_adapt,0,2,20103,adapted,SKIP,false,error_down,0
agrawal_none_sticky,sgd,never_adapt,0,2,21159,adapted,SKIP,false,error_up,0
agrawal_none_sticky,sgd,never_adapt,0,2,21479,adapted,SKIP,false,error_down,0
agrawal_none_sticky,sgd,never_adapt,0,2,21831,adapted,SKIP,false,error_down,0
agrawal_none_sticky,sgd,never_adapt,0,2,23079,adapted,SKIP,false,error_up,0
agrawal_none_sticky,sgd,never_adapt,0,2,23911,adapted,SKIP,false,error_up,0
agrawal_none_sticky,sgd,never_adapt,0,2,24487,adapted,SKIP,false,error_down,0
agrawal_none_sticky,sgd,never_adapt,0,2,25159,adapted,SKIP,false,error_up,0
agrawal_none_sticky,sgd,never_adapt,0,2,25703,adapted,SKIP,false,error_down,0
agrawal_none_sticky,sgd,never_adapt,0,2,26663,adapted,SKIP,false,error_down,0
agrawal_none_sticky,sgd,never_adapt,0,2,26983,adapted,SKIP,false,error_up,0
agrawal_none_sticky,sgd,never_adapt,0,2,27335,adapted,SKIP,false,error_down,0
agrawal_none_sticky,sgd,never_adapt,0,2,27655,adapted,SKIP,false,error_down,0
agrawal_none_sticky,sgd,never_adapt,0,2,28295,adapted,SKIP,false,error_down,0
agrawal_none_sticky,sgd,never_adapt,0,2,29159,adapted,SKIP,false,error_up,0
agrawal_none_sticky,sgd,never_adapt,0,2,29351,adapted,SKIP,false,error_up,0
agrawal_none_sticky,sgd,never_adapt,0,2,29607,adapted,SKIP,false,error_up,0
agrawal_none_sticky,sgd,never_adapt,0,2,29863,adapted,SKIP,false,error_down,0
agrawal_none_sticky,sgd,never_adapt,0,2,30887,adapted,SKIP,false,error_up,0
agrawal_none_sticky,sgd,never_adapt,0,2,31719,adapted,SKIP,false,error_up,0
agrawal_none_sticky,sgd,never_adapt,0,2,32135,adapted,SKIP,false,error_up,0
agrawal_none_sticky,sgd,never_adapt,0,2,32807,adapted,SKIP,false,error_up,0
agrawal_none_sticky,sgd,never_adapt,0,2,33159,adapted,SKIP,false,error_up,0
agrawal_none_sticky,sgd,never_adapt,0,2,33479,adapted,SKIP,false,error_down,0
agrawal_none_sticky,sgd,never_adapt,0,2,33607,adapted,SKIP,false,error_up,0
agrawal_none_sticky,sgd,never_adapt,0,2,33927,adapted,SKIP,false,error_down,0
agrawal_none_sticky,sgd,never_adapt,0,2,34375,adapted,SKIP,false,error_up,0
agrawal_none_sticky,sgd,never_adapt,0,2,34727,adapted,SKIP,false,error_up,0
agrawal_none_sticky,sgd,never_adapt,0,2,35015,adapted,SKIP,false,error_down,0
agrawal_none_sticky,sgd,never_adapt,0,2,35431,adapted,SKIP,false,error_down,0
agrawal_none_sticky,sgd,never_adapt,0,2,35623,adapted,SKIP,false,error_down,0
agrawal_none_sticky,sgd,never_adapt,0,2,36199,adapted,SKIP,false,error_down,0
agrawal_none_sticky,sgd,never_adapt,0,2,37255,adapted,SKIP,false,error_down,0
agrawal_none_sticky,sgd,never_adapt,0,2,38119,adapted,SKIP,false,error_up,0
agrawal_none_sticky,sgd,never_adapt,0,2,38855,adapted,SKIP,false,error_up,0
agrawal_none_sticky,sgd,never_adapt,0,2,39495,adapted,SKIP,false,error_down,0
agrawal_none_sticky,sgd,never_adapt,0,2,39783,adapted,SKIP,false,error_down,0
agrawal_none_sticky,sgd,never_adapt,0,2,40519,adapted,SKIP,false,error_down,0
agrawal_none_sticky,sgd,never_adapt,0,2,40807,adapted,SKIP,false,error_up,0
agrawal_none_sticky,sgd,never_adapt,0,2,41127,adapted,SKIP,false,error_down,0
agrawal_none_sticky,sgd,never_adapt,0,2,41927,adapted,SKIP,false,error_up,0
agrawal_none_sticky,sgd,never_adapt,0,2,44487,adapted,SKIP,false,error_up,0
agrawal_none_sticky,sgd,never_adapt,0,2,44743,adapted,SKIP,false,error_up,0
agrawal_none_sticky,sgd,never_adapt,0,2,46119,adapted,SKIP,false,error_up,0
agrawal_none_sticky,sgd,never_adapt,0,2,48327,adapted,SKIP,false,error_up,0
agrawal_none_sticky,sgd,never_adapt,0,2,48583,adapted,SKIP,false,error_up,0
agrawal_none_sticky,sgd,never_adapt,0,2,48967,adapted,SKIP,false,error_down,0
agrawal_none_sticky,sgd,never_adapt,0,2,49607,adapted,SKIP,false,error_up,0
agrawal_none_sticky,sgd,never_adapt,0,2,49959,adapted,SKIP,false,error_up,0
agrawal_none_sticky,sgd,never_adapt,0,3,38183,adapted,SKIP,false,error_down,0
agrawal_none_sticky,sgd,never_adapt,0,4,6183,adapted,SKIP,false,error_down,0
agrawal_none_sticky,sgd,never_adapt,0,4,32359,adapted,SKIP,false,error_down,0
agrawal_none_sticky,sgd,never_adapt,0,4,42055,adapted,SKIP,false,error_down,0
agrawal_none_sticky,sgd,never_adapt,0,4,43239,adapted,SKIP,false,error_up,0
agrawal_none_sticky,sgd,never_adapt,0,4,49863,adapted,SKIP,false,error_down,0
sea_abrupt_iid,gnb,always_rebuild,0,0,14215,adapted,REBUILD,false,error_up,1000
sea_abrupt_iid,gnb,always_rebuild,0,0,25191,adapted,REBUILD,true,error_up,1000
sea_abrupt_iid,gnb,always_rebuild,0,0,40391,adapted,REBUILD,false,error_up,1000
sea_abrupt_iid,gnb,always_rebuild,0,1,25607,adapted,REBUILD,true,error_up,1000
sea_abrupt_iid,gnb,always_rebuild,0,1,39687,adapted,REBUILD,false,error_up,1000
sea_abrupt_iid,gnb,always_rebuild,0,2,26215,adapted,REBUILD,false,error_up,1000
sea_abrupt_iid,gnb,always_rebuild,0,2,41639,adapted,REBUILD,false,error_up,1000
sea_abrupt_iid,gnb,always_rebuild,0,3,14311,adapted,REBUILD,false,error_up,1000
sea_abrupt_iid,gnb,always_rebuild,0,3,25319,adapted,REBUILD,true,error_up,1000
sea_abrupt_iid,gnb,always_rebuild,0,3,38791,adapted,REBUILD,false,error_up,1000
sea_abrupt_iid,gnb,always_rebuild,0,4,17799,adapted,REBUILD,false,error_up,1000
sea_abrupt_iid,gnb,always_rebuild,0,4,25319,adapted,REBUILD,true,error_up,1000
sea_abrupt_iid,gnb,always_rebuild,0,4,40327,adapted,REBUILD,false,error_up,1000
sea_abrupt_iid,gnb,always_rebuild,200,0,14215,dismissed,,false,error_up,0
sea_abrupt_iid,gnb,always_rebuild,200,0,38407,adapted,REBUILD,true,error_up,1000
sea_abrupt_iid,gnb,always_rebuild,200,1,25607,adapted,REBUILD,true,error_up,1000
sea_abrupt_iid,gnb,always_rebuild,200,1,40103,dismissed,,false,error_up,0
sea_abrupt_iid,gnb,always_rebuild,200,2,26215,adapted,REBUILD,false,error_up,1000
sea_abrupt_iid,gnb,always_rebuild,200,2,44295,adapted,REBUILD,false,error_up,1000
sea_abrupt_iid,gnb,always_rebuild,200,3,14311,adapted,REBUILD,false,error_up,1000
sea_abrupt_iid,gnb,always_rebuild,200,3,25319,adapted,REBUILD,true,error_up,1000
sea_abrupt_iid,gnb,always_rebuild,200,3,38791,adapted,REBUILD,false,error_up,1000
sea_abrupt_iid,gnb,always_rebuild,200,4,17799,adapted,REBUILD,false,error_up,1000
sea_abrupt_iid,gnb,always_rebuild,200,4,25319,adapted,REBUILD,true,error_up,1000
sea_abrupt_iid,gnb,always_rebuild,200,4,41863,dismissed,,false,error_up,0
sea_abrupt_iid,gnb,always_rebuild,500,0,14215,adapted,REBUILD,false,error_up,1000
sea_abrupt_iid,gnb,always_rebuild,500,0,25223,adapted,REBUILD,true,error_up,1000
sea_abrupt_iid,gnb,always_rebuild,500,0,26503,dismissed,,false,error_down,0
sea_abrupt_iid,gnb,always_rebuild,500,0,38727,adapted,REBUILD,false,error_up,1000
sea_abrupt_iid,gnb,always_rebuild,500,1,25607,adapted,REBUILD,true,error_up,1000
sea_abrupt_iid,gnb,always_rebuild,500,2,26215,adapted,REBUILD,false,error_up,1000
sea_abrupt_iid,gnb,always_rebuild,500,2,28487,dismissed,,false,error_down,0
sea_abrupt_iid,gnb,always_rebuild,500,3,14311,adapted,REBUILD,false,error_up,1000
sea_abrupt_iid,gnb,always_rebuild,500,3,25287,adapted,REBUILD,true,error_up,1000
sea_abrupt_iid,gnb,always_rebuild,500,3,29255,dismissed,,false,error_down,0
sea_abrupt_iid,gnb,always_rebuild,500,3,38215,adapted,REBUILD,true,error_up,1000
sea_abrupt_iid,gnb,always_rebuild,500,3,39911,dismissed,,false,error_down,0
sea_abrupt_iid,gnb,always_rebuild,500,4,17799,adapted,REBUILD,false,error_up,1000
sea_abrupt_iid,gnb,always_rebuild,500,4,25319,adapted,REBUILD,true,error_up,1000
sea_abrupt_iid,gnb,always_rebuild,500,4,28967,dismissed,,false,error_down,0
sea_abrupt_iid,gnb,always_rebuild,500,4,42087,adapted,REBUILD,false,error_up,1000
sea_abrupt_iid,gnb,always_rebuild,500,4,45383,dismissed,,false,error_down,0
sea_abrupt_iid,gnb,mechanism_selector,0,0,14215,adapted,REBUILD,false,error_up,1800
sea_abrupt_iid,gnb,mechanism_selector,0,0,25191,adapted,REBUILD,true,error_up,1800
sea_abrupt_iid,gnb,mechanism_selector,0,0,40391,adapted,NUDGE,false,error_up,800
sea_abrupt_iid,gnb,mechanism_selector,0,1,25607,adapted,REBUILD,true,error_up,1800
sea_abrupt_iid,gnb,mechanism_selector,0,1,39687,adapted,NUDGE,false,error_up,800
sea_abrupt_iid,gnb,mechanism_selector,0,2,26215,adapted,REBUILD,false,error_up,1800
sea_abrupt_iid,gnb,mechanism_selector,0,2,41639,adapted,NUDGE,false,error_up,800
sea_abrupt_iid,gnb,mechanism_selector,0,3,14311,adapted,REBUILD,false,error_up,1800
sea_abrupt_iid,gnb,mechanism_selector,0,3,25319,adapted,REBUILD,true,error_up,1800
sea_abrupt_iid,gnb,mechanism_selector,0,3,38791,adapted,REBUILD,false,error_up,1800
sea_abrupt_iid,gnb,mechanism_selector,0,4,17799,adapted,REBUILD,false,error_up,1800
sea_abrupt_iid,gnb,mechanism_selector,0,4,25319,adapted,REBUILD,true,error_up,1800
sea_abrupt_iid,gnb,mechanism_selector,0,4,40327,adapted,REBUILD,false,error_up,1800
sea_abrupt_iid,gnb,mechanism_selector,200,0,14215,dismissed,,false,error_up,0
sea_abrupt_iid,gnb,mechanism_selector,200,0,38407,adapted,REBUILD,true,error_up,1800
sea_abrupt_iid,gnb,mechanism_selector,200,1,25607,adapted,REBUILD,true,error_up,1800
sea_abrupt_iid,gnb,mechanism_selector,200,1,40103,dismissed,,false,error_up,0
sea_abrupt_iid,gnb,mechanism_selector,200,2,26215,adapted,REBUILD,false,error_up,1800
sea_abrupt_iid,gnb,mechanism_selector,200,2,44295,adapted,REBUILD,false,error_up,1800
sea_abrupt_iid,gnb,mechanism_selector,200,3,14311,adapted,REBUILD,false,error_up,1800
sea_abrupt_iid,gnb,mechanism_selector,200,3,25319,adapted,REBUILD,true,error_up,1800
sea_abrupt_iid,gnb,mechanism_selector,200,3,38791,adapted,REBUILD,false,error_up,1800
sea_abrupt_iid,gnb,mechanism_selector,200,4,17799,adapted,NUDGE,false,error_up,800
sea_abrupt_iid,gnb,mechanism_selector,200,4,25735,dismissed,,true,error_up,0
sea_abrupt_iid,gnb,mechanism_selector,200,4,40359,adapted,REBUILD,false,error_up,1800
sea_abrupt_iid,gnb,mechanism_selector,500,0,14215,adapted,REBUILD,false,error_up,1800
sea_abrupt_iid,gnb,mechanism_selector,500,0,25223,adapted,NUDGE,true,error_up,800
sea_abrupt_iid,gnb,mechanism_selector,500,0,40295,dismissed,,false,error_up,0
sea_abrupt_iid,gnb,mechanism_selector,500,1,25607,adapted,NUDGE,true,error_up,800
sea_abrupt_iid,gnb,mechanism_selector,500,1,39975,dismissed,,false,error_up,0
sea_abrupt_iid,gnb,mechanism_selector,500,2,26215,adapted,REBUILD,false,error_up,1800
sea_abrupt_iid,gnb,mechanism_selector,500,2,28487,dismissed,,false,error_down,0
sea_abrupt_iid,gnb,mechanism_selector,500,3,14311,adapted,REBUILD,false,error_up,1800
sea_abrupt_iid,gnb,mechanism_selector,500,3,25287,adapted,NUDGE,true,error_up,800
sea_abrupt_iid,gnb,mechanism_selector,500,3,38727,adapted,REBUILD,false,error_up,1800
sea_abrupt_iid,gnb,mechanism_selector,500,3,39783,adapted,REBUILD,false,error_down,1800
sea_abrupt_iid,gnb,mechanism_selector,500,4,17799,adapted,REBUILD,false,error_up,1800
sea_abrupt_iid,gnb,mechanism_selector,500,4,25319,adapted,REBUILD,true,error_up,1800
sea_abrupt_iid,gnb,mechanism_selector,500,4,28967,dismissed,,false,error_down,0
sea_abrupt_iid,gnb,mechanism_selector,500,4,42087,adapted,REBUILD,false,error_up,1800
sea_abrupt_iid,gnb,mechanism_selector,500,4,45383,dismissed,,false,error_down,0
sea_abrupt_iid,gnb,never_adapt,0,0,14215,adapted,SKIP,false,error_up,0
sea_abrupt_iid,gnb,never_adapt,0,0,38407,adapted,SKIP,true,error_up,0
sea_abrupt_iid,gnb,never_adapt,0,1,25607,adapted,SKIP,true,error_up,0
sea_abrupt_iid,gnb,never_adapt,0,1,38791,adapted,SKIP,false,error_up,0
sea_abrupt_iid,gnb,never_adapt,0,2,26215,adapted,SKIP,false,error_up,0
sea_abrupt_iid,gnb,never_adapt,0,2,42023,adapted,SKIP,false,error_up,0
sea_abrupt_iid,gnb,never_adapt,0,3,14311,adapted,SKIP,false,error_up,0
sea_abrupt_iid,gnb,never_adapt,0,3,34023,adapted,SKIP,false,error_up,0
sea_abrupt_iid,gnb,never_adapt,0,3,38695,adapted,SKIP,false,error_up,0
sea_abrupt_iid,gnb,never_adapt,0,4,17799,adapted,SKIP,false,error_up,0
sea_abrupt_iid,gnb,never_adapt,0,4,27207,adapted,SKIP,false,error_up,0
sea_abrupt_iid,gnb,never_adapt,0,4,40359,adapted,SKIP,false,error_up,0
sea_abrupt_iid,rf,always_rebuild,0,0,13383,adapted,REBUILD,true,error_up,100000
sea_abrupt_iid,rf,always_rebuild,0,0,25255,adapted,REBUILD,true,error_up,100000
sea_abrupt_iid,rf,always_rebuild,0,0,39943,adapted,REBUILD,false,error_up,100000
sea_abrupt_iid,rf,always_rebuild,0,1,13415,adapted,REBUILD,true,error_up,100000
sea_abrupt_iid,rf,always_rebuild,0,1,25287,adapted,REBUILD,true,error_up,100000
sea_abrupt_iid,rf,always_rebuild,0,1,45831,adapted,REBUILD,false,error_up,100000
sea_abrupt_iid,rf,always_rebuild,0,2,13095,adapted,REBUILD,true,error_up,100000
sea_abrupt_iid,rf,always_rebuild,0,2,26343,adapted,REBUILD,false,error_up,100000
sea_abrupt_iid,rf,always_rebuild,0,3,13447,adapted,REBUILD,true,error_up,100000
sea_abrupt_iid,rf,always_rebuild,0,3,25319,adapted,REBUILD,true,error_up,100000
sea_abrupt_iid,rf,always_rebuild,0,3,38663,adapted,REBUILD,false,error_up,100000
sea_abrupt_iid,rf,always_rebuild,0,4,13831,adapted,REBUILD,false,error_up,100000
sea_abrupt_iid,rf,always_rebuild,0,4,25319,adapted,REBUILD,true,error_up,100000
sea_abrupt_iid,rf,always_rebuild,0,4,39463,adapted,REBUILD,false,error_up,100000
sea_abrupt_iid,rf,always_rebuild,200,0,13383,adapted,REBUILD,true,error_up,100000
sea_abrupt_iid,rf,always_rebuild,200,0,25255,adapted,REBUILD,true,error_up,100000
sea_abrupt_iid,rf,always_rebuild,200,0,40807,adapted,REBUILD,false,error_up,100000
sea_abrupt_iid,rf,always_rebuild,200,1,13415,adapted,REBUILD,true,error_up,100000
sea_abrupt_iid,rf,always_rebuild,200,1,25319,adapted,REBUILD,true,error_up,100000
sea_abrupt_iid,rf,always_rebuild,200,1,44615,dismissed,,false,error_up,0
sea_abrupt_iid,rf,always_rebuild,200,2,13095,adapted,REBUILD,true,error_up,100000
sea_abrupt_iid,rf,always_rebuild,200,2,25351,adapted,REBUILD,true,error_up,100000
sea_abrupt_iid,rf,always_rebuild,200,2,44551,dismissed,,false,error_up,0
sea_abrupt_iid,rf,always_rebuild,200,3,13447,adapted,REBUILD,true,error_up,100000
sea_abrupt_iid,rf,always_rebuild,200,3,25351,adapted,REBUILD,true,error_up,100000
sea_abrupt_iid,rf,always_rebuild,200,3,38695,adapted,REBUILD,false,error_up,100000
sea_abrupt_iid,rf,always_rebuild,200,4,13831,adapted,REBUILD,false,error_up,100000
sea_abrupt_iid,rf,always_rebuild,200,4,25319,adapted,REBUILD,true,error_up,100000
sea_abrupt_iid,rf,always_rebuild,200,4,45127,dismissed,,false,error_up,0
sea_abrupt_iid,rf,always_rebuild,500,0,13383,adapted,REBUILD,true,error_up,100000
sea_abrupt_iid,rf,always_rebuild,500,0,25287,adapted,REBUILD,true,error_up,100000
sea_abrupt_iid,rf,always_rebuild,500,0,27303,dismissed,,false,error_down,0
sea_abrupt_iid,rf,always_rebuild,500,0,41735,dismissed,,false,error_up,0
sea_abrupt_iid,rf,always_rebuild,500,1,13415,adapted,REBUILD,true,error_up,100000
sea_abrupt_iid,rf,always_rebuild,500,1,25287,adapted,REBUILD,true,error_up,100000
sea_abrupt_iid,rf,always_rebuild,500,1,26279,dismissed,,false,error_down,0
sea_abrupt_iid,rf,always_rebuild,500,1,48295,dismissed,,false,error_up,0
sea_abrupt_iid,rf,always_rebuild,500,2,13095,adapted,REBUILD,true,error_up,100000
sea_abrupt_iid,rf,always_rebuild,500,2,25511,adapted,REBUILD,true,error_up,100000
sea_abrupt_iid,rf,always_rebuild,500,3,13447,adapted,REBUILD,true,error_up,100000
sea_abrupt_iid,rf,always_rebuild,500,3,25351,adapted,REBUILD,true,error_up,100000
sea_abrupt_iid,rf,always_rebuild,500,3,28935,dismissed,,false,error_down,0
sea_abrupt_iid,rf,always_rebuild,500,3,39559,adapted,REBUILD,false,error_up,100000
sea_abrupt_iid,rf,always_rebuild,500,4,13831,adapted,REBUILD,false,error_up,100000
sea_abrupt_iid,rf,always_rebuild,500,4,25319,adapted,REBUILD,true,error_up,100000
sea_abrupt_iid,rf,always_rebuild,500,4,28711,dismissed,,false,error_down,0
sea_abrupt_iid,rf,always_rebuild,500,4,44039,adapted,REBUILD,false,error_up,100000
sea_abrupt_iid,rf,mechanism_selector,0,0,13383,adapted,REBUILD,true,error_up,104000
sea_abrupt_iid,rf,mechanism_selector,0,0,25255,adapted,REBUILD,true,error_up,104000
sea_abrupt_iid,rf,mechanism_selector,0,0,39943,adapted,REBUILD,false,error_up,104000
sea_abrupt_iid,rf,mechanism_selector,0,1,13415,adapted,REBUILD,true,error_up,104000
sea_abrupt_iid,rf,mechanism_selector,0,1,25287,adapted,REBUILD,true,error_up,104000
sea_abrupt_iid,rf,mechanism_selector,0,1,45831,adapted,REBUILD,false,error_up,104000
sea_abrupt_iid,rf,mechanism_selector,0,2,13095,adapted,REBUILD,true,error_up,104000
sea_abrupt_iid,rf,mechanism_selector,0,2,26343,adapted,REBUILD,false,error_up,104000
sea_abrupt_iid,rf,mechanism_selector,0,3,13447,adapted,REBUILD,true,error_up,104000
sea_abrupt_iid,rf,mechanism_selector,0,3,25319,adapted,REBUILD,true,error_up,104000
sea_abrupt_iid,rf,mechanism_selector,0,3,38663,adapted,REBUILD,false,error_up,104000
sea_abrupt_iid,rf,mechanism_selector,0,4,13831,adapted,REBUILD,false,error_up,104000
sea_abrupt_iid,rf,mechanism_selector,0,4,25319,adapted,REBUILD,true,error_up,104000
sea_abrupt_iid,rf,mechanism_selector,0,4,39463,adapted,REBUILD,false,error_up,104000
sea_abrupt_iid,rf,mechanism_selector,200,0,13383,adapted,REBUILD,true,error_up,104000
sea_abrupt_iid,rf,mechanism_selector,200,0,25255,adapted,REBUILD,true,error_up,104000
sea_abrupt_iid,rf,mechanism_selector,200,0,40807,adapted,REBUILD,false,error_up,104000
sea_abrupt_iid,rf,mechanism_selector,200,1,13415,adapted,REBUILD,true,error_up,104000
sea_abrupt_iid,rf,mechanism_selector,200,1,25319,adapted,REBUILD,true,error_up,104000
sea_abrupt_iid,rf,mechanism_selector,200,1,44615,dismissed,,false,error_up,0
sea_abrupt_iid,rf,mechanism_selector,200,2,13095,adapted,REBUILD,true,error_up,104000
sea_abrupt_iid,rf,mechanism_selector,200,2,25351,adapted,REBUILD,true,error_up,104000
sea_abrupt_iid,rf,mechanism_selector,200,2,44551,dismissed,,false,error_up,0
sea_abrupt_iid,rf,mechanism_selector,200,3,13447,adapted,REBUILD,true,error_up,104000
sea_abrupt_iid,rf,mechanism_selector,200,3,25351,adapted,REBUILD,true,error_up,104000
sea_abrupt_iid,rf,mechanism_selector,200,3,38695,adapted,REBUILD,false,error_up,104000
sea_abrupt_iid,rf,mechanism_selector,200,4,13831,adapted,REBUILD,false,error_up,104000
sea_abrupt_iid,rf,mechanism_selector,200,4,25319,adapted,REBUILD,true,error_up,104000
sea_abrupt_iid,rf,mechanism_selector,200,4,45127,dismissed,,false,error_up,0
sea_abrupt_iid,rf,mechanism_selector,500,0,13383,adapted,SKIP,true,error_up,0
sea_abrupt_iid,rf,mechanism_selector,500,0,39399,adapted,REBUILD,false,error_up,104000
sea_abrupt_iid,rf,mechanism_selector,500,1,13415,adapted,REBUILD,true,error_up,104000
sea_abrupt_iid,rf,mechanism_selector,500,1,25287,adapted,REBUILD,true,error_up,104000
sea_abrupt_iid,rf,mechanism_selector,500,1,26279,dismissed,,false,error_down,0
sea_abrupt_iid,rf,mechanism_selector,500,1,48295,dismissed,,false,error_up,0
sea_abrupt_iid,rf,mechanism_selector,500,2,13095,adapted,REBUILD,true,error_up,104000
sea_abrupt_iid,rf,mechanism_selector,500,2,25511,adapted,REBUILD,true,error_up,104000
sea_abrupt_iid,rf,mechanism_selector,500,3,13447,adapted,REBUILD,true,error_up,104000
sea_abrupt_iid,rf,mechanism_selector,500,3,25351,adapted,REBUILD,true,error_up,104000
sea_abrupt_iid,rf,mechanism_selector,500,3,28935,dismissed,,false,error_down,0
sea_abrupt_iid,rf,mechanism_selector,500,3,39559,adapted,REBUILD,false,error_up,104000
sea_abrupt_iid,rf,mechanism_selector,500,4,13831,adapted,SKIP,false,error_up,0
sea_abrupt_iid,rf,mechanism_selector,500,4,40135,adapted,REBUILD,false,error_up,104000
sea_abrupt_iid,rf,mechanism_selector,500,4,44583,adapted,REBUILD,false,error_down,104000
sea_abrupt_iid,rf,never_adapt,0,0,13383,adapted,SKIP,true,error_up,0
sea_abrupt_iid,rf,never_adapt,0,0,39399,adapted,SKIP,false,error_up,0
sea_abrupt_iid,rf,never_adapt,0,1,13415,adapted,SKIP,true,error_up,0
sea_abrupt_iid,rf,never_adapt,0,1,38599,adapted,SKIP,false,error_up,0
sea_abrupt_iid,rf,never_adapt,0,2,13095,adapted,SKIP,true,error_up,0
sea_abrupt_iid,rf,never_adapt,0,2,40103,adapted,SKIP,false,error_up,0
sea_abrupt_iid,rf,never_adapt,0,3,13447,adapted,SKIP,true,error_up,0
sea_abrupt_iid,rf,never_adapt,0,3,38439,adapted,SKIP,true,error_up,0
sea_abrupt_iid,rf,never_adapt,0,4,13831,adapted,SKIP,false,error_up,0
sea_abrupt_iid,rf,never_adapt,0,4,40135,adapted,SKIP,false,error_up,0
sea_abrupt_iid,sgd,always_rebuild,0,0,15719,adapted,REBUILD,false,error_up,71000
sea_abrupt_iid,sgd,always_rebuild,0,0,25255,adapted,REBUILD,true,error_down,86000
sea_abrupt_iid,sgd,always_rebuild,0,0,42503,adapted,REBUILD,false,error_up,82000
sea_abrupt_iid,sgd,always_rebuild,0,1,13671,adapted,REBUILD,false,error_up,97000
sea_abrupt_iid,sgd,always_rebuild,0,1,25351,adapted,REBUILD,true,error_up,69000
sea_abrupt_iid,sgd,always_rebuild,0,1,41095,adapted,REBUILD,false,error_down,81000
sea_abrupt_iid,sgd,always_rebuild,0,2,13991,adapted,REBUILD,false,error_up,57000
sea_abrupt_iid,sgd,always_rebuild,0,2,26407,adapted,REBUILD,false,error_up,77000
sea_abrupt_iid,sgd,always_rebuild,0,2,43495,adapted,REBUILD,false,error_up,79000
sea_abrupt_iid,sgd,always_rebuild,0,3,14311,adapted,REBUILD,false,error_up,78000
sea_abrupt_iid,sgd,always_rebuild,0,3,25639,adapted,REBUILD,true,error_down,115000
sea_abrupt_iid,sgd,always_rebuild,0,3,38855,adapted,REBUILD,false,error_up,94000
sea_abrupt_iid,sgd,always_rebuild,0,4,13287,adapted,REBUILD,true,error_down,54000
sea_abrupt_iid,sgd,always_rebuild,0,4,25447,adapted,REBUILD,true,error_down,69000
sea_abrupt_iid,sgd,always_rebuild,200,0,15719,adapted,REBUILD,false,error_up,75000
sea_abrupt_iid,sgd,always_rebuild,200,0,16103,adapted,REBUILD,false,error_down,17664
sea_abrupt_iid,sgd,always_rebuild,200,0,25223,adapted,REBUILD,true,error_up,90000
sea_abrupt_iid,sgd,always_rebuild,200,0,25607,dismissed,,true,error_up,0
sea_abrupt_iid,sgd,always_rebuild,200,0,40327,dismissed,,false,error_down,0
sea_abrupt_iid,sgd,always_rebuild,200,1,13671,adapted,REBUILD,false,error_up,89000
sea_abrupt_iid,sgd,always_rebuild,200,1,25351,adapted,REBUILD,true,error_up,109000
sea_abrupt_iid,sgd,always_rebuild,200,1,26055,dismissed,,false,error_down,0
sea_abrupt_iid,sgd,always_rebuild,200,1,39335,adapted,REBUILD,false,error_up,140000
sea_abrupt_iid,sgd,always_rebuild,200,2,13991,dismissed,,false,error_up,0
sea_abrupt_iid,sgd,always_rebuild,200,2,25319,dismissed,,true,error_down,0
sea_abrupt_iid,sgd,always_rebuild,200,2,42055,dismissed,,false,error_down,0
sea_abrupt_iid,sgd,always_rebuild,200,3,14311,adapted,REBUILD,false,error_up,75000
sea_abrupt_iid,sgd,always_rebuild,200,3,28519,adapted,REBUILD,false,error_up,139000
sea_abrupt_iid,sgd,always_rebuild,200,4,13287,dismissed,,true,error_down,0
sea_abrupt_iid,sgd,always_rebuild,200,4,25415,adapted,REBUILD,true,error_up,79000
sea_abrupt_iid,sgd,always_rebuild,500,0,15719,adapted,REBUILD,false,error_up,67000
sea_abrupt_iid,sgd,always_rebuild,500,0,16743,dismissed,,false,error_down,0
sea_abrupt_iid,sgd,always_rebuild,500,0,26919,dismissed,,false,error_up,0
sea_abrupt_iid,sgd,always_rebuild,500,0,42599,adapted,REBUILD,false,error_up,74000
sea_abrupt_iid,sgd,always_rebuild,500,0,43783,dismissed,,false,error_down,0
sea_abrupt_iid,sgd,always_rebuild,500,1,13671,adapted,REBUILD,false,error_up,115000
sea_abrupt_iid,sgd,always_rebuild,500,1,14343,dismissed,,false,error_down,0
sea_abrupt_iid,sgd,always_rebuild,500,1,25511,adapted,REBUILD,true,error_up,73000
sea_abrupt_iid,sgd,always_rebuild,500,2,13991,dismissed,,false,error_up,0
sea_abrupt_iid,sgd,always_rebuild,500,2,25319,dismissed,,true,error_down,0
sea_abrupt_iid,sgd,always_rebuild,500,2,42055,dismissed,,false,error_down,0
sea_abrupt_iid,sgd,always_rebuild,500,3,14311,adapted,REBUILD,false,error_up,60000
sea_abrupt_iid,sgd,always_rebuild,500,3,25287,adapted,REBUILD,true,error_up,125000
sea_abrupt_iid,sgd,always_rebuild,500,3,38823,adapted,REBUILD,false,error_up,81000
sea_abrupt_iid,sgd,always_rebuild,500,4,13287,dismissed,,true,error_down,0
sea_abrupt_iid,sgd,always_rebuild,500,4,25415,adapted,REBUILD,true,error_up,87000
sea_abrupt_iid,sgd,always_rebuild,500,4,26247,dismissed,,false,error_down,0
sea_abrupt_iid,sgd,always_rebuild,500,4,44487,dismissed,,false,error_down,0
sea_abrupt_iid,sgd,mechanism_selector,0,0,15719,adapted,NUDGE,false,error_up,800
sea_abrupt_iid,sgd,mechanism_selector,0,0,25511,adapted,SKIP,true,error_down,0
sea_abrupt_iid,sgd,mechanism_selector,0,1,13671,adapted,NUDGE,false,error_up,800
sea_abrupt_iid,sgd,mechanism_selector,0,1,25319,adapted,REBUILD,true,error_up,63800
sea_abrupt_iid,sgd,mechanism_selector,0,1,42183,adapted,SKIP,false,error_down,0
sea_abrupt_iid,sgd,mechanism_selector,0,2,13991,adapted,NUDGE,false,error_up,800
sea_abrupt_iid,sgd,mechanism_selector,0,2,25287,adapted,NUDGE,true,error_up,800
sea_abrupt_iid,sgd,mechanism_selector,0,3,14311,adapted,REBUILD,false,error_up,78800
sea_abrupt_iid,sgd,mechanism_selector,0,3,25639,adapted,SKIP,true,error_down,0
sea_abrupt_iid,sgd,mechanism_selector,0,3,43623,adapted,SKIP,false,error_down,0
sea_abrupt_iid,sgd,mechanism_selector,0,4,13287,adapted,SKIP,true,error_down,0
sea_abrupt_iid,sgd,mechanism_selector,0,4,25415,adapted,REBUILD,true,error_up,102800
sea_abrupt_iid,sgd,mechanism_selector,0,4,42951,adapted,REBUILD,false,error_up,95800
sea_abrupt_iid,sgd,mechanism_selector,200,0,15719,adapted,NUDGE,false,error_up,800
sea_abrupt_iid,sgd,mechanism_selector,200,0,16167,dismissed,,false,error_down,0
sea_abrupt_iid,sgd,mechanism_selector,200,0,25223,adapted,REBUILD,true,error_up,90800
sea_abrupt_iid,sgd,mechanism_selector,200,0,25607,dismissed,,true,error_up,0
sea_abrupt_iid,sgd,mechanism_selector,200,0,40327,dismissed,,false,error_down,0
sea_abrupt_iid,sgd,mechanism_selector,200,1,13671,adapted,NUDGE,false,error_up,800
sea_abrupt_iid,sgd,mechanism_selector,200,1,14119,dismissed,,false,error_down,0
sea_abrupt_iid,sgd,mechanism_selector,200,1,25351,adapted,REBUILD,true,error_up,109800
sea_abrupt_iid,sgd,mechanism_selector,200,1,39527,dismissed,,false,error_up,0
sea_abrupt_iid,sgd,mechanism_selector,200,2,13991,dismissed,,false,error_up,0
sea_abrupt_iid,sgd,mechanism_selector,200,2,25319,dismissed,,true,error_down,0
sea_abrupt_iid,sgd,mechanism_selector,200,2,42055,dismissed,,false,error_down,0
sea_abrupt_iid,sgd,mechanism_selector,200,3,14311,adapted,REBUILD,false,error_up,75800
sea_abrupt_iid,sgd,mechanism_selector,200,3,28519,adapted,REBUILD,false,error_up,139800
sea_abrupt_iid,sgd,mechanism_selector,200,4,13287,dismissed,,true,error_down,0
sea_abrupt_iid,sgd,mechanism_selector,200,4,25415,adapted,NUDGE,true,error_up,800
sea_abrupt_iid,sgd,mechanism_selector,200,4,39623,dismissed,,false,error_up,0
sea_abrupt_iid,sgd,mechanism_selector,500,0,15719,adapted,NUDGE,false,error_up,800
sea_abrupt_iid,sgd,mechanism_selector,500,0,16551,adapted,NUDGE,false,error_down,665
sea_abrupt_iid,sgd,mechanism_selector,500,0,25607,dismissed,,true,error_down,0
sea_abrupt_iid,sgd,mechanism_selector,500,0,44647,dismissed,,false,error_up,0
sea_abrupt_iid,sgd,mechanism_selector,500,1,13671,adapted,NUDGE,false,error_up,800
sea_abrupt_iid,sgd,mechanism_selector,500,1,14663,dismissed,,false,error_down,0
sea_abrupt_iid,sgd,mechanism_selector,500,1,25543,adapted,REBUILD,true,error_up,92800
sea_abrupt_iid,sgd,mechanism_selector,500,1,26215,dismissed,,false,error_down,0
sea_abrupt_iid,sgd,mechanism_selector,500,2,13991,dismissed,,false,error_up,0
sea_abrupt_iid,sgd,mechanism_selector,500,2,25319,dismissed,,true,error_down,0
sea_abrupt_iid,sgd,mechanism_selector,500,2,42055,dismissed,,false,error_down,0
sea_abrupt_iid,sgd,mechanism_selector,500,3,14311,adapted,REBUILD,false,error_up,60800
sea_abrupt_iid,sgd,mechanism_selector,500,3,25287,adapted,NUDGE,true,error_up,800
sea_abrupt_iid,sgd,mechanism_selector,500,3,27335,adapted,SKIP,false,error_down,0
sea_abrupt_iid,sgd,mechanism_selector,500,3,42919,dismissed,,false,error_up,0
sea_abrupt_iid,sgd,mechanism_selector,500,4,13287,dismissed,,true,error_down,0
sea_abrupt_iid,sgd,mechanism_selector,500,4,25415,adapted,NUDGE,true,error_up,800
sea_abrupt_iid,sgd,mechanism_selector,500,4,42567,adapted,NUDGE,false,error_up,800
sea_abrupt_iid,sgd,never_adapt,0,0,15719,adapted,SKIP,false,error_up,0
sea_abrupt_iid,sgd,never_adapt,0,0,25287,adapted,SKIP,true,error_down,0
sea_abrupt_iid,sgd,never_adapt,0,0,40231,adapted,SKIP,false,error_down,0
sea_abrupt_iid,sgd,never_adapt,0,1,13671,adapted,SKIP,false,error_up,0
sea_abrupt_iid,sgd,never_adapt,0,1,25191,adapted,SKIP,true,error_down,0
sea_abrupt_iid,sgd,never_adapt,0,1,41095,adapted,SKIP,false,error_down,0
sea_abrupt_iid,sgd,never_adapt,0,2,13991,adapted,SKIP,false,error_up,0
sea_abrupt_iid,sgd,never_adapt,0,2,25319,adapted,SKIP,true,error_down,0
sea_abrupt_iid,sgd,never_adapt,0,2,42055,adapted,SKIP,false,error_down,0
sea_abrupt_iid,sgd,never_adapt,0,3,14311,adapted,SKIP,false,error_up,0
sea_abrupt_iid,sgd,never_adapt,0,3,38023,adapted,SKIP,true,error_up,0
sea_abrupt_iid,sgd,never_adapt,0,4,13287,adapted,SKIP,true,error_down,0
sea_abrupt_iid,sgd,never_adapt,0,4,25415,adapted,SKIP,true,error_up,0
sea_abrupt_iid,sgd,never_adapt,0,4,41095,adapted,SKIP,false,error_up,0
sea_abrupt_iid,xgb,always_rebuild,0,0,14215,adapted,REBUILD,false,error_up,100000
sea_abrupt_iid,xgb,always_rebuild,0,0,25319,adapted,REBUILD,true,error_up,100000
sea_abrupt_iid,xgb,always_rebuild,0,0,46279,adapted,REBUILD,false,error_up,100000
sea_abrupt_iid,xgb,always_rebuild,0,1,13671,adapted,REBUILD,false,error_up,100000
sea_abrupt_iid,xgb,always_rebuild,0,1,25351,adapted,REBUILD,true,error_up,100000
sea_abrupt_iid,xgb,always_rebuild,0,2,14023,adapted,REBUILD,false,error_up,100000
sea_abrupt_iid,xgb,always_rebuild,0,2,25415,adapted,REBUILD,true,error_up,100000
sea_abrupt_iid,xgb,always_rebuild,0,2,44519,adapted,REBUILD,false,error_up,100000
sea_abrupt_iid,xgb,always_rebuild,0,3,13927,adapted,REBUILD,false,error_up,100000
sea_abrupt_iid,xgb,always_rebuild,0,3,25511,adapted,REBUILD,true,error_up,100000
sea_abrupt_iid,xgb,always_rebuild,0,3,38695,adapted,REBUILD,false,error_up,100000
sea_abrupt_iid,xgb,always_rebuild,0,4,13831,adapted,REBUILD,false,error_up,100000
sea_abrupt_iid,xgb,always_rebuild,0,4,25287,adapted,REBUILD,true,error_up,100000
sea_abrupt_iid,xgb,always_rebuild,0,4,41255,adapted,REBUILD,false,error_up,100000
sea_abrupt_iid,xgb,always_rebuild,200,0,14215,adapted,REBUILD,false,error_up,100000
sea_abrupt_iid,xgb,always_rebuild,200,0,25223,adapted,REBUILD,true,error_up,100000
sea_abrupt_iid,xgb,always_rebuild,200,0,46055,adapted,REBUILD,false,error_up,100000
sea_abrupt_iid,xgb,always_rebuild,200,1,13671,adapted,REBUILD,false,error_up,100000
sea_abrupt_iid,xgb,always_rebuild,200,1,25319,adapted,REBUILD,true,error_up,100000
sea_abrupt_iid,xgb,always_rebuild,200,2,14023,adapted,REBUILD,false,error_up,100000
sea_abrupt_iid,xgb,always_rebuild,200,2,25511,adapted,REBUILD,true,error_up,100000
sea_abrupt_iid,xgb,always_rebuild,200,3,13927,adapted,REBUILD,false,error_up,100000
sea_abrupt_iid,xgb,always_rebuild,200,3,25479,adapted,REBUILD,true,error_up,100000
sea_abrupt_iid,xgb,always_rebuild,200,3,42119,adapted,REBUILD,false,error_up,100000
sea_abrupt_iid,xgb,always_rebuild,200,4,13831,adapted,REBUILD,false,error_up,100000
sea_abrupt_iid,xgb,always_rebuild,200,4,25287,adapted,REBUILD,true,error_up,100000
sea_abrupt_iid,xgb,always_rebuild,500,0,14215,adapted,REBUILD,false,error_up,100000
sea_abrupt_iid,xgb,always_rebuild,500,0,25287,adapted,REBUILD,true,error_up,100000
sea_abrupt_iid,xgb,always_rebuild,500,0,27975,dismissed,,false,error_down,0
sea_abrupt_iid,xgb,always_rebuild,500,1,13671,adapted,REBUILD,false,error_up,100000
sea_abrupt_iid,xgb,always_rebuild,500,1,25287,adapted,REBUILD,true,error_up,100000
sea_abrupt_iid,xgb,always_rebuild,500,1,26183,dismissed,,false,error_down,0
sea_abrupt_iid,xgb,always_rebuild,500,2,14023,adapted,REBUILD,false,error_up,100000
sea_abrupt_iid,xgb,always_rebuild,500,2,25351,adapted,REBUILD,true,error_up,100000
sea_abrupt_iid,xgb,always_rebuild,500,3,13927,adapted,REBUILD,false,error_up,100000
sea_abrupt_iid,xgb,always_rebuild,500,3,25511,adapted,REBUILD,true,error_up,100000
sea_abrupt_iid,xgb,always_rebuild,500,4,13831,adapted,REBUILD,false,error_up,100000
sea_abrupt_iid,xgb,always_rebuild,500,4,25319,adapted,REBUILD,true,error_up,100000
sea_abrupt_iid,xgb,always_rebuild,500,4,28711,dismissed,,false,error_down,0
sea_abrupt_iid,xgb,mechanism_selector,0,0,14215,adapted,REBUILD,false,error_up,104000
sea_abrupt_iid,xgb,mechanism_selector,0,0,25319,adapted,REBUILD,true,error_up,104000
sea_abrupt_iid,xgb,mechanism_selector,0,0,46279,adapted,NUDGE,false,error_up,4000
sea_abrupt_iid,xgb,mechanism_selector,0,1,13671,adapted,REBUILD,false,error_up,104000
sea_abrupt_iid,xgb,mechanism_selector,0,1,25351,adapted,REBUILD,true,error_up,104000
sea_abrupt_iid,xgb,mechanism_selector,0,2,14023,adapted,REBUILD,false,error_up,104000
sea_abrupt_iid,xgb,mechanism_selector,0,2,25415,adapted,REBUILD,true,error_up,104000
sea_abrupt_iid,xgb,mechanism_selector,0,2,44519,adapted,REBUILD,false,error_up,104000
sea_abrupt_iid,xgb,mechanism_selector,0,3,13927,adapted,REBUILD,false,error_up,104000
sea_abrupt_iid,xgb,mechanism_selector,0,3,25511,adapted,REBUILD,true,error_up,104000
sea_abrupt_iid,xgb,mechanism_selector,0,3,38695,adapted,NUDGE,false,error_up,4000
sea_abrupt_iid,xgb,mechanism_selector,0,4,13831,adapted,REBUILD,false,error_up,104000
sea_abrupt_iid,xgb,mechanism_selector,0,4,25287,adapted,REBUILD,true,error_up,104000
sea_abrupt_iid,xgb,mechanism_selector,0,4,41255,adapted,NUDGE,false,error_up,4000
sea_abrupt_iid,xgb,mechanism_selector,200,0,14215,adapted,REBUILD,false,error_up,104000
sea_abrupt_iid,xgb,mechanism_selector,200,0,25223,adapted,REBUILD,true,error_up,104000
sea_abrupt_iid,xgb,mechanism_selector,200,0,46055,adapted,REBUILD,false,error_up,104000
sea_abrupt_iid,xgb,mechanism_selector,200,1,13671,adapted,REBUILD,false,error_up,104000
sea_abrupt_iid,xgb,mechanism_selector,200,1,25319,adapted,REBUILD,true,error_up,104000
sea_abrupt_iid,xgb,mechanism_selector,200,2,14023,adapted,REBUILD,false,error_up,104000
sea_abrupt_iid,xgb,mechanism_selector,200,2,25511,adapted,REBUILD,true,error_up,104000
sea_abrupt_iid,xgb,mechanism_selector,200,3,13927,adapted,REBUILD,false,error_up,104000
sea_abrupt_iid,xgb,mechanism_selector,200,3,25479,adapted,REBUILD,true,error_up,104000
sea_abrupt_iid,xgb,mechanism_selector,200,3,42119,adapted,REBUILD,false,error_up,104000
sea_abrupt_iid,xgb,mechanism_selector,200,4,13831,adapted,REBUILD,false,error_up,104000
sea_abrupt_iid,xgb,mechanism_selector,200,4,25287,adapted,REBUILD,true,error_up,104000
sea_abrupt_iid,xgb,mechanism_selector,500,0,14215,adapted,REBUILD,false,error_up,104000
sea_abrupt_iid,xgb,mechanism_selector,500,0,25287,adapted,REBUILD,true,error_up,104000
sea_abrupt_iid,xgb,mechanism_selector,500,0,27975,dismissed,,false,error_down,0
sea_abrupt_iid,xgb,mechanism_selector,500,1,13671,adapted,SKIP,false,error_up,0
sea_abrupt_iid,xgb,mechanism_selector,500,1,38503,adapted,REBUILD,false,error_up,104000
sea_abrupt_iid,xgb,mechanism_selector,500,2,14023,adapted,REBUILD,false,error_up,104000
sea_abrupt_iid,xgb,mechanism_selector,500,2,25351,adapted,REBUILD,true,error_up,104000
sea_abrupt_iid,xgb,mechanism_selector,500,3,13927,adapted,REBUILD,false,error_up,104000
sea_abrupt_iid,xgb,mechanism_selector,500,3,25511,adapted,REBUILD,true,error_up,104000
sea_abrupt_iid,xgb,mechanism_selector,500,4,13831,adapted,SKIP,false,error_up,0
sea_abrupt_iid,xgb,mechanism_selector,500,4,40071,adapted,NUDGE,false,error_up,4000
sea_abrupt_iid,xgb,never_adapt,0,0,14215,adapted,SKIP,false,error_up,0
sea_abrupt_iid,xgb,never_adapt,0,0,40039,adapted,SKIP,false,error_up,0
sea_abrupt_iid,xgb,never_adapt,0,1,13671,adapted,SKIP,false,error_up,0
sea_abrupt_iid,xgb,never_adapt,0,1,38503,adapted,SKIP,false,error_up,0
sea_abrupt_iid,xgb,never_adapt,0,2,14023,adapted,SKIP,false,error_up,0
sea_abrupt_iid,xgb,never_adapt,0,2,41191,adapted,SKIP,false,error_up,0
sea_abrupt_iid,xgb,never_adapt,0,3,13927,adapted,SKIP,false,error_up,0
sea_abrupt_iid,xgb,never_adapt,0,3,38695,adapted,SKIP,false,error_up,0
sea_abrupt_iid,xgb,never_adapt,0,4,13831,adapted,SKIP,false,error_up,0
sea_abrupt_iid,xgb,never_adapt,0,4,40071,adapted,SKIP,false,error_up,0
sea_abrupt_sticky,gnb,always_rebuild,0,0,13383,adapted,REBUILD,true,error_up,1000
sea_abrupt_sticky,gnb,always_rebuild,0,0,25223,adapted,REBUILD,true,error_up,1000
sea_abrupt_sticky,gnb,always_rebuild,0,0,33511,adapted,REBUILD,false,error_up,1000
sea_abrupt_sticky,gnb,always_rebuild,0,1,25319,adapted,REBUILD,true,error_up,1000
sea_abrupt_sticky,gnb,always_rebuild,0,1,41383,adapted,REBUILD,false,error_up,1000
sea_abrupt_sticky,gnb,always_rebuild,0,2,26535,adapted,REBUILD,false,error_up,1000
sea_abrupt_sticky,gnb,always_rebuild,0,2,44711,adapted,REBUILD,false,error_up,1000
sea_abrupt_sticky,gnb,always_rebuild,0,3,26919,adapted,REBUILD,false,error_up,1000
sea_abrupt_sticky,gnb,always_rebuild,0,3,37799,adapted,REBUILD,true,error_up,1000
sea_abrupt_sticky,gnb,always_rebuild,0,4,13735,adapted,REBUILD,false,error_up,1000
sea_abrupt_sticky,gnb,always_rebuild,0,4,25415,adapted,REBUILD,true,error_up,1000
sea_abrupt_sticky,gnb,always_rebuild,0,4,29735,adapted,REBUILD,false,error_down,1000
sea_abrupt_sticky,gnb,always_rebuild,0,4,33383,adapted,REBUILD,false,error_up,1000
sea_abrupt_sticky,gnb,always_rebuild,200,0,13383,adapted,REBUILD,true,error_up,1000
sea_abrupt_sticky,gnb,always_rebuild,200,0,25223,adapted,REBUILD,true,error_up,1000
sea_abrupt_sticky,gnb,always_rebuild,200,0,27559,dismissed,,false,error_down,0
sea_abrupt_sticky,gnb,always_rebuild,200,0,28167,dismissed,,false,error_up,0
sea_abrupt_sticky,gnb,always_rebuild,200,0,38055,dismissed,,true,error_up,0
sea_abrupt_sticky,gnb,always_rebuild,200,1,25319,adapted,REBUILD,true,error_up,1000
sea_abrupt_sticky,gnb,always_rebuild,200,1,41223,adapted,REBUILD,false,error_up,1000
sea_abrupt_sticky,gnb,always_rebuild,200,2,26535,dismissed,,false,error_up,0
sea_abrupt_sticky,gnb,always_rebuild,200,2,29927,adapted,REBUILD,false,error_up,1000
sea_abrupt_sticky,gnb,always_rebuild,200,2,39047,dismissed,,false,error_down,0
sea_abrupt_sticky,gnb,always_rebuild,200,3,26919,adapted,REBUILD,false,error_up,1000
sea_abrupt_sticky,gnb,always_rebuild,200,3,37767,adapted,REBUILD,true,error_up,1000
sea_abrupt_sticky,gnb,always_rebuild,200,4,13735,dismissed,,false,error_up,0
sea_abrupt_sticky,gnb,always_rebuild,200,4,27335,adapted,REBUILD,false,error_up,1000
sea_abrupt_sticky,gnb,always_rebuild,200,4,46983,dismissed,,false,error_down,0
sea_abrupt_sticky,gnb,always_rebuild,500,0,13383,adapted,REBUILD,true,error_up,1000
sea_abrupt_sticky,gnb,always_rebuild,500,0,25255,adapted,REBUILD,true,error_up,1000
sea_abrupt_sticky,gnb,always_rebuild,500,0,26663,dismissed,,false,error_down,0
sea_abrupt_sticky,gnb,always_rebuild,500,0,38631,adapted,REBUILD,false,error_up,1000
sea_abrupt_sticky,gnb,always_rebuild,500,1,25319,adapted,REBUILD,true,error_up,1000
sea_abrupt_sticky,gnb,always_rebuild,500,1,41799,adapted,REBUILD,false,error_up,1000
sea_abrupt_sticky,gnb,always_rebuild,500,2,26535,adapted,REBUILD,false,error_up,1000
sea_abrupt_sticky,gnb,always_rebuild,500,2,44455,dismissed,,false,error_up,0
sea_abrupt_sticky,gnb,always_rebuild,500,3,26919,adapted,REBUILD,false,error_up,1000
sea_abrupt_sticky,gnb,always_rebuild,500,3,37767,adapted,REBUILD,true,error_up,1000
sea_abrupt_sticky,gnb,always_rebuild,500,4,13735,dismissed,,false,error_up,0
sea_abrupt_sticky,gnb,always_rebuild,500,4,27335,adapted,REBUILD,false,error_up,1000
sea_abrupt_sticky,gnb,always_rebuild,500,4,48487,dismissed,,false,error_down,0
sea_abrupt_sticky,gnb,mechanism_selector,0,0,13383,adapted,REBUILD,true,error_up,1800
sea_abrupt_sticky,gnb,mechanism_selector,0,0,25223,adapted,REBUILD,true,error_up,1800
sea_abrupt_sticky,gnb,mechanism_selector,0,0,33511,adapted,NUDGE,false,error_up,800
sea_abrupt_sticky,gnb,mechanism_selector,0,1,25319,adapted,REBUILD,true,error_up,1800
sea_abrupt_sticky,gnb,mechanism_selector,0,1,41383,adapted,REBUILD,false,error_up,1800
sea_abrupt_sticky,gnb,mechanism_selector,0,2,26535,adapted,REBUILD,false,error_up,1800
sea_abrupt_sticky,gnb,mechanism_selector,0,2,44711,adapted,REBUILD,false,error_up,1800
sea_abrupt_sticky,gnb,mechanism_selector,0,3,26919,adapted,REBUILD,false,error_up,1800
sea_abrupt_sticky,gnb,mechanism_selector,0,3,37799,adapted,REBUILD,true,error_up,1800
sea_abrupt_sticky,gnb,mechanism_selector,0,4,13735,adapted,REBUILD,false,error_up,1800
sea_abrupt_sticky,gnb,mechanism_selector,0,4,25415,adapted,REBUILD,true,error_up,1800
sea_abrupt_sticky,gnb,mechanism_selector,0,4,29735,adapted,SKIP,false,error_down,0
sea_abrupt_sticky,gnb,mechanism_selector,0,4,33383,adapted,REBUILD,false,error_up,1800
sea_abrupt_sticky,gnb,mechanism_selector,200,0,13383,adapted,REBUILD,true,error_up,1800
sea_abrupt_sticky,gnb,mechanism_selector,200,0,25223,adapted,REBUILD,true,error_up,1800
sea_abrupt_sticky,gnb,mechanism_selector,200,0,27559,dismissed,,false,error_down,0
sea_abrupt_sticky,gnb,mechanism_selector,200,0,28167,dismissed,,false,error_up,0
sea_abrupt_sticky,gnb,mechanism_selector,200,0,38055,dismissed,,true,error_up,0
sea_abrupt_sticky,gnb,mechanism_selector,200,1,25319,adapted,REBUILD,true,error_up,1800
sea_abrupt_sticky,gnb,mechanism_selector,200,1,41223,adapted,REBUILD,false,error_up,1800
sea_abrupt_sticky,gnb,mechanism_selector,200,2,26535,dismissed,,false,error_up,0
sea_abrupt_sticky,gnb,mechanism_selector,200,2,29927,adapted,REBUILD,false,error_up,1800
sea_abrupt_sticky,gnb,mechanism_selector,200,2,39047,dismissed,,false,error_down,0
sea_abrupt_sticky,gnb,mechanism_selector,200,3,26919,adapted,NUDGE,false,error_up,800
sea_abrupt_sticky,gnb,mechanism_selector,200,3,37735,adapted,REBUILD,true,error_up,1800
sea_abrupt_sticky,gnb,mechanism_selector,200,4,13735,dismissed,,false,error_up,0
sea_abrupt_sticky,gnb,mechanism_selector,200,4,27335,adapted,REBUILD,false,error_up,1800
sea_abrupt_sticky,gnb,mechanism_selector,200,4,46983,dismissed,,false,error_down,0
sea_abrupt_sticky,gnb,mechanism_selector,500,0,13383,adapted,SKIP,true,error_up,0
sea_abrupt_sticky,gnb,mechanism_selector,500,0,27719,dismissed,,false,error_down,0
sea_abrupt_sticky,gnb,mechanism_selector,500,0,37959,adapted,NUDGE,true,error_up,800
sea_abrupt_sticky,gnb,mechanism_selector,500,1,25319,adapted,SKIP,true,error_up,0
sea_abrupt_sticky,gnb,mechanism_selector,500,1,41287,dismissed,,false,error_up,0
sea_abrupt_sticky,gnb,mechanism_selector,500,1,44167,dismissed,,false,error_up,0
sea_abrupt_sticky,gnb,mechanism_selector,500,2,26535,adapted,REBUILD,false,error_up,1800
sea_abrupt_sticky,gnb,mechanism_selector,500,2,44455,dismissed,,false,error_up,0
sea_abrupt_sticky,gnb,mechanism_selector,500,3,26919,adapted,REBUILD,false,error_up,1800
sea_abrupt_sticky,gnb,mechanism_selector,500,3,37767,adapted,REBUILD,true,error_up,1800
sea_abrupt_sticky,gnb,mechanism_selector,500,4,13735,dismissed,,false,error_up,0
sea_abrupt_sticky,gnb,mechanism_selector,500,4,27335,adapted,SKIP,false,error_up,0
sea_abrupt_sticky,gnb,mechanism_selector,500,4,39719,adapted,REBUILD,false,error_up,1800
sea_abrupt_sticky,gnb,never_adapt,0,0,13383,adapted,SKIP,true,error_up,0
sea_abrupt_sticky,gnb,never_adapt,0,0,27719,adapted,SKIP,false,error_down,0
sea_abrupt_sticky,gnb,never_adapt,0,0,37959,adapted,SKIP,true,error_up,0
sea_abrupt_sticky,gnb,never_adapt,0,1,25319,adapted,SKIP,true,error_up,0
sea_abrupt_sticky,gnb,never_adapt,0,1,41287,adapted,SKIP,false,error_up,0
sea_abrupt_sticky,gnb,never_adapt,0,1,44167,adapted,SKIP,false,error_up,0
sea_abrupt_sticky,gnb,never_adapt,0,2,26535,adapted,SKIP,false,error_up,0
sea_abrupt_sticky,gnb,never_adapt,0,2,29927,adapted,SKIP,false,error_up,0
sea_abrupt_sticky,gnb,never_adapt,0,2,44487,adapted,SKIP,false,error_up,0
sea_abrupt_sticky,gnb,never_adapt,0,3,26919,adapted,SKIP,false,error_up,0
sea_abrupt_sticky,gnb,never_adapt,0,3,37735,adapted,SKIP,true,error_up,0
sea_abrupt_sticky,gnb,never_adapt,0,3,43111,adapted,SKIP,false,error_down,0
sea_abrupt_sticky,gnb,never_adapt,0,4,13735,adapted,SKIP,false,error_up,0
sea_abrupt_sticky,gnb,never_adapt,0,4,27335,adapted,SKIP,false,error_up,0
sea_abrupt_sticky,gnb,never_adapt,0,4,39719,adapted,SKIP,false,error_up,0
sea_abrupt_sticky,rf,always_rebuild,0,0,13415,adapted,REBUILD,true,error_up,100000
sea_abrupt_sticky,rf,always_rebuild,0,0,21383,adapted,REBUILD,false,error_down,100000
sea_abrupt_sticky,rf,always_rebuild,0,0,25223,adapted,REBUILD,true,error_up,100000
sea_abrupt_sticky,rf,always_rebuild,0,0,37767,adapted,REBUILD,true,error_up,100000
sea_abrupt_sticky,rf,always_rebuild,0,1,13383,adapted,REBUILD,true,error_up,100000
sea_abrupt_sticky,rf,always_rebuild,0,1,25095,adapted,REBUILD,true,error_up,100000
sea_abrupt_sticky,rf,always_rebuild,0,1,41863,adapted,REBUILD,false,error_up,100000
sea_abrupt_sticky,rf,always_rebuild,0,2,13415,adapted,REBUILD,true,error_up,100000
sea_abrupt_sticky,rf,always_rebuild,0,2,25991,adapted,REBUILD,true,error_up,100000
sea_abrupt_sticky,rf,always_rebuild,0,3,14023,adapted,REBUILD,false,error_up,100000
sea_abrupt_sticky,rf,always_rebuild,0,3,25191,adapted,REBUILD,true,error_up,100000
sea_abrupt_sticky,rf,always_rebuild,0,3,37703,adapted,REBUILD,true,error_up,100000
sea_abrupt_sticky,rf,always_rebuild,0,4,13511,adapted,REBUILD,false,error_up,100000
sea_abrupt_sticky,rf,always_rebuild,0,4,25191,adapted,REBUILD,true,error_up,100000
sea_abrupt_sticky,rf,always_rebuild,0,4,33383,adapted,REBUILD,false,error_up,100000
sea_abrupt_sticky,rf,always_rebuild,200,0,13415,adapted,REBUILD,true,error_up,100000
sea_abrupt_sticky,rf,always_rebuild,200,0,21415,dismissed,,false,error_down,0
sea_abrupt_sticky,rf,always_rebuild,200,0,25223,adapted,REBUILD,true,error_up,100000
sea_abrupt_sticky,rf,always_rebuild,200,0,37959,dismissed,,true,error_up,0
sea_abrupt_sticky,rf,always_rebuild,200,1,13383,adapted,REBUILD,true,error_up,100000
sea_abrupt_sticky,rf,always_rebuild,200,1,25127,adapted,REBUILD,true,error_up,100000
sea_abrupt_sticky,rf,always_rebuild,200,1,46087,adapted,REBUILD,false,error_up,100000
sea_abrupt_sticky,rf,always_rebuild,200,2,13415,adapted,REBUILD,true,error_up,100000
sea_abrupt_sticky,rf,always_rebuild,200,2,25447,dismissed,,true,error_up,0
sea_abrupt_sticky,rf,always_rebuild,200,2,27463,dismissed,,false,error_up,0
sea_abrupt_sticky,rf,always_rebuild,200,2,47911,adapted,REBUILD,false,error_up,100000
sea_abrupt_sticky,rf,always_rebuild,200,3,14023,adapted,REBUILD,false,error_up,100000
sea_abrupt_sticky,rf,always_rebuild,200,3,25511,dismissed,,true,error_up,0
sea_abrupt_sticky,rf,always_rebuild,200,3,37735,adapted,REBUILD,true,error_up,100000
sea_abrupt_sticky,rf,always_rebuild,200,3,46375,dismissed,,false,error_down,0
sea_abrupt_sticky,rf,always_rebuild,200,4,13511,adapted,REBUILD,false,error_up,100000
sea_abrupt_sticky,rf,always_rebuild,200,4,25383,adapted,REBUILD,true,error_up,100000
sea_abrupt_sticky,rf,always_rebuild,200,4,42535,dismissed,,false,error_up,0
sea_abrupt_sticky,rf,always_rebuild,500,0,13415,adapted,REBUILD,true,error_up,100000
sea_abrupt_sticky,rf,always_rebuild,500,0,25223,adapted,REBUILD,true,error_up,100000
sea_abrupt_sticky,rf,always_rebuild,500,0,26631,dismissed,,false,error_down,0
sea_abrupt_sticky,rf,always_rebuild,500,0,38055,adapted,REBUILD,true,error_up,100000
sea_abrupt_sticky,rf,always_rebuild,500,1,13383,adapted,REBUILD,true,error_up,100000
sea_abrupt_sticky,rf,always_rebuild,500,1,25095,adapted,REBUILD,true,error_up,100000
sea_abrupt_sticky,rf,always_rebuild,500,1,46247,adapted,REBUILD,false,error_up,100000
sea_abrupt_sticky,rf,always_rebuild,500,2,13415,adapted,REBUILD,true,error_up,100000
sea_abrupt_sticky,rf,always_rebuild,500,2,25991,adapted,REBUILD,true,error_up,100000
sea_abrupt_sticky,rf,always_rebuild,500,3,14023,adapted,REBUILD,false,error_up,100000
sea_abrupt_sticky,rf,always_rebuild,500,3,26087,adapted,REBUILD,false,error_up,100000
sea_abrupt_sticky,rf,always_rebuild,500,3,29031,dismissed,,false,error_down,0
sea_abrupt_sticky,rf,always_rebuild,500,3,37831,adapted,REBUILD,true,error_up,100000
sea_abrupt_sticky,rf,always_rebuild,500,4,13511,adapted,REBUILD,false,error_up,100000
sea_abrupt_sticky,rf,always_rebuild,500,4,25191,adapted,REBUILD,true,error_up,100000
sea_abrupt_sticky,rf,always_rebuild,500,4,28839,dismissed,,false,error_down,0
sea_abrupt_sticky,rf,always_rebuild,500,4,44007,dismissed,,false,error_up,0
sea_abrupt_sticky,rf,mechanism_selector,0,0,13415,adapted,REBUILD,true,error_up,104000
sea_abrupt_sticky,rf,mechanism_selector,0,0,21383,adapted,SKIP,false,error_down,0
sea_abrupt_sticky,rf,mechanism_selector,0,0,25223,adapted,REBUILD,true,error_up,104000
sea_abrupt_sticky,rf,mechanism_selector,0,0,37767,adapted,REBUILD,true,error_up,104000
sea_abrupt_sticky,rf,mechanism_selector,0,1,13383,adapted,REBUILD,true,error_up,104000
sea_abrupt_sticky,rf,mechanism_selector,0,1,25095,adapted,REBUILD,true,error_up,104000
sea_abrupt_sticky,rf,mechanism_selector,0,1,41863,adapted,REBUILD,false,error_up,104000
sea_abrupt_sticky,rf,mechanism_selector,0,2,13415,adapted,REBUILD,true,error_up,104000
sea_abrupt_sticky,rf,mechanism_selector,0,2,25991,adapted,REBUILD,true,error_up,104000
sea_abrupt_sticky,rf,mechanism_selector,0,3,14023,adapted,REBUILD,false,error_up,104000
sea_abrupt_sticky,rf,mechanism_selector,0,3,25191,adapted,REBUILD,true,error_up,104000
sea_abrupt_sticky,rf,mechanism_selector,0,3,37703,adapted,REBUILD,true,error_up,104000
sea_abrupt_sticky,rf,mechanism_selector,0,4,13511,adapted,REBUILD,false,error_up,104000
sea_abrupt_sticky,rf,mechanism_selector,0,4,25191,adapted,REBUILD,true,error_up,104000
sea_abrupt_sticky,rf,mechanism_selector,0,4,33383,adapted,REBUILD,false,error_up,104000
sea_abrupt_sticky,rf,mechanism_selector,200,0,13415,adapted,REBUILD,true,error_up,104000
sea_abrupt_sticky,rf,mechanism_selector,200,0,21415,dismissed,,false,error_down,0
sea_abrupt_sticky,rf,mechanism_selector,200,0,25223,adapted,REBUILD,true,error_up,104000
sea_abrupt_sticky,rf,mechanism_selector,200,0,37959,dismissed,,true,error_up,0
sea_abrupt_sticky,rf,mechanism_selector,200,1,13383,adapted,REBUILD,true,error_up,104000
sea_abrupt_sticky,rf,mechanism_selector,200,1,25127,adapted,REBUILD,true,error_up,104000
sea_abrupt_sticky,rf,mechanism_selector,200,1,46087,adapted,REBUILD,false,error_up,104000
sea_abrupt_sticky,rf,mechanism_selector,200,2,13415,adapted,REBUILD,true,error_up,104000
sea_abrupt_sticky,rf,mechanism_selector,200,2,25447,dismissed,,true,error_up,0
sea_abrupt_sticky,rf,mechanism_selector,200,2,27463,dismissed,,false,error_up,0
sea_abrupt_sticky,rf,mechanism_selector,200,2,47911,adapted,REBUILD,false,error_up,104000
sea_abrupt_sticky,rf,mechanism_selector,200,3,14023,adapted,REBUILD,false,error_up,104000
sea_abrupt_sticky,rf,mechanism_selector,200,3,25511,dismissed,,true,error_up,0
sea_abrupt_sticky,rf,mechanism_selector,200,3,37735,adapted,REBUILD,true,error_up,104000
sea_abrupt_sticky,rf,mechanism_selector,200,3,46375,dismissed,,false,error_down,0
sea_abrupt_sticky,rf,mechanism_selector,200,4,13511,adapted,REBUILD,false,error_up,104000
sea_abrupt_sticky,rf,mechanism_selector,200,4,25383,adapted,REBUILD,true,error_up,104000
sea_abrupt_sticky,rf,mechanism_selector,200,4,42535,dismissed,,false,error_up,0
sea_abrupt_sticky,rf,mechanism_selector,500,0,13415,adapted,SKIP,true,error_up,0
sea_abrupt_sticky,rf,mechanism_selector,500,0,38055,dismissed,,true,error_up,0
sea_abrupt_sticky,rf,mechanism_selector,500,1,13383,adapted,REBUILD,true,error_up,104000
sea_abrupt_sticky,rf,mechanism_selector,500,1,25095,adapted,REBUILD,true,error_up,104000
sea_abrupt_sticky,rf,mechanism_selector,500,1,46247,adapted,REBUILD,false,error_up,104000
sea_abrupt_sticky,rf,mechanism_selector,500,2,13415,adapted,REBUILD,true,error_up,104000
sea_abrupt_sticky,rf,mechanism_selector,500,2,25991,adapted,REBUILD,true,error_up,104000
sea_abrupt_sticky,rf,mechanism_selector,500,3,14023,adapted,REBUILD,false,error_up,104000
sea_abrupt_sticky,rf,mechanism_selector,500,3,26087,adapted,REBUILD,false,error_up,104000
sea_abrupt_sticky,rf,mechanism_selector,500,3,29031,dismissed,,false,error_down,0
sea_abrupt_sticky,rf,mechanism_selector,500,3,37831,adapted,SKIP,true,error_up,0
sea_abrupt_sticky,rf,mechanism_selector,500,4,13511,adapted,REBUILD,false,error_up,104000
sea_abrupt_sticky,rf,mechanism_selector,500,4,25191,adapted,REBUILD,true,error_up,104000
sea_abrupt_sticky,rf,mechanism_selector,500,4,28839,dismissed,,false,error_down,0
sea_abrupt_sticky,rf,mechanism_selector,500,4,44007,dismissed,,false,error_up,0
sea_abrupt_sticky,rf,never_adapt,0,0,13415,adapted,SKIP,true,error_up,0
sea_abrupt_sticky,rf,never_adapt,0,0,38055,adapted,SKIP,true,error_up,0
sea_abrupt_sticky,rf,never_adapt,0,1,13383,adapted,SKIP,true,error_up,0
sea_abrupt_sticky,rf,never_adapt,0,1,39015,adapted,SKIP,false,error_up,0
sea_abrupt_sticky,rf,never_adapt,0,1,43783,adapted,SKIP,false,error_down,0
sea_abrupt_sticky,rf,never_adapt,0,2,13415,adapted,SKIP,true,error_up,0
sea_abrupt_sticky,rf,never_adapt,0,2,29927,adapted,SKIP,false,error_up,0
sea_abrupt_sticky,rf,never_adapt,0,2,44487,adapted,SKIP,false,error_up,0
sea_abrupt_sticky,rf,never_adapt,0,3,14023,adapted,SKIP,false,error_up,0
sea_abrupt_sticky,rf,never_adapt,0,3,37767,adapted,SKIP,true,error_up,0
sea_abrupt_sticky,rf,never_adapt,0,3,43111,adapted,SKIP,false,error_down,0
sea_abrupt_sticky,rf,never_adapt,0,4,13511,adapted,SKIP,false,error_up,0
sea_abrupt_sticky,rf,never_adapt,0,4,27463,adapted,SKIP,false,error_up,0
sea_abrupt_sticky,rf,never_adapt,0,4,38471,adapted,SKIP,true,error_up,0
sea_abrupt_sticky,sgd,always_rebuild,0,0,25255,adapted,REBUILD,true,error_up,65000
sea_abrupt_sticky,sgd,always_rebuild,0,0,25991,adapted,REBUILD,true,error_down,60352
sea_abrupt_sticky,sgd,always_rebuild,0,0,28007,adapted,REBUILD,false,error_up,78000
sea_abrupt_sticky,sgd,always_rebuild,0,1,28583,adapted,REBUILD,false,error_up,81000
sea_abrupt_sticky,sgd,always_rebuild,0,2,27175,adapted,REBUILD,false,error_up,96000
sea_abrupt_sticky,sgd,always_rebuild,0,2,31527,adapted,REBUILD,false,error_up,75000
sea_abrupt_sticky,sgd,always_rebuild,0,3,37735,adapted,REBUILD,true,error_up,90000
sea_abrupt_sticky,sgd,always_rebuild,0,3,38279,adapted,REBUILD,true,error_up,40256
sea_abrupt_sticky,sgd,always_rebuild,0,3,38503,adapted,REBUILD,false,error_up,10528
sea_abrupt_sticky,sgd,always_rebuild,0,4,9447,adapted,REBUILD,false,error_up,59000
sea_abrupt_sticky,sgd,always_rebuild,0,4,13767,adapted,REBUILD,false,error_up,99000
sea_abrupt_sticky,sgd,always_rebuild,0,4,26791,adapted,REBUILD,false,error_up,68000
sea_abrupt_sticky,sgd,always_rebuild,0,4,45479,adapted,REBUILD,false,error_down,98000
sea_abrupt_sticky,sgd,always_rebuild,200,0,25255,adapted,REBUILD,true,error_up,67000
sea_abrupt_sticky,sgd,always_rebuild,200,1,28583,dismissed,,false,error_up,0
sea_abrupt_sticky,sgd,always_rebuild,200,1,46023,adapted,REBUILD,false,error_up,63000
sea_abrupt_sticky,sgd,always_rebuild,200,2,27175,adapted,REBUILD,false,error_up,56000
sea_abrupt_sticky,sgd,always_rebuild,200,3,37735,adapted,REBUILD,true,error_up,53000
sea_abrupt_sticky,sgd,always_rebuild,200,3,43847,dismissed,,false,error_down,0
sea_abrupt_sticky,sgd,always_rebuild,200,4,9447,dismissed,,false,error_up,0
sea_abrupt_sticky,sgd,always_rebuild,200,4,24583,adapted,REBUILD,false,error_down,74000
sea_abrupt_sticky,sgd,always_rebuild,200,4,41895,dismissed,,false,error_up,0
sea_abrupt_sticky,sgd,always_rebuild,500,0,25255,adapted,REBUILD,true,error_up,87000
sea_abrupt_sticky,sgd,always_rebuild,500,0,25895,dismissed,,true,error_up,0
sea_abrupt_sticky,sgd,always_rebuild,500,0,28231,dismissed,,false,error_down,0
sea_abrupt_sticky,sgd,always_rebuild,500,0,29799,dismissed,,false,error_up,0
sea_abrupt_sticky,sgd,always_rebuild,500,0,36487,dismissed,,false,error_down,0
sea_abrupt_sticky,sgd,always_rebuild,500,0,37959,dismissed,,true,error_down,0
sea_abrupt_sticky,sgd,always_rebuild,500,0,39879,dismissed,,false,error_down,0
sea_abrupt_sticky,sgd,always_rebuild,500,0,42503,dismissed,,false,error_down,0
sea_abrupt_sticky,sgd,always_rebuild,500,0,44775,dismissed,,false,error_down,0
sea_abrupt_sticky,sgd,always_rebuild,500,0,46503,dismissed,,false,error_down,0
sea_abrupt_sticky,sgd,always_rebuild,500,1,28583,adapted,REBUILD,false,error_up,92000
sea_abrupt_sticky,sgd,always_rebuild,500,1,41255,dismissed,,false,error_up,0
sea_abrupt_sticky,sgd,always_rebuild,500,1,45095,adapted,REBUILD,false,error_up,102000
sea_abrupt_sticky,sgd,always_rebuild,500,1,46119,dismissed,,false,error_down,0
sea_abrupt_sticky,sgd,always_rebuild,500,2,27175,adapted,REBUILD,false,error_up,65000
sea_abrupt_sticky,sgd,always_rebuild,500,3,37735,adapted,REBUILD,true,error_up,113000
sea_abrupt_sticky,sgd,always_rebuild,500,3,49063,dismissed,,false,error_up,0
sea_abrupt_sticky,sgd,always_rebuild,500,4,9447,dismissed,,false,error_up,0
sea_abrupt_sticky,sgd,always_rebuild,500,4,24583,dismissed,,false,error_down,0
sea_abrupt_sticky,sgd,always_rebuild,500,4,27335,adapted,REBUILD,false,error_up,99000
sea_abrupt_sticky,sgd,always_rebuild,500,4,27879,dismissed,,false,error_up,0
sea_abrupt_sticky,sgd,always_rebuild,500,4,28935,dismissed,,false,error_up,0
sea_abrupt_sticky,sgd,always_rebuild,500,4,29735,dismissed,,false,error_up,0
sea_abrupt_sticky,sgd,always_rebuild,500,4,30439,dismissed,,false,error_down,0
sea_abrupt_sticky,sgd,always_rebuild,500,4,31783,dismissed,,false,error_up,0
sea_abrupt_sticky,sgd,always_rebuild,500,4,32295,dismissed,,false,error_up,0
sea_abrupt_sticky,sgd,always_rebuild,500,4,32935,dismissed,,false,error_down,0
sea_abrupt_sticky,sgd,always_rebuild,500,4,33447,dismissed,,false,error_up,0
sea_abrupt_sticky,sgd,always_rebuild,500,4,34183,dismissed,,false,error_down,0
sea_abrupt_sticky,sgd,always_rebuild,500,4,35047,dismissed,,false,error_down,0
sea_abrupt_sticky,sgd,always_rebuild,500,4,36199,dismissed,,false,error_down,0
sea_abrupt_sticky,sgd,always_rebuild,500,4,37319,dismissed,,false,error_down,0
sea_abrupt_sticky,sgd,always_rebuild,500,4,37927,dismissed,,true,error_down,0
sea_abrupt_sticky,sgd,always_rebuild,500,4,38471,dismissed,,true,error_down,0
sea_abrupt_sticky,sgd,always_rebuild,500,4,39111,dismissed,,false,error_up,0
sea_abrupt_sticky,sgd,always_rebuild,500,4,39655,dismissed,,false,error_down,0
sea_abrupt_sticky,sgd,always_rebuild,500,4,40967,dismissed,,false,error_up,0
sea_abrupt_sticky,sgd,always_rebuild,500,4,41767,dismissed,,false,error_down,0
sea_abrupt_sticky,sgd,always_rebuild,500,4,43111,dismissed,,false,error_down,0
sea_abrupt_sticky,sgd,always_rebuild,500,4,44263,dismissed,,false,error_up,0
sea_abrupt_sticky,sgd,always_rebuild,500,4,45159,dismissed,,false,error_down,0
sea_abrupt_sticky,sgd,always_rebuild,500,4,45863,dismissed,,false,error_up,0
sea_abrupt_sticky,sgd,always_rebuild,500,4,46663,dismissed,,false,error_up,0
sea_abrupt_sticky,sgd,always_rebuild,500,4,47303,dismissed,,false,error_up,0
sea_abrupt_sticky,sgd,always_rebuild,500,4,47815,dismissed,,false,error_up,0
sea_abrupt_sticky,sgd,always_rebuild,500,4,48455,dismissed,,false,error_down,0
sea_abrupt_sticky,sgd,always_rebuild,500,4,49127,dismissed,,false,error_up,0
sea_abrupt_sticky,sgd,mechanism_selector,0,0,25255,adapted,NUDGE,true,error_up,800
sea_abrupt_sticky,sgd,mechanism_selector,0,1,28583,adapted,REBUILD,false,error_up,81800
sea_abrupt_sticky,sgd,mechanism_selector,0,2,27175,adapted,NUDGE,false,error_up,800
sea_abrupt_sticky,sgd,mechanism_selector,0,3,37735,adapted,REBUILD,true,error_up,90800
sea_abrupt_sticky,sgd,mechanism_selector,0,3,38279,adapted,NUDGE,true,error_up,435
sea_abrupt_sticky,sgd,mechanism_selector,0,4,9447,adapted,REBUILD,false,error_up,59800
sea_abrupt_sticky,sgd,mechanism_selector,0,4,13767,adapted,REBUILD,false,error_up,99800
sea_abrupt_sticky,sgd,mechanism_selector,0,4,26791,adapted,REBUILD,false,error_up,68800
sea_abrupt_sticky,sgd,mechanism_selector,0,4,45479,adapted,SKIP,false,error_down,0
sea_abrupt_sticky,sgd,mechanism_selector,200,0,25255,adapted,REBUILD,true,error_up,67800
sea_abrupt_sticky,sgd,mechanism_selector,200,1,28583,dismissed,,false,error_up,0
sea_abrupt_sticky,sgd,mechanism_selector,200,1,46023,adapted,REBUILD,false,error_up,63800
sea_abrupt_sticky,sgd,mechanism_selector,200,2,27175,adapted,NUDGE,false,error_up,800
sea_abrupt_sticky,sgd,mechanism_selector,200,3,37735,adapted,REBUILD,true,error_up,53800
sea_abrupt_sticky,sgd,mechanism_selector,200,3,43847,dismissed,,false,error_down,0
sea_abrupt_sticky,sgd,mechanism_selector,200,4,9447,dismissed,,false,error_up,0
sea_abrupt_sticky,sgd,mechanism_selector,200,4,24583,adapted,REBUILD,false,error_down,74800
sea_abrupt_sticky,sgd,mechanism_selector,200,4,41895,dismissed,,false,error_up,0
sea_abrupt_sticky,sgd,mechanism_selector,500,0,25255,adapted,REBUILD,true,error_up,87800
sea_abrupt_sticky,sgd,mechanism_selector,500,0,25895,dismissed,,true,error_up,0
sea_abrupt_sticky,sgd,mechanism_selector,500,0,28231,dismissed,,false,error_down,0
sea_abrupt_sticky,sgd,mechanism_selector,500,0,29799,dismissed,,false,error_up,0
sea_abrupt_sticky,sgd,mechanism_selector,500,0,36487,dismissed,,false,error_down,0
sea_abrupt_sticky,sgd,mechanism_selector,500,0,37959,dismissed,,true,error_down,0
sea_abrupt_sticky,sgd,mechanism_selector,500,0,39879,dismissed,,false,error_down,0
sea_abrupt_sticky,sgd,mechanism_selector,500,0,42503,dismissed,,false,error_down,0
sea_abrupt_sticky,sgd,mechanism_selector,500,0,44775,dismissed,,false,error_down,0
sea_abrupt_sticky,sgd,mechanism_selector,500,0,46503,dismissed,,false,error_down,0
sea_abrupt_sticky,sgd,mechanism_selector,500,1,28583,adapted,NUDGE,false,error_up,800
sea_abrupt_sticky,sgd,mechanism_selector,500,2,27175,adapted,SKIP,false,error_up,0
sea_abrupt_sticky,sgd,mechanism_selector,500,2,41063,dismissed,,false,error_up,0
sea_abrupt_sticky,sgd,mechanism_selector,500,3,37735,adapted,REBUILD,true,error_up,113800
sea_abrupt_sticky,sgd,mechanism_selector,500,3,49063,dismissed,,false,error_up,0
sea_abrupt_sticky,sgd,mechanism_selector,500,4,9447,dismissed,,false,error_up,0
sea_abrupt_sticky,sgd,mechanism_selector,500,4,24583,dismissed,,false,error_down,0
sea_abrupt_sticky,sgd,mechanism_selector,500,4,27335,adapted,REBUILD,false,error_up,99800
sea_abrupt_sticky,sgd,mechanism_selector,500,4,27879,dismissed,,false,error_up,0
sea_abrupt_sticky,sgd,mechanism_selector,500,4,28935,dismissed,,false,error_up,0
sea_abrupt_sticky,sgd,mechanism_selector,500,4,29735,dismissed,,false,error_up,0
sea_abrupt_sticky,sgd,mechanism_selector,500,4,30439,dismissed,,false,error_down,0
sea_abrupt_sticky,sgd,mechanism_selector,500,4,31783,dismissed,,false,error_up,0
sea_abrupt_sticky,sgd,mechanism_selector,500,4,32295,dismissed,,false,error_up,0
sea_abrupt_sticky,sgd,mechanism_selector,500,4,32935,dismissed,,false,error_down,0
sea_abrupt_sticky,sgd,mechanism_selector,500,4,33447,dismissed,,false,error_up,0
sea_abrupt_sticky,sgd,mechanism_selector,500,4,34183,dismissed,,false,error_down,0
sea_abrupt_sticky,sgd,mechanism_selector,500,4,35047,dismissed,,false,error_down,0
sea_abrupt_sticky,sgd,mechanism_selector,500,4,36199,dismissed,,false,error_down,0
sea_abrupt_sticky,sgd,mechanism_selector,500,4,37319,dismissed,,false,error_down,0
sea_abrupt_sticky,sgd,mechanism_selector,500,4,37927,dismissed,,true,error_down,0
sea_abrupt_sticky,sgd,mechanism_selector,500,4,38471,dismissed,,true,error_down,0
sea_abrupt_sticky,sgd,mechanism_selector,500,4,39111,dismissed,,false,error_up,0
sea_abrupt_sticky,sgd,mechanism_selector,500,4,39655,dismissed,,false,error_down,0
sea_abrupt_sticky,sgd,mechanism_selector,500,4,40967,dismissed,,false,error_up,0
sea_abrupt_sticky,sgd,mechanism_selector,500,4,41767,dismissed,,false,error_down,0
sea_abrupt_sticky,sgd,mechanism_selector,500,4,43111,dismissed,,false,error_down,0
sea_abrupt_sticky,sgd,mechanism_selector,500,4,44263,dismissed,,false,error_up,0
sea_abrupt_sticky,sgd,mechanism_selector,500,4,45159,dismissed,,false,error_down,0
sea_abrupt_sticky,sgd,mechanism_selector,500,4,45863,dismissed,,false,error_up,0
sea_abrupt_sticky,sgd,mechanism_selector,500,4,46663,dismissed,,false,error_up,0
sea_abrupt_sticky,sgd,mechanism_selector,500,4,47303,dismissed,,false,error_up,0
sea_abrupt_sticky,sgd,mechanism_selector,500,4,47815,dismissed,,false,error_up,0
sea_abrupt_sticky,sgd,mechanism_selector,500,4,48455,dismissed,,false,error_down,0
sea_abrupt_sticky,sgd,mechanism_selector,500,4,49127,dismissed,,false,error_up,0
sea_abrupt_sticky,sgd,never_adapt,0,0,25255,adapted,SKIP,true,error_up,0
sea_abrupt_sticky,sgd,never_adapt,0,0,28231,adapted,SKIP,false,error_up,0
sea_abrupt_sticky,sgd,never_adapt,0,0,32903,adapted,SKIP,false,error_up,0
sea_abrupt_sticky,sgd,never_adapt,0,0,37927,adapted,SKIP,true,error_up,0
sea_abrupt_sticky,sgd,never_adapt,0,0,49095,adapted,SKIP,false,error_down,0
sea_abrupt_sticky,sgd,never_adapt,0,1,28583,adapted,SKIP,false,error_up,0
sea_abrupt_sticky,sgd,never_adapt,0,1,46023,adapted,SKIP,false,error_up,0
sea_abrupt_sticky,sgd,never_adapt,0,2,27175,adapted,SKIP,false,error_up,0
sea_abrupt_sticky,sgd,never_adapt,0,2,41063,adapted,SKIP,false,error_up,0
sea_abrupt_sticky,sgd,never_adapt,0,3,37735,adapted,SKIP,true,error_up,0
sea_abrupt_sticky,sgd,never_adapt,0,4,9447,adapted,SKIP,false,error_up,0
sea_abrupt_sticky,sgd,never_adapt,0,4,24583,adapted,SKIP,false,error_down,0
sea_abrupt_sticky,sgd,never_adapt,0,4,27335,adapted,SKIP,false,error_up,0
sea_abrupt_sticky,sgd,never_adapt,0,4,30791,adapted,SKIP,false,error_up,0
sea_abrupt_sticky,sgd,never_adapt,0,4,32103,adapted,SKIP,false,error_up,0
sea_abrupt_sticky,sgd,never_adapt,0,4,33383,adapted,SKIP,false,error_up,0
sea_abrupt_sticky,sgd,never_adapt,0,4,35111,adapted,SKIP,false,error_up,0
sea_abrupt_sticky,sgd,never_adapt,0,4,37319,adapted,SKIP,false,error_up,0
sea_abrupt_sticky,sgd,never_adapt,0,4,38471,adapted,SKIP,true,error_up,0
sea_abrupt_sticky,sgd,never_adapt,0,4,40039,adapted,SKIP,false,error_down,0
sea_abrupt_sticky,sgd,never_adapt,0,4,42151,adapted,SKIP,false,error_up,0
sea_abrupt_sticky,xgb,always_rebuild,0,0,13447,adapted,REBUILD,true,error_up,100000
sea_abrupt_sticky,xgb,always_rebuild,0,0,21511,adapted,REBUILD,false,error_down,100000
sea_abrupt_sticky,xgb,always_rebuild,0,0,25223,adapted,REBUILD,true,error_up,100000
sea_abrupt_sticky,xgb,always_rebuild,0,0,37767,adapted,REBUILD,true,error_up,100000
sea_abrupt_sticky,xgb,always_rebuild,0,1,13415,adapted,REBUILD,true,error_up,100000
sea_abrupt_sticky,xgb,always_rebuild,0,1,25095,adapted,REBUILD,true,error_up,100000
sea_abrupt_sticky,xgb,always_rebuild,0,1,46087,adapted,REBUILD,false,error_up,100000
sea_abrupt_sticky,xgb,always_rebuild,0,2,13767,adapted,REBUILD,false,error_up,100000
sea_abrupt_sticky,xgb,always_rebuild,0,2,26535,adapted,REBUILD,false,error_up,100000
sea_abrupt_sticky,xgb,always_rebuild,0,3,14279,adapted,REBUILD,false,error_up,100000
sea_abrupt_sticky,xgb,always_rebuild,0,3,26119,adapted,REBUILD,false,error_up,100000
sea_abrupt_sticky,xgb,always_rebuild,0,3,37959,adapted,REBUILD,true,error_up,100000
sea_abrupt_sticky,xgb,always_rebuild,0,4,13479,adapted,REBUILD,true,error_up,100000
sea_abrupt_sticky,xgb,always_rebuild,0,4,25415,adapted,REBUILD,true,error_up,100000
sea_abrupt_sticky,xgb,always_rebuild,0,4,42183,adapted,REBUILD,false,error_up,100000
sea_abrupt_sticky,xgb,always_rebuild,200,0,13447,adapted,REBUILD,true,error_up,100000
sea_abrupt_sticky,xgb,always_rebuild,200,0,25255,adapted,REBUILD,true,error_up,100000
sea_abrupt_sticky,xgb,always_rebuild,200,0,39911,adapted,REBUILD,false,error_up,100000
sea_abrupt_sticky,xgb,always_rebuild,200,1,13415,adapted,REBUILD,true,error_up,100000
sea_abrupt_sticky,xgb,always_rebuild,200,1,24423,dismissed,,false,error_up,0
sea_abrupt_sticky,xgb,always_rebuild,200,1,25319,adapted,REBUILD,true,error_up,100000
sea_abrupt_sticky,xgb,always_rebuild,200,2,13767,adapted,REBUILD,false,error_up,100000
sea_abrupt_sticky,xgb,always_rebuild,200,2,25991,dismissed,,true,error_up,0
sea_abrupt_sticky,xgb,always_rebuild,200,2,44487,adapted,REBUILD,false,error_up,100000
sea_abrupt_sticky,xgb,always_rebuild,200,3,14279,adapted,REBUILD,false,error_up,100000
sea_abrupt_sticky,xgb,always_rebuild,200,3,25191,adapted,REBUILD,true,error_up,100000
sea_abrupt_sticky,xgb,always_rebuild,200,3,27879,adapted,REBUILD,false,error_up,100000
sea_abrupt_sticky,xgb,always_rebuild,200,3,38183,dismissed,,true,error_up,0
sea_abrupt_sticky,xgb,always_rebuild,200,4,13479,adapted,REBUILD,true,error_up,100000
sea_abrupt_sticky,xgb,always_rebuild,200,4,25415,adapted,REBUILD,true,error_up,100000
sea_abrupt_sticky,xgb,always_rebuild,200,4,42119,adapted,REBUILD,false,error_up,100000
sea_abrupt_sticky,xgb,always_rebuild,500,0,13447,adapted,REBUILD,true,error_up,100000
sea_abrupt_sticky,xgb,always_rebuild,500,0,25255,adapted,REBUILD,true,error_up,100000
sea_abrupt_sticky,xgb,always_rebuild,500,0,28615,dismissed,,false,error_down,0
sea_abrupt_sticky,xgb,always_rebuild,500,1,13415,adapted,REBUILD,true,error_up,100000
sea_abrupt_sticky,xgb,always_rebuild,500,1,25095,adapted,REBUILD,true,error_up,100000
sea_abrupt_sticky,xgb,always_rebuild,500,1,46247,adapted,REBUILD,false,error_up,100000
sea_abrupt_sticky,xgb,always_rebuild,500,2,13767,adapted,REBUILD,false,error_up,100000
sea_abrupt_sticky,xgb,always_rebuild,500,2,26151,adapted,REBUILD,false,error_up,100000
sea_abrupt_sticky,xgb,always_rebuild,500,3,14279,adapted,REBUILD,false,error_up,100000
sea_abrupt_sticky,xgb,always_rebuild,500,3,25191,adapted,REBUILD,true,error_up,100000
sea_abrupt_sticky,xgb,always_rebuild,500,3,37767,adapted,REBUILD,true,error_up,100000
sea_abrupt_sticky,xgb,always_rebuild,500,4,13479,adapted,REBUILD,true,error_up,100000
sea_abrupt_sticky,xgb,always_rebuild,500,4,25191,adapted,REBUILD,true,error_up,100000
sea_abrupt_sticky,xgb,always_rebuild,500,4,45447,adapted,REBUILD,false,error_up,100000
sea_abrupt_sticky,xgb,mechanism_selector,0,0,13447,adapted,REBUILD,true,error_up,104000
sea_abrupt_sticky,xgb,mechanism_selector,0,0,21511,adapted,SKIP,false,error_down,0
sea_abrupt_sticky,xgb,mechanism_selector,0,0,25255,adapted,REBUILD,true,error_up,104000
sea_abrupt_sticky,xgb,mechanism_selector,0,0,36711,adapted,NUDGE,false,error_up,4000
sea_abrupt_sticky,xgb,mechanism_selector,0,1,13415,adapted,REBUILD,true,error_up,104000
sea_abrupt_sticky,xgb,mechanism_selector,0,1,25095,adapted,REBUILD,true,error_up,104000
sea_abrupt_sticky,xgb,mechanism_selector,0,1,46087,adapted,NUDGE,false,error_up,4000
sea_abrupt_sticky,xgb,mechanism_selector,0,2,13767,adapted,REBUILD,false,error_up,104000
sea_abrupt_sticky,xgb,mechanism_selector,0,2,26535,adapted,REBUILD,false,error_up,104000
sea_abrupt_sticky,xgb,mechanism_selector,0,3,14279,adapted,REBUILD,false,error_up,104000
sea_abrupt_sticky,xgb,mechanism_selector,0,3,26119,adapted,NUDGE,false,error_up,4000
sea_abrupt_sticky,xgb,mechanism_selector,0,3,37959,adapted,NUDGE,true,error_up,4000
sea_abrupt_sticky,xgb,mechanism_selector,0,4,13479,adapted,REBUILD,true,error_up,104000
sea_abrupt_sticky,xgb,mechanism_selector,0,4,25415,adapted,REBUILD,true,error_up,104000
sea_abrupt_sticky,xgb,mechanism_selector,0,4,42183,adapted,NUDGE,false,error_up,4000
sea_abrupt_sticky,xgb,mechanism_selector,200,0,13447,adapted,NUDGE,true,error_up,4000
sea_abrupt_sticky,xgb,mechanism_selector,200,0,33415,adapted,REBUILD,false,error_up,104000
sea_abrupt_sticky,xgb,mechanism_selector,200,1,13415,adapted,REBUILD,true,error_up,104000
sea_abrupt_sticky,xgb,mechanism_selector,200,1,24423,dismissed,,false,error_up,0
sea_abrupt_sticky,xgb,mechanism_selector,200,1,25319,adapted,REBUILD,true,error_up,104000
sea_abrupt_sticky,xgb,mechanism_selector,200,2,13767,adapted,REBUILD,false,error_up,104000
sea_abrupt_sticky,xgb,mechanism_selector,200,2,25991,dismissed,,true,error_up,0
sea_abrupt_sticky,xgb,mechanism_selector,200,2,44487,adapted,REBUILD,false,error_up,104000
sea_abrupt_sticky,xgb,mechanism_selector,200,3,14279,adapted,REBUILD,false,error_up,104000
sea_abrupt_sticky,xgb,mechanism_selector,200,3,25191,adapted,REBUILD,true,error_up,104000
sea_abrupt_sticky,xgb,mechanism_selector,200,3,27879,adapted,REBUILD,false,error_up,104000
sea_abrupt_sticky,xgb,mechanism_selector,200,3,38183,dismissed,,true,error_up,0
sea_abrupt_sticky,xgb,mechanism_selector,200,4,13479,adapted,REBUILD,true,error_up,104000
sea_abrupt_sticky,xgb,mechanism_selector,200,4,25415,adapted,REBUILD,true,error_up,104000
sea_abrupt_sticky,xgb,mechanism_selector,200,4,42119,adapted,REBUILD,false,error_up,104000
sea_abrupt_sticky,xgb,mechanism_selector,500,0,13447,adapted,REBUILD,true,error_up,104000
sea_abrupt_sticky,xgb,mechanism_selector,500,0,25255,adapted,REBUILD,true,error_up,104000
sea_abrupt_sticky,xgb,mechanism_selector,500,0,28615,dismissed,,false,error_down,0
sea_abrupt_sticky,xgb,mechanism_selector,500,1,13415,adapted,REBUILD,true,error_up,104000
sea_abrupt_sticky,xgb,mechanism_selector,500,1,25095,adapted,REBUILD,true,error_up,104000
sea_abrupt_sticky,xgb,mechanism_selector,500,1,46247,adapted,REBUILD,false,error_up,104000
sea_abrupt_sticky,xgb,mechanism_selector,500,2,13767,adapted,REBUILD,false,error_up,104000
sea_abrupt_sticky,xgb,mechanism_selector,500,2,26151,adapted,REBUILD,false,error_up,104000
sea_abrupt_sticky,xgb,mechanism_selector,500,3,14279,adapted,REBUILD,false,error_up,104000
sea_abrupt_sticky,xgb,mechanism_selector,500,3,25191,adapted,REBUILD,true,error_up,104000
sea_abrupt_sticky,xgb,mechanism_selector,500,3,37767,adapted,REBUILD,true,error_up,104000
sea_abrupt_sticky,xgb,mechanism_selector,500,4,13479,adapted,NUDGE,true,error_up,4000
sea_abrupt_sticky,xgb,mechanism_selector,500,4,26087,adapted,REBUILD,false,error_up,104000
sea_abrupt_sticky,xgb,never_adapt,0,0,13447,adapted,SKIP,true,error_up,0
sea_abrupt_sticky,xgb,never_adapt,0,0,37959,adapted,SKIP,true,error_up,0
sea_abrupt_sticky,xgb,never_adapt,0,1,13415,adapted,SKIP,true,error_up,0
sea_abrupt_sticky,xgb,never_adapt,0,1,29767,adapted,SKIP,false,error_up,0
sea_abrupt_sticky,xgb,never_adapt,0,1,39335,adapted,SKIP,false,error_up,0
sea_abrupt_sticky,xgb,never_adapt,0,1,46247,adapted,SKIP,false,error_up,0
sea_abrupt_sticky,xgb,never_adapt,0,2,13767,adapted,SKIP,false,error_up,0
sea_abrupt_sticky,xgb,never_adapt,0,2,33831,adapted,SKIP,false,error_up,0
sea_abrupt_sticky,xgb,never_adapt,0,3,14279,adapted,SKIP,false,error_up,0
sea_abrupt_sticky,xgb,never_adapt,0,3,37767,adapted,SKIP,true,error_up,0
sea_abrupt_sticky,xgb,never_adapt,0,4,13479,adapted,SKIP,true,error_up,0
sea_abrupt_sticky,xgb,never_adapt,0,4,40423,adapted,SKIP,false,error_up,0
sea_none_sticky,gnb,always_rebuild,0,1,46119,adapted,REBUILD,false,error_up,1000
sea_none_sticky,gnb,always_rebuild,0,3,40903,adapted,REBUILD,false,error_up,1000
sea_none_sticky,gnb,always_rebuild,200,1,46119,adapted,REBUILD,false,error_up,1000
sea_none_sticky,gnb,always_rebuild,200,3,40903,dismissed,,false,error_up,0
sea_none_sticky,gnb,always_rebuild,500,1,46119,dismissed,,false,error_up,0
sea_none_sticky,gnb,always_rebuild,500,3,40903,dismissed,,false,error_up,0
sea_none_sticky,gnb,mechanism_selector,0,1,46119,adapted,REBUILD,false,error_up,1800
sea_none_sticky,gnb,mechanism_selector,0,3,40903,adapted,REBUILD,false,error_up,1800
sea_none_sticky,gnb,mechanism_selector,200,1,46119,adapted,NUDGE,false,error_up,800
sea_none_sticky,gnb,mechanism_selector,200,3,40903,dismissed,,false,error_up,0
sea_none_sticky,gnb,mechanism_selector,500,1,46119,dismissed,,false,error_up,0
sea_none_sticky,gnb,mechanism_selector,500,3,40903,dismissed,,false,error_up,0
sea_none_sticky,gnb,never_adapt,0,1,46119,adapted,SKIP,false,error_up,0
sea_none_sticky,gnb,never_adapt,0,3,40903,adapted,SKIP,false,error_up,0
sea_none_sticky,sgd,always_rebuild,0,0,30151,adapted,REBUILD,false,error_down,79000
sea_none_sticky,sgd,always_rebuild,0,0,35687,adapted,REBUILD,false,error_down,113000
sea_none_sticky,sgd,always_rebuild,0,4,9447,adapted,REBUILD,false,error_up,59000
sea_none_sticky,sgd,always_rebuild,200,0,30151,dismissed,,false,error_down,0
sea_none_sticky,sgd,always_rebuild,200,0,46439,adapted,REBUILD,false,error_up,101000
sea_none_sticky,sgd,always_rebuild,200,0,49255,dismissed,,false,error_up,0
sea_none_sticky,sgd,always_rebuild,200,4,9447,dismissed,,false,error_up,0
sea_none_sticky,sgd,always_rebuild,200,4,18279,dismissed,,false,error_up,0
sea_none_sticky,sgd,always_rebuild,200,4,29511,dismissed,,false,error_down,0
sea_none_sticky,sgd,always_rebuild,200,4,32199,adapted,REBUILD,false,error_up,95000
sea_none_sticky,sgd,always_rebuild,500,0,30151,dismissed,,false,error_down,0
sea_none_sticky,sgd,always_rebuild,500,0,46439,dismissed,,false,error_up,0
sea_none_sticky,sgd,always_rebuild,500,4,9447,dismissed,,false,error_up,0
sea_none_sticky,sgd,always_rebuild,500,4,18279,dismissed,,false,error_up,0
sea_none_sticky,sgd,always_rebuild,500,4,29511,dismissed,,false,error_down,0
sea_none_sticky,sgd,always_rebuild,500,4,32199,adapted,REBUILD,false,error_up,66000
sea_none_sticky,sgd,always_rebuild,500,4,32935,adapted,REBUILD,false,error_up,52256
sea_none_sticky,sgd,always_rebuild,500,4,33639,dismissed,,false,error_down,0
sea_none_sticky,sgd,mechanism_selector,0,0,30151,adapted,SKIP,false,error_down,0
sea_none_sticky,sgd,mechanism_selector,0,0,46439,adapted,REBUILD,false,error_up,100800
sea_none_sticky,sgd,mechanism_selector,0,4,9447,adapted,REBUILD,false,error_up,59800
sea_none_sticky,sgd,mechanism_selector,200,0,30151,dismissed,,false,error_down,0
sea_none_sticky,sgd,mechanism_selector,200,0,46439,adapted,REBUILD,false,error_up,101800
sea_none_sticky,sgd,mechanism_selector,200,0,49255,dismissed,,false,error_up,0
sea_none_sticky,sgd,mechanism_selector,200,4,9447,dismissed,,false,error_up,0
sea_none_sticky,sgd,mechanism_selector,200,4,18279,dismissed,,false,error_up,0
sea_none_sticky,sgd,mechanism_selector,200,4,29511,dismissed,,false,error_down,0
sea_none_sticky,sgd,mechanism_selector,200,4,32199,adapted,REBUILD,false,error_up,95800
sea_none_sticky,sgd,mechanism_selector,500,0,30151,dismissed,,false,error_down,0
sea_none_sticky,sgd,mechanism_selector,500,0,46439,dismissed,,false,error_up,0
sea_none_sticky,sgd,mechanism_selector,500,4,9447,dismissed,,false,error_up,0
sea_none_sticky,sgd,mechanism_selector,500,4,18279,dismissed,,false,error_up,0
sea_none_sticky,sgd,mechanism_selector,500,4,29511,dismissed,,false,error_down,0
sea_none_sticky,sgd,mechanism_selector,500,4,32199,adapted,SKIP,false,error_up,0
sea_none_sticky,sgd,mechanism_selector,500,4,34215,dismissed,,false,error_up,0
sea_none_sticky,sgd,mechanism_selector,500,4,38471,dismissed,,false,error_up,0
sea_none_sticky,sgd,mechanism_selector,500,4,42055,adapted,REBUILD,false,error_up,109800
sea_none_sticky,sgd,mechanism_selector,500,4,48871,adapted,NUDGE,false,error_up,800
sea_none_sticky,sgd,never_adapt,0,0,30151,adapted,SKIP,false,error_down,0
sea_none_sticky,sgd,never_adapt,0,0,46439,adapted,SKIP,false,error_up,0
sea_none_sticky,sgd,never_adapt,0,4,9447,adapted,SKIP,false,error_up,0
sea_none_sticky,sgd,never_adapt,0,4,18279,adapted,SKIP,false,error_up,0
sea_none_sticky,sgd,never_adapt,0,4,29511,adapted,SKIP,false,error_down,0
sea_none_sticky,sgd,never_adapt,0,4,32199,adapted,SKIP,false,error_up,0
sea_none_sticky,sgd,never_adapt,0,4,34215,adapted,SKIP,false,error_up,0
sea_none_sticky,sgd,never_adapt,0,4,38471,adapted,SKIP,false,error_up,0
sea_none_sticky,sgd,never_adapt,0,4,42055,adapted,SKIP,false,error_up,0
sea_none_sticky,xgb,always_rebuild,0,3,38055,adapted,REBUILD,false,error_up,100000
sea_none_sticky,xgb,always_rebuild,200,3,38055,dismissed,,false,error_up,0
sea_none_sticky,xgb,always_rebuild,500,3,38055,dismissed,,false,error_up,0
sea_none_sticky,xgb,mechanism_selector,0,3,38055,adapted,REBUILD,false,error_up,104000
sea_none_sticky,xgb,mechanism_selector,200,3,38055,dismissed,,false,error_up,0
sea_none_sticky,xgb,mechanism_selector,500,3,38055,dismissed,,false,error_up,0
sea_none_sticky,xgb,never_adapt,0,3,38055,adapted,SKIP,false,error_up,0
