stream,model,policy_key,confirm_rows,seed,n_alarms,n_episodes,n_adaptations,n_alarms_dismissed,n_skip,n_nudge,n_rebuild,n_degraded,total_work_units,total_inference_ops,initial_inference_units,final_inference_units,mean_prequential_accuracy,post_change_accuracy,n_true_episodes,n_false_episodes,n_true_dismissed,n_false_dismissed,run_wall_clock_s
agrawal_abrupt_iid,gnb,always_rebuild,0,0,3,3,3,0,0,0,3,0,3000,1710000.0,38.0,38.0,0.5844888888888888,0.5336666666666667,3,0,0,0,0.18925648799995543
agrawal_abrupt_iid,gnb,always_rebuild,0,1,3,3,3,0,0,0,3,0,3000,1710000.0,38.0,38.0,0.6036666666666667,0.5575,3,0,0,0,0.09935467200000403
agrawal_abrupt_iid,gnb,always_rebuild,0,2,3,3,3,0,0,0,3,0,3000,1710000.0,38.0,38.0,0.6090444444444445,0.577,3,0,0,0,0.10821356099995683
agrawal_abrupt_iid,gnb,always_rebuild,0,3,3,3,3,0,0,0,3,0,3000,1710000.0,38.0,38.0,0.5910888888888889,0.5511666666666667,3,0,0,0,0.10832973100002619
agrawal_abrupt_iid,gnb,always_rebuild,0,4,3,3,3,0,0,0,3,0,3000,1710000.0,38.0,38.0,0.6534444444444445,0.6138333333333333,3,0,0,0,0.14655348099995535
agrawal_abrupt_iid,gnb,always_rebuild,200,0,4,4,4,0,0,0,4,0,3256,1710000.0,38.0,38.0,0.6586444444444445,0.6023333333333334,4,0,0,0,0.10542960800000856
agrawal_abrupt_iid,gnb,always_rebuild,200,1,6,6,5,1,0,0,5,0,3800,1710000.0,38.0,38.0,0.7021777777777778,0.6305000000000001,6,0,1,0,0.11184983199996168
agrawal_abrupt_iid,gnb,always_rebuild,200,2,4,4,3,1,0,0,3,0,3000,1710000.0,38.0,38.0,0.6601555555555556,0.624,4,0,1,0,0.10045006600000761
agrawal_abrupt_iid,gnb,always_rebuild,200,3,4,4,3,1,0,0,3,0,3000,1710000.0,38.0,38.0,0.6371111111111111,0.5798333333333333,4,0,1,0,0.10722311999995782
agrawal_abrupt_iid,gnb,always_rebuild,200,4,4,4,3,1,0,0,3,0,3000,1710000.0,38.0,38.0,0.6377777777777778,0.5988333333333333,4,0,1,0,0.10344431199996507
agrawal_abrupt_iid,gnb,always_rebuild,500,0,5,5,3,2,0,0,3,0,3000,1710000.0,38.0,38.0,0.7253333333333334,0.6321666666666667,5,0,2,0,0.13596850600004018
agrawal_abrupt_iid,gnb,always_rebuild,500,1,5,5,3,2,0,0,3,0,3000,1710000.0,38.0,38.0,0.7152,0.6396666666666666,5,0,2,0,0.10388418500008356
agrawal_abrupt_iid,gnb,always_rebuild,500,2,5,5,3,2,0,0,3,0,3000,1710000.0,38.0,38.0,0.7061777777777778,0.6306666666666667,5,0,2,0,0.10035746500000187
agrawal_abrupt_iid,gnb,always_rebuild,500,3,5,5,4,1,0,0,4,0,3576,1710000.0,38.0,38.0,0.7110222222222222,0.6311666666666667,5,0,1,0,0.11141827100004775
agrawal_abrupt_iid,gnb,always_rebuild,500,4,5,5,4,1,0,0,4,0,3608,1710000.0,38.0,38.0,0.7259333333333333,0.6525000000000001,5,0,1,0,0.10703320799996163
agrawal_abrupt_iid,gnb,mechanism_selector,0,0,3,3,3,0,0,1,2,0,4400,1710000.0,38.0,38.0,0.5826222222222223,0.5315,3,0,0,0,0.10278767700003755
agrawal_abrupt_iid,gnb,mechanism_selector,0,1,3,3,3,0,0,0,3,0,5400,1710000.0,38.0,38.0,0.6036666666666667,0.5575,3,0,0,0,0.10353502099997058
agrawal_abrupt_iid,gnb,mechanism_selector,0,2,3,3,3,0,0,0,3,0,5400,1710000.0,38.0,38.0,0.6090444444444445,0.577,3,0,0,0,0.10229608200006624
agrawal_abrupt_iid,gnb,mechanism_selector,0,3,3,3,3,0,0,0,3,0,5400,1710000.0,38.0,38.0,0.5910888888888889,0.5511666666666667,3,0,0,0,0.11555905000000166
agrawal_abrupt_iid,gnb,mechanism_selector,0,4,3,3,3,0,0,1,2,0,4400,1710000.0,38.0,38.0,0.6176888888888888,0.5791666666666666,3,0,0,0,0.10872076900000138
agrawal_abrupt_iid,gnb,mechanism_selector,200,0,4,4,4,0,0,0,4,0,5860,1710000.0,38.0,38.0,0.6586444444444445,0.6023333333333334,4,0,0,0,0.11273951700002272
agrawal_abrupt_iid,gnb,mechanism_selector,200,1,6,6,4,2,0,1,3,0,5784,1710000.0,38.0,38.0,0.6849555555555555,0.6216666666666666,5,1,1,1,0.11468998599991664
agrawal_abrupt_iid,gnb,mechanism_selector,200,2,4,4,3,1,0,0,3,0,5400,1710000.0,38.0,38.0,0.6601555555555556,0.624,4,0,1,0,0.1033236760000591
agrawal_abrupt_iid,gnb,mechanism_selector,200,3,4,4,3,1,0,2,1,0,3400,1710000.0,38.0,38.0,0.6243333333333333,0.4886666666666667,2,2,0,1,0.10619030400005158
agrawal_abrupt_iid,gnb,mechanism_selector,200,4,4,4,3,1,0,0,3,0,5400,1710000.0,38.0,38.0,0.6377777777777778,0.5988333333333333,4,0,1,0,0.10799783599998136
agrawal_abrupt_iid,gnb,mechanism_selector,500,0,5,5,3,2,0,1,2,0,4400,1710000.0,38.0,38.0,0.7115555555555556,0.6188333333333333,5,0,2,0,0.14421707799999695
agrawal_abrupt_iid,gnb,mechanism_selector,500,1,5,5,4,1,1,2,1,0,3400,1710000.0,38.0,38.0,0.6573111111111111,0.5736666666666667,5,0,1,0,0.13675930399995195
agrawal_abrupt_iid,gnb,mechanism_selector,500,2,5,5,3,2,0,2,1,0,3400,1710000.0,38.0,38.0,0.6726222222222222,0.5958333333333333,5,0,2,0,0.10066334000009647
agrawal_abrupt_iid,gnb,mechanism_selector,500,3,5,5,3,2,0,1,2,0,4400,1710000.0,38.0,38.0,0.6970666666666666,0.6163333333333334,5,0,2,0,0.10691243099995518
agrawal_abrupt_iid,gnb,mechanism_selector,500,4,6,6,4,2,0,3,1,0,3937,1710000.0,38.0,38.0,0.6915333333333333,0.6045,5,1,1,1,0.10663786399993569
agrawal_abrupt_iid,gnb,never_adapt,0,0,3,3,3,0,3,0,0,0,0,1710000.0,38.0,38.0,0.4912888888888889,0.4321666666666667,3,0,0,0,0.09333792500001437
agrawal_abrupt_iid,gnb,never_adapt,0,1,3,3,3,0,3,0,0,0,0,1710000.0,38.0,38.0,0.4782888888888889,0.4241666666666667,3,0,0,0,0.09419092600001022
agrawal_abrupt_iid,gnb,never_adapt,0,2,3,3,3,0,3,0,0,0,0,1710000.0,38.0,38.0,0.4723333333333333,0.42300000000000004,3,0,0,0,0.09433540199995605
agrawal_abrupt_iid,gnb,never_adapt,0,3,3,3,3,0,3,0,0,0,0,1710000.0,38.0,38.0,0.4723333333333333,0.43200000000000005,3,0,0,0,0.09581918799995037
agrawal_abrupt_iid,gnb,never_adapt,0,4,3,3,3,0,3,0,0,0,0,1710000.0,38.0,38.0,0.46364444444444447,0.4145,3,0,0,0,0.10358934400005637
agrawal_abrupt_iid,rf,always_rebuild,0,0,3,3,3,0,0,0,3,0,300000,36370174.191999994,888.908,837.65,0.6564444444444445,0.5026666666666666,2,1,0,0,3.169557396000073
agrawal_abrupt_iid,rf,always_rebuild,0,1,3,3,3,0,0,0,3,0,300000,35732808.008,883.611,810.113,0.6450222222222223,0.48816666666666664,2,1,0,0,2.322436590999928
agrawal_abrupt_iid,rf,always_rebuild,0,2,3,3,3,0,0,0,3,0,300000,39003807.816,903.703,873.553,0.6451111111111111,0.4913333333333333,2,1,0,0,2.0658801640000775
agrawal_abrupt_iid,rf,always_rebuild,0,3,3,3,3,0,0,0,3,0,300000,36572878.208,899.424,814.068,0.6523777777777777,0.488,2,1,0,0,2.444470274999958
agrawal_abrupt_iid,rf,always_rebuild,0,4,3,3,3,0,0,0,3,0,300000,35619877.392,872.548,758.034,0.6499333333333334,0.4893333333333333,2,1,0,0,2.2853982369999812
agrawal_abrupt_iid,rf,always_rebuild,200,0,2,2,1,1,0,0,1,0,100000,40950008.8,888.908,914.368,0.5750666666666666,0.4986666666666667,1,1,0,1,1.8307720100000324
agrawal_abrupt_iid,rf,always_rebuild,200,1,2,2,1,1,0,0,1,0,100000,40117139.64,883.611,893.124,0.5772,0.4943333333333333,1,1,0,1,1.4503345709999849
agrawal_abrupt_iid,rf,always_rebuild,200,2,4,4,3,1,0,0,3,0,300000,42161991.352,903.703,978.416,0.6599555555555555,0.5183333333333333,2,2,0,1,2.267967892999991
agrawal_abrupt_iid,rf,always_rebuild,200,3,2,2,1,1,0,0,1,0,100000,41048257.92,899.424,914.839,0.5802222222222222,0.5025,1,1,0,1,1.4830145509999966
agrawal_abrupt_iid,rf,always_rebuild,200,4,1,1,1,0,0,0,1,0,100000,40797191.712,872.548,913.692,0.5776444444444444,0.4943333333333333,1,0,0,0,1.5479680469999266
agrawal_abrupt_iid,rf,always_rebuild,500,0,7,7,4,3,0,0,4,0,373600,40613617.088,888.908,921.612,0.8588222222222223,0.7161666666666666,6,1,2,1,3.18432794499995
agrawal_abrupt_iid,rf,always_rebuild,500,1,6,6,3,3,0,0,3,0,300000,41938945.379999995,883.611,921.114,0.7817777777777778,0.6773333333333333,6,0,3,0,2.0936100679999754
agrawal_abrupt_iid,rf,always_rebuild,500,2,6,6,3,3,0,0,3,0,300000,43096166.31200001,903.703,931.587,0.8066444444444445,0.7010000000000001,6,0,3,0,2.3140526359999285
agrawal_abrupt_iid,rf,always_rebuild,500,3,7,7,4,3,0,0,4,0,357600,39211039.896,899.424,929.35,0.8386222222222223,0.7221666666666666,6,1,2,1,2.4486792459999833
agrawal_abrupt_iid,rf,always_rebuild,500,4,8,8,6,2,0,0,6,0,492000,37774915.644,872.548,688.127,0.8807111111111111,0.7363333333333333,6,2,1,1,2.8281738059999952
agrawal_abrupt_iid,rf,mechanism_selector,0,0,2,2,2,0,1,0,1,0,104000,36385276.84,888.908,792.441,0.5691555555555555,0.49350000000000005,1,1,0,0,2.2090825620000487
agrawal_abrupt_iid,rf,mechanism_selector,0,1,2,2,2,0,1,0,1,0,104000,35420586.92,883.611,767.765,0.5750666666666666,0.4903333333333333,1,1,0,0,1.4966282229999024
agrawal_abrupt_iid,rf,mechanism_selector,0,2,3,3,3,0,2,0,1,0,104000,37757899.048,903.703,826.029,0.5711777777777778,0.4976666666666667,1,2,0,0,1.585725747999959
agrawal_abrupt_iid,rf,mechanism_selector,0,3,2,2,2,0,1,0,1,0,104000,37108740.584,899.424,809.557,0.5731777777777778,0.49783333333333335,1,1,0,0,1.5235603200000014
agrawal_abrupt_iid,rf,mechanism_selector,0,4,2,2,2,0,1,0,1,0,104000,37040473.488,872.548,813.154,0.5712222222222222,0.48950000000000005,1,1,0,0,1.5151202329999478
agrawal_abrupt_iid,rf,mechanism_selector,200,0,2,2,1,1,0,0,1,0,104000,40950008.8,888.908,914.368,0.5750666666666666,0.4986666666666667,1,1,0,1,1.8333845390000079
agrawal_abrupt_iid,rf,mechanism_selector,200,1,2,2,1,1,0,0,1,0,104000,40117139.64,883.611,893.124,0.5772,0.4943333333333333,1,1,0,1,1.4130793880000283
agrawal_abrupt_iid,rf,mechanism_selector,200,2,4,4,3,1,0,0,3,0,312000,42161991.352,903.703,978.416,0.6599555555555555,0.5183333333333333,2,2,0,1,2.17965652700002
agrawal_abrupt_iid,rf,mechanism_selector,200,3,2,2,1,1,0,0,1,0,104000,41048257.92,899.424,914.839,0.5802222222222222,0.5025,1,1,0,1,1.5311528830000043
agrawal_abrupt_iid,rf,mechanism_selector,200,4,1,1,1,0,0,0,1,0,104000,40797191.712,872.548,913.692,0.5776444444444444,0.4943333333333333,1,0,0,0,1.4441738060000944
agrawal_abrupt_iid,rf,mechanism_selector,500,0,7,7,4,3,0,0,4,0,388540,40613617.088,888.908,921.612,0.8588222222222223,0.7161666666666666,6,1,2,1,3.516138549999937
agrawal_abrupt_iid,rf,mechanism_selector,500,1,6,6,3,3,0,0,3,0,312000,41938945.379999995,883.611,921.114,0.7817777777777778,0.6773333333333333,6,0,3,0,2.1392409439999938
agrawal_abrupt_iid,rf,mechanism_selector,500,2,6,6,3,3,0,0,3,0,312000,43096166.31200001,903.703,931.587,0.8066444444444445,0.7010000000000001,6,0,3,0,2.3619170910000093
agrawal_abrupt_iid,rf,mechanism_selector,500,3,7,7,4,3,0,0,4,0,371900,39211039.896,899.424,929.35,0.8386222222222223,0.7221666666666666,6,1,2,1,2.4315194210000755
agrawal_abrupt_iid,rf,mechanism_selector,500,4,7,7,6,1,0,1,5,0,454070,39491899.32399999,872.548,688.127,0.8503333333333334,0.7246666666666667,6,1,1,0,2.955409535000058
agrawal_abrupt_iid,rf,never_adapt,0,0,2,2,2,0,2,0,0,0,0,40000860.0,888.908,888.908,0.5707333333333333,0.49283333333333335,1,1,0,0,2.218388909000055
agrawal_abrupt_iid,rf,never_adapt,0,1,2,2,2,0,2,0,0,0,0,39762495.0,883.611,883.611,0.5724,0.4893333333333333,1,1,0,0,1.6442887890000293
agrawal_abrupt_iid,rf,never_adapt,0,2,3,3,3,0,3,0,0,0,0,40666635.0,903.703,903.703,0.5709333333333333,0.4966666666666667,1,2,0,0,1.6839390220000041
agrawal_abrupt_iid,rf,never_adapt,0,3,2,2,2,0,2,0,0,0,0,40474080.0,899.424,899.424,0.5712,0.4933333333333333,1,1,0,0,1.582564269000045
agrawal_abrupt_iid,rf,never_adapt,0,4,2,2,2,0,2,0,0,0,0,39264660.0,872.548,872.548,0.5679777777777778,0.48416666666666663,1,1,0,0,1.6475158629999669
agrawal_abrupt_iid,sgd,always_rebuild,0,0,3,3,3,0,0,0,3,0,180000,450000.0,10.0,10.0,0.6322,0.5388333333333333,2,1,0,0,0.13440241399996466
agrawal_abrupt_iid,sgd,always_rebuild,0,1,1,1,1,0,0,0,1,0,42000,450000.0,10.0,10.0,0.5255555555555556,0.5181666666666667,1,0,0,0,0.10708389700005227
agrawal_abrupt_iid,sgd,always_rebuild,0,2,2,2,2,0,0,0,2,0,183000,450000.0,10.0,10.0,0.47028888888888887,0.5123333333333333,1,1,0,0,0.12268368599995938
agrawal_abrupt_iid,sgd,always_rebuild,0,3,2,2,2,0,0,0,2,0,162000,450000.0,10.0,10.0,0.4984222222222222,0.46299999999999997,2,0,0,0,0.11984076700002788
agrawal_abrupt_iid,sgd,always_rebuild,0,4,3,3,3,0,0,0,3,0,200000,450000.0,10.0,10.0,0.4712,0.43833333333333335,3,0,0,0,0.13291260400001192
agrawal_abrupt_iid,sgd,always_rebuild,200,0,3,3,2,1,0,0,2,0,110000,450000.0,10.0,10.0,0.4602222222222222,0.41333333333333333,2,1,0,1,0.25951942799997596
agrawal_abrupt_iid,sgd,always_rebuild,200,1,2,2,2,0,0,0,2,0,83192,450000.0,10.0,10.0,0.5895777777777778,0.5713333333333334,2,0,0,0,0.1288352289999466
agrawal_abrupt_iid,sgd,always_rebuild,200,2,4,4,3,1,0,0,3,0,139680,450000.0,10.0,10.0,0.6672222222222223,0.6088333333333333,2,2,0,1,0.1270685570000296
agrawal_abrupt_iid,sgd,always_rebuild,200,3,3,3,2,1,0,0,2,0,149000,450000.0,10.0,10.0,0.4638888888888889,0.42933333333333334,3,0,1,0,0.12163735199999337
agrawal_abrupt_iid,sgd,always_rebuild,200,4,3,3,2,1,0,0,2,0,152000,450000.0,10.0,10.0,0.4451555555555556,0.40116666666666667,3,0,1,0,0.12485903000003873
agrawal_abrupt_iid,sgd,always_rebuild,500,0,4,4,2,2,0,0,2,0,176000,450000.0,10.0,10.0,0.459,0.4051666666666667,3,1,1,1,0.1287159270000302
agrawal_abrupt_iid,sgd,always_rebuild,500,1,2,2,1,1,0,0,1,0,61000,450000.0,10.0,10.0,0.5323777777777777,0.5036666666666667,2,0,1,0,0.11190792200000033
agrawal_abrupt_iid,sgd,always_rebuild,500,2,3,3,2,1,0,0,2,0,215000,450000.0,10.0,10.0,0.5788666666666666,0.5195000000000001,1,2,0,1,0.12443283599998267
agrawal_abrupt_iid,sgd,always_rebuild,500,3,5,5,3,2,0,0,3,0,186000,450000.0,10.0,10.0,0.6842888888888888,0.6068333333333333,5,0,2,0,0.13101225799994154
agrawal_abrupt_iid,sgd,always_rebuild,500,4,4,4,3,1,0,0,3,0,289000,450000.0,10.0,10.0,0.6197555555555555,0.5638333333333334,4,0,1,0,0.16142434100004266
agrawal_abrupt_iid,sgd,mechanism_selector,0,0,3,3,3,0,1,0,2,0,123600,450000.0,10.0,10.0,0.5847555555555556,0.5748333333333333,3,0,0,0,0.12989613699994607
agrawal_abrupt_iid,sgd,mechanism_selector,0,1,1,1,1,0,0,1,0,0,800,450000.0,10.0,10.0,0.49566666666666664,0.4856666666666667,1,0,0,0,0.10475438399998893
agrawal_abrupt_iid,sgd,mechanism_selector,0,2,2,2,2,0,1,0,1,0,99800,450000.0,10.0,10.0,0.44422222222222224,0.47916666666666663,1,1,0,0,0.12021254399996906
agrawal_abrupt_iid,sgd,mechanism_selector,0,3,3,3,3,0,1,1,1,0,99600,450000.0,10.0,10.0,0.5477777777777778,0.5163333333333333,3,0,0,0,0.12391596199995547
agrawal_abrupt_iid,sgd,mechanism_selector,0,4,3,3,3,0,1,0,2,0,174600,450000.0,10.0,10.0,0.6341555555555556,0.6226666666666667,3,0,0,0,0.13418406400001004
agrawal_abrupt_iid,sgd,mechanism_selector,200,0,3,3,2,1,0,0,2,0,111600,450000.0,10.0,10.0,0.4602222222222222,0.41333333333333333,2,1,0,1,0.1277909149999914
agrawal_abrupt_iid,sgd,mechanism_selector,200,1,2,2,1,1,0,1,0,0,800,450000.0,10.0,10.0,0.5288888888888889,0.5141666666666667,2,0,1,0,0.1078181110000287
agrawal_abrupt_iid,sgd,mechanism_selector,200,2,4,4,3,1,0,0,3,0,141536,450000.0,10.0,10.0,0.6672222222222223,0.6088333333333333,2,2,0,1,0.13161773599995286
agrawal_abrupt_iid,sgd,mechanism_selector,200,3,3,3,2,1,0,0,2,0,150600,450000.0,10.0,10.0,0.4638888888888889,0.42933333333333334,3,0,1,0,0.13363968699991347
agrawal_abrupt_iid,sgd,mechanism_selector,200,4,3,3,2,1,0,0,2,0,153600,450000.0,10.0,10.0,0.4451555555555556,0.40116666666666667,3,0,1,0,0.12933920800003307
agrawal_abrupt_iid,sgd,mechanism_selector,500,0,5,5,3,2,0,2,1,0,101400,450000.0,10.0,10.0,0.7000444444444445,0.613,5,0,2,0,0.1629490259999784
agrawal_abrupt_iid,sgd,mechanism_selector,500,1,2,2,2,0,1,1,0,0,800,450000.0,10.0,10.0,0.5838444444444445,0.5471666666666667,2,0,0,0,0.1066976810000142
agrawal_abrupt_iid,sgd,mechanism_selector,500,2,2,2,1,1,1,0,0,0,0,450000.0,10.0,10.0,0.5203111111111111,0.5246666666666666,1,1,1,0,0.11075899699994807
agrawal_abrupt_iid,sgd,mechanism_selector,500,3,5,5,3,2,0,1,2,0,119400,450000.0,10.0,10.0,0.6996222222222223,0.6201666666666666,5,0,2,0,0.12724460300000828
agrawal_abrupt_iid,sgd,mechanism_selector,500,4,4,4,3,1,0,1,2,0,219400,450000.0,10.0,10.0,0.6209333333333333,0.5651666666666666,4,0,1,0,0.1352767580000318
agrawal_abrupt_iid,sgd,never_adapt,0,0,3,3,3,0,3,0,0,0,0,450000.0,10.0,10.0,0.45437777777777777,0.4016666666666666,3,0,0,0,0.1862764459999653
agrawal_abrupt_iid,sgd,never_adapt,0,1,1,1,1,0,1,0,0,0,0,450000.0,10.0,10.0,0.45768888888888887,0.4448333333333333,1,0,0,0,0.10610738799994124
agrawal_abrupt_iid,sgd,never_adapt,0,2,2,2,2,0,2,0,0,0,0,450000.0,10.0,10.0,0.5203111111111111,0.5246666666666666,1,1,0,0,0.11029715099994064
agrawal_abrupt_iid,sgd,never_adapt,0,3,3,3,3,0,3,0,0,0,0,450000.0,10.0,10.0,0.45464444444444446,0.41600000000000004,3,0,0,0,0.11713567200001762
agrawal_abrupt_iid,sgd,never_adapt,0,4,3,3,3,0,3,0,0,0,0,450000.0,10.0,10.0,0.45366666666666666,0.4101666666666667,3,0,0,0,0.11922192499991979
agrawal_abrupt_iid,xgb,always_rebuild,0,0,3,3,3,0,0,0,3,0,300000,23251009.872,550.004,530.91,0.5925777777777778,0.499,2,1,0,0,1.299530365999999
agrawal_abrupt_iid,xgb,always_rebuild,0,1,3,3,3,0,0,0,3,0,300000,23218269.576,567.413,559.769,0.6457333333333334,0.49016666666666664,2,1,0,0,0.9784045659999947
agrawal_abrupt_iid,xgb,always_rebuild,0,2,3,3,3,0,0,0,3,0,264000,23837785.52,563.345,524.246,0.5764666666666667,0.49783333333333335,2,1,0,0,1.0054184990000294
agrawal_abrupt_iid,xgb,always_rebuild,0,3,2,2,2,0,0,0,2,0,200000,22082046.391999997,560.442,416.255,0.6823111111111111,0.5263333333333333,1,1,0,0,0.7469299470000124
agrawal_abrupt_iid,xgb,always_rebuild,0,4,3,3,3,0,0,0,3,0,300000,23086095.784,556.45,527.685,0.6181333333333333,0.4876666666666667,2,1,0,0,1.0505360180000025
agrawal_abrupt_iid,xgb,always_rebuild,200,0,3,3,2,1,0,0,2,0,200000,24695256.096000005,550.004,423.836,0.6971777777777778,0.5523333333333333,1,2,0,1,1.3365686590000223
agrawal_abrupt_iid,xgb,always_rebuild,200,1,1,1,1,0,0,0,1,0,100000,26664958.439999998,567.413,597.761,0.5854,0.5043333333333333,1,0,0,0,0.607684623999944
agrawal_abrupt_iid,xgb,always_rebuild,200,2,5,5,3,2,0,0,3,0,300000,25544395.176,563.345,617.086,0.7218666666666667,0.5985,2,3,0,2,1.1622182370000473
agrawal_abrupt_iid,xgb,always_rebuild,200,3,2,2,1,1,0,0,1,0,100000,26855673.167999998,560.442,604.358,0.5908666666666667,0.5063333333333333,1,1,0,1,0.8033567580000636
agrawal_abrupt_iid,xgb,always_rebuild,200,4,2,2,1,1,0,0,1,0,100000,26827818.768,556.45,604.441,0.5860888888888889,0.4993333333333333,1,1,0,1,0.7452753390000453
agrawal_abrupt_iid,xgb,always_rebuild,500,0,6,6,3,3,0,0,3,0,300000,27609090.404,550.004,620.697,0.7949555555555555,0.6953333333333334,6,0,3,0,1.848125342000003
agrawal_abrupt_iid,xgb,always_rebuild,500,1,7,7,4,3,0,0,4,0,360800,25514434.172000002,567.413,621.022,0.8091555555555555,0.6881666666666666,6,1,2,1,1.0948375930000793
agrawal_abrupt_iid,xgb,always_rebuild,500,2,6,6,3,3,0,0,3,0,300000,28008923.432,563.345,627.721,0.7934222222222223,0.6893333333333334,6,0,3,0,1.252236010000047
agrawal_abrupt_iid,xgb,always_rebuild,500,3,8,8,5,3,0,0,5,0,424800,22798394.16,560.442,626.346,0.8843333333333333,0.7381666666666666,6,2,1,2,1.3360536430000138
agrawal_abrupt_iid,xgb,always_rebuild,500,4,8,8,6,2,0,0,6,0,488800,22828182.571999997,556.45,402.613,0.8692888888888889,0.7256666666666667,6,2,1,1,1.5992186839999931
agrawal_abrupt_iid,xgb,mechanism_selector,0,0,2,2,2,0,1,0,1,0,104000,23049741.216000002,550.004,504.596,0.5689777777777778,0.4916666666666667,1,1,0,0,1.3596260699999902
agrawal_abrupt_iid,xgb,mechanism_selector,0,1,2,2,2,0,1,0,1,0,104000,22185684.0,567.413,478.088,0.5738444444444445,0.4933333333333333,1,1,0,0,0.8990783650000367
agrawal_abrupt_iid,xgb,mechanism_selector,0,2,2,2,2,0,1,0,1,0,104000,23885446.895999998,563.345,524.222,0.5716,0.495,1,1,0,0,0.9643206940000937
agrawal_abrupt_iid,xgb,mechanism_selector,0,3,2,2,2,0,1,0,1,0,104000,23013041.912,560.442,501.511,0.5726666666666667,0.4956666666666667,1,1,0,0,0.8432175120000238
agrawal_abrupt_iid,xgb,mechanism_selector,0,4,2,2,2,0,1,0,1,0,104000,22946794.456,556.45,500.547,0.5707777777777778,0.491,1,1,0,0,0.8831274280000798
agrawal_abrupt_iid,xgb,mechanism_selector,200,0,3,3,2,1,0,1,1,0,108000,26949016.896000005,550.004,627.981,0.6689555555555555,0.5413333333333333,1,2,0,1,1.6123525710000877
agrawal_abrupt_iid,xgb,mechanism_selector,200,1,1,1,1,0,0,0,1,0,104000,26664958.439999998,567.413,597.761,0.5854,0.5043333333333333,1,0,0,0,0.7841302560000258
agrawal_abrupt_iid,xgb,mechanism_selector,200,2,5,5,4,1,1,1,2,0,212000,27585538.952,563.345,623.211,0.6922,0.5866666666666667,2,3,0,1,1.4427627700000585
agrawal_abrupt_iid,xgb,mechanism_selector,200,3,2,2,1,1,0,0,1,0,104000,26855673.167999998,560.442,604.358,0.5908666666666667,0.5063333333333333,1,1,0,1,0.7781484189999901
agrawal_abrupt_iid,xgb,mechanism_selector,200,4,2,2,1,1,0,0,1,0,104000,26827818.768,556.45,604.441,0.5860888888888889,0.4993333333333333,1,1,0,1,0.9005921530000478
agrawal_abrupt_iid,xgb,mechanism_selector,500,0,6,6,3,3,0,2,1,0,112000,28645999.424,550.004,687.564,0.7398,0.6365000000000001,5,1,2,1,1.6744469929999468
agrawal_abrupt_iid,xgb,mechanism_selector,500,1,7,7,4,3,0,1,3,0,314430,28237788.092000004,567.413,621.022,0.7874,0.6753333333333333,6,1,2,1,1.3984316979999676
agrawal_abrupt_iid,xgb,mechanism_selector,500,2,6,6,3,3,0,0,3,0,312000,28008923.432,563.345,627.721,0.7934222222222223,0.6893333333333334,6,0,3,0,1.5637545639999644
agrawal_abrupt_iid,xgb,mechanism_selector,500,3,7,7,6,1,0,3,3,0,319675,28872674.96,560.442,626.346,0.8553333333333333,0.7168333333333333,6,1,1,0,1.7810933550000527
agrawal_abrupt_iid,xgb,mechanism_selector,500,4,9,9,7,2,0,3,4,0,423545,26550021.648,556.45,436.498,0.8675111111111111,0.7133333333333334,6,3,1,1,1.7786951519999548
agrawal_abrupt_iid,xgb,never_adapt,0,0,2,2,2,0,2,0,0,0,0,24750180.0,550.004,550.004,0.5690222222222222,0.4926666666666667,1,1,0,0,1.230252696999969
agrawal_abrupt_iid,xgb,never_adapt,0,1,2,2,2,0,2,0,0,0,0,25533585.0,567.413,567.413,0.5715555555555556,0.48883333333333334,1,1,0,0,0.835133361999965
agrawal_abrupt_iid,xgb,never_adapt,0,2,3,3,3,0,3,0,0,0,0,25350525.0,563.345,563.345,0.5692888888888888,0.49150000000000005,1,2,0,0,1.0044440309999345
agrawal_abrupt_iid,xgb,never_adapt,0,3,2,2,2,0,2,0,0,0,0,25219890.0,560.442,560.442,0.5684,0.4906666666666667,1,1,0,0,0.4598286510000662
agrawal_abrupt_iid,xgb,never_adapt,0,4,2,2,2,0,2,0,0,0,0,25040250.0,556.45,556.45,0.5674666666666667,0.48450000000000004,1,1,0,0,0.7395875810000234
agrawal_abrupt_sticky,gnb,always_rebuild,0,0,7,7,7,0,0,0,7,0,5856,1710000.0,38.0,38.0,0.7026444444444444,0.6413333333333333,5,2,0,0,0.11396555299995725
agrawal_abrupt_sticky,gnb,always_rebuild,0,1,28,28,28,0,0,0,28,0,17324,1710000.0,38.0,38.0,0.7462888888888889,0.6425000000000001,5,23,0,0,0.219801107999956
agrawal_abrupt_sticky,gnb,always_rebuild,0,2,7,7,7,0,0,0,7,0,5240,1710000.0,38.0,38.0,0.6550444444444444,0.6023333333333334,3,4,0,0,0.12425279299998238
agrawal_abrupt_sticky,gnb,always_rebuild,0,3,23,23,23,0,0,0,23,0,15000,1710000.0,38.0,38.0,0.7415777777777778,0.6383333333333333,3,20,0,0,0.18265970200002357
agrawal_abrupt_sticky,gnb,always_rebuild,0,4,3,3,3,0,0,0,3,0,2640,1710000.0,38.0,38.0,0.6947111111111111,0.5816666666666667,2,1,0,0,0.09899426200001926
agrawal_abrupt_sticky,gnb,always_rebuild,200,0,17,15,8,7,0,0,8,0,6336,1710000.0,38.0,38.0,0.6982888888888888,0.5908333333333333,5,10,2,5,0.12541513999997278
agrawal_abrupt_sticky,gnb,always_rebuild,200,1,25,21,10,11,0,0,10,0,7848,1710000.0,38.0,38.0,0.7341555555555556,0.641,6,15,1,10,0.14690129799998886
agrawal_abrupt_sticky,gnb,always_rebuild,200,2,18,15,6,9,0,0,6,0,5088,1710000.0,38.0,38.0,0.6445555555555555,0.554,2,13,0,9,0.1263931539999703
agrawal_abrupt_sticky,gnb,always_rebuild,200,3,21,20,8,12,0,0,8,0,6480,1710000.0,38.0,38.0,0.7490666666666667,0.6321666666666667,5,15,1,11,0.1421000240000012
agrawal_abrupt_sticky,gnb,always_rebuild,200,4,8,7,2,5,0,0,2,0,2000,1710000.0,38.0,38.0,0.5986444444444444,0.5338333333333334,4,3,3,2,0.09868577399993228
agrawal_abrupt_sticky,gnb,always_rebuild,500,0,7,6,3,3,0,0,3,0,3000,1710000.0,38.0,38.0,0.6780444444444444,0.5880000000000001,4,2,2,1,0.11023887399994692
agrawal_abrupt_sticky,gnb,always_rebuild,500,1,63,40,7,33,0,0,7,0,6216,1710000.0,38.0,38.0,0.7200888888888889,0.5808333333333333,6,34,3,30,0.14615143200001057
agrawal_abrupt_sticky,gnb,always_rebuild,500,2,11,8,5,3,0,0,5,0,4312,1710000.0,38.0,38.0,0.6649111111111111,0.5106666666666666,2,6,0,3,0.12510979000001043
agrawal_abrupt_sticky,gnb,always_rebuild,500,3,40,26,5,21,0,0,5,0,5000,1710000.0,38.0,38.0,0.7465333333333334,0.6068333333333333,4,22,1,20,0.13182918100005736
agrawal_abrupt_sticky,gnb,always_rebuild,500,4,32,21,6,15,0,0,6,0,5408,1710000.0,38.0,38.0,0.7434444444444445,0.597,4,17,1,14,0.12449508600002446
agrawal_abrupt_sticky,gnb,mechanism_selector,0,0,6,6,6,0,1,1,4,0,6012,1710000.0,38.0,38.0,0.7140222222222222,0.6478333333333333,5,1,0,0,0.12017428399997243
agrawal_abrupt_sticky,gnb,mechanism_selector,0,1,19,19,19,0,5,2,12,2,14460,1710000.0,38.0,38.0,0.7323111111111111,0.5781666666666667,6,13,0,0,0.1810502539999561
agrawal_abrupt_sticky,gnb,mechanism_selector,0,2,7,7,7,0,1,2,4,0,7215,1710000.0,38.0,38.0,0.6605777777777778,0.567,3,4,0,0,0.13478572300004998
agrawal_abrupt_sticky,gnb,mechanism_selector,0,3,11,11,11,0,5,1,5,0,8143,1710000.0,38.0,38.0,0.7116,0.6356666666666666,4,7,0,0,0.12911636199999066
agrawal_abrupt_sticky,gnb,mechanism_selector,0,4,5,5,5,0,2,1,2,0,3118,1710000.0,38.0,38.0,0.7281111111111112,0.6318333333333334,4,1,0,0,0.10715509600004225
agrawal_abrupt_sticky,gnb,mechanism_selector,200,0,28,25,8,17,1,1,6,1,8209,1710000.0,38.0,38.0,0.7493555555555556,0.6478333333333333,7,18,2,15,0.13590209699998468
agrawal_abrupt_sticky,gnb,mechanism_selector,200,1,25,21,10,11,0,3,7,0,11525,1710000.0,38.0,38.0,0.6176888888888888,0.5445,5,16,1,10,0.1624400330000526
agrawal_abrupt_sticky,gnb,mechanism_selector,200,2,17,17,6,11,0,3,3,0,7800,1710000.0,38.0,38.0,0.6390444444444444,0.5840000000000001,3,14,1,10,0.14238192100003744
agrawal_abrupt_sticky,gnb,mechanism_selector,200,3,30,26,7,19,1,1,5,0,9267,1710000.0,38.0,38.0,0.7174666666666667,0.6388333333333334,5,21,1,18,0.15450992099999894
agrawal_abrupt_sticky,gnb,mechanism_selector,200,4,8,7,2,5,0,0,2,0,3600,1710000.0,38.0,38.0,0.5986444444444444,0.5338333333333334,4,3,3,2,0.10064862299998367
agrawal_abrupt_sticky,gnb,mechanism_selector,500,0,7,6,3,3,0,1,2,0,4400,1710000.0,38.0,38.0,0.6576888888888889,0.5716666666666667,4,2,2,1,0.10378113599995231
agrawal_abrupt_sticky,gnb,mechanism_selector,500,1,42,27,6,21,0,1,5,0,9094,1710000.0,38.0,38.0,0.7113111111111111,0.5765,6,21,3,18,0.14534064800000124
agrawal_abrupt_sticky,gnb,mechanism_selector,500,2,11,8,5,3,0,1,4,0,6760,1710000.0,38.0,38.0,0.6651333333333334,0.5106666666666666,2,6,0,3,0.1287007530000892
agrawal_abrupt_sticky,gnb,mechanism_selector,500,3,25,20,8,12,1,4,3,0,8235,1710000.0,38.0,38.0,0.6947111111111111,0.5693333333333334,5,15,0,12,0.16033653800002412
agrawal_abrupt_sticky,gnb,mechanism_selector,500,4,24,16,7,9,4,1,2,0,4400,1710000.0,38.0,38.0,0.6958444444444445,0.5936666666666667,4,12,0,9,0.12102388599998903
agrawal_abrupt_sticky,gnb,never_adapt,0,0,19,19,19,0,19,0,0,0,0,1710000.0,38.0,38.0,0.5206666666666667,0.45799999999999996,4,15,0,0,0.17004319099999066
agrawal_abrupt_sticky,gnb,never_adapt,0,1,90,90,90,0,90,0,0,0,0,1710000.0,38.0,38.0,0.46457777777777776,0.41400000000000003,8,82,0,0,0.3230654980000054
agrawal_abrupt_sticky,gnb,never_adapt,0,2,56,56,56,0,56,0,0,0,0,1710000.0,38.0,38.0,0.46415555555555554,0.4188333333333333,7,49,0,0,0.22973972299996603
agrawal_abrupt_sticky,gnb,never_adapt,0,3,77,77,77,0,77,0,0,0,0,1710000.0,38.0,38.0,0.4658,0.4051666666666667,7,70,0,0,0.29268938799998523
agrawal_abrupt_sticky,gnb,never_adapt,0,4,9,9,9,0,9,0,0,0,0,1710000.0,38.0,38.0,0.5458222222222222,0.47550000000000003,3,6,0,0,0.1083985739999207
agrawal_abrupt_sticky,rf,always_rebuild,0,0,4,4,4,0,0,0,4,0,400000,39160904.84,889.275,720.665,0.6034444444444444,0.48083333333333333,2,2,0,0,2.178207082999961
agrawal_abrupt_sticky,rf,always_rebuild,0,1,4,4,4,0,0,0,4,0,400000,38342610.632,901.358,699.629,0.7183777777777778,0.5489999999999999,3,1,0,0,2.557519041999967
agrawal_abrupt_sticky,rf,always_rebuild,0,2,4,4,4,0,0,0,4,0,373600,37416481.936000004,889.426,683.142,0.7939333333333334,0.6655,4,0,0,0,2.362535630000025
agrawal_abrupt_sticky,rf,always_rebuild,0,3,4,4,4,0,0,0,4,0,376800,35103268.944,906.501,681.17,0.7682444444444444,0.5793333333333333,3,1,0,0,2.494166898000003
agrawal_abrupt_sticky,rf,always_rebuild,0,4,2,2,2,0,0,0,2,0,200000,40066616.112,898.401,931.85,0.5645777777777777,0.485,2,0,0,0,1.8718374540000013
agrawal_abrupt_sticky,rf,always_rebuild,200,0,6,6,4,2,0,0,4,0,400000,39694853.528,889.275,729.843,0.7182,0.5015000000000001,2,4,0,2,2.348026089999962
agrawal_abrupt_sticky,rf,always_rebuild,200,1,8,8,3,5,0,0,3,0,300000,39692335.216,901.358,909.095,0.6583777777777777,0.491,2,6,0,5,2.2232658330000277
agrawal_abrupt_sticky,rf,always_rebuild,200,2,3,3,1,2,0,0,1,0,100000,40985131.152,889.426,915.225,0.5765111111111111,0.5051666666666667,1,2,0,2,1.5782383590000109
agrawal_abrupt_sticky,rf,always_rebuild,200,3,2,2,1,1,0,0,1,0,100000,40874341.607999995,906.501,908.697,0.5746,0.48783333333333334,1,1,0,1,1.5093520410000565
agrawal_abrupt_sticky,rf,always_rebuild,200,4,2,2,1,1,0,0,1,0,100000,40722482.44,898.401,906.299,0.5740888888888889,0.4996666666666667,2,0,1,0,1.559143848000076
agrawal_abrupt_sticky,rf,always_rebuild,500,0,10,10,4,6,0,0,4,0,360800,40232042.0,889.275,915.393,0.8383111111111111,0.7125,5,5,1,5,2.355774733999965
agrawal_abrupt_sticky,rf,always_rebuild,500,1,7,7,4,3,0,0,4,0,360800,40700021.888,901.358,940.722,0.8612888888888889,0.7235,6,1,2,1,2.439050349000013
agrawal_abrupt_sticky,rf,always_rebuild,500,2,6,6,3,3,0,0,3,0,300000,42632341.192,889.426,904.808,0.7978666666666666,0.6901666666666666,5,1,2,1,2.168892721999896
agrawal_abrupt_sticky,rf,always_rebuild,500,3,9,9,4,5,0,0,4,0,354400,40153081.536,906.501,880.163,0.8442888888888889,0.724,5,4,1,4,2.2666963099999293
agrawal_abrupt_sticky,rf,always_rebuild,500,4,7,7,4,3,0,0,4,0,357600,40466731.852,898.401,899.91,0.8576222222222222,0.7291666666666667,6,1,2,1,2.366654603000029
agrawal_abrupt_sticky,rf,mechanism_selector,0,0,3,3,3,0,2,0,1,0,104000,38096966.664000005,889.275,837.993,0.5634,0.48783333333333334,1,2,0,0,1.555991844999994
agrawal_abrupt_sticky,rf,mechanism_selector,0,1,4,4,4,0,2,0,2,0,208000,36211010.08,901.358,704.228,0.6191333333333333,0.49550000000000005,2,2,0,0,1.9446510479999688
agrawal_abrupt_sticky,rf,mechanism_selector,0,2,3,3,3,0,2,0,1,0,104000,38324892.104,889.426,844.049,0.5748,0.5021666666666667,2,1,0,0,1.6782804530000703
agrawal_abrupt_sticky,rf,mechanism_selector,0,3,5,5,5,0,1,0,4,0,381050,35151386.448,906.501,681.17,0.7605111111111111,0.5791666666666666,3,2,0,0,2.3113831660000415
agrawal_abrupt_sticky,rf,mechanism_selector,0,4,4,4,4,0,3,0,1,0,104000,36880488.04,898.401,803.749,0.5716222222222223,0.4973333333333333,3,1,0,0,1.7262600290000591
agrawal_abrupt_sticky,rf,mechanism_selector,200,0,6,6,4,2,0,0,4,0,416000,39694853.528,889.275,729.843,0.7182,0.5015000000000001,2,4,0,2,2.359086005999984
agrawal_abrupt_sticky,rf,mechanism_selector,200,1,8,8,3,5,0,0,3,0,312000,39692335.216,901.358,909.095,0.6583777777777777,0.491,2,6,0,5,2.020360398999969
agrawal_abrupt_sticky,rf,mechanism_selector,200,2,3,3,1,2,0,0,1,0,104000,40985131.152,889.426,915.225,0.5765111111111111,0.5051666666666667,1,2,0,2,1.6051179190000084
agrawal_abrupt_sticky,rf,mechanism_selector,200,3,2,2,1,1,0,0,1,0,104000,40874341.607999995,906.501,908.697,0.5746,0.48783333333333334,1,1,0,1,1.5504009930000393
agrawal_abrupt_sticky,rf,mechanism_selector,200,4,2,2,1,1,0,0,1,0,104000,40722482.44,898.401,906.299,0.5740888888888889,0.4996666666666667,2,0,1,0,1.4569169330000022
agrawal_abrupt_sticky,rf,mechanism_selector,500,0,11,11,4,7,0,1,3,0,314430,42443259.788,889.275,929.236,0.7773111111111111,0.6755,5,6,1,6,2.4120116889999963
agrawal_abrupt_sticky,rf,mechanism_selector,500,1,6,6,4,2,1,0,3,0,312000,42328631.936,901.358,940.722,0.8015333333333333,0.6843333333333333,6,0,2,0,2.282543768000096
agrawal_abrupt_sticky,rf,mechanism_selector,500,2,6,6,3,3,0,0,3,0,312000,42632341.192,889.426,904.808,0.7978666666666666,0.6901666666666666,5,1,2,1,2.323918605000017
agrawal_abrupt_sticky,rf,mechanism_selector,500,3,9,9,4,5,0,0,4,0,368575,40153081.536,906.501,880.163,0.8442888888888889,0.724,5,4,1,4,2.494719031000045
agrawal_abrupt_sticky,rf,mechanism_selector,500,4,7,7,4,3,0,0,4,0,371900,40466731.852,898.401,899.91,0.8576222222222222,0.7291666666666667,6,1,2,1,2.5365811659999054
agrawal_abrupt_sticky,rf,never_adapt,0,0,3,3,3,0,3,0,0,0,0,40017375.0,889.275,889.275,0.5710666666666666,0.4966666666666667,1,2,0,0,1.8190845409999383
agrawal_abrupt_sticky,rf,never_adapt,0,1,5,5,5,0,5,0,0,0,0,40561109.99999999,901.358,901.358,0.5729111111111111,0.49050000000000005,2,3,0,0,1.82633235600008
agrawal_abrupt_sticky,rf,never_adapt,0,2,3,3,3,0,3,0,0,0,0,40024170.0,889.426,889.426,0.5716666666666667,0.49716666666666665,1,2,0,0,1.8909512950000362
agrawal_abrupt_sticky,rf,never_adapt,0,3,2,2,2,0,2,0,0,0,0,40792545.0,906.501,906.501,0.5682,0.481,1,1,0,0,1.5992673910000121
agrawal_abrupt_sticky,rf,never_adapt,0,4,5,5,5,0,5,0,0,0,0,40428045.0,898.401,898.401,0.5706,0.494,3,2,0,0,2.0670509869999023
agrawal_abrupt_sticky,sgd,always_rebuild,0,0,12,12,12,0,0,0,12,0,554528,450000.0,10.0,10.0,0.6269777777777777,0.5748333333333333,2,10,0,0,0.1843582299999298
agrawal_abrupt_sticky,sgd,always_rebuild,0,1,2,2,2,0,0,0,2,0,113000,450000.0,10.0,10.0,0.5430222222222222,0.44499999999999995,1,1,0,0,0.12377782599992315
agrawal_abrupt_sticky,sgd,always_rebuild,0,2,12,12,12,0,0,0,12,0,603768,450000.0,10.0,10.0,0.6630222222222222,0.5746666666666667,0,12,0,0,0.1842088349999358
agrawal_abrupt_sticky,sgd,always_rebuild,0,3,19,19,19,0,0,0,19,0,803608,450000.0,10.0,10.0,0.6169555555555556,0.6168333333333333,4,15,0,0,0.21552200500002527
agrawal_abrupt_sticky,sgd,always_rebuild,0,4,20,20,20,0,0,0,20,0,967560,450000.0,10.0,10.0,0.6141111111111112,0.5409999999999999,1,19,0,0,0.22603987299999062
agrawal_abrupt_sticky,sgd,always_rebuild,200,0,16,15,6,9,0,0,6,0,290088,450000.0,10.0,10.0,0.6383777777777778,0.5776666666666667,3,12,3,6,0.15921544899993023
agrawal_abrupt_sticky,sgd,always_rebuild,200,1,7,7,5,2,0,0,5,0,185080,450000.0,10.0,10.0,0.5945555555555555,0.5798333333333333,4,3,0,2,0.13758570599998166
agrawal_abrupt_sticky,sgd,always_rebuild,200,2,8,7,1,6,0,0,1,0,89000,450000.0,10.0,10.0,0.5493111111111111,0.552,2,5,2,4,0.11918442299997878
agrawal_abrupt_sticky,sgd,always_rebuild,200,3,5,5,0,5,0,0,0,0,0,450000.0,10.0,10.0,0.5439333333333334,0.5795,3,2,3,2,0.11040563300002759
agrawal_abrupt_sticky,sgd,always_rebuild,200,4,6,6,0,6,0,0,0,0,0,450000.0,10.0,10.0,0.5383333333333333,0.5596666666666666,3,3,3,3,0.10791262199995799
agrawal_abrupt_sticky,sgd,always_rebuild,500,0,18,11,2,9,0,0,2,0,133684,450000.0,10.0,10.0,0.4997333333333333,0.4746666666666667,2,9,1,8,0.15358437600002617
agrawal_abrupt_sticky,sgd,always_rebuild,500,1,26,18,3,15,0,0,3,0,319000,450000.0,10.0,10.0,0.5098888888888888,0.5256666666666667,2,16,1,14,0.13451703099997303
agrawal_abrupt_sticky,sgd,always_rebuild,500,2,49,39,1,38,0,0,1,0,99000,450000.0,10.0,10.0,0.5388,0.5516666666666667,5,34,5,33,0.14448080800002572
agrawal_abrupt_sticky,sgd,always_rebuild,500,3,5,4,0,4,0,0,0,0,0,450000.0,10.0,10.0,0.5439333333333334,0.5795,3,1,3,1,0.11066080900002362
agrawal_abrupt_sticky,sgd,always_rebuild,500,4,6,6,0,6,0,0,0,0,0,450000.0,10.0,10.0,0.5383333333333333,0.5596666666666666,3,3,3,3,0.10795238200000767
agrawal_abrupt_sticky,sgd,mechanism_selector,0,0,2,2,2,0,1,0,1,1,2560,450000.0,10.0,10.0,0.5152222222222222,0.5103333333333333,0,2,0,0,0.11997910200000206
agrawal_abrupt_sticky,sgd,mechanism_selector,0,1,9,9,9,0,4,1,4,1,93338,450000.0,10.0,10.0,0.6256222222222222,0.6471666666666667,3,6,0,0,0.13923502700004065
agrawal_abrupt_sticky,sgd,mechanism_selector,0,2,20,20,20,0,6,4,10,2,475012,450000.0,10.0,10.0,0.6147111111111111,0.5971666666666666,4,16,0,0,0.22328119999997398
agrawal_abrupt_sticky,sgd,mechanism_selector,0,3,9,9,9,0,5,1,3,0,93132,450000.0,10.0,10.0,0.5739555555555556,0.6679999999999999,4,5,0,0,0.14103118200000608
agrawal_abrupt_sticky,sgd,mechanism_selector,0,4,7,7,7,0,5,1,1,0,87286,450000.0,10.0,10.0,0.6186222222222222,0.5603333333333333,3,4,0,0,0.12869756999998572
agrawal_abrupt_sticky,sgd,mechanism_selector,200,0,37,31,7,24,2,2,3,0,239339,450000.0,10.0,10.0,0.7147555555555556,0.6258333333333334,2,29,1,23,0.17919133800000964
agrawal_abrupt_sticky,sgd,mechanism_selector,200,1,21,18,5,13,0,1,4,0,242900,450000.0,10.0,10.0,0.5509777777777778,0.5351666666666667,2,16,0,13,0.14644925000004605
agrawal_abrupt_sticky,sgd,mechanism_selector,200,2,8,7,1,6,0,0,1,0,89800,450000.0,10.0,10.0,0.5493111111111111,0.552,2,5,2,4,0.12881996900000559
agrawal_abrupt_sticky,sgd,mechanism_selector,200,3,5,5,0,5,0,0,0,0,0,450000.0,10.0,10.0,0.5439333333333334,0.5795,3,2,3,2,0.10993252599996595
agrawal_abrupt_sticky,sgd,mechanism_selector,200,4,6,6,0,6,0,0,0,0,0,450000.0,10.0,10.0,0.5383333333333333,0.5596666666666666,3,3,3,3,0.108394389999944
agrawal_abrupt_sticky,sgd,mechanism_selector,500,0,19,11,2,9,1,0,1,0,69800,450000.0,10.0,10.0,0.5002666666666666,0.47483333333333333,2,9,1,8,0.1305274379999446
agrawal_abrupt_sticky,sgd,mechanism_selector,500,1,2,2,1,1,1,0,0,0,0,450000.0,10.0,10.0,0.5018888888888889,0.502,2,0,1,0,0.10410280400003558
agrawal_abrupt_sticky,sgd,mechanism_selector,500,2,49,39,1,38,0,0,1,0,99800,450000.0,10.0,10.0,0.5388,0.5516666666666667,5,34,5,33,0.1520292339999969
agrawal_abrupt_sticky,sgd,mechanism_selector,500,3,5,4,0,4,0,0,0,0,0,450000.0,10.0,10.0,0.5439333333333334,0.5795,3,1,3,1,0.12216533100001925
agrawal_abrupt_sticky,sgd,mechanism_selector,500,4,6,6,0,6,0,0,0,0,0,450000.0,10.0,10.0,0.5383333333333333,0.5596666666666666,3,3,3,3,0.1057788079999682
agrawal_abrupt_sticky,sgd,never_adapt,0,0,87,87,87,0,87,0,0,0,0,450000.0,10.0,10.0,0.4494,0.4081666666666667,6,81,0,0,0.29013534599994273
agrawal_abrupt_sticky,sgd,never_adapt,0,1,2,2,2,0,2,0,0,0,0,450000.0,10.0,10.0,0.5018888888888889,0.502,2,0,0,0,0.10553671399998166
agrawal_abrupt_sticky,sgd,never_adapt,0,2,68,68,68,0,68,0,0,0,0,450000.0,10.0,10.0,0.4576,0.4181666666666667,7,61,0,0,0.24952094600007513
agrawal_abrupt_sticky,sgd,never_adapt,0,3,5,5,5,0,5,0,0,0,0,450000.0,10.0,10.0,0.5439333333333334,0.5795,3,2,0,0,0.11728646200003823
agrawal_abrupt_sticky,sgd,never_adapt,0,4,6,6,6,0,6,0,0,0,0,450000.0,10.0,10.0,0.5383333333333333,0.5596666666666666,3,3,0,0,0.12211788300010085
agrawal_abrupt_sticky,xgb,always_rebuild,0,0,3,3,3,0,0,0,3,0,300000,23214182.728,555.741,524.773,0.5993555555555555,0.4846666666666667,2,1,0,0,0.9563058270000511
agrawal_abrupt_sticky,xgb,always_rebuild,0,1,3,3,3,0,0,0,3,0,300000,23960588.136,573.352,537.837,0.5769333333333333,0.4793333333333333,2,1,0,0,0.9023693719999528
agrawal_abrupt_sticky,xgb,always_rebuild,0,2,4,4,4,0,0,0,4,0,380000,21833280.016,562.368,412.554,0.7959777777777778,0.6253333333333333,3,1,0,0,0.8618394139999737
agrawal_abrupt_sticky,xgb,always_rebuild,0,3,4,4,4,0,0,0,4,0,376800,21609790.784,561.743,396.432,0.7707333333333334,0.5793333333333333,3,1,0,0,1.183205738999959
agrawal_abrupt_sticky,xgb,always_rebuild,0,4,4,4,4,0,0,0,4,0,400000,23155979.720000003,557.079,443.769,0.77,0.5696666666666667,3,1,0,0,1.1294263660000752
agrawal_abrupt_sticky,xgb,always_rebuild,200,0,6,6,4,2,0,0,4,0,400000,24400246.12,555.741,442.001,0.7264,0.5293333333333333,2,4,0,2,1.093700664000039
agrawal_abrupt_sticky,xgb,always_rebuild,200,1,5,5,3,2,0,0,3,0,300000,26765599.36,573.352,619.807,0.6316888888888889,0.5145,2,3,0,2,0.9135138330000245
agrawal_abrupt_sticky,xgb,always_rebuild,200,2,6,6,4,2,0,0,4,0,400000,23656292.192,562.368,422.088,0.7823333333333333,0.5246666666666666,2,4,0,2,1.3894354640000302
agrawal_abrupt_sticky,xgb,always_rebuild,200,3,3,3,1,2,0,0,1,0,100000,27103400.760000005,561.743,610.738,0.5853777777777778,0.5055000000000001,1,2,0,2,0.6794979940000303
agrawal_abrupt_sticky,xgb,always_rebuild,200,4,6,6,5,1,0,0,5,0,425600,23943953.560000002,557.079,418.792,0.7248666666666667,0.5368333333333333,2,4,0,1,1.5998609839999745
agrawal_abrupt_sticky,xgb,always_rebuild,500,0,7,7,4,3,0,0,4,0,364000,25169405.619999997,555.741,618.612,0.8288666666666666,0.7048333333333333,6,1,2,1,1.3653271270000005
agrawal_abrupt_sticky,xgb,always_rebuild,500,1,8,8,5,3,0,0,5,0,418400,22520634.504,573.352,625.17,0.8806444444444445,0.7301666666666666,6,2,1,2,1.1508359989999235
agrawal_abrupt_sticky,xgb,always_rebuild,500,2,8,8,5,3,0,0,5,0,431200,22856488.895999998,562.368,382.952,0.8685777777777778,0.7226666666666667,6,2,1,2,1.53706363099991
agrawal_abrupt_sticky,xgb,always_rebuild,500,3,9,9,4,5,0,0,4,0,357600,25050573.816,561.743,604.959,0.8347333333333333,0.7118333333333333,5,4,1,4,1.1810341730000573
agrawal_abrupt_sticky,xgb,always_rebuild,500,4,7,7,4,3,0,0,4,0,357600,24866517.247999996,557.079,627.281,0.8318444444444445,0.706,6,1,2,1,1.7709960239999418
agrawal_abrupt_sticky,xgb,mechanism_selector,0,0,2,2,2,0,1,0,1,0,104000,23080858.992,555.741,504.27,0.5617111111111112,0.4866666666666667,1,1,0,0,1.0805108980000568
agrawal_abrupt_sticky,xgb,mechanism_selector,0,1,5,5,5,0,3,1,1,0,108000,23177007.296,573.352,525.32,0.6088888888888889,0.49483333333333335,2,3,0,0,1.1421864920000644
agrawal_abrupt_sticky,xgb,mechanism_selector,0,2,3,3,3,0,2,0,1,0,104000,23830284.944000002,562.368,522.946,0.5734888888888889,0.5003333333333333,1,2,0,0,1.0114664820000598
agrawal_abrupt_sticky,xgb,mechanism_selector,0,3,2,2,2,0,1,0,1,0,104000,23028671.504,561.743,501.666,0.5717111111111111,0.4833333333333333,1,1,0,0,0.9150995839999041
agrawal_abrupt_sticky,xgb,mechanism_selector,0,4,2,2,2,0,1,0,1,0,104000,22548887.04,557.079,489.852,0.5697333333333333,0.4973333333333333,2,0,0,0,0.9390679570000202
agrawal_abrupt_sticky,xgb,mechanism_selector,200,0,7,7,4,3,0,2,2,0,216000,26956427.464,555.741,633.715,0.6801333333333334,0.5295000000000001,2,5,0,3,1.4161801630000355
agrawal_abrupt_sticky,xgb,mechanism_selector,200,1,5,5,3,2,0,1,2,0,212000,27286390.336,573.352,619.807,0.6264,0.5163333333333333,2,3,0,2,1.2452822779999906
agrawal_abrupt_sticky,xgb,mechanism_selector,200,2,6,6,5,1,0,2,3,0,245405,24672117.248000003,562.368,639.312,0.7682,0.571,3,3,0,1,2.1514238639999803
agrawal_abrupt_sticky,xgb,mechanism_selector,200,3,3,3,1,2,0,0,1,0,104000,27103400.760000005,561.743,610.738,0.5853777777777778,0.5055000000000001,1,2,0,2,0.990413541999942
agrawal_abrupt_sticky,xgb,mechanism_selector,200,4,6,6,5,1,1,2,2,0,216000,27371536.504,557.079,638.93,0.6919111111111111,0.5366666666666666,2,4,0,1,1.8720158529999935
agrawal_abrupt_sticky,xgb,mechanism_selector,500,0,7,7,4,3,0,1,3,0,314560,27803521.46,555.741,618.612,0.8188444444444445,0.6995,6,1,2,1,1.651591549999921
agrawal_abrupt_sticky,xgb,mechanism_selector,500,1,6,6,5,1,2,0,3,0,312000,28029349.584,573.352,626.788,0.7822222222222223,0.6735,6,0,1,0,1.2023364119999087
agrawal_abrupt_sticky,xgb,mechanism_selector,500,2,8,8,4,4,0,1,3,0,314815,28329047.743999995,562.368,623.224,0.7961777777777778,0.6883333333333334,5,3,1,3,1.6012550589999819
agrawal_abrupt_sticky,xgb,mechanism_selector,500,3,9,9,4,5,1,1,2,0,212000,28535325.92,561.743,677.113,0.7552,0.6508333333333334,5,4,1,4,1.4660077480000382
agrawal_abrupt_sticky,xgb,mechanism_selector,500,4,7,7,4,3,0,1,3,0,314300,28098320.544,557.079,627.281,0.8234,0.6993333333333334,6,1,2,1,1.6154942329999358
agrawal_abrupt_sticky,xgb,never_adapt,0,0,2,2,2,0,2,0,0,0,0,25008345.0,555.741,555.741,0.5678888888888889,0.49416666666666664,1,1,0,0,0.8330954409999549
agrawal_abrupt_sticky,xgb,never_adapt,0,1,4,4,4,0,4,0,0,0,0,25800840.0,573.352,573.352,0.5723111111111111,0.4896666666666667,2,2,0,0,0.7553946959999394
agrawal_abrupt_sticky,xgb,never_adapt,0,2,3,3,3,0,3,0,0,0,0,25306560.0,562.368,562.368,0.5683333333333334,0.493,1,2,0,0,0.7475850960000798
agrawal_abrupt_sticky,xgb,never_adapt,0,3,2,2,2,0,2,0,0,0,0,25278435.0,561.743,561.743,0.5653333333333334,0.4766666666666667,1,1,0,0,0.7246950509999124
agrawal_abrupt_sticky,xgb,never_adapt,0,4,6,6,6,0,6,0,0,0,0,25068555.0,557.079,557.079,0.5676666666666667,0.491,3,3,0,0,1.3023102790000394
agrawal_none_sticky,gnb,always_rebuild,0,0,7,7,7,0,0,0,7,0,6016,1710000.0,38.0,38.0,0.8378666666666666,,0,7,0,0,0.11407208200000696
agrawal_none_sticky,gnb,always_rebuild,0,1,4,4,4,0,0,0,4,0,1472,1710000.0,38.0,38.0,0.8666,,0,4,0,0,0.10301029200002176
agrawal_none_sticky,gnb,always_rebuild,0,2,5,5,5,0,0,0,5,0,3280,1710000.0,38.0,38.0,0.827,,0,5,0,0,0.10751379299995278
agrawal_none_sticky,gnb,always_rebuild,0,3,2,2,2,0,0,0,2,0,1320,1710000.0,38.0,38.0,0.8794888888888889,,0,2,0,0,0.09311376700009077
agrawal_none_sticky,gnb,always_rebuild,0,4,4,4,4,0,0,0,4,0,2640,1710000.0,38.0,38.0,0.8634222222222222,,0,4,0,0,0.10537706399998115
agrawal_none_sticky,gnb,always_rebuild,200,0,17,17,0,17,0,0,0,0,0,1710000.0,38.0,38.0,0.8536888888888889,,0,17,0,17,0.0975391499999887
agrawal_none_sticky,gnb,always_rebuild,200,1,17,14,5,9,0,0,5,0,3472,1710000.0,38.0,38.0,0.8571333333333333,,0,14,0,9,0.11289847199998349
agrawal_none_sticky,gnb,always_rebuild,200,2,31,31,1,30,0,0,1,0,1000,1710000.0,38.0,38.0,0.7590222222222223,,0,31,0,30,0.12015545299993846
agrawal_none_sticky,gnb,always_rebuild,200,3,3,3,2,1,0,0,2,0,1520,1710000.0,38.0,38.0,0.8982444444444444,,0,3,0,1,0.09827221199998348
agrawal_none_sticky,gnb,always_rebuild,200,4,1,1,0,1,0,0,0,0,0,1710000.0,38.0,38.0,0.9132222222222223,,0,1,0,1,0.08439325000006193
agrawal_none_sticky,gnb,always_rebuild,500,0,17,16,0,16,0,0,0,0,0,1710000.0,38.0,38.0,0.8536888888888889,,0,16,0,16,0.09237971400000333
agrawal_none_sticky,gnb,always_rebuild,500,1,26,21,4,17,0,0,4,0,3608,1710000.0,38.0,38.0,0.8181333333333334,,0,21,0,17,0.11886579500003336
agrawal_none_sticky,gnb,always_rebuild,500,2,5,3,1,2,0,0,1,0,1000,1710000.0,38.0,38.0,0.8975333333333333,,0,3,0,2,0.09308576199998697
agrawal_none_sticky,gnb,always_rebuild,500,3,7,5,1,4,0,0,1,0,1000,1710000.0,38.0,38.0,0.8641777777777778,,0,5,0,4,0.09481340100001034
agrawal_none_sticky,gnb,always_rebuild,500,4,1,1,0,1,0,0,0,0,0,1710000.0,38.0,38.0,0.9132222222222223,,0,1,0,1,0.08878067099999498
agrawal_none_sticky,gnb,mechanism_selector,0,0,5,5,5,0,2,1,2,0,4400,1710000.0,38.0,38.0,0.8919333333333334,,0,5,0,0,0.11181541700000253
agrawal_none_sticky,gnb,mechanism_selector,0,1,4,4,4,0,0,0,4,0,2648,1710000.0,38.0,38.0,0.8666,,0,4,0,0,0.10647573999995075
agrawal_none_sticky,gnb,mechanism_selector,0,2,4,4,4,0,1,0,3,0,4694,1710000.0,38.0,38.0,0.8917555555555555,,0,4,0,0,0.10807842300005177
agrawal_none_sticky,gnb,mechanism_selector,0,3,4,4,4,0,2,0,2,0,2591,1710000.0,38.0,38.0,0.8904222222222222,,0,4,0,0,0.101794735999988
agrawal_none_sticky,gnb,mechanism_selector,0,4,4,4,4,0,0,1,3,0,3751,1710000.0,38.0,38.0,0.8684888888888889,,0,4,0,0,0.10691409100002147
agrawal_none_sticky,gnb,mechanism_selector,200,0,17,17,0,17,0,0,0,0,0,1710000.0,38.0,38.0,0.8536888888888889,,0,17,0,17,0.11074962699990465
agrawal_none_sticky,gnb,mechanism_selector,200,1,19,16,5,11,0,1,4,0,5461,1710000.0,38.0,38.0,0.8536,,0,16,0,11,0.12341790799996488
agrawal_none_sticky,gnb,mechanism_selector,200,2,31,31,1,30,0,0,1,0,1800,1710000.0,38.0,38.0,0.7590222222222223,,0,31,0,30,0.12093640000000505
agrawal_none_sticky,gnb,mechanism_selector,200,3,37,35,5,30,1,1,3,0,6200,1710000.0,38.0,38.0,0.7611777777777777,,0,35,0,30,0.13447857099993143
agrawal_none_sticky,gnb,mechanism_selector,200,4,1,1,0,1,0,0,0,0,0,1710000.0,38.0,38.0,0.9132222222222223,,0,1,0,1,0.08720685699995556
agrawal_none_sticky,gnb,mechanism_selector,500,0,17,16,0,16,0,0,0,0,0,1710000.0,38.0,38.0,0.8536888888888889,,0,16,0,16,0.09779152500004784
agrawal_none_sticky,gnb,mechanism_selector,500,1,39,30,7,23,2,0,5,0,8294,1710000.0,38.0,38.0,0.7689111111111111,,0,30,0,23,0.14743856799998412
agrawal_none_sticky,gnb,mechanism_selector,500,2,5,3,1,2,0,0,1,0,1800,1710000.0,38.0,38.0,0.8975333333333333,,0,3,0,2,0.0933196640000915
agrawal_none_sticky,gnb,mechanism_selector,500,3,7,5,1,4,0,0,1,0,1800,1710000.0,38.0,38.0,0.8641777777777778,,0,5,0,4,0.09694696599990493
agrawal_none_sticky,gnb,mechanism_selector,500,4,1,1,0,1,0,0,0,0,0,1710000.0,38.0,38.0,0.9132222222222223,,0,1,0,1,0.0836115570000402
agrawal_none_sticky,gnb,never_adapt,0,0,17,17,17,0,17,0,0,0,0,1710000.0,38.0,38.0,0.8536888888888889,,0,17,0,0,0.12784260399996583
agrawal_none_sticky,gnb,never_adapt,0,1,81,81,81,0,81,0,0,0,0,1710000.0,38.0,38.0,0.681,,0,81,0,0,0.2943554900000436
agrawal_none_sticky,gnb,never_adapt,0,2,52,52,52,0,52,0,0,0,0,1710000.0,38.0,38.0,0.7210222222222222,,0,52,0,0,0.21361575900004937
agrawal_none_sticky,gnb,never_adapt,0,3,61,61,61,0,61,0,0,0,0,1710000.0,38.0,38.0,0.7124222222222222,,0,61,0,0,0.24535371100000702
agrawal_none_sticky,gnb,never_adapt,0,4,1,1,1,0,1,0,0,0,0,1710000.0,38.0,38.0,0.9132222222222223,,0,1,0,0,0.0916872750000266
agrawal_none_sticky,rf,always_rebuild,0,0,0,0,0,0,0,0,0,0,0,41123745.0,913.861,913.861,0.9464222222222223,,0,0,0,0,1.1688892450000594
agrawal_none_sticky,rf,always_rebuild,0,1,0,0,0,0,0,0,0,0,0,41922090.0,931.602,931.602,0.9464888888888889,,0,0,0,0,1.1465579140000273
agrawal_none_sticky,rf,always_rebuild,0,2,0,0,0,0,0,0,0,0,0,40626495.0,902.811,902.811,0.9488444444444445,,0,0,0,0,1.1426215050000792
agrawal_none_sticky,rf,always_rebuild,0,3,0,0,0,0,0,0,0,0,0,39929940.0,887.332,887.332,0.9482888888888888,,0,0,0,0,1.0941573049999533
agrawal_none_sticky,rf,always_rebuild,0,4,0,0,0,0,0,0,0,0,0,40082400.0,890.72,890.72,0.9496666666666667,,0,0,0,0,1.1888630579999244
agrawal_none_sticky,rf,always_rebuild,200,0,0,0,0,0,0,0,0,0,0,41123745.0,913.861,913.861,0.9464222222222223,,0,0,0,0,1.2210556620000261
agrawal_none_sticky,rf,always_rebuild,200,1,0,0,0,0,0,0,0,0,0,41922090.0,931.602,931.602,0.9464888888888889,,0,0,0,0,1.0863175080000929
agrawal_none_sticky,rf,always_rebuild,200,2,0,0,0,0,0,0,0,0,0,40626495.0,902.811,902.811,0.9488444444444445,,0,0,0,0,1.157633558999919
agrawal_none_sticky,rf,always_rebuild,200,3,0,0,0,0,0,0,0,0,0,39929940.0,887.332,887.332,0.9482888888888888,,0,0,0,0,1.1451019569999517
agrawal_none_sticky,rf,always_rebuild,200,4,0,0,0,0,0,0,0,0,0,40082400.0,890.72,890.72,0.9496666666666667,,0,0,0,0,1.0977193180000313
agrawal_none_sticky,rf,always_rebuild,500,0,0,0,0,0,0,0,0,0,0,41123745.0,913.861,913.861,0.9464222222222223,,0,0,0,0,1.1045835790000638
agrawal_none_sticky,rf,always_rebuild,500,1,0,0,0,0,0,0,0,0,0,41922090.0,931.602,931.602,0.9464888888888889,,0,0,0,0,1.0653629499998942
agrawal_none_sticky,rf,always_rebuild,500,2,0,0,0,0,0,0,0,0,0,40626495.0,902.811,902.811,0.9488444444444445,,0,0,0,0,1.144462026000042
agrawal_none_sticky,rf,always_rebuild,500,3,0,0,0,0,0,0,0,0,0,39929940.0,887.332,887.332,0.9482888888888888,,0,0,0,0,1.2014743940000017
agrawal_none_sticky,rf,always_rebuild,500,4,0,0,0,0,0,0,0,0,0,40082400.0,890.72,890.72,0.9496666666666667,,0,0,0,0,1.0632212530000515
agrawal_none_sticky,rf,mechanism_selector,0,0,0,0,0,0,0,0,0,0,0,41123745.0,913.861,913.861,0.9464222222222223,,0,0,0,0,1.0994012439999779
agrawal_none_sticky,rf,mechanism_selector,0,1,0,0,0,0,0,0,0,0,0,41922090.0,931.602,931.602,0.9464888888888889,,0,0,0,0,1.0800609609999583
agrawal_none_sticky,rf,mechanism_selector,0,2,0,0,0,0,0,0,0,0,0,40626495.0,902.811,902.811,0.9488444444444445,,0,0,0,0,1.112792440000021
agrawal_none_sticky,rf,mechanism_selector,0,3,0,0,0,0,0,0,0,0,0,39929940.0,887.332,887.332,0.9482888888888888,,0,0,0,0,1.0830698250000523
agrawal_none_sticky,rf,mechanism_selector,0,4,0,0,0,0,0,0,0,0,0,40082400.0,890.72,890.72,0.9496666666666667,,0,0,0,0,1.112035110000079
agrawal_none_sticky,rf,mechanism_selector,200,0,0,0,0,0,0,0,0,0,0,41123745.0,913.861,913.861,0.9464222222222223,,0,0,0,0,1.0956725990000677
agrawal_none_sticky,rf,mechanism_selector,200,1,0,0,0,0,0,0,0,0,0,41922090.0,931.602,931.602,0.9464888888888889,,0,0,0,0,1.1806808979999914
agrawal_none_sticky,rf,mechanism_selector,200,2,0,0,0,0,0,0,0,0,0,40626495.0,902.811,902.811,0.9488444444444445,,0,0,0,0,1.1063204710000036
agrawal_none_sticky,rf,mechanism_selector,200,3,0,0,0,0,0,0,0,0,0,39929940.0,887.332,887.332,0.9482888888888888,,0,0,0,0,1.0989488139999821
agrawal_none_sticky,rf,mechanism_selector,200,4,0,0,0,0,0,0,0,0,0,40082400.0,890.72,890.72,0.9496666666666667,,0,0,0,0,1.1077927399999226
agrawal_none_sticky,rf,mechanism_selector,500,0,0,0,0,0,0,0,0,0,0,41123745.0,913.861,913.861,0.9464222222222223,,0,0,0,0,1.1285494229999813
agrawal_none_sticky,rf,mechanism_selector,500,1,0,0,0,0,0,0,0,0,0,41922090.0,931.602,931.602,0.9464888888888889,,0,0,0,0,1.210819221999941
agrawal_none_sticky,rf,mechanism_selector,500,2,0,0,0,0,0,0,0,0,0,40626495.0,902.811,902.811,0.9488444444444445,,0,0,0,0,1.1658006229999955
agrawal_none_sticky,rf,mechanism_selector,500,3,0,0,0,0,0,0,0,0,0,39929940.0,887.332,887.332,0.9482888888888888,,0,0,0,0,1.1236577270000225
agrawal_none_sticky,rf,mechanism_selector,500,4,0,0,0,0,0,0,0,0,0,40082400.0,890.72,890.72,0.9496666666666667,,0,0,0,0,1.1015758949999963
agrawal_none_sticky,rf,never_adapt,0,0,0,0,0,0,0,0,0,0,0,41123745.0,913.861,913.861,0.9464222222222223,,0,0,0,0,1.183527908999963
agrawal_none_sticky,rf,never_adapt,0,1,0,0,0,0,0,0,0,0,0,41922090.0,931.602,931.602,0.9464888888888889,,0,0,0,0,1.2017897120000498
agrawal_none_sticky,rf,never_adapt,0,2,0,0,0,0,0,0,0,0,0,40626495.0,902.811,902.811,0.9488444444444445,,0,0,0,0,1.167987088000018
agrawal_none_sticky,rf,never_adapt,0,3,0,0,0,0,0,0,0,0,0,39929940.0,887.332,887.332,0.9482888888888888,,0,0,0,0,1.1018274560000236
agrawal_none_sticky,rf,never_adapt,0,4,0,0,0,0,0,0,0,0,0,40082400.0,890.72,890.72,0.9496666666666667,,0,0,0,0,1.1037609979999843
agrawal_none_sticky,sgd,always_rebuild,0,0,1,1,1,0,0,0,1,0,2560,450000.0,10.0,10.0,0.48244444444444445,,0,1,0,0,0.12064870400001837
agrawal_none_sticky,sgd,always_rebuild,0,1,0,0,0,0,0,0,0,0,0,450000.0,10.0,10.0,0.5272666666666667,,0,0,0,0,0.09707417699996768
agrawal_none_sticky,sgd,always_rebuild,0,2,17,17,17,0,0,0,17,0,779488,450000.0,10.0,10.0,0.548,,0,17,0,0,0.23156698000002507
agrawal_none_sticky,sgd,always_rebuild,0,3,2,2,2,0,0,0,2,0,138000,450000.0,10.0,10.0,0.4408888888888889,,0,2,0,0,0.12479304500004673
agrawal_none_sticky,sgd,always_rebuild,0,4,5,5,5,0,0,0,5,0,295448,450000.0,10.0,10.0,0.5221777777777777,,0,5,0,0,0.13393167100002756
agrawal_none_sticky,sgd,always_rebuild,200,0,12,12,1,11,0,0,1,0,20008,450000.0,10.0,10.0,0.5943333333333334,,0,12,0,11,0.12411658999997144
agrawal_none_sticky,sgd,always_rebuild,200,1,0,0,0,0,0,0,0,0,0,450000.0,10.0,10.0,0.5272666666666667,,0,0,0,0,0.0995409979999522
agrawal_none_sticky,sgd,always_rebuild,200,2,34,29,9,20,0,0,9,0,611520,450000.0,10.0,10.0,0.5193555555555556,,0,29,0,20,0.2028302049999411
agrawal_none_sticky,sgd,always_rebuild,200,3,1,1,0,1,0,0,0,0,0,450000.0,10.0,10.0,0.42873333333333336,,0,1,0,1,0.1136959460000071
agrawal_none_sticky,sgd,always_rebuild,200,4,4,4,2,2,0,0,2,0,153000,450000.0,10.0,10.0,0.4633333333333333,,0,4,0,2,0.11985815299999558
agrawal_none_sticky,sgd,always_rebuild,500,0,84,53,1,52,0,0,1,0,64684,450000.0,10.0,10.0,0.6693111111111111,,0,53,0,52,0.15299586599996928
agrawal_none_sticky,sgd,always_rebuild,500,1,0,0,0,0,0,0,0,0,0,450000.0,10.0,10.0,0.5272666666666667,,0,0,0,0,0.10293337999996766
agrawal_none_sticky,sgd,always_rebuild,500,2,28,22,6,16,0,0,6,0,373360,450000.0,10.0,10.0,0.5450222222222222,,0,22,0,16,0.16729554000005464
agrawal_none_sticky,sgd,always_rebuild,500,3,23,13,2,11,0,0,2,0,123016,450000.0,10.0,10.0,0.4845555555555556,,0,13,0,11,0.13787167999998928
agrawal_none_sticky,sgd,always_rebuild,500,4,5,4,0,4,0,0,0,0,0,450000.0,10.0,10.0,0.41715555555555556,,0,4,0,4,0.10646077399997012
agrawal_none_sticky,sgd,mechanism_selector,0,0,1,1,1,0,0,0,1,1,2560,450000.0,10.0,10.0,0.48244444444444445,,0,1,0,0,0.1208295400000452
agrawal_none_sticky,sgd,mechanism_selector,0,1,0,0,0,0,0,0,0,0,0,450000.0,10.0,10.0,0.5272666666666667,,0,0,0,0,0.09962818300004983
agrawal_none_sticky,sgd,mechanism_selector,0,2,5,5,5,0,1,0,4,1,172361,450000.0,10.0,10.0,0.4642,,0,5,0,0,0.13826032999998006
agrawal_none_sticky,sgd,mechanism_selector,0,3,1,1,1,0,1,0,0,0,0,450000.0,10.0,10.0,0.42873333333333336,,0,1,0,0,0.11593331700009912
agrawal_none_sticky,sgd,mechanism_selector,0,4,8,8,8,0,4,1,3,0,182463,450000.0,10.0,10.0,0.4417333333333333,,0,8,0,0,0.14235922099999243
agrawal_none_sticky,sgd,mechanism_selector,200,0,14,11,3,8,2,1,0,0,800,450000.0,10.0,10.0,0.49417777777777777,,0,11,0,8,0.12595883599999524
agrawal_none_sticky,sgd,mechanism_selector,200,1,0,0,0,0,0,0,0,0,0,450000.0,10.0,10.0,0.5272666666666667,,0,0,0,0,0.0969918419999658
agrawal_none_sticky,sgd,mechanism_selector,200,2,12,11,5,6,1,1,3,0,128071,450000.0,10.0,10.0,0.4344,,0,11,0,6,0.15362510699992526
agrawal_none_sticky,sgd,mechanism_selector,200,3,1,1,0,1,0,0,0,0,0,450000.0,10.0,10.0,0.42873333333333336,,0,1,0,1,0.1151133570000411
agrawal_none_sticky,sgd,mechanism_selector,200,4,31,26,6,20,1,2,3,1,41912,450000.0,10.0,10.0,0.4072222222222222,,0,26,0,20,0.14538507600002504
agrawal_none_sticky,sgd,mechanism_selector,500,0,84,55,1,54,1,0,0,0,0,450000.0,10.0,10.0,0.6718222222222222,,0,55,0,54,0.15254506500002663
agrawal_none_sticky,sgd,mechanism_selector,500,1,0,0,0,0,0,0,0,0,0,450000.0,10.0,10.0,0.5272666666666667,,0,0,0,0,0.09755108600006679
agrawal_none_sticky,sgd,mechanism_selector,500,2,51,39,4,35,2,1,1,0,100600,450000.0,10.0,10.0,0.5458888888888889,,0,39,0,35,0.1537816610000391
agrawal_none_sticky,sgd,mechanism_selector,500,3,23,13,2,11,0,1,1,0,39276,450000.0,10.0,10.0,0.4844888888888889,,0,13,0,11,0.14234328599991386
agrawal_none_sticky,sgd,mechanism_selector,500,4,5,4,0,4,0,0,0,0,0,450000.0,10.0,10.0,0.41715555555555556,,0,4,0,4,0.10593161500003134
agrawal_none_sticky,sgd,never_adapt,0,0,84,84,84,0,84,0,0,0,0,450000.0,10.0,10.0,0.6718222222222222,,0,84,0,0,0.2764005020000013
agrawal_none_sticky,sgd,never_adapt,0,1,0,0,0,0,0,0,0,0,0,450000.0,10.0,10.0,0.5272666666666667,,0,0,0,0,0.09765315399999963
agrawal_none_sticky,sgd,never_adapt,0,2,69,69,69,0,69,0,0,0,0,450000.0,10.0,10.0,0.6696,,0,69,0,0,0.2579781419999563
agrawal_none_sticky,sgd,never_adapt,0,3,1,1,1,0,1,0,0,0,0,450000.0,10.0,10.0,0.42873333333333336,,0,1,0,0,0.11508571100000609
agrawal_none_sticky,sgd,never_adapt,0,4,5,5,5,0,5,0,0,0,0,450000.0,10.0,10.0,0.41715555555555556,,0,5,0,0,0.1119990099999768
agrawal_none_sticky,xgb,always_rebuild,0,0,0,0,0,0,0,0,0,0,0,25367940.0,563.732,563.732,0.9409777777777778,,0,0,0,0,0.5103939900000114
agrawal_none_sticky,xgb,always_rebuild,0,1,0,0,0,0,0,0,0,0,0,26122545.0,580.501,580.501,0.9407777777777778,,0,0,0,0,0.47796993300005397
agrawal_none_sticky,xgb,always_rebuild,0,2,0,0,0,0,0,0,0,0,0,25493400.0,566.52,566.52,0.9435111111111111,,0,0,0,0,0.4646327069999643
agrawal_none_sticky,xgb,always_rebuild,0,3,0,0,0,0,0,0,0,0,0,24977655.0,555.059,555.059,0.9421777777777778,,0,0,0,0,0.4419068930000094
agrawal_none_sticky,xgb,always_rebuild,0,4,0,0,0,0,0,0,0,0,0,24964289.999999996,554.762,554.762,0.9436888888888889,,0,0,0,0,0.42598574800001643
agrawal_none_sticky,xgb,always_rebuild,200,0,0,0,0,0,0,0,0,0,0,25367940.0,563.732,563.732,0.9409777777777778,,0,0,0,0,0.6196202720000201
agrawal_none_sticky,xgb,always_rebuild,200,1,0,0,0,0,0,0,0,0,0,26122545.0,580.501,580.501,0.9407777777777778,,0,0,0,0,0.5260027470000068
agrawal_none_sticky,xgb,always_rebuild,200,2,0,0,0,0,0,0,0,0,0,25493400.0,566.52,566.52,0.9435111111111111,,0,0,0,0,0.47464959199999157
agrawal_none_sticky,xgb,always_rebuild,200,3,0,0,0,0,0,0,0,0,0,24977655.0,555.059,555.059,0.9421777777777778,,0,0,0,0,0.6007251060000272
agrawal_none_sticky,xgb,always_rebuild,200,4,0,0,0,0,0,0,0,0,0,24964289.999999996,554.762,554.762,0.9436888888888889,,0,0,0,0,0.48737594899989745
agrawal_none_sticky,xgb,always_rebuild,500,0,0,0,0,0,0,0,0,0,0,25367940.0,563.732,563.732,0.9409777777777778,,0,0,0,0,0.40712992700002815
agrawal_none_sticky,xgb,always_rebuild,500,1,0,0,0,0,0,0,0,0,0,26122545.0,580.501,580.501,0.9407777777777778,,0,0,0,0,0.5233291399999871
agrawal_none_sticky,xgb,always_rebuild,500,2,0,0,0,0,0,0,0,0,0,25493400.0,566.52,566.52,0.9435111111111111,,0,0,0,0,0.46934476199999153
agrawal_none_sticky,xgb,always_rebuild,500,3,0,0,0,0,0,0,0,0,0,24977655.0,555.059,555.059,0.9421777777777778,,0,0,0,0,0.5259468149999975
agrawal_none_sticky,xgb,always_rebuild,500,4,0,0,0,0,0,0,0,0,0,24964289.999999996,554.762,554.762,0.9436888888888889,,0,0,0,0,0.5741157009999824
agrawal_none_sticky,xgb,mechanism_selector,0,0,0,0,0,0,0,0,0,0,0,25367940.0,563.732,563.732,0.9409777777777778,,0,0,0,0,0.4566498000000365
agrawal_none_sticky,xgb,mechanism_selector,0,1,0,0,0,0,0,0,0,0,0,26122545.0,580.501,580.501,0.9407777777777778,,0,0,0,0,0.4591305010000042
agrawal_none_sticky,xgb,mechanism_selector,0,2,0,0,0,0,0,0,0,0,0,25493400.0,566.52,566.52,0.9435111111111111,,0,0,0,0,0.46348581600000216
agrawal_none_sticky,xgb,mechanism_selector,0,3,0,0,0,0,0,0,0,0,0,24977655.0,555.059,555.059,0.9421777777777778,,0,0,0,0,0.4756450859999859
agrawal_none_sticky,xgb,mechanism_selector,0,4,0,0,0,0,0,0,0,0,0,24964289.999999996,554.762,554.762,0.9436888888888889,,0,0,0,0,0.44769677299996147
agrawal_none_sticky,xgb,mechanism_selector,200,0,0,0,0,0,0,0,0,0,0,25367940.0,563.732,563.732,0.9409777777777778,,0,0,0,0,0.42041563300006146
agrawal_none_sticky,xgb,mechanism_selector,200,1,0,0,0,0,0,0,0,0,0,26122545.0,580.501,580.501,0.9407777777777778,,0,0,0,0,0.46972431500000766
agrawal_none_sticky,xgb,mechanism_selector,200,2,0,0,0,0,0,0,0,0,0,25493400.0,566.52,566.52,0.9435111111111111,,0,0,0,0,0.4603749279999647
agrawal_none_sticky,xgb,mechanism_selector,200,3,0,0,0,0,0,0,0,0,0,24977655.0,555.059,555.059,0.9421777777777778,,0,0,0,0,0.4330203279999978
agrawal_none_sticky,xgb,mechanism_selector,200,4,0,0,0,0,0,0,0,0,0,24964289.999999996,554.762,554.762,0.9436888888888889,,0,0,0,0,0.487807212000007
agrawal_none_sticky,xgb,mechanism_selector,500,0,0,0,0,0,0,0,0,0,0,25367940.0,563.732,563.732,0.9409777777777778,,0,0,0,0,0.4082013160000315
agrawal_none_sticky,xgb,mechanism_selector,500,1,0,0,0,0,0,0,0,0,0,26122545.0,580.501,580.501,0.9407777777777778,,0,0,0,0,0.422689562999949
agrawal_none_sticky,xgb,mechanism_selector,500,2,0,0,0,0,0,0,0,0,0,25493400.0,566.52,566.52,0.9435111111111111,,0,0,0,0,0.4529319600000008
agrawal_none_sticky,xgb,mechanism_selector,500,3,0,0,0,0,0,0,0,0,0,24977655.0,555.059,555.059,0.9421777777777778,,0,0,0,0,0.482704181000031
agrawal_none_sticky,xgb,mechanism_selector,500,4,0,0,0,0,0,0,0,0,0,24964289.999999996,554.762,554.762,0.9436888888888889,,0,0,0,0,0.4430109129999664
agrawal_none_sticky,xgb,never_adapt,0,0,0,0,0,0,0,0,0,0,0,25367940.0,563.732,563.732,0.9409777777777778,,0,0,0,0,0.4151844659999142
agrawal_none_sticky,xgb,never_adapt,0,1,0,0,0,0,0,0,0,0,0,26122545.0,580.501,580.501,0.9407777777777778,,0,0,0,0,0.4596865200001048
agrawal_none_sticky,xgb,never_adapt,0,2,0,0,0,0,0,0,0,0,0,25493400.0,566.52,566.52,0.9435111111111111,,0,0,0,0,0.41963309000004756
agrawal_none_sticky,xgb,never_adapt,0,3,0,0,0,0,0,0,0,0,0,24977655.0,555.059,555.059,0.9421777777777778,,0,0,0,0,0.411540844000001
agrawal_none_sticky,xgb,never_adapt,0,4,0,0,0,0,0,0,0,0,0,24964289.999999996,554.762,554.762,0.9436888888888889,,0,0,0,0,0.455054809000103
sea_abrupt_iid,gnb,always_rebuild,0,0,3,3,3,0,0,0,3,0,3000,630000.0,14.0,14.0,0.8425777777777778,0.8036666666666666,1,2,0,0,0.09681745899996486
sea_abrupt_iid,gnb,always_rebuild,0,1,2,2,2,0,0,0,2,0,2000,630000.0,14.0,14.0,0.8657777777777778,0.8435,1,1,0,0,0.0952774979999731
sea_abrupt_iid,gnb,always_rebuild,0,2,2,2,2,0,0,0,2,0,2000,630000.0,14.0,14.0,0.8682666666666666,0.8495,0,2,0,0,0.09409800200000973
sea_abrupt_iid,gnb,always_rebuild,0,3,3,3,3,0,0,0,3,0,3000,630000.0,14.0,14.0,0.8497555555555556,0.8081666666666667,1,2,0,0,0.10207683299995551
sea_abrupt_iid,gnb,always_rebuild,0,4,3,3,3,0,0,0,3,0,3000,630000.0,14.0,14.0,0.8376444444444444,0.7965,1,2,0,0,0.09562947999995686
sea_abrupt_iid,gnb,always_rebuild,200,0,2,2,1,1,0,0,1,0,1000,630000.0,14.0,14.0,0.8518222222222223,0.834,1,1,0,1,0.09031417500000316
sea_abrupt_iid,gnb,always_rebuild,200,1,2,2,1,1,0,0,1,0,1000,630000.0,14.0,14.0,0.8652,0.8565,1,1,0,1,0.09404600300001675
sea_abrupt_iid,gnb,always_rebuild,200,2,2,2,2,0,0,0,2,0,2000,630000.0,14.0,14.0,0.8688222222222223,0.8521666666666666,0,2,0,0,0.09855464999998276
sea_abrupt_iid,gnb,always_rebuild,200,3,3,3,3,0,0,0,3,0,3000,630000.0,14.0,14.0,0.8479333333333333,0.8033333333333333,1,2,0,0,0.10097791900000175
sea_abrupt_iid,gnb,always_rebuild,200,4,3,3,2,1,0,0,2,0,2000,630000.0,14.0,14.0,0.8262,0.8109999999999999,1,2,0,1,0.09219376900000498
sea_abrupt_iid,gnb,always_rebuild,500,0,4,4,3,1,0,0,3,0,3000,630000.0,14.0,14.0,0.8671333333333333,0.8346666666666667,1,3,0,1,0.0994716249999783
sea_abrupt_iid,gnb,always_rebuild,500,1,1,1,1,0,0,0,1,0,1000,630000.0,14.0,14.0,0.8692444444444445,0.862,1,0,0,0,0.09292145099999516
sea_abrupt_iid,gnb,always_rebuild,500,2,2,2,1,1,0,0,1,0,1000,630000.0,14.0,14.0,0.8685777777777778,0.854,0,2,0,1,0.0922153230000049
sea_abrupt_iid,gnb,always_rebuild,500,3,5,5,3,2,0,0,3,0,3000,630000.0,14.0,14.0,0.8664222222222222,0.8261666666666667,2,3,0,2,0.10452274299996134
sea_abrupt_iid,gnb,always_rebuild,500,4,5,5,3,2,0,0,3,0,3000,630000.0,14.0,14.0,0.8568888888888889,0.8288333333333333,1,4,0,2,0.10625889400000688
sea_abrupt_iid,gnb,mechanism_selector,0,0,3,3,3,0,0,1,2,0,4400,630000.0,14.0,14.0,0.8366,0.8036666666666666,1,2,0,0,0.09898105700000315
sea_abrupt_iid,gnb,mechanism_selector,0,1,2,2,2,0,0,1,1,0,2600,630000.0,14.0,14.0,0.8589333333333333,0.8435,1,1,0,0,0.12096727899995585
sea_abrupt_iid,gnb,mechanism_selector,0,2,2,2,2,0,0,1,1,0,2600,630000.0,14.0,14.0,0.8669555555555556,0.8495,0,2,0,0,0.09606830200004879
sea_abrupt_iid,gnb,mechanism_selector,0,3,3,3,3,0,0,0,3,0,5400,630000.0,14.0,14.0,0.8497555555555556,0.8081666666666667,1,2,0,0,0.10688104500002282
sea_abrupt_iid,gnb,mechanism_selector,0,4,3,3,3,0,0,0,3,0,5400,630000.0,14.0,14.0,0.8376444444444444,0.7965,1,2,0,0,0.10889555400001427
sea_abrupt_iid,gnb,mechanism_selector,200,0,2,2,1,1,0,0,1,0,1800,630000.0,14.0,14.0,0.8518222222222223,0.834,1,1,0,1,0.10327826200000345
sea_abrupt_iid,gnb,mechanism_selector,200,1,2,2,1,1,0,0,1,0,1800,630000.0,14.0,14.0,0.8652,0.8565,1,1,0,1,0.09881448100003354
sea_abrupt_iid,gnb,mechanism_selector,200,2,2,2,2,0,0,0,2,0,3600,630000.0,14.0,14.0,0.8688222222222223,0.8521666666666666,0,2,0,0,0.09695959399994081
sea_abrupt_iid,gnb,mechanism_selector,200,3,3,3,3,0,0,0,3,0,5400,630000.0,14.0,14.0,0.8479333333333333,0.8033333333333333,1,2,0,0,0.10549070700005814
sea_abrupt_iid,gnb,mechanism_selector,200,4,3,3,2,1,0,1,1,0,2600,630000.0,14.0,14.0,0.8462888888888889,0.8075,1,2,1,0,0.09217851500000052
sea_abrupt_iid,gnb,mechanism_selector,500,0,3,3,2,1,0,1,1,0,2600,630000.0,14.0,14.0,0.8256222222222223,0.8003333333333333,1,2,0,1,0.09516680399997313
sea_abrupt_iid,gnb,mechanism_selector,500,1,2,2,1,1,0,1,0,0,800,630000.0,14.0,14.0,0.8326666666666667,0.8220000000000001,1,1,0,1,0.0911908499999754
sea_abrupt_iid,gnb,mechanism_selector,500,2,2,2,1,1,0,0,1,0,1800,630000.0,14.0,14.0,0.8685777777777778,0.854,0,2,0,1,0.08920280699999239
sea_abrupt_iid,gnb,mechanism_selector,500,3,4,4,4,0,0,1,3,0,6200,630000.0,14.0,14.0,0.8443111111111111,0.7916666666666666,1,3,0,0,0.1096766389999857
sea_abrupt_iid,gnb,mechanism_selector,500,4,5,5,3,2,0,0,3,0,5400,630000.0,14.0,14.0,0.8568888888888889,0.8288333333333333,1,4,0,2,0.10693101499998647
sea_abrupt_iid,gnb,never_adapt,0,0,2,2,2,0,2,0,0,0,0,630000.0,14.0,14.0,0.8304888888888889,0.8203333333333334,1,1,0,0,0.09302747700002101
sea_abrupt_iid,gnb,never_adapt,0,1,2,2,2,0,2,0,0,0,0,630000.0,14.0,14.0,0.824,0.815,1,1,0,0,0.09387821799998619
sea_abrupt_iid,gnb,never_adapt,0,2,2,2,2,0,2,0,0,0,0,630000.0,14.0,14.0,0.8251777777777778,0.8185,0,2,0,0,0.08887049500003741
sea_abrupt_iid,gnb,never_adapt,0,3,3,3,3,0,3,0,0,0,0,630000.0,14.0,14.0,0.8267111111111111,0.8096666666666666,0,3,0,0,0.09337558499998977
sea_abrupt_iid,gnb,never_adapt,0,4,3,3,3,0,3,0,0,0,0,630000.0,14.0,14.0,0.8264444444444444,0.8211666666666666,0,3,0,0,0.0937691960000393
sea_abrupt_iid,rf,always_rebuild,0,0,3,3,3,0,0,0,3,0,300000,48657984.528,1432.187,979.182,0.8476888888888889,0.806,2,1,0,0,2.3461340160000077
sea_abrupt_iid,rf,always_rebuild,0,1,3,3,3,0,0,0,3,0,300000,49920721.912,1335.581,966.763,0.8332888888888889,0.8066666666666666,2,1,0,0,2.1874684559999764
sea_abrupt_iid,rf,always_rebuild,0,2,2,2,2,0,0,0,2,0,200000,47133611.2,1362.845,945.828,0.8632,0.8428333333333333,1,1,0,0,1.8743306930000472
sea_abrupt_iid,rf,always_rebuild,0,3,3,3,3,0,0,0,3,0,300000,48187734.08,1391.573,1017.036,0.8460444444444445,0.8123333333333334,2,1,0,0,2.4062301389999448
sea_abrupt_iid,rf,always_rebuild,0,4,3,3,3,0,0,0,3,0,300000,47283830.168,1351.466,941.363,0.8447111111111111,0.793,1,2,0,0,2.248431310000001
sea_abrupt_iid,rf,always_rebuild,200,0,3,3,3,0,0,0,3,0,300000,48499088.919999994,1432.187,1002.506,0.8555111111111111,0.8201666666666667,2,1,0,0,2.3986383719999935
sea_abrupt_iid,rf,always_rebuild,200,1,3,3,2,1,0,0,2,0,200000,49995902.088,1335.581,1063.264,0.8432444444444445,0.8220000000000001,2,1,0,1,1.8815060790000189
sea_abrupt_iid,rf,always_rebuild,200,2,3,3,2,1,0,0,2,0,200000,47792394.664000005,1362.845,984.15,0.8392888888888889,0.8231666666666666,2,1,0,1,1.8178733360000479
sea_abrupt_iid,rf,always_rebuild,200,3,3,3,3,0,0,0,3,0,300000,48755780.104,1391.573,1026.48,0.8527333333333333,0.8161666666666667,2,1,0,0,2.2246203599999035
sea_abrupt_iid,rf,always_rebuild,200,4,3,3,2,1,0,0,2,0,200000,48130146.832,1351.466,997.963,0.8392666666666667,0.8171666666666667,1,2,0,1,1.9123651649999829
sea_abrupt_iid,rf,always_rebuild,500,0,4,4,2,2,0,0,2,0,200000,48486577.95999999,1432.187,985.135,0.8563555555555555,0.8306666666666667,2,2,0,2,2.109867562999966
sea_abrupt_iid,rf,always_rebuild,500,1,4,4,2,2,0,0,2,0,200000,49293648.744,1335.581,1013.669,0.8578666666666667,0.8338333333333333,2,2,0,2,1.8533322760000033
sea_abrupt_iid,rf,always_rebuild,500,2,2,2,2,0,0,0,2,0,200000,47116038.1,1362.845,958.516,0.8585555555555555,0.8328333333333333,2,0,0,0,1.8108133560000397
sea_abrupt_iid,rf,always_rebuild,500,3,4,4,3,1,0,0,3,0,300000,48352487.26800001,1391.573,1008.056,0.8635111111111111,0.8291666666666666,2,2,0,1,2.1971193159999984
sea_abrupt_iid,rf,always_rebuild,500,4,4,4,3,1,0,0,3,0,300000,47682940.699999996,1351.466,950.153,0.8639555555555556,0.8373333333333334,1,3,0,1,2.1272151949999625
sea_abrupt_iid,rf,mechanism_selector,0,0,3,3,3,0,0,0,3,0,312000,48657984.528,1432.187,979.182,0.8476888888888889,0.806,2,1,0,0,2.3600323770000387
sea_abrupt_iid,rf,mechanism_selector,0,1,3,3,3,0,0,0,3,0,312000,49920721.912,1335.581,966.763,0.8332888888888889,0.8066666666666666,2,1,0,0,2.2729709459999867
sea_abrupt_iid,rf,mechanism_selector,0,2,2,2,2,0,0,0,2,0,208000,47133611.2,1362.845,945.828,0.8632,0.8428333333333333,1,1,0,0,2.007712979999951
sea_abrupt_iid,rf,mechanism_selector,0,3,3,3,3,0,0,0,3,0,312000,48187734.08,1391.573,1017.036,0.8460444444444445,0.8123333333333334,2,1,0,0,2.2863112789999605
sea_abrupt_iid,rf,mechanism_selector,0,4,3,3,3,0,0,0,3,0,312000,47283830.168,1351.466,941.363,0.8447111111111111,0.793,1,2,0,0,2.0933985159999793
sea_abrupt_iid,rf,mechanism_selector,200,0,3,3,3,0,0,0,3,0,312000,48499088.919999994,1432.187,1002.506,0.8555111111111111,0.8201666666666667,2,1,0,0,2.3391503450000073
sea_abrupt_iid,rf,mechanism_selector,200,1,3,3,2,1,0,0,2,0,208000,49995902.088,1335.581,1063.264,0.8432444444444445,0.8220000000000001,2,1,0,1,1.8927950600000258
sea_abrupt_iid,rf,mechanism_selector,200,2,3,3,2,1,0,0,2,0,208000,47792394.664000005,1362.845,984.15,0.8392888888888889,0.8231666666666666,2,1,0,1,2.0881534789999705
sea_abrupt_iid,rf,mechanism_selector,200,3,3,3,3,0,0,0,3,0,312000,48755780.104,1391.573,1026.48,0.8527333333333333,0.8161666666666667,2,1,0,0,2.438884004999977
sea_abrupt_iid,rf,mechanism_selector,200,4,3,3,2,1,0,0,2,0,208000,48130146.832,1351.466,997.963,0.8392666666666667,0.8171666666666667,1,2,0,1,1.8746375210000679
sea_abrupt_iid,rf,mechanism_selector,500,0,2,2,2,0,1,0,1,0,104000,59685547.9,1432.187,960.616,0.8474888888888888,0.8206666666666667,1,1,0,0,1.8519364169999903
sea_abrupt_iid,rf,mechanism_selector,500,1,4,4,2,2,0,0,2,0,208000,49293648.744,1335.581,1013.669,0.8578666666666667,0.8338333333333333,2,2,0,2,2.0686147750000146
sea_abrupt_iid,rf,mechanism_selector,500,2,2,2,2,0,0,0,2,0,208000,47116038.1,1362.845,958.516,0.8585555555555555,0.8328333333333333,2,0,0,0,1.9484780929999488
sea_abrupt_iid,rf,mechanism_selector,500,3,4,4,3,1,0,0,3,0,312000,48352487.26800001,1391.573,1008.056,0.8635111111111111,0.8291666666666666,2,2,0,1,2.465948774000026
sea_abrupt_iid,rf,mechanism_selector,500,4,3,3,3,0,1,0,2,0,208000,57205564.923999995,1351.466,963.361,0.8465555555555555,0.8216666666666667,0,3,0,0,2.191682818000004
sea_abrupt_iid,rf,never_adapt,0,0,2,2,2,0,2,0,0,0,0,64448415.0,1432.187,1432.187,0.8315777777777777,0.8206666666666667,1,1,0,0,2.414603742000054
sea_abrupt_iid,rf,never_adapt,0,1,2,2,2,0,2,0,0,0,0,60101144.99999999,1335.581,1335.581,0.8299333333333333,0.8146666666666667,1,1,0,0,1.8106736109999702
sea_abrupt_iid,rf,never_adapt,0,2,2,2,2,0,2,0,0,0,0,61328025.0,1362.845,1362.845,0.8333555555555555,0.8263333333333334,1,1,0,0,2.1266866979999577
sea_abrupt_iid,rf,never_adapt,0,3,2,2,2,0,2,0,0,0,0,62620785.00000001,1391.573,1391.573,0.8293777777777778,0.8138333333333333,2,0,0,0,2.280242654999938
sea_abrupt_iid,rf,never_adapt,0,4,2,2,2,0,2,0,0,0,0,60815969.99999999,1351.466,1351.466,0.8298888888888889,0.8216666666666667,0,2,0,0,2.010150511000006
sea_abrupt_iid,sgd,always_rebuild,0,0,3,3,3,0,0,0,3,0,239000,180000.0,4.0,4.0,0.5914444444444444,0.5881666666666667,1,2,0,0,0.12624620700000833
sea_abrupt_iid,sgd,always_rebuild,0,1,3,3,3,0,0,0,3,0,247000,180000.0,4.0,4.0,0.7746444444444445,0.7376666666666667,1,2,0,0,0.11669070499999634
sea_abrupt_iid,sgd,always_rebuild,0,2,3,3,3,0,0,0,3,0,213000,180000.0,4.0,4.0,0.6276,0.5915,0,3,0,0,0.125757091999958
sea_abrupt_iid,sgd,always_rebuild,0,3,3,3,3,0,0,0,3,0,287000,180000.0,4.0,4.0,0.6999777777777778,0.7204999999999999,1,2,0,0,0.1168331119999948
sea_abrupt_iid,sgd,always_rebuild,0,4,2,2,2,0,0,0,2,0,123000,180000.0,4.0,4.0,0.7535777777777778,0.775,2,0,0,0,0.12304914699996061
sea_abrupt_iid,sgd,always_rebuild,200,0,5,5,3,2,0,0,3,0,182664,180000.0,4.0,4.0,0.5642222222222222,0.5126666666666666,2,3,1,1,0.13066809999997986
sea_abrupt_iid,sgd,always_rebuild,200,1,4,4,3,1,0,0,3,0,338000,180000.0,4.0,4.0,0.7706,0.7278333333333333,1,3,0,1,0.12238111599998547
sea_abrupt_iid,sgd,always_rebuild,200,2,3,3,0,3,0,0,0,0,0,180000.0,4.0,4.0,0.3864,0.39083333333333337,1,2,1,2,0.10044291899998825
sea_abrupt_iid,sgd,always_rebuild,200,3,2,2,2,0,0,0,2,0,214000,180000.0,4.0,4.0,0.7926222222222222,0.7873333333333333,0,2,0,0,0.10779826800001047
sea_abrupt_iid,sgd,always_rebuild,200,4,2,2,1,1,0,0,1,0,79000,180000.0,4.0,4.0,0.7969111111111111,0.7983333333333333,2,0,1,0,0.10024708700007068
sea_abrupt_iid,sgd,always_rebuild,500,0,5,5,2,3,0,0,2,0,141000,180000.0,4.0,4.0,0.7004444444444444,0.6573333333333333,0,5,0,3,0.12262097300003916
sea_abrupt_iid,sgd,always_rebuild,500,1,3,3,2,1,0,0,2,0,188000,180000.0,4.0,4.0,0.814,0.7781666666666667,1,2,0,1,0.1352862489999893
sea_abrupt_iid,sgd,always_rebuild,500,2,3,3,0,3,0,0,0,0,0,180000.0,4.0,4.0,0.3864,0.39083333333333337,1,2,1,2,0.10801624800001264
sea_abrupt_iid,sgd,always_rebuild,500,3,3,3,3,0,0,0,3,0,266000,180000.0,4.0,4.0,0.7650666666666667,0.7256666666666667,1,2,0,0,0.11567448100004185
sea_abrupt_iid,sgd,always_rebuild,500,4,4,4,1,3,0,0,1,0,87000,180000.0,4.0,4.0,0.8410222222222222,0.8433333333333333,2,2,1,2,0.10652587499998845
sea_abrupt_iid,sgd,mechanism_selector,0,0,2,2,2,0,1,1,0,0,800,180000.0,4.0,4.0,0.7809333333333334,0.7736666666666667,1,1,0,0,0.1087052380000273
sea_abrupt_iid,sgd,mechanism_selector,0,1,3,3,3,0,1,1,1,0,64600,180000.0,4.0,4.0,0.6094666666666667,0.5671666666666666,1,2,0,0,0.1122673309999982
sea_abrupt_iid,sgd,mechanism_selector,0,2,2,2,2,0,0,2,0,0,1600,180000.0,4.0,4.0,0.7186444444444444,0.6806666666666666,1,1,0,0,0.10915601399995012
sea_abrupt_iid,sgd,mechanism_selector,0,3,3,3,3,0,2,0,1,0,78800,180000.0,4.0,4.0,0.658,0.6845,1,2,0,0,0.10539529300001504
sea_abrupt_iid,sgd,mechanism_selector,0,4,3,3,3,0,1,0,2,0,198600,180000.0,4.0,4.0,0.7941555555555555,0.7908333333333333,2,1,0,0,0.12043854699993517
sea_abrupt_iid,sgd,mechanism_selector,200,0,5,5,2,3,0,1,1,0,91600,180000.0,4.0,4.0,0.5675333333333333,0.5138333333333334,2,3,1,2,0.12208624700002702
sea_abrupt_iid,sgd,mechanism_selector,200,1,4,4,2,2,0,1,1,0,110600,180000.0,4.0,4.0,0.7808222222222222,0.7491666666666666,1,3,0,2,0.10879711599994835
sea_abrupt_iid,sgd,mechanism_selector,200,2,3,3,0,3,0,0,0,0,0,180000.0,4.0,4.0,0.3864,0.39083333333333337,1,2,1,2,0.10138861999996607
sea_abrupt_iid,sgd,mechanism_selector,200,3,2,2,2,0,0,0,2,0,215600,180000.0,4.0,4.0,0.7926222222222222,0.7873333333333333,0,2,0,0,0.11760425299996768
sea_abrupt_iid,sgd,mechanism_selector,200,4,3,3,1,2,0,1,0,0,800,180000.0,4.0,4.0,0.7745777777777778,0.7721666666666667,2,1,1,1,0.11139439399994444
sea_abrupt_iid,sgd,mechanism_selector,500,0,4,4,2,2,0,2,0,0,1465,180000.0,4.0,4.0,0.7829555555555555,0.7698333333333334,1,3,1,1,0.11940830499997901
sea_abrupt_iid,sgd,mechanism_selector,500,1,4,4,2,2,0,1,1,0,93600,180000.0,4.0,4.0,0.8084222222222223,0.767,1,3,0,2,0.11432948899999928
sea_abrupt_iid,sgd,mechanism_selector,500,2,3,3,0,3,0,0,0,0,0,180000.0,4.0,4.0,0.3864,0.39083333333333337,1,2,1,2,0.10212062000005062
sea_abrupt_iid,sgd,mechanism_selector,500,3,4,4,3,1,1,1,1,0,61600,180000.0,4.0,4.0,0.7961777777777778,0.7735,1,3,0,1,0.10693142999991778
sea_abrupt_iid,sgd,mechanism_selector,500,4,3,3,2,1,0,2,0,0,1600,180000.0,4.0,4.0,0.7912444444444444,0.779,2,1,1,0,0.1138962590000574
sea_abrupt_iid,sgd,never_adapt,0,0,3,3,3,0,3,0,0,0,0,180000.0,4.0,4.0,0.6639111111111111,0.6756666666666666,1,2,0,0,0.11567967100000942
sea_abrupt_iid,sgd,never_adapt,0,1,3,3,3,0,3,0,0,0,0,180000.0,4.0,4.0,0.7510222222222223,0.76,1,2,0,0,0.10425008099997513
sea_abrupt_iid,sgd,never_adapt,0,2,3,3,3,0,3,0,0,0,0,180000.0,4.0,4.0,0.3864,0.39083333333333337,1,2,0,0,0.10553583199998684
sea_abrupt_iid,sgd,never_adapt,0,3,2,2,2,0,2,0,0,0,0,180000.0,4.0,4.0,0.8297555555555556,0.8163333333333334,1,1,0,0,0.09327943499999947
sea_abrupt_iid,sgd,never_adapt,0,4,3,3,3,0,3,0,0,0,0,180000.0,4.0,4.0,0.7357777777777778,0.7326666666666667,2,1,0,0,0.10866515099996832
sea_abrupt_iid,xgb,always_rebuild,0,0,3,3,3,0,0,0,3,0,300000,29847228.448,689.147,659.204,0.8253555555555555,0.8055,1,2,0,0,1.3626813269999616
sea_abrupt_iid,xgb,always_rebuild,0,1,2,2,2,0,0,0,2,0,200000,30037721.064000003,689.874,665.777,0.8181555555555555,0.8018333333333334,1,1,0,0,1.0932685920000154
sea_abrupt_iid,xgb,always_rebuild,0,2,3,3,3,0,0,0,3,0,300000,29634961.623999998,689.645,653.655,0.8284,0.8045,1,2,0,0,1.2162195639999709
sea_abrupt_iid,xgb,always_rebuild,0,3,3,3,3,0,0,0,3,0,300000,29739996.608,690.222,656.96,0.8320444444444445,0.8031666666666667,1,2,0,0,1.1791381619999584
sea_abrupt_iid,xgb,always_rebuild,0,4,3,3,3,0,0,0,3,0,300000,29552804.824,689.837,650.891,0.8206444444444444,0.775,1,2,0,0,0.9619128660000342
sea_abrupt_iid,xgb,always_rebuild,200,0,3,3,3,0,0,0,3,0,300000,29772352.088,689.147,657.799,0.8335777777777778,0.8115,1,2,0,0,1.1866229660000158
sea_abrupt_iid,xgb,always_rebuild,200,1,2,2,2,0,0,0,2,0,200000,29940470.128,689.874,661.549,0.8273111111111111,0.8081666666666667,1,1,0,0,1.0136172320000014
sea_abrupt_iid,xgb,always_rebuild,200,2,2,2,2,0,0,0,2,0,200000,29619162.119999997,689.645,652.107,0.8345777777777778,0.8213333333333334,1,1,0,0,0.8929815230000031
sea_abrupt_iid,xgb,always_rebuild,200,3,3,3,3,0,0,0,3,0,300000,29613063.408,690.222,638.896,0.8355333333333334,0.8093333333333333,1,2,0,0,1.4353834889999462
sea_abrupt_iid,xgb,always_rebuild,200,4,2,2,2,0,0,0,2,0,200000,29727446.12,689.837,659.936,0.8203333333333334,0.8001666666666667,1,1,0,0,1.1452694379999002
sea_abrupt_iid,xgb,always_rebuild,500,0,3,3,2,1,0,0,2,0,200000,29651267.012000002,689.147,648.474,0.8427111111111111,0.8195,1,2,0,1,1.1035247389999654
sea_abrupt_iid,xgb,always_rebuild,500,1,3,3,2,1,0,0,2,0,200000,29793949.216,689.874,656.342,0.8435333333333334,0.8220000000000001,1,2,0,1,0.9673337330000322
sea_abrupt_iid,xgb,always_rebuild,500,2,2,2,2,0,0,0,2,0,200000,29686165.292,689.645,655.45,0.8392222222222222,0.8215,1,1,0,0,1.069014890999938
sea_abrupt_iid,xgb,always_rebuild,500,3,2,2,2,0,0,0,2,0,200000,29681645.724,690.222,649.637,0.8461333333333333,0.8195,1,1,0,0,1.2297578339999973
sea_abrupt_iid,xgb,always_rebuild,500,4,3,3,2,1,0,0,2,0,200000,29725898.983999997,689.837,657.205,0.8449777777777778,0.821,1,2,0,1,1.0684429089999412
sea_abrupt_iid,xgb,mechanism_selector,0,0,3,3,3,0,0,1,2,0,212000,29960547.088,689.147,689.666,0.8222888888888888,0.8055,1,2,0,0,1.2932516370000258
sea_abrupt_iid,xgb,mechanism_selector,0,1,2,2,2,0,0,0,2,0,208000,30037721.064000003,689.874,665.777,0.8181555555555555,0.8018333333333334,1,1,0,0,1.150265002000026
sea_abrupt_iid,xgb,mechanism_selector,0,2,3,3,3,0,0,0,3,0,312000,29634961.623999998,689.645,653.655,0.8284,0.8045,1,2,0,0,1.399091573000021
sea_abrupt_iid,xgb,mechanism_selector,0,3,3,3,3,0,0,1,2,0,212000,30103917.584,690.222,689.154,0.8240444444444445,0.7975,1,2,0,0,1.5785881919999838
sea_abrupt_iid,xgb,mechanism_selector,0,4,3,3,3,0,0,1,2,0,212000,29886161.080000002,689.837,689.015,0.8104,0.775,1,2,0,0,1.31646028199998
sea_abrupt_iid,xgb,mechanism_selector,200,0,3,3,3,0,0,0,3,0,312000,29772352.088,689.147,657.799,0.8335777777777778,0.8115,1,2,0,0,1.359608933000004
sea_abrupt_iid,xgb,mechanism_selector,200,1,2,2,2,0,0,0,2,0,208000,29940470.128,689.874,661.549,0.8273111111111111,0.8081666666666667,1,1,0,0,1.206211403999987
sea_abrupt_iid,xgb,mechanism_selector,200,2,2,2,2,0,0,0,2,0,208000,29619162.119999997,689.645,652.107,0.8345777777777778,0.8213333333333334,1,1,0,0,1.1098197960000675
sea_abrupt_iid,xgb,mechanism_selector,200,3,3,3,3,0,0,0,3,0,312000,29613063.408,690.222,638.896,0.8355333333333334,0.8093333333333333,1,2,0,0,1.6934772390000035
sea_abrupt_iid,xgb,mechanism_selector,200,4,2,2,2,0,0,0,2,0,208000,29727446.12,689.837,659.936,0.8203333333333334,0.8001666666666667,1,1,0,0,1.1929100330000892
sea_abrupt_iid,xgb,mechanism_selector,500,0,3,3,2,1,0,0,2,0,208000,29651267.012000002,689.147,648.474,0.8427111111111111,0.8195,1,2,0,1,1.2452847369999631
sea_abrupt_iid,xgb,mechanism_selector,500,1,2,2,2,0,1,0,1,0,104000,30524153.224000003,689.874,642.568,0.8383777777777778,0.8151666666666667,0,2,0,0,1.0310572580000326
sea_abrupt_iid,xgb,mechanism_selector,500,2,2,2,2,0,0,0,2,0,208000,29686165.292,689.645,655.45,0.8392222222222222,0.8215,1,1,0,0,1.1273407810000435
sea_abrupt_iid,xgb,mechanism_selector,500,3,2,2,2,0,0,0,2,0,208000,29681645.724,690.222,649.637,0.8461333333333333,0.8195,1,1,0,0,1.3463880340000287
sea_abrupt_iid,xgb,mechanism_selector,500,4,2,2,2,0,1,1,0,0,4000,31350281.783999998,689.837,722.465,0.8289777777777778,0.8161666666666667,0,2,0,0,0.8031083920000128
sea_abrupt_iid,xgb,never_adapt,0,0,2,2,2,0,2,0,0,0,0,31011615.000000004,689.147,689.147,0.8245333333333333,0.8161666666666667,0,2,0,0,0.9113480640000375
sea_abrupt_iid,xgb,never_adapt,0,1,2,2,2,0,2,0,0,0,0,31044330.0,689.874,689.874,0.8229555555555556,0.8086666666666666,0,2,0,0,0.9580994030000056
sea_abrupt_iid,xgb,never_adapt,0,2,2,2,2,0,2,0,0,0,0,31034025.0,689.645,689.645,0.8268222222222222,0.8220000000000001,0,2,0,0,0.7862852239999825
sea_abrupt_iid,xgb,never_adapt,0,3,2,2,2,0,2,0,0,0,0,31059990.0,690.222,690.222,0.8231333333333334,0.8103333333333333,0,2,0,0,0.7977779299999384
sea_abrupt_iid,xgb,never_adapt,0,4,2,2,2,0,2,0,0,0,0,31042665.0,689.837,689.837,0.8229333333333333,0.8161666666666667,0,2,0,0,0.7144465760000003
sea_abrupt_sticky,gnb,always_rebuild,0,0,3,3,3,0,0,0,3,0,3000,630000.0,14.0,14.0,0.8634666666666667,0.8486666666666667,2,1,0,0,0.10729195999999774
sea_abrupt_sticky,gnb,always_rebuild,0,1,2,2,2,0,0,0,2,0,2000,630000.0,14.0,14.0,0.8612222222222222,0.8463333333333334,1,1,0,0,0.09298445599995375
sea_abrupt_sticky,gnb,always_rebuild,0,2,2,2,2,0,0,0,2,0,2000,630000.0,14.0,14.0,0.8628666666666667,0.8515,0,2,0,0,0.09243462500000987
sea_abrupt_sticky,gnb,always_rebuild,0,3,2,2,2,0,0,0,2,0,2000,630000.0,14.0,14.0,0.8599777777777777,0.8366666666666667,1,1,0,0,0.0961884219999547
sea_abrupt_sticky,gnb,always_rebuild,0,4,4,4,4,0,0,0,4,0,4000,630000.0,14.0,14.0,0.8554888888888889,0.8376666666666667,1,3,0,0,0.13251707400002033
sea_abrupt_sticky,gnb,always_rebuild,200,0,5,5,2,3,0,0,2,0,2000,630000.0,14.0,14.0,0.8467555555555556,0.8301666666666667,3,2,1,2,0.10662165700000514
sea_abrupt_sticky,gnb,always_rebuild,200,1,2,2,2,0,0,0,2,0,2000,630000.0,14.0,14.0,0.8698222222222223,0.856,1,1,0,0,0.09368929599997955
sea_abrupt_sticky,gnb,always_rebuild,200,2,3,3,1,2,0,0,1,0,1000,630000.0,14.0,14.0,0.8619777777777777,0.8636666666666667,0,3,0,2,0.08816908599999351
sea_abrupt_sticky,gnb,always_rebuild,200,3,2,2,2,0,0,0,2,0,2000,630000.0,14.0,14.0,0.8496444444444444,0.8243333333333334,1,1,0,0,0.1036446429999387
sea_abrupt_sticky,gnb,always_rebuild,200,4,3,3,1,2,0,0,1,0,1000,630000.0,14.0,14.0,0.8669333333333333,0.8583333333333334,0,3,0,2,0.08679380299997774
sea_abrupt_sticky,gnb,always_rebuild,500,0,4,4,3,1,0,0,3,0,3000,630000.0,14.0,14.0,0.8637555555555556,0.8416666666666667,2,2,0,1,0.14166788199997882
sea_abrupt_sticky,gnb,always_rebuild,500,1,2,2,2,0,0,0,2,0,2000,630000.0,14.0,14.0,0.8682,0.8491666666666666,1,1,0,0,0.09288255599994955
sea_abrupt_sticky,gnb,always_rebuild,500,2,2,2,1,1,0,0,1,0,1000,630000.0,14.0,14.0,0.8462,0.8405,0,2,0,1,0.0859289009999884
sea_abrupt_sticky,gnb,always_rebuild,500,3,2,2,2,0,0,0,2,0,2000,630000.0,14.0,14.0,0.8520444444444445,0.8258333333333333,1,1,0,0,0.0932218829999556
sea_abrupt_sticky,gnb,always_rebuild,500,4,3,3,1,2,0,0,1,0,1000,630000.0,14.0,14.0,0.8672,0.8578333333333333,0,3,0,2,0.10176137799999196
sea_abrupt_sticky,gnb,mechanism_selector,0,0,3,3,3,0,0,1,2,0,4400,630000.0,14.0,14.0,0.8396444444444444,0.8236666666666667,2,1,0,0,0.10357778599995981
sea_abrupt_sticky,gnb,mechanism_selector,0,1,2,2,2,0,0,0,2,0,3600,630000.0,14.0,14.0,0.8612222222222222,0.8463333333333334,1,1,0,0,0.10002570799997557
sea_abrupt_sticky,gnb,mechanism_selector,0,2,2,2,2,0,0,0,2,0,3600,630000.0,14.0,14.0,0.8628666666666667,0.8515,0,2,0,0,0.09489940299999944
sea_abrupt_sticky,gnb,mechanism_selector,0,3,2,2,2,0,0,0,2,0,3600,630000.0,14.0,14.0,0.8599777777777777,0.8366666666666667,1,1,0,0,0.09580677899998591
sea_abrupt_sticky,gnb,mechanism_selector,0,4,4,4,4,0,1,0,3,0,5400,630000.0,14.0,14.0,0.8539111111111111,0.8376666666666667,1,3,0,0,0.10037684399992486
sea_abrupt_sticky,gnb,mechanism_selector,200,0,5,5,2,3,0,0,2,0,3600,630000.0,14.0,14.0,0.8467555555555556,0.8301666666666667,3,2,1,2,0.10531615599995803
sea_abrupt_sticky,gnb,mechanism_selector,200,1,2,2,2,0,0,0,2,0,3600,630000.0,14.0,14.0,0.8698222222222223,0.856,1,1,0,0,0.1007084450000093
sea_abrupt_sticky,gnb,mechanism_selector,200,2,3,3,1,2,0,0,1,0,1800,630000.0,14.0,14.0,0.8619777777777777,0.8636666666666667,0,3,0,2,0.08843005599999287
sea_abrupt_sticky,gnb,mechanism_selector,200,3,2,2,2,0,0,1,1,0,2600,630000.0,14.0,14.0,0.8368222222222222,0.817,1,1,0,0,0.09684004799999002
sea_abrupt_sticky,gnb,mechanism_selector,200,4,3,3,1,2,0,0,1,0,1800,630000.0,14.0,14.0,0.8669333333333333,0.8583333333333334,0,3,0,2,0.1083549159999393
sea_abrupt_sticky,gnb,mechanism_selector,500,0,3,3,2,1,1,1,0,0,800,630000.0,14.0,14.0,0.8402666666666667,0.8351666666666666,2,1,0,1,0.14797726699998748
sea_abrupt_sticky,gnb,mechanism_selector,500,1,3,3,1,2,1,0,0,0,0,630000.0,14.0,14.0,0.8241111111111111,0.8186666666666667,1,2,0,2,0.09887488000003941
sea_abrupt_sticky,gnb,mechanism_selector,500,2,2,2,1,1,0,0,1,0,1800,630000.0,14.0,14.0,0.8462,0.8405,0,2,0,1,0.08798246899993956
sea_abrupt_sticky,gnb,mechanism_selector,500,3,2,2,2,0,0,0,2,0,3600,630000.0,14.0,14.0,0.8520444444444445,0.8258333333333333,1,1,0,0,0.09801253900002393
sea_abrupt_sticky,gnb,mechanism_selector,500,4,3,3,2,1,1,0,1,0,1800,630000.0,14.0,14.0,0.8498888888888889,0.8271666666666666,0,3,0,1,0.09018747900006474
sea_abrupt_sticky,gnb,never_adapt,0,0,3,3,3,0,3,0,0,0,0,630000.0,14.0,14.0,0.8354444444444444,0.8313333333333334,2,1,0,0,0.0982000330000119
sea_abrupt_sticky,gnb,never_adapt,0,1,3,3,3,0,3,0,0,0,0,630000.0,14.0,14.0,0.8241111111111111,0.8186666666666667,1,2,0,0,0.14864780699997482
sea_abrupt_sticky,gnb,never_adapt,0,2,3,3,3,0,3,0,0,0,0,630000.0,14.0,14.0,0.8248,0.8248333333333333,0,3,0,0,0.09133698199991613
sea_abrupt_sticky,gnb,never_adapt,0,3,3,3,3,0,3,0,0,0,0,630000.0,14.0,14.0,0.8220222222222222,0.8065,1,2,0,0,0.09135177999996813
sea_abrupt_sticky,gnb,never_adapt,0,4,3,3,3,0,3,0,0,0,0,630000.0,14.0,14.0,0.8325777777777777,0.8271666666666666,0,3,0,0,0.09850015999995776
sea_abrupt_sticky,rf,always_rebuild,0,0,4,4,4,0,0,0,4,0,400000,48170518.296,1415.39,979.007,0.8476666666666667,0.834,3,1,0,0,2.396275791999983
sea_abrupt_sticky,rf,always_rebuild,0,1,3,3,3,0,0,0,3,0,300000,49549746.576,1332.635,1027.65,0.8386666666666667,0.8048333333333333,2,1,0,0,2.219075963000023
sea_abrupt_sticky,rf,always_rebuild,0,2,2,2,2,0,0,0,2,0,200000,47734698.28,1349.825,966.505,0.8571111111111112,0.8426666666666667,2,0,0,0,2.0224349619999202
sea_abrupt_sticky,rf,always_rebuild,0,3,3,3,3,0,0,0,3,0,300000,48693704.904,1362.116,984.501,0.8450888888888889,0.8221666666666667,2,1,0,0,2.212986108999985
sea_abrupt_sticky,rf,always_rebuild,0,4,3,3,3,0,0,0,3,0,300000,47879573.648,1363.515,985.914,0.8521777777777778,0.8345,1,2,0,0,2.3406377420000126
sea_abrupt_sticky,rf,always_rebuild,200,0,4,4,2,2,0,0,2,0,200000,49104524.59199999,1415.39,1015.52,0.8378666666666666,0.8203333333333334,3,1,1,1,1.8504701200000682
sea_abrupt_sticky,rf,always_rebuild,200,1,4,3,3,0,0,0,3,0,300000,50388645.655999996,1332.635,999.89,0.841,0.8188333333333333,2,1,0,0,2.1854901129999007
sea_abrupt_sticky,rf,always_rebuild,200,2,4,4,2,2,0,0,2,0,200000,48102872.2,1349.825,968.713,0.8129555555555555,0.7981666666666667,2,2,1,1,1.961725365999996
sea_abrupt_sticky,rf,always_rebuild,200,3,4,4,2,2,0,0,2,0,200000,48664479.488,1362.116,956.797,0.8336888888888889,0.8028333333333333,2,2,1,1,1.8720587080000541
sea_abrupt_sticky,rf,always_rebuild,200,4,3,3,2,1,0,0,2,0,200000,49151127.0,1363.515,1024.656,0.8455111111111111,0.8246666666666667,1,2,0,1,1.8689037210000379
sea_abrupt_sticky,rf,always_rebuild,500,0,4,4,3,1,0,0,3,0,300000,48513265.44,1415.39,943.842,0.8654666666666667,0.8385,3,1,0,1,2.197931940999979
sea_abrupt_sticky,rf,always_rebuild,500,1,3,3,3,0,0,0,3,0,300000,49582254.116000004,1332.635,1012.81,0.8521111111111112,0.8246666666666667,2,1,0,0,2.140422240000021
sea_abrupt_sticky,rf,always_rebuild,500,2,2,2,2,0,0,0,2,0,200000,47082163.32000001,1349.825,957.765,0.8604222222222222,0.8401666666666667,2,0,0,0,1.7866912350000348
sea_abrupt_sticky,rf,always_rebuild,500,3,4,4,3,1,0,0,3,0,300000,48173292.080000006,1362.116,1001.392,0.8614,0.825,1,3,0,1,2.0591468860000077
sea_abrupt_sticky,rf,always_rebuild,500,4,4,4,2,2,0,0,2,0,200000,48521945.088,1363.515,1009.021,0.8527333333333333,0.8288333333333333,1,3,0,2,1.7530302609999353
sea_abrupt_sticky,rf,mechanism_selector,0,0,4,4,4,0,1,0,3,0,312000,48301727.256,1415.39,979.007,0.8491111111111111,0.835,3,1,0,0,2.5237316330000112
sea_abrupt_sticky,rf,mechanism_selector,0,1,3,3,3,0,0,0,3,0,312000,49549746.576,1332.635,1027.65,0.8386666666666667,0.8048333333333333,2,1,0,0,2.2597446789999367
sea_abrupt_sticky,rf,mechanism_selector,0,2,2,2,2,0,0,0,2,0,208000,47734698.28,1349.825,966.505,0.8571111111111112,0.8426666666666667,2,0,0,0,1.8212339250000014
sea_abrupt_sticky,rf,mechanism_selector,0,3,3,3,3,0,0,0,3,0,312000,48693704.904,1362.116,984.501,0.8450888888888889,0.8221666666666667,2,1,0,0,2.2003364969999666
sea_abrupt_sticky,rf,mechanism_selector,0,4,3,3,3,0,0,0,3,0,312000,47879573.648,1363.515,985.914,0.8521777777777778,0.8345,1,2,0,0,2.08454456700008
sea_abrupt_sticky,rf,mechanism_selector,200,0,4,4,2,2,0,0,2,0,208000,49104524.59199999,1415.39,1015.52,0.8378666666666666,0.8203333333333334,3,1,1,1,2.0065309519999346
sea_abrupt_sticky,rf,mechanism_selector,200,1,4,3,3,0,0,0,3,0,312000,50388645.655999996,1332.635,999.89,0.841,0.8188333333333333,2,1,0,0,2.4991783369999894
sea_abrupt_sticky,rf,mechanism_selector,200,2,4,4,2,2,0,0,2,0,208000,48102872.2,1349.825,968.713,0.8129555555555555,0.7981666666666667,2,2,1,1,1.949426686000038
sea_abrupt_sticky,rf,mechanism_selector,200,3,4,4,2,2,0,0,2,0,208000,48664479.488,1362.116,956.797,0.8336888888888889,0.8028333333333333,2,2,1,1,1.8788764260000335
sea_abrupt_sticky,rf,mechanism_selector,200,4,3,3,2,1,0,0,2,0,208000,49151127.0,1363.515,1024.656,0.8455111111111111,0.8246666666666667,1,2,0,1,1.9308724879999772
sea_abrupt_sticky,rf,mechanism_selector,500,0,2,2,1,1,1,0,0,0,0,63692550.00000001,1415.39,1415.39,0.8327555555555556,0.8256666666666667,2,0,1,0,1.7109963450000123
sea_abrupt_sticky,rf,mechanism_selector,500,1,3,3,3,0,0,0,3,0,312000,49582254.116000004,1332.635,1012.81,0.8521111111111112,0.8246666666666667,2,1,0,0,2.486450321999996
sea_abrupt_sticky,rf,mechanism_selector,500,2,2,2,2,0,0,0,2,0,208000,47082163.32000001,1349.825,957.765,0.8604222222222222,0.8401666666666667,2,0,0,0,1.9083598489999076
sea_abrupt_sticky,rf,mechanism_selector,500,3,4,4,3,1,1,0,2,0,208000,47777828.55600001,1362.116,967.499,0.8590444444444445,0.8226666666666667,1,3,0,1,1.9923634960000527
sea_abrupt_sticky,rf,mechanism_selector,500,4,4,4,2,2,0,0,2,0,208000,48521945.088,1363.515,1009.021,0.8527333333333333,0.8288333333333333,1,3,0,2,1.8968896249999716
sea_abrupt_sticky,rf,never_adapt,0,0,2,2,2,0,2,0,0,0,0,63692550.0,1415.39,1415.39,0.8327555555555556,0.8256666666666667,2,0,0,0,2.169612724999979
sea_abrupt_sticky,rf,never_adapt,0,1,3,3,3,0,3,0,0,0,0,59968575.0,1332.635,1332.635,0.8304888888888889,0.819,1,2,0,0,2.232654657000012
sea_abrupt_sticky,rf,never_adapt,0,2,3,3,3,0,3,0,0,0,0,60742125.0,1349.825,1349.825,0.8336666666666667,0.8323333333333334,1,2,0,0,1.909372597000015
sea_abrupt_sticky,rf,never_adapt,0,3,3,3,3,0,3,0,0,0,0,61295220.0,1362.116,1362.116,0.8289111111111112,0.8098333333333333,1,2,0,0,2.174349580000012
sea_abrupt_sticky,rf,never_adapt,0,4,3,3,3,0,3,0,0,0,0,61358175.0,1363.515,1363.515,0.8302,0.8218333333333333,1,2,0,0,2.088638582000044
sea_abrupt_sticky,sgd,always_rebuild,0,0,3,3,3,0,0,0,3,0,203352,180000.0,4.0,4.0,0.8371777777777778,0.8098333333333333,2,1,0,0,0.1266978039999458
sea_abrupt_sticky,sgd,always_rebuild,0,1,1,1,1,0,0,0,1,0,81000,180000.0,4.0,4.0,0.8430444444444445,0.8361666666666667,0,1,0,0,0.10837174400001004
sea_abrupt_sticky,sgd,always_rebuild,0,2,2,2,2,0,0,0,2,0,171000,180000.0,4.0,4.0,0.7940222222222222,0.8053333333333333,0,2,0,0,0.11132624999993368
sea_abrupt_sticky,sgd,always_rebuild,0,3,3,3,3,0,0,0,3,0,140784,180000.0,4.0,4.0,0.8316,0.8011666666666667,2,1,0,0,0.12341107800000373
sea_abrupt_sticky,sgd,always_rebuild,0,4,4,4,4,0,0,0,4,0,324000,180000.0,4.0,4.0,0.8135777777777777,0.808,0,4,0,0,0.1388931510000475
sea_abrupt_sticky,sgd,always_rebuild,200,0,1,1,1,0,0,0,1,0,67000,180000.0,4.0,4.0,0.8269777777777778,0.8226666666666667,1,0,0,0,0.10626386500007357
sea_abrupt_sticky,sgd,always_rebuild,200,1,2,2,1,1,0,0,1,0,63000,180000.0,4.0,4.0,0.81,0.8165,0,2,0,1,0.11243370399995456
sea_abrupt_sticky,sgd,always_rebuild,200,2,1,1,1,0,0,0,1,0,56000,180000.0,4.0,4.0,0.8324666666666667,0.8240000000000001,0,1,0,0,0.09845427199991263
sea_abrupt_sticky,sgd,always_rebuild,200,3,2,2,1,1,0,0,1,0,53000,180000.0,4.0,4.0,0.8224222222222223,0.8136666666666666,1,1,0,1,0.1077073129999917
sea_abrupt_sticky,sgd,always_rebuild,200,4,3,3,1,2,0,0,1,0,74000,180000.0,4.0,4.0,0.8469111111111111,0.8493333333333333,0,3,0,2,0.20062331200006156
sea_abrupt_sticky,sgd,always_rebuild,500,0,10,10,1,9,0,0,1,0,87000,180000.0,4.0,4.0,0.7422,0.7261666666666666,3,7,2,7,0.12208696799996233
sea_abrupt_sticky,sgd,always_rebuild,500,1,4,4,2,2,0,0,2,0,194000,180000.0,4.0,4.0,0.8115333333333333,0.8073333333333333,0,4,0,2,0.12229603200000838
sea_abrupt_sticky,sgd,always_rebuild,500,2,1,1,1,0,0,0,1,0,65000,180000.0,4.0,4.0,0.7911111111111111,0.7963333333333333,0,1,0,0,0.09690906999992421
sea_abrupt_sticky,sgd,always_rebuild,500,3,2,2,1,1,0,0,1,0,113000,180000.0,4.0,4.0,0.8025777777777777,0.7991666666666667,1,1,0,1,0.10880138699997133
sea_abrupt_sticky,sgd,always_rebuild,500,4,56,30,1,29,0,0,1,0,99000,180000.0,4.0,4.0,0.6453333333333333,0.6958333333333333,2,28,2,27,0.1360676130000229
sea_abrupt_sticky,sgd,mechanism_selector,0,0,1,1,1,0,0,1,0,0,800,180000.0,4.0,4.0,0.8220222222222222,0.8220000000000001,1,0,0,0,0.11943109699996057
sea_abrupt_sticky,sgd,mechanism_selector,0,1,1,1,1,0,0,0,1,0,81800,180000.0,4.0,4.0,0.8430444444444445,0.8361666666666667,0,1,0,0,0.11018742299995665
sea_abrupt_sticky,sgd,mechanism_selector,0,2,1,1,1,0,0,1,0,0,800,180000.0,4.0,4.0,0.8429555555555556,0.8331666666666666,0,1,0,0,0.0953457640000579
sea_abrupt_sticky,sgd,mechanism_selector,0,3,2,2,2,0,0,1,1,0,91235,180000.0,4.0,4.0,0.8161333333333334,0.7908333333333333,2,0,0,0,0.11007852299997012
sea_abrupt_sticky,sgd,mechanism_selector,0,4,4,4,4,0,1,0,3,0,228400,180000.0,4.0,4.0,0.8112,0.808,0,4,0,0,0.14573919399992974
sea_abrupt_sticky,sgd,mechanism_selector,200,0,1,1,1,0,0,0,1,0,67800,180000.0,4.0,4.0,0.8269777777777778,0.8226666666666667,1,0,0,0,0.14087624900002993
sea_abrupt_sticky,sgd,mechanism_selector,200,1,2,2,1,1,0,0,1,0,63800,180000.0,4.0,4.0,0.81,0.8165,0,2,0,1,0.11045675299999402
sea_abrupt_sticky,sgd,mechanism_selector,200,2,1,1,1,0,0,1,0,0,800,180000.0,4.0,4.0,0.8156,0.8113333333333334,0,1,0,0,0.09526490300004298
sea_abrupt_sticky,sgd,mechanism_selector,200,3,2,2,1,1,0,0,1,0,53800,180000.0,4.0,4.0,0.8224222222222223,0.8136666666666666,1,1,0,1,0.10658817699993506
sea_abrupt_sticky,sgd,mechanism_selector,200,4,3,3,1,2,0,0,1,0,74800,180000.0,4.0,4.0,0.8469111111111111,0.8493333333333333,0,3,0,2,0.1234851220000337
sea_abrupt_sticky,sgd,mechanism_selector,500,0,10,10,1,9,0,0,1,0,87800,180000.0,4.0,4.0,0.7422,0.7261666666666666,3,7,2,7,0.11950614499994572
sea_abrupt_sticky,sgd,mechanism_selector,500,1,1,1,1,0,0,1,0,0,800,180000.0,4.0,4.0,0.8368666666666666,0.8328333333333333,0,1,0,0,0.10685895699998582
sea_abrupt_sticky,sgd,mechanism_selector,500,2,2,2,1,1,1,0,0,0,0,180000.0,4.0,4.0,0.7984666666666667,0.7996666666666666,0,2,0,1,0.09401712499993664
sea_abrupt_sticky,sgd,mechanism_selector,500,3,2,2,1,1,0,0,1,0,113800,180000.0,4.0,4.0,0.8025777777777777,0.7991666666666667,1,1,0,1,0.10775540100007674
sea_abrupt_sticky,sgd,mechanism_selector,500,4,56,30,1,29,0,0,1,0,99800,180000.0,4.0,4.0,0.6453333333333333,0.6958333333333333,2,28,2,27,0.1413145760000134
sea_abrupt_sticky,sgd,never_adapt,0,0,5,5,5,0,5,0,0,0,0,180000.0,4.0,4.0,0.8139111111111111,0.8089999999999999,2,3,0,0,0.11171036899997944
sea_abrupt_sticky,sgd,never_adapt,0,1,2,2,2,0,2,0,0,0,0,180000.0,4.0,4.0,0.8152222222222222,0.8165,0,2,0,0,0.10783866600002057
sea_abrupt_sticky,sgd,never_adapt,0,2,2,2,2,0,2,0,0,0,0,180000.0,4.0,4.0,0.7984666666666667,0.7996666666666666,0,2,0,0,0.10661695099997814
sea_abrupt_sticky,sgd,never_adapt,0,3,1,1,1,0,1,0,0,0,0,180000.0,4.0,4.0,0.8185555555555556,0.8121666666666667,1,0,0,0,0.1116730239999697
sea_abrupt_sticky,sgd,never_adapt,0,4,11,11,11,0,11,0,0,0,0,180000.0,4.0,4.0,0.8004666666666667,0.7883333333333333,1,10,0,0,0.13049523799998042
sea_abrupt_sticky,xgb,always_rebuild,0,0,4,4,4,0,0,0,4,0,400000,29568750.200000003,690.081,652.151,0.8316444444444444,0.8155,3,1,0,0,1.5652628610000647
sea_abrupt_sticky,xgb,always_rebuild,0,1,3,3,3,0,0,0,3,0,300000,30041331.216000002,689.629,660.142,0.8102,0.7851666666666667,2,1,0,0,1.4796273590000055
sea_abrupt_sticky,xgb,always_rebuild,0,2,2,2,2,0,0,0,2,0,200000,29534528.68,689.89,644.729,0.8422444444444445,0.8260000000000001,0,2,0,0,0.8076241339999797
sea_abrupt_sticky,xgb,always_rebuild,0,3,3,3,3,0,0,0,3,0,300000,29681605.6,689.83,652.668,0.8395777777777778,0.815,1,2,0,0,1.1764723970001114
sea_abrupt_sticky,xgb,always_rebuild,0,4,3,3,3,0,0,0,3,0,300000,29640098.352,690.363,649.222,0.8294,0.8006666666666666,2,1,0,0,1.2450858900000412
sea_abrupt_sticky,xgb,always_rebuild,200,0,3,3,3,0,0,0,3,0,300000,29641569.256,690.081,645.999,0.8398222222222222,0.8151666666666667,2,1,0,0,1.2569148670000914
sea_abrupt_sticky,xgb,always_rebuild,200,1,3,3,2,1,0,0,2,0,200000,30102715.560000002,689.629,664.129,0.8319111111111112,0.8128333333333333,2,1,0,1,1.3260290529999565
sea_abrupt_sticky,xgb,always_rebuild,200,2,3,3,2,1,0,0,2,0,200000,29582283.344000004,689.89,650.807,0.8074222222222223,0.7881666666666667,1,2,1,0,1.1136826970000584
sea_abrupt_sticky,xgb,always_rebuild,200,3,4,4,3,1,0,0,3,0,300000,29523862.608,689.83,645.84,0.8409111111111112,0.8123333333333334,2,2,1,0,1.1682738689999042
sea_abrupt_sticky,xgb,always_rebuild,200,4,3,3,3,0,0,0,3,0,300000,29873033.688,690.363,652.233,0.8344666666666667,0.8043333333333333,2,1,0,0,1.2482893129999866
sea_abrupt_sticky,xgb,always_rebuild,500,0,3,3,2,1,0,0,2,0,200000,29634082.648000002,690.081,652.525,0.8411777777777778,0.8215,2,1,0,1,1.072853360999943
sea_abrupt_sticky,xgb,always_rebuild,500,1,3,3,3,0,0,0,3,0,300000,30095569.044,689.629,658.852,0.8326,0.8133333333333334,2,1,0,0,1.4283692400000518
sea_abrupt_sticky,xgb,always_rebuild,500,2,2,2,2,0,0,0,2,0,200000,29487838.368,689.89,646.03,0.8416,0.8263333333333334,0,2,0,0,0.9756593459999294
sea_abrupt_sticky,xgb,always_rebuild,500,3,3,3,3,0,0,0,3,0,300000,29724570.784,689.83,656.346,0.8312888888888889,0.8089999999999999,2,1,0,0,1.5017153960000087
sea_abrupt_sticky,xgb,always_rebuild,500,4,3,3,3,0,0,0,3,0,300000,29694818.391999997,690.363,647.291,0.8382222222222222,0.8081666666666667,2,1,0,0,1.1060708429999977
sea_abrupt_sticky,xgb,mechanism_selector,0,0,4,4,4,0,1,1,2,0,212000,30097935.975999996,690.081,688.405,0.8246444444444444,0.8145,2,2,0,0,1.8006880579999915
sea_abrupt_sticky,xgb,mechanism_selector,0,1,3,3,3,0,0,1,2,0,212000,30183994.032,689.629,696.61,0.8062666666666667,0.7851666666666667,2,1,0,0,1.414051693000033
sea_abrupt_sticky,xgb,mechanism_selector,0,2,2,2,2,0,0,0,2,0,208000,29534528.68,689.89,644.729,0.8422444444444445,0.8260000000000001,0,2,0,0,0.999623425999971
sea_abrupt_sticky,xgb,mechanism_selector,0,3,3,3,3,0,0,2,1,0,112000,30927521.32,689.83,718.461,0.8150222222222222,0.7883333333333333,1,2,0,0,1.4463256059999594
sea_abrupt_sticky,xgb,mechanism_selector,0,4,3,3,3,0,0,1,2,0,212000,29937856.688,690.363,687.318,0.824,0.8006666666666666,2,1,0,0,1.6105985340000188
sea_abrupt_sticky,xgb,mechanism_selector,200,0,2,2,2,0,0,1,1,0,108000,31059989.191999998,690.081,651.233,0.8357111111111111,0.8220000000000001,1,1,0,0,1.2567604449999408
sea_abrupt_sticky,xgb,mechanism_selector,200,1,3,3,2,1,0,0,2,0,208000,30102715.560000002,689.629,664.129,0.8319111111111112,0.8128333333333333,2,1,0,1,1.0521377279999342
sea_abrupt_sticky,xgb,mechanism_selector,200,2,3,3,2,1,0,0,2,0,208000,29582283.344000004,689.89,650.807,0.8074222222222223,0.7881666666666667,1,2,1,0,1.1092708959999982
sea_abrupt_sticky,xgb,mechanism_selector,200,3,4,4,3,1,0,0,3,0,312000,29523862.608,689.83,645.84,0.8409111111111112,0.8123333333333334,2,2,1,0,1.4737483870000005
sea_abrupt_sticky,xgb,mechanism_selector,200,4,3,3,3,0,0,0,3,0,312000,29873033.688,690.363,652.233,0.8344666666666667,0.8043333333333333,2,1,0,0,1.3987455610000552
sea_abrupt_sticky,xgb,mechanism_selector,500,0,3,3,2,1,0,0,2,0,208000,29634082.648000002,690.081,652.525,0.8411777777777778,0.8215,2,1,0,1,1.1759274199999936
sea_abrupt_sticky,xgb,mechanism_selector,500,1,3,3,3,0,0,0,3,0,312000,30095569.044,689.629,658.852,0.8326,0.8133333333333334,2,1,0,0,1.321341451999956
sea_abrupt_sticky,xgb,mechanism_selector,500,2,2,2,2,0,0,0,2,0,208000,29487838.368,689.89,646.03,0.8416,0.8263333333333334,0,2,0,0,1.0034795810000787
sea_abrupt_sticky,xgb,mechanism_selector,500,3,3,3,3,0,0,0,3,0,312000,29724570.784,689.83,656.346,0.8312888888888889,0.8089999999999999,2,1,0,0,1.1906298280000556
sea_abrupt_sticky,xgb,mechanism_selector,500,4,2,2,2,0,0,1,1,0,108000,30652296.956,690.363,655.176,0.8417111111111111,0.8186666666666667,1,1,0,0,1.1329863449999493
sea_abrupt_sticky,xgb,never_adapt,0,0,2,2,2,0,2,0,0,0,0,31053645.0,690.081,690.081,0.8271333333333334,0.8181666666666667,2,0,0,0,0.7951497819999531
sea_abrupt_sticky,xgb,never_adapt,0,1,4,4,4,0,4,0,0,0,0,31033305.0,689.629,689.629,0.8230666666666666,0.8121666666666667,1,3,0,0,1.3387658880000117
sea_abrupt_sticky,xgb,never_adapt,0,2,2,2,2,0,2,0,0,0,0,31045049.999999996,689.89,689.89,0.8258888888888889,0.8258333333333333,0,2,0,0,0.5940588309999839
sea_abrupt_sticky,xgb,never_adapt,0,3,2,2,2,0,2,0,0,0,0,31042350.0,689.83,689.83,0.8234444444444444,0.8075,1,1,0,0,0.6170039259999385
sea_abrupt_sticky,xgb,never_adapt,0,4,2,2,2,0,2,0,0,0,0,31066335.0,690.363,690.363,0.8232,0.8166666666666667,1,1,0,0,0.6964480599999661
sea_none_sticky,gnb,always_rebuild,0,0,0,0,0,0,0,0,0,0,0,630000.0,14.0,14.0,0.8831777777777777,,0,0,0,0,0.13128564700002698
sea_none_sticky,gnb,always_rebuild,0,1,1,1,1,0,0,0,1,0,1000,630000.0,14.0,14.0,0.8707333333333334,,0,1,0,0,0.10067519500000799
sea_none_sticky,gnb,always_rebuild,0,2,0,0,0,0,0,0,0,0,0,630000.0,14.0,14.0,0.8730222222222223,,0,0,0,0,0.12246463900009985
sea_none_sticky,gnb,always_rebuild,0,3,1,1,1,0,0,0,1,0,1000,630000.0,14.0,14.0,0.8677555555555555,,0,1,0,0,0.12753639400000338
sea_none_sticky,gnb,always_rebuild,0,4,0,0,0,0,0,0,0,0,0,630000.0,14.0,14.0,0.8802222222222222,,0,0,0,0,0.11450790000003508
sea_none_sticky,gnb,always_rebuild,200,0,0,0,0,0,0,0,0,0,0,630000.0,14.0,14.0,0.8831777777777777,,0,0,0,0,0.1791996489999974
sea_none_sticky,gnb,always_rebuild,200,1,1,1,1,0,0,0,1,0,1000,630000.0,14.0,14.0,0.8708666666666667,,0,1,0,0,0.10369697600003747
sea_none_sticky,gnb,always_rebuild,200,2,0,0,0,0,0,0,0,0,0,630000.0,14.0,14.0,0.8730222222222223,,0,0,0,0,0.12937220900005286
sea_none_sticky,gnb,always_rebuild,200,3,1,1,0,1,0,0,0,0,0,630000.0,14.0,14.0,0.8738666666666667,,0,1,0,1,0.11170977999995557
sea_none_sticky,gnb,always_rebuild,200,4,0,0,0,0,0,0,0,0,0,630000.0,14.0,14.0,0.8802222222222222,,0,0,0,0,0.10711466899999778
sea_none_sticky,gnb,always_rebuild,500,0,0,0,0,0,0,0,0,0,0,630000.0,14.0,14.0,0.8831777777777777,,0,0,0,0,0.08032801899992137
sea_none_sticky,gnb,always_rebuild,500,1,1,1,0,1,0,0,0,0,0,630000.0,14.0,14.0,0.8721111111111111,,0,1,0,1,0.11530367599993951
sea_none_sticky,gnb,always_rebuild,500,2,0,0,0,0,0,0,0,0,0,630000.0,14.0,14.0,0.8730222222222223,,0,0,0,0,0.08164886400004434
sea_none_sticky,gnb,always_rebuild,500,3,1,1,0,1,0,0,0,0,0,630000.0,14.0,14.0,0.8738666666666667,,0,1,0,1,0.09956780300001355
sea_none_sticky,gnb,always_rebuild,500,4,0,0,0,0,0,0,0,0,0,630000.0,14.0,14.0,0.8802222222222222,,0,0,0,0,0.12735404800002925
sea_none_sticky,gnb,mechanism_selector,0,0,0,0,0,0,0,0,0,0,0,630000.0,14.0,14.0,0.8831777777777777,,0,0,0,0,0.19464325600006305
sea_none_sticky,gnb,mechanism_selector,0,1,1,1,1,0,0,0,1,0,1800,630000.0,14.0,14.0,0.8707333333333334,,0,1,0,0,0.16784142000005886
sea_none_sticky,gnb,mechanism_selector,0,2,0,0,0,0,0,0,0,0,0,630000.0,14.0,14.0,0.8730222222222223,,0,0,0,0,0.11897945099997287
sea_none_sticky,gnb,mechanism_selector,0,3,1,1,1,0,0,0,1,0,1800,630000.0,14.0,14.0,0.8677555555555555,,0,1,0,0,0.1522172379999347
sea_none_sticky,gnb,mechanism_selector,0,4,0,0,0,0,0,0,0,0,0,630000.0,14.0,14.0,0.8802222222222222,,0,0,0,0,0.08483970899999349
sea_none_sticky,gnb,mechanism_selector,200,0,0,0,0,0,0,0,0,0,0,630000.0,14.0,14.0,0.8831777777777777,,0,0,0,0,0.14519081800006006
sea_none_sticky,gnb,mechanism_selector,200,1,1,1,1,0,0,1,0,0,800,630000.0,14.0,14.0,0.8727333333333334,,0,1,0,0,0.20480499199993574
sea_none_sticky,gnb,mechanism_selector,200,2,0,0,0,0,0,0,0,0,0,630000.0,14.0,14.0,0.8730222222222223,,0,0,0,0,0.11294609399999445
sea_none_sticky,gnb,mechanism_selector,200,3,1,1,0,1,0,0,0,0,0,630000.0,14.0,14.0,0.8738666666666667,,0,1,0,1,0.10323787499999071
sea_none_sticky,gnb,mechanism_selector,200,4,0,0,0,0,0,0,0,0,0,630000.0,14.0,14.0,0.8802222222222222,,0,0,0,0,0.1948915240000133
sea_none_sticky,gnb,mechanism_selector,500,0,0,0,0,0,0,0,0,0,0,630000.0,14.0,14.0,0.8831777777777777,,0,0,0,0,0.15950429899999108
sea_none_sticky,gnb,mechanism_selector,500,1,1,1,0,1,0,0,0,0,0,630000.0,14.0,14.0,0.8721111111111111,,0,1,0,1,0.12233247200003916
sea_none_sticky,gnb,mechanism_selector,500,2,0,0,0,0,0,0,0,0,0,630000.0,14.0,14.0,0.8730222222222223,,0,0,0,0,0.13594170700002906
sea_none_sticky,gnb,mechanism_selector,500,3,1,1,0,1,0,0,0,0,0,630000.0,14.0,14.0,0.8738666666666667,,0,1,0,1,0.17037044200003493
sea_none_sticky,gnb,mechanism_selector,500,4,0,0,0,0,0,0,0,0,0,630000.0,14.0,14.0,0.8802222222222222,,0,0,0,0,0.1271792430000005
sea_none_sticky,gnb,never_adapt,0,0,0,0,0,0,0,0,0,0,0,630000.0,14.0,14.0,0.8831777777777777,,0,0,0,0,0.11615152299998499
sea_none_sticky,gnb,never_adapt,0,1,1,1,1,0,1,0,0,0,0,630000.0,14.0,14.0,0.8721111111111111,,0,1,0,0,0.14272338499995385
sea_none_sticky,gnb,never_adapt,0,2,0,0,0,0,0,0,0,0,0,630000.0,14.0,14.0,0.8730222222222223,,0,0,0,0,0.09537056200008465
sea_none_sticky,gnb,never_adapt,0,3,1,1,1,0,1,0,0,0,0,630000.0,14.0,14.0,0.8738666666666667,,0,1,0,0,0.12297485399994912
sea_none_sticky,gnb,never_adapt,0,4,0,0,0,0,0,0,0,0,0,630000.0,14.0,14.0,0.8802222222222222,,0,0,0,0,0.15091789799998878
sea_none_sticky,rf,always_rebuild,0,0,0,0,0,0,0,0,0,0,0,63656865.0,1414.597,1414.597,0.8868888888888888,,0,0,0,0,1.5746373059999996
sea_none_sticky,rf,always_rebuild,0,1,0,0,0,0,0,0,0,0,0,60048990.0,1334.422,1334.422,0.8832,,0,0,0,0,2.0791809709999143
sea_none_sticky,rf,always_rebuild,0,2,0,0,0,0,0,0,0,0,0,60681645.0,1348.481,1348.481,0.8887555555555555,,0,0,0,0,2.6485183290000123
sea_none_sticky,rf,always_rebuild,0,3,0,0,0,0,0,0,0,0,0,60987825.0,1355.285,1355.285,0.8831555555555556,,0,0,0,0,2.123739743999977
sea_none_sticky,rf,always_rebuild,0,4,0,0,0,0,0,0,0,0,0,61274295.0,1361.651,1361.651,0.8840666666666667,,0,0,0,0,2.1666930459999776
sea_none_sticky,rf,always_rebuild,200,0,0,0,0,0,0,0,0,0,0,63656865.0,1414.597,1414.597,0.8868888888888888,,0,0,0,0,1.7647312399999464
sea_none_sticky,rf,always_rebuild,200,1,0,0,0,0,0,0,0,0,0,60048990.0,1334.422,1334.422,0.8832,,0,0,0,0,2.0379045680000445
sea_none_sticky,rf,always_rebuild,200,2,0,0,0,0,0,0,0,0,0,60681645.0,1348.481,1348.481,0.8887555555555555,,0,0,0,0,1.7234472650000043
sea_none_sticky,rf,always_rebuild,200,3,0,0,0,0,0,0,0,0,0,60987825.0,1355.285,1355.285,0.8831555555555556,,0,0,0,0,2.4081757709999465
sea_none_sticky,rf,always_rebuild,200,4,0,0,0,0,0,0,0,0,0,61274295.0,1361.651,1361.651,0.8840666666666667,,0,0,0,0,2.1882583249999925
sea_none_sticky,rf,always_rebuild,500,0,0,0,0,0,0,0,0,0,0,63656865.0,1414.597,1414.597,0.8868888888888888,,0,0,0,0,1.8225351979999687
sea_none_sticky,rf,always_rebuild,500,1,0,0,0,0,0,0,0,0,0,60048990.0,1334.422,1334.422,0.8832,,0,0,0,0,1.7235339659999909
sea_none_sticky,rf,always_rebuild,500,2,0,0,0,0,0,0,0,0,0,60681645.0,1348.481,1348.481,0.8887555555555555,,0,0,0,0,1.99565360400004
sea_none_sticky,rf,always_rebuild,500,3,0,0,0,0,0,0,0,0,0,60987825.0,1355.285,1355.285,0.8831555555555556,,0,0,0,0,2.1170027119999304
sea_none_sticky,rf,always_rebuild,500,4,0,0,0,0,0,0,0,0,0,61274295.0,1361.651,1361.651,0.8840666666666667,,0,0,0,0,1.893261534999965
sea_none_sticky,rf,mechanism_selector,0,0,0,0,0,0,0,0,0,0,0,63656865.0,1414.597,1414.597,0.8868888888888888,,0,0,0,0,1.733145909999962
sea_none_sticky,rf,mechanism_selector,0,1,0,0,0,0,0,0,0,0,0,60048990.0,1334.422,1334.422,0.8832,,0,0,0,0,2.1880825910000112
sea_none_sticky,rf,mechanism_selector,0,2,0,0,0,0,0,0,0,0,0,60681645.0,1348.481,1348.481,0.8887555555555555,,0,0,0,0,2.3297434500000236
sea_none_sticky,rf,mechanism_selector,0,3,0,0,0,0,0,0,0,0,0,60987825.0,1355.285,1355.285,0.8831555555555556,,0,0,0,0,2.147147452000013
sea_none_sticky,rf,mechanism_selector,0,4,0,0,0,0,0,0,0,0,0,61274295.0,1361.651,1361.651,0.8840666666666667,,0,0,0,0,2.0950531119999596
sea_none_sticky,rf,mechanism_selector,200,0,0,0,0,0,0,0,0,0,0,63656865.0,1414.597,1414.597,0.8868888888888888,,0,0,0,0,1.9428045749999683
sea_none_sticky,rf,mechanism_selector,200,1,0,0,0,0,0,0,0,0,0,60048990.0,1334.422,1334.422,0.8832,,0,0,0,0,2.005666734999977
sea_none_sticky,rf,mechanism_selector,200,2,0,0,0,0,0,0,0,0,0,60681645.0,1348.481,1348.481,0.8887555555555555,,0,0,0,0,1.8734705509999685
sea_none_sticky,rf,mechanism_selector,200,3,0,0,0,0,0,0,0,0,0,60987825.0,1355.285,1355.285,0.8831555555555556,,0,0,0,0,1.9413937900000064
sea_none_sticky,rf,mechanism_selector,200,4,0,0,0,0,0,0,0,0,0,61274295.0,1361.651,1361.651,0.8840666666666667,,0,0,0,0,1.6560124819999373
sea_none_sticky,rf,mechanism_selector,500,0,0,0,0,0,0,0,0,0,0,63656865.0,1414.597,1414.597,0.8868888888888888,,0,0,0,0,2.5311493359999986
sea_none_sticky,rf,mechanism_selector,500,1,0,0,0,0,0,0,0,0,0,60048990.0,1334.422,1334.422,0.8832,,0,0,0,0,2.450725739000063
sea_none_sticky,rf,mechanism_selector,500,2,0,0,0,0,0,0,0,0,0,60681645.0,1348.481,1348.481,0.8887555555555555,,0,0,0,0,2.2662379399999963
sea_none_sticky,rf,mechanism_selector,500,3,0,0,0,0,0,0,0,0,0,60987825.0,1355.285,1355.285,0.8831555555555556,,0,0,0,0,1.9837553840000055
sea_none_sticky,rf,mechanism_selector,500,4,0,0,0,0,0,0,0,0,0,61274295.0,1361.651,1361.651,0.8840666666666667,,0,0,0,0,1.9105696960000387
sea_none_sticky,rf,never_adapt,0,0,0,0,0,0,0,0,0,0,0,63656865.0,1414.597,1414.597,0.8868888888888888,,0,0,0,0,1.6070192280000128
sea_none_sticky,rf,never_adapt,0,1,0,0,0,0,0,0,0,0,0,60048990.0,1334.422,1334.422,0.8832,,0,0,0,0,2.175126652000017
sea_none_sticky,rf,never_adapt,0,2,0,0,0,0,0,0,0,0,0,60681645.0,1348.481,1348.481,0.8887555555555555,,0,0,0,0,2.1400954409999713
sea_none_sticky,rf,never_adapt,0,3,0,0,0,0,0,0,0,0,0,60987825.0,1355.285,1355.285,0.8831555555555556,,0,0,0,0,1.7746711890000597
sea_none_sticky,rf,never_adapt,0,4,0,0,0,0,0,0,0,0,0,61274295.0,1361.651,1361.651,0.8840666666666667,,0,0,0,0,1.9228248279999889
sea_none_sticky,sgd,always_rebuild,0,0,2,2,2,0,0,0,2,0,192000,180000.0,4.0,4.0,0.8362,,0,2,0,0,0.1152402320000192
sea_none_sticky,sgd,always_rebuild,0,1,0,0,0,0,0,0,0,0,0,180000.0,4.0,4.0,0.8419777777777778,,0,0,0,0,0.142512097000008
sea_none_sticky,sgd,always_rebuild,0,2,0,0,0,0,0,0,0,0,0,180000.0,4.0,4.0,0.8300222222222222,,0,0,0,0,0.09255766300009327
sea_none_sticky,sgd,always_rebuild,0,3,0,0,0,0,0,0,0,0,0,180000.0,4.0,4.0,0.8412666666666667,,0,0,0,0,0.1485830829999486
sea_none_sticky,sgd,always_rebuild,0,4,1,1,1,0,0,0,1,0,59000,180000.0,4.0,4.0,0.8581555555555556,,0,1,0,0,0.10963191000007555
sea_none_sticky,sgd,always_rebuild,200,0,3,3,1,2,0,0,1,0,101000,180000.0,4.0,4.0,0.8485777777777778,,0,3,0,2,0.15225348399997074
sea_none_sticky,sgd,always_rebuild,200,1,0,0,0,0,0,0,0,0,0,180000.0,4.0,4.0,0.8419777777777778,,0,0,0,0,0.09755522800003291
sea_none_sticky,sgd,always_rebuild,200,2,0,0,0,0,0,0,0,0,0,180000.0,4.0,4.0,0.8300222222222222,,0,0,0,0,0.09271654599990597
sea_none_sticky,sgd,always_rebuild,200,3,0,0,0,0,0,0,0,0,0,180000.0,4.0,4.0,0.8412666666666667,,0,0,0,0,0.17012374800003727
sea_none_sticky,sgd,always_rebuild,200,4,4,4,1,3,0,0,1,0,95000,180000.0,4.0,4.0,0.7794444444444445,,0,4,0,3,0.17164808100005757
sea_none_sticky,sgd,always_rebuild,500,0,2,2,0,2,0,0,0,0,0,180000.0,4.0,4.0,0.8504222222222222,,0,2,0,2,0.19353463900006318
sea_none_sticky,sgd,always_rebuild,500,1,0,0,0,0,0,0,0,0,0,180000.0,4.0,4.0,0.8419777777777778,,0,0,0,0,0.09866073499995309
sea_none_sticky,sgd,always_rebuild,500,2,0,0,0,0,0,0,0,0,0,180000.0,4.0,4.0,0.8300222222222222,,0,0,0,0,0.09149120100005348
sea_none_sticky,sgd,always_rebuild,500,3,0,0,0,0,0,0,0,0,0,180000.0,4.0,4.0,0.8412666666666667,,0,0,0,0,0.09981754900002215
sea_none_sticky,sgd,always_rebuild,500,4,6,6,2,4,0,0,2,0,118256,180000.0,4.0,4.0,0.8403555555555555,,0,6,0,4,0.24761375899993254
sea_none_sticky,sgd,mechanism_selector,0,0,2,2,2,0,1,0,1,0,100800,180000.0,4.0,4.0,0.8401555555555555,,0,2,0,0,0.2152267539999002
sea_none_sticky,sgd,mechanism_selector,0,1,0,0,0,0,0,0,0,0,0,180000.0,4.0,4.0,0.8419777777777778,,0,0,0,0,0.1520122240000319
sea_none_sticky,sgd,mechanism_selector,0,2,0,0,0,0,0,0,0,0,0,180000.0,4.0,4.0,0.8300222222222222,,0,0,0,0,0.11126483999998982
sea_none_sticky,sgd,mechanism_selector,0,3,0,0,0,0,0,0,0,0,0,180000.0,4.0,4.0,0.8412666666666667,,0,0,0,0,0.1037798230000817
sea_none_sticky,sgd,mechanism_selector,0,4,1,1,1,0,0,0,1,0,59800,180000.0,4.0,4.0,0.8581555555555556,,0,1,0,0,0.23257052599990402
sea_none_sticky,sgd,mechanism_selector,200,0,3,3,1,2,0,0,1,0,101800,180000.0,4.0,4.0,0.8485777777777778,,0,3,0,2,0.22612565899999026
sea_none_sticky,sgd,mechanism_selector,200,1,0,0,0,0,0,0,0,0,0,180000.0,4.0,4.0,0.8419777777777778,,0,0,0,0,0.1817091640000399
sea_none_sticky,sgd,mechanism_selector,200,2,0,0,0,0,0,0,0,0,0,180000.0,4.0,4.0,0.8300222222222222,,0,0,0,0,0.1829656579999437
sea_none_sticky,sgd,mechanism_selector,200,3,0,0,0,0,0,0,0,0,0,180000.0,4.0,4.0,0.8412666666666667,,0,0,0,0,0.19018930499998987
sea_none_sticky,sgd,mechanism_selector,200,4,4,4,1,3,0,0,1,0,95800,180000.0,4.0,4.0,0.7794444444444445,,0,4,0,3,0.2464136180000196
sea_none_sticky,sgd,mechanism_selector,500,0,2,2,0,2,0,0,0,0,0,180000.0,4.0,4.0,0.8504222222222222,,0,2,0,2,0.1993086240000821
sea_none_sticky,sgd,mechanism_selector,500,1,0,0,0,0,0,0,0,0,0,180000.0,4.0,4.0,0.8419777777777778,,0,0,0,0,0.13999553500002548
sea_none_sticky,sgd,mechanism_selector,500,2,0,0,0,0,0,0,0,0,0,180000.0,4.0,4.0,0.8300222222222222,,0,0,0,0,0.21663562200001252
sea_none_sticky,sgd,mechanism_selector,500,3,0,0,0,0,0,0,0,0,0,180000.0,4.0,4.0,0.8412666666666667,,0,0,0,0,0.18253423800001656
sea_none_sticky,sgd,mechanism_selector,500,4,8,8,3,5,1,1,1,0,110600,180000.0,4.0,4.0,0.8259333333333333,,0,8,0,5,0.2644112000000405
sea_none_sticky,sgd,never_adapt,0,0,2,2,2,0,2,0,0,0,0,180000.0,4.0,4.0,0.8504222222222222,,0,2,0,0,0.2033526110000139
sea_none_sticky,sgd,never_adapt,0,1,0,0,0,0,0,0,0,0,0,180000.0,4.0,4.0,0.8419777777777778,,0,0,0,0,0.14791184799992152
sea_none_sticky,sgd,never_adapt,0,2,0,0,0,0,0,0,0,0,0,180000.0,4.0,4.0,0.8300222222222222,,0,0,0,0,0.0921433139999408
sea_none_sticky,sgd,never_adapt,0,3,0,0,0,0,0,0,0,0,0,180000.0,4.0,4.0,0.8412666666666667,,0,0,0,0,0.09659233100001074
sea_none_sticky,sgd,never_adapt,0,4,7,7,7,0,7,0,0,0,0,180000.0,4.0,4.0,0.8331333333333333,,0,7,0,0,0.11484725000002527
sea_none_sticky,xgb,always_rebuild,0,0,0,0,0,0,0,0,0,0,0,31054815.0,690.107,690.107,0.8787777777777778,,0,0,0,0,0.618605959999968
sea_none_sticky,xgb,always_rebuild,0,1,0,0,0,0,0,0,0,0,0,31026195.0,689.471,689.471,0.8759555555555556,,0,0,0,0,0.8439869879999833
sea_none_sticky,xgb,always_rebuild,0,2,0,0,0,0,0,0,0,0,0,31040865.0,689.797,689.797,0.8776222222222222,,0,0,0,0,0.5723945800000365
sea_none_sticky,xgb,always_rebuild,0,3,1,1,1,0,0,0,1,0,100000,30619914.752,689.916,654.224,0.8601555555555556,,0,1,0,0,0.8934637680000606
sea_none_sticky,xgb,always_rebuild,0,4,0,0,0,0,0,0,0,0,0,31067819.999999996,690.396,690.396,0.8757111111111111,,0,0,0,0,0.6704584319999185
sea_none_sticky,xgb,always_rebuild,200,0,0,0,0,0,0,0,0,0,0,31054815.0,690.107,690.107,0.8787777777777778,,0,0,0,0,0.6338436570000567
sea_none_sticky,xgb,always_rebuild,200,1,0,0,0,0,0,0,0,0,0,31026195.0,689.471,689.471,0.8759555555555556,,0,0,0,0,0.5809328650000225
sea_none_sticky,xgb,always_rebuild,200,2,0,0,0,0,0,0,0,0,0,31040865.0,689.797,689.797,0.8776222222222222,,0,0,0,0,0.5071705679999923
sea_none_sticky,xgb,always_rebuild,200,3,1,1,0,1,0,0,0,0,0,31046220.000000004,689.916,689.916,0.8756,,0,1,0,1,0.6711243239999476
sea_none_sticky,xgb,always_rebuild,200,4,0,0,0,0,0,0,0,0,0,31067819.999999996,690.396,690.396,0.8757111111111111,,0,0,0,0,0.6493648399999756
sea_none_sticky,xgb,always_rebuild,500,0,0,0,0,0,0,0,0,0,0,31054815.0,690.107,690.107,0.8787777777777778,,0,0,0,0,0.4918190889999323
sea_none_sticky,xgb,always_rebuild,500,1,0,0,0,0,0,0,0,0,0,31026195.0,689.471,689.471,0.8759555555555556,,0,0,0,0,0.668942267000034
sea_none_sticky,xgb,always_rebuild,500,2,0,0,0,0,0,0,0,0,0,31040865.0,689.797,689.797,0.8776222222222222,,0,0,0,0,0.7901843409999856
sea_none_sticky,xgb,always_rebuild,500,3,1,1,0,1,0,0,0,0,0,31046220.000000004,689.916,689.916,0.8756,,0,1,0,1,0.7073183439999866
sea_none_sticky,xgb,always_rebuild,500,4,0,0,0,0,0,0,0,0,0,31067819.999999996,690.396,690.396,0.8757111111111111,,0,0,0,0,0.6347025620000295
sea_none_sticky,xgb,mechanism_selector,0,0,0,0,0,0,0,0,0,0,0,31054815.0,690.107,690.107,0.8787777777777778,,0,0,0,0,0.5561895460000414
sea_none_sticky,xgb,mechanism_selector,0,1,0,0,0,0,0,0,0,0,0,31026195.0,689.471,689.471,0.8759555555555556,,0,0,0,0,0.6168581830000903
sea_none_sticky,xgb,mechanism_selector,0,2,0,0,0,0,0,0,0,0,0,31040865.0,689.797,689.797,0.8776222222222222,,0,0,0,0,0.8160203439999805
sea_none_sticky,xgb,mechanism_selector,0,3,1,1,1,0,0,0,1,0,104000,30619914.752,689.916,654.224,0.8601555555555556,,0,1,0,0,1.17921633200001
sea_none_sticky,xgb,mechanism_selector,0,4,0,0,0,0,0,0,0,0,0,31067819.999999996,690.396,690.396,0.8757111111111111,,0,0,0,0,0.8547281109999858
sea_none_sticky,xgb,mechanism_selector,200,0,0,0,0,0,0,0,0,0,0,31054815.0,690.107,690.107,0.8787777777777778,,0,0,0,0,0.504902116999915
sea_none_sticky,xgb,mechanism_selector,200,1,0,0,0,0,0,0,0,0,0,31026195.0,689.471,689.471,0.8759555555555556,,0,0,0,0,0.7681461079999963
sea_none_sticky,xgb,mechanism_selector,200,2,0,0,0,0,0,0,0,0,0,31040865.0,689.797,689.797,0.8776222222222222,,0,0,0,0,0.8302764029999707
sea_none_sticky,xgb,mechanism_selector,200,3,1,1,0,1,0,0,0,0,0,31046220.000000004,689.916,689.916,0.8756,,0,1,0,1,0.8163514659999009
sea_none_sticky,xgb,mechanism_selector,200,4,0,0,0,0,0,0,0,0,0,31067819.999999996,690.396,690.396,0.8757111111111111,,0,0,0,0,0.826501205999989
sea_none_sticky,xgb,mechanism_selector,500,0,0,0,0,0,0,0,0,0,0,31054815.0,690.107,690.107,0.8787777777777778,,0,0,0,0,0.4412995720000481
sea_none_sticky,xgb,mechanism_selector,500,1,0,0,0,0,0,0,0,0,0,31026195.0,689.471,689.471,0.8759555555555556,,0,0,0,0,0.5498141280000937
sea_none_sticky,xgb,mechanism_selector,500,2,0,0,0,0,0,0,0,0,0,31040865.0,689.797,689.797,0.8776222222222222,,0,0,0,0,0.6241814559999739
sea_none_sticky,xgb,mechanism_selector,500,3,1,1,0,1,0,0,0,0,0,31046220.000000004,689.916,689.916,0.8756,,0,1,0,1,0.6734103019999793
sea_none_sticky,xgb,mechanism_selector,500,4,0,0,0,0,0,0,0,0,0,31067819.999999996,690.396,690.396,0.8757111111111111,,0,0,0,0,0.5104908370000203
sea_none_sticky,xgb,never_adapt,0,0,0,0,0,0,0,0,0,0,0,31054815.0,690.107,690.107,0.8787777777777778,,0,0,0,0,0.5799178419999862
sea_none_sticky,xgb,never_adapt,0,1,0,0,0,0,0,0,0,0,0,31026195.0,689.471,689.471,0.8759555555555556,,0,0,0,0,0.5408466950000275
sea_none_sticky,xgb,never_adapt,0,2,0,0,0,0,0,0,0,0,0,31040865.0,689.797,689.797,0.8776222222222222,,0,0,0,0,0.8000821680000172
sea_none_sticky,xgb,never_adapt,0,3,1,1,1,0,1,0,0,0,0,31046220.0,689.916,689.916,0.8756,,0,1,0,0,0.7819058669999777
sea_none_sticky,xgb,never_adapt,0,4,0,0,0,0,0,0,0,0,0,31067819.999999996,690.396,690.396,0.8757111111111111,,0,0,0,0,0.7076278609999918
